firstName,surname,id,team,season,jumperNumber,position,providerId,dateOfBirth,draftYear,heightInCm,weightInKg,recruitedFrom,debutYear,draftType,draftPosition,data_accessed
Izak,Rankine,1815,Adelaide,2026,23,MEDIUM_FORWARD,CD_I1001195,23/04/2000,2018,179,0,Flinders Park (SA)/Henley High School (SA)/W Adelaide (SANFL)/Gold Coast,2020,nationalDraft,3,27/04/2026
Isaac,Cumming,1386,Adelaide,2026,44,MIDFIELDER,CD_I1001396,11/08/1998,2016,188,0,North Broken Hill (NSW)/North Adelaide (SANFL)/WSU (NEAFL)/GWS GIANTS,2018,nationalDraft,20,27/04/2026
Mitchell,Hinge,1292,Adelaide,2026,20,MEDIUM_DEFENDER,CD_I1004863,28/06/1998,2020,187,0,Mundulla (SA)/Glenelg (SANFL)/Brisbane,2019,other,NA,27/04/2026
Jordon,Butts,1824,Adelaide,2026,41,KEY_DEFENDER,CD_I1004995,31/12/1999,2018,195,0,Shepparton Bears (Vic)/Murray U18,2020,rookieElevation,39,27/04/2026
James,Peatling,2541,Adelaide,2026,25,MIDFIELDER,CD_I1006013,21/08/2000,2021,186,0,Pennant Hills (NSW)/GWS Giants (VFL)/GWS GIANTS,2021,other,8,27/04/2026
Lachlan,Sholl,1761,Adelaide,2026,38,MIDFIELDER,CD_I1006136,7/03/2000,2018,186,0,St Bernard's (Vic)/St Bernard's College (Vic)/Calder U18,2020,nationalDraft,64,27/04/2026
Chayce,Jones,1782,Adelaide,2026,1,MEDIUM_DEFENDER,CD_I1006203,14/01/2000,2018,180,0,Launceston (Tas),2019,nationalDraft,9,27/04/2026
Nick,Murray,2474,Adelaide,2026,9,KEY_DEFENDER,CD_I1008230,18/12/2000,2020,195,0,Wangaratta Rovers/Adelaide (SANFL),2021,preseason,NA,27/04/2026
Riley,Thilthorpe,4046,Adelaide,2026,7,KEY_FORWARD,CD_I1008384,7/07/2002,2020,201,0,Goodwood (SA)/West Adelaide (SANFL),2021,nationalDraft,2,27/04/2026
James,Borlase,4050,Adelaide,2026,35,KEY_DEFENDER,CD_I1009029,18/07/2002,2023,192,0,Unley (SA)/Sturt (SANFL),2023,rookieElevation,20,27/04/2026
Josh,Worrell,2696,Adelaide,2026,24,MEDIUM_DEFENDER,CD_I1011981,11/04/2001,2019,195,0,Bentleigh (Vic)/Haileybury College (Vic)/Sandringham U18,2021,nationalDraft,28,27/04/2026
Luke,Pedlar,4049,Adelaide,2026,10,MEDIUM_FORWARD,CD_I1012218,17/05/2002,2020,183,0,Kingston (SA)/Prince Alfred College (SA)/Glenelg (SANFL),2021,nationalDraft,11,27/04/2026
Sam,Berry,2465,Adelaide,2026,3,MIDFIELDER,CD_I1012807,12/02/2002,2020,181,0,Maffra (Vic)/Melbourne Grammar (Vic)/Gippsland U18,2021,nationalDraft,28,27/04/2026
Mark,Keane,1901,Adelaide,2026,48,KEY_DEFENDER,CD_I1013974,17/03/2000,2018,194,0,County Cork (Ireland)/Collingwood,2020,other,NA,27/04/2026
Billy,Dowling,8619,Adelaide,2026,31,MIDFIELDER_FORWARD,CD_I1015329,1/07/2004,2022,187,0,Walkerville (SA)/St Peter's College (SA)/North Adelaide U18 (SA),2024,nationalDraft,43,27/04/2026
Max,Michalanney,8620,Adelaide,2026,16,MEDIUM_DEFENDER,CD_I1015370,26/02/2004,2022,190,0,Glenunga (SA)/Norwood (SANFL),2023,fatherSon,17,27/04/2026
Josh,Rachele,3232,Adelaide,2026,8,MIDFIELDER,CD_I1017051,11/04/2003,2021,180,0,Shepparton Swans (Vic)/Caulfield Grammar (Vic)/Murray U18,2022,nationalDraft,6,27/04/2026
Zac,Taylor,2378,Adelaide,2026,19,MEDIUM_FORWARD,CD_I1017065,31/01/2003,2021,180,0,Oak Park (Vic)/Penola Catholic College (Vic)/Calder U18,2024,nationalDraft,44,27/04/2026
Jake,Soligo,2770,Adelaide,2026,14,MIDFIELDER,CD_I1017109,25/01/2003,2021,179,0,Dromana (Vic)/Rowville Secondary College (Vic)/Eastern U18,2022,nationalDraft,36,27/04/2026
Brayden,Cook,4048,Adelaide,2026,15,MIDFIELDER,CD_I1018335,18/07/2002,2020,189,0,Happy Valley (SA)/South Adelaide (SANFL),2021,nationalDraft,25,27/04/2026
Toby,Murray,5185,Adelaide,2026,39,RUCK,CD_I1020950,3/11/2003,2024,200,0,Wangaratta Rovers/Adelaide (SANFL),2026,other,7,27/04/2026
Luke,Nankervis,5304,Adelaide,2026,27,MEDIUM_DEFENDER,CD_I1021031,25/05/2003,2021,189,0,Bentleigh (Vic)/Bentleigh SC (Vic)/Sandringham U18,2023,preseason,2,27/04/2026
Lachlan,McAndrew,4951,Adelaide,2026,42,RUCK,CD_I1021200,26/05/2000,2021,210,0,Manly-Warringah (NSW)/St Augustine's College (NSW)/Sydney VFL/Sydney Swans,2023,other,12,27/04/2026
Tyler,Welsh,10575,Adelaide,2026,17,KEY_FORWARD,CD_I1022447,15/08/2006,2025,192,0,Henley FC Juniors/Woodville-West Torrens (SANFL),NA,rookieElevation,11,27/04/2026
Sid,Draper,10256,Adelaide,2026,5,MIDFIELDER_FORWARD,CD_I1022607,5/07/2006,2024,182,0,Willunga/South Adelaide (SANFL),2025,nationalDraft,4,27/04/2026
Hugh,Bond,5404,Adelaide,2026,21,MEDIUM_DEFENDER,CD_I1023534,25/09/2004,2022,185,0,North Ballarat (Vic)/Ballarat Grammar (Vic)/GWV U18,2024,nationalDraft,50,27/04/2026
Daniel,Curtin,7336,Adelaide,2026,6,MIDFIELDER,CD_I1024023,8/03/2005,2023,197,0,West Coast JFC (WA)/Claremont (WAFL),2024,nationalDraft,8,27/04/2026
Oscar,Ryan,6623,Adelaide,2026,22,MEDIUM_DEFENDER,CD_I1027893,15/05/2005,2023,187,0,Shepparton United Football Club (Vic)/Murray U18,NA,nationalDraft,27,27/04/2026
Charlie,Edwards,8381,Adelaide,2026,11,MIDFIELDER,CD_I1028671,18/05/2005,2023,191,0,Sandhurst Football Netball Club (Vic)/Sandringham U18,2026,nationalDraft,21,27/04/2026
Mitchell,Marsh,11176,Adelaide,2026,26,KEY_FORWARD,CD_I1031747,15/02/2007,2025,190,0,Kangarilla (SA)/West Adelaide (SANFL),NA,nationalDraft,22,27/04/2026
Finnbar,Maley,8920,Adelaide,2026,36,KEY_FORWARD,CD_I1031792,18/07/2003,2025,197,0,Eltham (Vic)/Northern Bullants (VFL)/North Melbourne,2025,other,NA,27/04/2026
Archie,Ludowyke,12451,Adelaide,2026,34,KEY_FORWARD,CD_I1033053,19/11/2007,2025,197,0,East Sandringham JFC (Vic)/Sandringham U18,NA,nationalDraft,50,27/04/2026
Indy,Cotton,15852,Adelaide,2026,33,MEDIUM_FORWARD,CD_I1044595,8/05/2007,2025,194,0,BA Centre of Excellence (Basketball),NA,other,NA,27/04/2026
Taylor,Walker,35,Adelaide,2026,13,KEY_FORWARD,CD_I280506,25/04/1990,2007,192,0,North Broken Hill (NSW)/NSW-ACT U18,2009,other,75,27/04/2026
Rory,Laird,193,Adelaide,2026,29,MEDIUM_DEFENDER,CD_I293222,29/12/1993,2013,178,0,Kenilworth (SA)/West Adelaide (SANFL),2013,rookieElevation,86,27/04/2026
Alex,Neal-Bullen,893,Adelaide,2026,28,MEDIUM_FORWARD,CD_I296420,9/01/1996,2014,182,0,Plympton (SA)/Glenelg (SANFL)/Melbourne,2015,nationalDraft,40,27/04/2026
Reilly,O'Brien,763,Adelaide,2026,43,RUCK,CD_I297523,20/08/1995,2016,201,0,Moonee Valley (Vic)/Calder U18,2016,rookieElevation,NA,27/04/2026
Callum,Ah Chee,850,Adelaide,2026,4,MIDFIELDER_FORWARD,CD_I298437,9/10/1997,2015,182,0,Kelmscott (WA)/South Fremantle (WAFL)/Gold Coast/Brisbane,2016,nationalDraft,8,27/04/2026
Wayne,Milera,830,Adelaide,2026,30,MEDIUM_DEFENDER,CD_I990882,14/09/1997,2015,185,0,Ingle Farm (SA)/Central District (SANFL),2016,nationalDraft,11,27/04/2026
Jordan,Dawson,1080,Adelaide,2026,12,MIDFIELDER,CD_I992242,9/04/1997,2015,190,0,Robe (SA)/Sturt (SANFL)/Sydney,2017,nationalDraft,56,27/04/2026
Ben,Keays,886,Adelaide,2026,2,MEDIUM_FORWARD,CD_I993946,23/02/1997,2019,185,0,Morningside (Qld)/Redland (NEAFL)/Brisbane,2016,rookieElevation,7,27/04/2026
Darcy,Fogarty,1555,Adelaide,2026,32,KEY_FORWARD,CD_I999331,25/09/1999,2017,192,0,Lucindale (SA)/Rostrevor College (SA)/Glenelg (SANFL),2018,nationalDraft,12,27/04/2026
Tom,Doedee,813,Brisbane Lions,2026,12,MEDIUM_DEFENDER,CD_I1000932,1/03/1997,2015,190,0,"St Joseph's, Geel (Vic)/St Joseph's College, Geel (Vic)/Geel U18/Adelaide Crows",2018,nationalDraft,17,27/04/2026
Hugh,McCluggage,1301,Brisbane Lions,2026,6,MIDFIELDER,CD_I1000978,3/03/1998,2016,187,0,South Warrnambool (Vic)/North Ballarat U18,2017,nationalDraft,3,27/04/2026
Cam,Rayner,1665,Brisbane Lions,2026,16,MEDIUM_FORWARD,CD_I1002235,21/10/1999,2017,187,0,Hillside (Vic)/PEGS (Vic)/Western U18,2018,nationalDraft,1,27/04/2026
Zac,Bailey,1577,Brisbane Lions,2026,33,MIDFIELDER_FORWARD,CD_I1002312,23/09/1999,2017,181,0,Southern Dists (NT)/Prince Alfred College (SA)/Norwood (SANFL),2018,nationalDraft,15,27/04/2026
Jack,Payne,1661,Brisbane Lions,2026,40,KEY_DEFENDER,CD_I1002347,15/10/1999,2017,196,0,Noosa (Qld)/Brisbane (NEAFL),2020,nationalDraft,54,27/04/2026
Darragh,Joyce,1368,Brisbane Lions,2026,41,KEY_DEFENDER,CD_I1003520,23/04/1997,2024,195,0,County Kilkenny (Ireland)/St Kilda,2018,rookieElevation,15,27/04/2026
Oscar,Allen,1718,Brisbane Lions,2026,4,KEY_FORWARD,CD_I1004385,19/03/1999,2017,196,0,Whitford (WA)/West Perth (WAFL)/West Coast,2018,nationalDraft,21,27/04/2026
Noah,Answerth,1774,Brisbane Lions,2026,43,MEDIUM_DEFENDER,CD_I1005053,6/08/1999,2018,182,0,Caulfield (Vic)/Oakleigh U18,2019,nationalDraft,55,27/04/2026
Sam,Draper,1296,Brisbane Lions,2026,2,RUCK,CD_I1005577,28/09/1998,2025,205,0,Reynella (SA)/South Adelaide (SANFL)/Essendon,2020,other,NA,27/04/2026
Keidean,Coleman,2203,Brisbane Lions,2026,18,MEDIUM_DEFENDER,CD_I1006059,31/03/2000,2019,182,0,Morningside (Qld)/Brisbane (NEAFL),2020,nationalDraft,37,27/04/2026
Luke,Beecken,10205,Brisbane Lions,2026,17,MIDFIELDER,CD_I1008805,18/04/2001,2024,185,0,SMOSH West Lakes JFC/Woodville-West Torrens (SANFL),2025,other,17,27/04/2026
Bruce,Reville,2218,Brisbane Lions,2026,38,MIDFIELDER,CD_I1009317,22/02/2001,2023,185,0,Western Magpies/Maryborough/Brisbane Lions (VFL),2024,other,NA,27/04/2026
Kai,Lohmann,5146,Brisbane Lions,2026,1,MEDIUM_FORWARD,CD_I1014026,6/05/2003,2021,185,0,"Lake Wendoree (Vic)/St Patrick's College, Ballarat/GWV U18",2022,nationalDraft,20,27/04/2026
Henry,Smith,4053,Brisbane Lions,2026,25,KEY_FORWARD,CD_I1016189,24/09/2002,2020,202,0,Blackwood (SA)/Woodville-West Torrens (SANFL),2024,nationalDraft,48,27/04/2026
Darcy,Wilmot,2786,Brisbane Lions,2026,44,MEDIUM_DEFENDER,CD_I1017067,31/12/2003,2021,183,0,Montmorency (Vic)/Hazel Glen College (Vic)/Northern U18,2022,nationalDraft,16,27/04/2026
James,Tunstill,5673,Brisbane Lions,2026,29,MEDIUM_FORWARD,CD_I1021108,18/07/2003,2021,187,0,Busselton (WA)/Bunbury Grammar (WA)/East Perth (WAFL),2022,nationalDraft,41,27/04/2026
Will,Ashcroft,5518,Brisbane Lions,2026,8,MIDFIELDER,CD_I1023517,6/05/2004,2022,182,0,Southport (Qld)/Old Brighton (Vic)/Sandringham U18/Bris (VFL),2023,fatherSon,2,27/04/2026
Jaspa,Fletcher,5372,Brisbane Lions,2026,3,MEDIUM_DEFENDER,CD_I1023708,24/02/2004,2022,184,0,Coorparoo (Qld) /Sherwood (QAFL),2023,fatherSon,12,27/04/2026
Reece,Torrent,7482,Brisbane Lions,2026,36,MIDFIELDER,CD_I1024187,3/08/2005,2023,184,0,Halls Head JCF (WA)/Peel Thunder (WAFL),NA,nationalDraft,64,27/04/2026
Luke,Lloyd,6741,Brisbane Lions,2026,19,KEY_DEFENDER,CD_I1027985,8/08/2005,2023,193,0,St Paul's McKinnon JFC (Vic)/Sandringham U18,NA,nationalDraft,42,27/04/2026
Logan,Morris,6773,Brisbane Lions,2026,13,KEY_FORWARD,CD_I1028019,10/05/2005,2023,191,0,Werribee Districts (Vic)/Western U18,2024,nationalDraft,31,27/04/2026
Shadeau,Brain,6783,Brisbane Lions,2026,34,MEDIUM_DEFENDER,CD_I1028105,13/02/2004,2022,183,0,Finley (NSW)/Noosa (Qld),2024,other,NA,27/04/2026
Sam,Marshall,9042,Brisbane Lions,2026,20,MIDFIELDER,CD_I1028520,19/01/2006,2024,185,0,Kawana Park JAFC/Sandringham U18/Brisbane Lions Academy,2025,nationalDraft,25,27/04/2026
Levi,Ashcroft,8422,Brisbane Lions,2026,10,MIDFIELDER,CD_I1028560,18/12/2006,2024,181,0,St Kilda City Junior Football Club/Sandringham U18,2025,fatherSon,5,27/04/2026
Daniel,Annable,9055,Brisbane Lions,2026,14,MIDFIELDER,CD_I1029326,5/04/2007,2025,184,0,Redland-Victoria Point (Qld)/Brisbane Lions Academy U18,2026,nationalDraft,6,27/04/2026
Will,McLachlan,8472,Brisbane Lions,2026,28,MEDIUM_FORWARD,CD_I1029405,13/04/2005,2024,185,0,Geelong U18,2025,other,6,27/04/2026
Zane,Zakostelsky,11333,Brisbane Lions,2026,21,KEY_DEFENDER,CD_I1032650,14/12/2005,2023,196,0,North Beach (WA)/Claremont (WAFL),2026,nationalDraft,51,27/04/2026
Ty,Gallop,12141,Brisbane Lions,2026,22,KEY_DEFENDER,CD_I1034411,9/02/2006,2024,194,0,Kawana Park JAFC/Maroochydore AFC/Brisbane Lions Academy,2025,nationalDraft,42,27/04/2026
Cody,Curtin,12978,Brisbane Lions,2026,37,KEY_FORWARD,CD_I1036780,18/05/2007,2025,200,0,West Coast JFC/Claremont (WAFL),NA,nationalDraft,43,27/04/2026
Koby,Evans,13425,Brisbane Lions,2026,24,MIDFIELDER,CD_I1037376,8/09/2007,2025,187,0,Kenwick (WA)/Perth (WAFL),NA,nationalDraft,38,27/04/2026
Tai,Hayes,13986,Brisbane Lions,2026,42,MIDFIELDER,CD_I1040584,18/11/2004,2025,183,0,Burleigh (Qld)/Southport (VFL),NA,nationalDraft,44,27/04/2026
Ben,Murphy,15850,Brisbane Lions,2026,39,MEDIUM_DEFENDER,CD_I1044596,1/02/2007,2025,191,0,Kerry GAA (Ireland),NA,other,NA,27/04/2026
Dayne,Zorko,8,Brisbane Lions,2026,15,MEDIUM_DEFENDER,CD_I261224,9/02/1989,2011,175,0,Surfers Paradise (Qld)/Broadbeach (Qld),2012,other,NA,27/04/2026
Ryan,Lester,124,Brisbane Lions,2026,35,KEY_DEFENDER,CD_I291548,26/08/1992,2022,190,0,Mulgrave (Vic)/Oakleigh U18,2011,rookieElevation,15,27/04/2026
Lachie,Neale,355,Brisbane Lions,2026,9,MIDFIELDER,CD_I293535,24/05/1993,2011,177,0,Kybybolite (SA)/St Peter's Coll (SA)/Glenelg (SANFL)/Fremantle,2012,nationalDraft,58,27/04/2026
Lincoln,McCarthy,294,Brisbane Lions,2026,11,MEDIUM_FORWARD,CD_I293581,22/10/1993,2025,176,0,Bordertown (SA)/Glenelg (SANFL)/Geelong,2012,rookieElevation,14,27/04/2026
Darcy,Gardiner,132,Brisbane Lions,2026,27,KEY_DEFENDER,CD_I296269,22/09/1995,2013,192,0,Queenscliff (Vic)/St Joseph's College (Vic)/Geelong U18,2014,nationalDraft,22,27/04/2026
Darcy,Fort,1940,Brisbane Lions,2026,32,RUCK,CD_I298211,6/08/1993,2018,204,0,Sth Barwon (Vic)/Geel U18/Werribee (VFL)/Foots (VFL)/Cent Dist (SANFL)/Geel,2019,nationalDraft,65,27/04/2026
Charlie,Cameron,152,Brisbane Lions,2026,23,MEDIUM_FORWARD,CD_I990609,5/07/1994,2014,180,0,Newman Saints (WA)/Swan Districts (WAFL)/Adelaide,2014,rookieElevation,NA,27/04/2026
Josh,Dunkley,1083,Brisbane Lions,2026,5,MIDFIELDER,CD_I993834,9/01/1997,2015,191,0,Sale (Vic)/Gippsland U18/Western Bulldogs,2016,nationalDraft,25,27/04/2026
Eric,Hipwood,864,Brisbane Lions,2026,30,KEY_FORWARD,CD_I993953,13/09/1997,2015,204,0,Caloundra (Qld)/Aspley (NEAFL),2016,nationalDraft,14,27/04/2026
Harris,Andrews,822,Brisbane Lions,2026,31,KEY_DEFENDER,CD_I996059,11/12/1996,2014,200,0,Aspley (NEAFL),2015,nationalDraft,61,27/04/2026
Conor,McKenna,982,Brisbane Lions,2026,26,MEDIUM_FORWARD,CD_I997846,28/03/1996,2016,184,0,Eglish/Tyrone (Ireland)/Essendon,2015,rookieElevation,NA,27/04/2026
Jarrod,Berry,1343,Brisbane Lions,2026,7,MIDFIELDER,CD_I998133,5/02/1998,2016,193,0,Horsham Saints (Vic)/Ballarat Clarendon College (Vic)/North Ballarat U18,2017,nationalDraft,17,27/04/2026
Harry,McKay,692,Carlton,2026,10,KEY_FORWARD,CD_I1000953,24/12/1997,2015,200,0,Warragul (Vic)/Gippsland U18,2017,nationalDraft,10,27/04/2026
Lachie,Fogarty,1732,Carlton,2026,8,MEDIUM_FORWARD,CD_I1002228,1/04/1999,2017,180,0,Spotswood (Vic)/St Kevin's College (Vic)/Western U18/Geelong,2018,nationalDraft,22,27/04/2026
Adam,Cerra,1562,Carlton,2026,5,MIDFIELDER,CD_I1002239,7/10/1999,2017,188,0,Norwood (Vic)/Wesley College (Vic)/Eastern U18/Fremantle,2018,nationalDraft,5,27/04/2026
Jordan,Boyd,4803,Carlton,2026,37,MEDIUM_DEFENDER,CD_I1002795,22/09/1998,2021,182,0,Spotswood (Vic)/Footscray (VFL),2022,other,20,27/04/2026
Sam,Walsh,1896,Carlton,2026,18,MIDFIELDER,CD_I1006094,2/07/2000,2018,184,0,"St Joseph's, Geel (Vic)/St Joseph's College, Geel (Vic)/Geel U18",2019,nationalDraft,1,27/04/2026
Matthew,Cottrell,1895,Carlton,2026,46,MIDFIELDER_FORWARD,CD_I1008154,29/02/2000,2021,184,0,Pearcedale (Vic)/Dandenong U18,2020,rookieElevation,23,27/04/2026
Brodie,Kemp,2209,Carlton,2026,17,KEY_FORWARD,CD_I1009241,1/05/2001,2019,192,0,Echuca (Vic)/Geelong Grammar (Vic)/Bendigo U18,2021,nationalDraft,17,27/04/2026
Elijah,Hollands,2975,Carlton,2026,20,MIDFIELDER_FORWARD,CD_I1012862,25/04/2002,2020,189,0,Wodonga (Vic)/Caulfield Grammar (Vic)/Murray U18/Gold Coast Suns,2022,nationalDraft,7,27/04/2026
Wade,Derksen,2886,Carlton,2026,47,KEY_DEFENDER,CD_I1016140,18/06/2001,2022,195,0,Queanbeyan (ACT)/Nightcliff (NT)/Sunbury (Vic)/Peel Thunder (WAFL)/GWS Giants,2026,other,5,27/04/2026
Campbell,Chesser,3356,Carlton,2026,31,MIDFIELDER,CD_I1017057,27/04/2003,2021,186,0,Lavington (NSW)/Melbourne Grammar (Vic)/Sandringham U18/West Coast,2023,nationalDraft,14,27/04/2026
Francis,Evans,2582,Carlton,2026,44,MEDIUM_FORWARD,CD_I1017255,23/08/2001,2019,182,0,Brunswick North O.B. (Vic)/Brunswick Secondary College (Vic)/Calder U18/Geelong/Port Adelaide,2021,nationalDraft,41,27/04/2026
Jesse,Motlop,5674,Carlton,2026,3,MEDIUM_FORWARD,CD_I1017700,23/11/2003,2021,180,0,Wanderers (NT)/S Coogee (WA)/Aquinas Coll (WA)/S Fremantle (WAFL),2022,nationalDraft,27,27/04/2026
Ashton,Moir,9627,Carlton,2026,43,MEDIUM_FORWARD,CD_I1020097,15/04/2005,2023,188,0,Plympton Junior Football Club (SA)/Glenelg (SANFL),2024,nationalDraft,29,27/04/2026
Flynn,Young,5141,Carlton,2026,45,MEDIUM_FORWARD,CD_I1020877,3/02/2002,2025,181,0,Werribee (VFL)/Carlton (VFL),2025,other,4,27/04/2026
Lachlan,Cowan,5277,Carlton,2026,2,MEDIUM_DEFENDER,CD_I1021353,1/12/2004,2022,188,0,Devonport (Tas)/Tasmania U18,2023,nationalDraft,30,27/04/2026
Lucas,Camporeale,9674,Carlton,2026,21,MIDFIELDER,CD_I1022452,21/07/2006,2024,184,0,Brighton Bombers/Glenelg (SANFL),2025,fatherSon,54,27/04/2026
Liam,Reidy,4806,Carlton,2026,25,RUCK,CD_I1023346,14/06/2000,2025,204,0,Beaumaris (Vic)/East Brighton (Vic)/Brighton SC (Vic)/Frankston (VFL)/Fremantle,2024,other,NA,27/04/2026
Hudson,O'Keeffe,5529,Carlton,2026,40,RUCK,CD_I1023489,16/12/2004,2022,202,0,Camberwell (Vic)/ Camberwell High (Vic)/Oakleigh U18,2025,preseason,NA,27/04/2026
Oliver,Hollands,5569,Carlton,2026,4,MEDIUM_DEFENDER,CD_I1023495,16/01/2004,2022,184,0,Wodonga (Vic)/Geelong Grammar (Vic)/Murray U18,2023,nationalDraft,11,27/04/2026
Ben,Camporeale,9932,Carlton,2026,16,MIDFIELDER,CD_I1027282,21/07/2006,2024,186,0,Brighton Bombers/Glenelg (SANFL),NA,fatherSon,43,27/04/2026
Billy,Wilson,6442,Carlton,2026,15,MEDIUM_DEFENDER,CD_I1027678,16/06/2005,2023,183,0,Dromana Football Netball Club (Vic)/Dandenong U18,2025,nationalDraft,34,27/04/2026
Matthew,Carroll,6702,Carlton,2026,32,MIDFIELDER,CD_I1027964,28/11/2005,2024,190,0,East Malvern (Vic)/Sandringham U18,2025,preseason,NA,27/04/2026
Harry,Charleson,9199,Carlton,2026,28,MEDIUM_DEFENDER,CD_I1028496,26/06/2006,2024,182,0,East Point FNC/GWV Rebels U18,NA,rookieElevation,9,27/04/2026
Jagga,Smith,9351,Carlton,2026,7,MIDFIELDER,CD_I1028515,28/01/2006,2024,182,0,Richmond JFC)/Oakleigh U18,2026,nationalDraft,3,27/04/2026
Harry,O'Farrell,9083,Carlton,2026,22,KEY_DEFENDER,CD_I1028526,3/05/2006,2024,197,0,Maribyrnong Park FC/Calder U18,2025,nationalDraft,40,27/04/2026
Cooper,Lord,9437,Carlton,2026,36,MIDFIELDER,CD_I1032108,20/03/2005,2024,184,0,North Melbourne (VFL)/Sandringham U18,2024,other,9,27/04/2026
Jack,Ison,12431,Carlton,2026,30,MIDFIELDER,CD_I1033066,26/03/2007,2025,190,0,Parkside JFC (Vic)/Oakleigh U18,NA,nationalDraft,47,27/04/2026
Harry,Dean,12390,Carlton,2026,35,MEDIUM_DEFENDER,CD_I1033084,13/11/2007,2025,193,0,Lavington JFC (NSW)/Murray U18,2026,fatherSon,3,27/04/2026
Rob,Monahan,12079,Carlton,2026,34,MEDIUM_DEFENDER,CD_I1035129,29/06/2004,2023,189,0,Ireland,NA,other,NA,27/04/2026
Talor,Byrne,12384,Carlton,2026,39,MEDIUM_FORWARD,CD_I1036426,14/11/2007,2025,174,0,Koroit (Vic)/GWV Rebels U18,2026,nationalDraft,45,27/04/2026
Matt,Duffy,13966,Carlton,2026,41,KEY_DEFENDER,CD_I1039720,2/01/2004,2024,194,0,Ireland,NA,other,NA,27/04/2026
George,Hewett,690,Carlton,2026,29,MIDFIELDER,CD_I294036,29/12/1995,2013,187,0,Broughton-Mundoora (SA)/North Adelaide (SANFL)/Sydney,2016,nationalDraft,32,27/04/2026
Zac,Williams,483,Carlton,2026,6,MEDIUM_DEFENDER,CD_I294685,20/09/1994,2013,186,0,Albury (NSW)/NSW-ACT U18/Murray U18/GWS,2013,rookieElevation,95,27/04/2026
Nick,Haynes,577,Carlton,2026,26,MEDIUM_DEFENDER,CD_I295265,18/05/1992,2011,192,0,Frankston Bombers (Vic)/Dandenong U18,2012,nationalDraft,7,27/04/2026
Adam,Saad,913,Carlton,2026,42,MEDIUM_DEFENDER,CD_I295461,23/07/1994,2015,178,0,West Coburg (Vic)/Calder U18/Coburg (VFL)/GCS/Essendon,2015,rookieElevation,NA,27/04/2026
Blake,Acres,683,Carlton,2026,13,MIDFIELDER,CD_I296294,7/10/1995,2013,193,0,Edgewater-Woodvale (WA)/West Perth (WAFL)/St Kilda/Fremantle,2014,nationalDraft,19,27/04/2026
Mitch,McGovern,738,Carlton,2026,11,KEY_FORWARD,CD_I297255,11/10/1994,2014,190,0,North Albany (WA)/Claremont (WAFL)/Adelaide,2016,nationalDraft,43,27/04/2026
Nic,Newman,950,Carlton,2026,24,MEDIUM_DEFENDER,CD_I297907,15/01/1993,2016,186,0,Mornington (Vic)/Frankston (VFL)/Sydney,2017,rookieElevation,NA,27/04/2026
Marc,Pittonet,892,Carlton,2026,27,RUCK,CD_I298290,3/06/1996,2014,202,0,Kew Comets (Vic)/Xavier College (Vic)/Oakleigh U18/Hawthorn,2016,nationalDraft,50,27/04/2026
Patrick,Cripps,270,Carlton,2026,9,MIDFIELDER,CD_I990704,18/03/1995,2013,195,0,Northampton (WA)/East Fremantle (WAFL),2014,nationalDraft,13,27/04/2026
Jacob,Weitering,774,Carlton,2026,23,KEY_DEFENDER,CD_I993832,23/11/1997,2015,195,0,Mt Martha (Vic)/Peninsula Grammar (Vic)/Dandenong U18,2016,nationalDraft,1,27/04/2026
Will,Hayward,1413,Carlton,2026,19,MEDIUM_FORWARD,CD_I997100,26/10/1998,2016,186,0,Walkerville (SA)/St Peter's College (SA)/North Adelaide (SANFL)/Sydney Swans,2017,nationalDraft,21,27/04/2026
Lewis,Young,1335,Carlton,2026,33,KEY_DEFENDER,CD_I997316,20/12/1998,2016,202,0,Mitcham (SA)/Sturt (SANFL)/Western Bulldogs,2017,nationalDraft,49,27/04/2026
Oliver,Florent,1363,Carlton,2026,14,MEDIUM_DEFENDER,CD_I998103,22/07/1998,2016,184,0,Beaumaris (Vic)/Mentone Grammar (Vic)/Sandringham U18/Sydney Swans,2017,nationalDraft,11,27/04/2026
Ben,Ainsworth,1402,Carlton,2026,12,MEDIUM_FORWARD,CD_I998130,10/02/1998,2016,178,0,Morwell (Vic)/Gippsland U18/Gold Coast,2017,nationalDraft,4,27/04/2026
Lachie,Schultz,1803,Collingwood,2026,8,MEDIUM_FORWARD,CD_I1000860,30/11/1997,2018,178,0,Moama (NSW)/Bendigo U18/Williamstown (VFL)/Fremantle,2019,nationalDraft,57,27/04/2026
Patrick,Lipinski,1353,Collingwood,2026,1,MIDFIELDER_FORWARD,CD_I1003130,17/07/1998,2016,190,0,Eltham (Vic)/Northern U18/Western Bulldogs,2017,nationalDraft,28,27/04/2026
Beau,McCreery,4056,Collingwood,2026,31,MEDIUM_FORWARD,CD_I1004757,19/04/2001,2020,186,0,Cove (SA)/South Adelaide (SANFL),2021,nationalDraft,44,27/04/2026
Josh,Daicos,1321,Collingwood,2026,7,MEDIUM_DEFENDER,CD_I1005054,26/11/1998,2016,178,0,Greythorn (Vic)/Bulleen-Templestowe (Vic)/Oakleigh U18,2017,fatherSon,57,27/04/2026
Bobby,Hill,1835,Collingwood,2026,23,MEDIUM_FORWARD,CD_I1006148,9/02/2000,2018,175,0,Northam Barons (WA)/Perth (WAFL)/GWS,2019,nationalDraft,24,27/04/2026
Isaac,Quaynor,1772,Collingwood,2026,3,MEDIUM_DEFENDER,CD_I1008089,15/01/2000,2018,180,0,East Doncaster (Vic)/Oakleigh U18,2019,nationalDraft,13,27/04/2026
Jack,Buller,6858,Collingwood,2026,34,KEY_FORWARD,CD_I1009392,16/05/2001,2023,199,0,Cottesloe (WA)/Scotch College (WA)/Claremont (WAFL)/Sydney Swans,2023,other,13,27/04/2026
Wil,Parker,2479,Collingwood,2026,15,MEDIUM_DEFENDER,CD_I1012873,29/05/2002,2023,180,0,East Ringwood FC/Norwood SC,2024,other,NA,27/04/2026
Reef,McInnes,2922,Collingwood,2026,26,KEY_DEFENDER,CD_I1013278,12/12/2002,2020,194,0,Surrey Park (Vic)/Scotch College (Vic)/Oakleigh U18,2022,nationalDraft,23,27/04/2026
Harvey,Harrison,5677,Collingwood,2026,36,MEDIUM_FORWARD,CD_I1015332,10/11/2003,2021,181,0,Golden Grove (SA)/Tyndale Christian Coll (SA)/North Adel (SANFL),2023,nationalDraft,52,27/04/2026
Ned,Long,2880,Collingwood,2026,44,MIDFIELDER,CD_I1017124,5/02/2003,2024,194,0,Melbourne Grammar (Vic)/Northern U18/ Collingwood (VFL),2022,other,19,27/04/2026
Jakob,Ryan,8623,Collingwood,2026,24,MEDIUM_DEFENDER,CD_I1020104,20/09/2004,2022,189,0,Brighton Districts &amp; Old Scholars (SA)/Sacred Heart Coll (SA)Glenelg (SANFL),2023,nationalDraft,28,27/04/2026
Noah,Howes,10243,Collingwood,2026,40,KEY_FORWARD,CD_I1022614,28/10/2005,NA,196,0,NA,NA,NA,NA,27/04/2026
Oscar,Steene,8638,Collingwood,2026,21,RUCK,CD_I1022844,23/08/2003,2022,201,0,Goodwood (SA)/West Adelaide (SANFL),2026,preseason,NA,27/04/2026
Edward,Allan,7853,Collingwood,2026,16,MIDFIELDER,CD_I1022915,26/05/2004,2022,194,0,Mosman Park (WA)/Claremont (WAFL),2024,nationalDraft,19,27/04/2026
Nick,Daicos,5257,Collingwood,2026,35,MIDFIELDER,CD_I1023261,3/01/2003,2021,184,0,Kew Rovers (Vic)/Camberwell Grammar (Vic)/Oakleigh U18,2022,fatherSon,4,27/04/2026
Angus,Anderson,5507,Collingwood,2026,41,MIDFIELDER_FORWARD,CD_I1023744,25/05/2003,2025,190,0,Sawtell Toormina Saints (NSW)/Sturt (SANFL),2026,nationalDraft,57,27/04/2026
Charlie,West,10794,Collingwood,2026,29,KEY_FORWARD,CD_I1027382,1/02/2006,2024,194,0,Henley FC Juniors/Woodville-West Torrens (SANFL),2025,nationalDraft,50,27/04/2026
Roan,Steele,6220,Collingwood,2026,45,MIDFIELDER,CD_I1027501,22/10/2001,2025,183,0,West Perth (WAFL),2025,other,8,27/04/2026
Harry,DeMattia,6453,Collingwood,2026,13,MIDFIELDER,CD_I1027673,11/09/2005,2023,185,0,Edithvale-Aspendale JFC (Vic)/Dandenong U18,NA,nationalDraft,25,27/04/2026
Iliro,Smit,6467,Collingwood,2026,20,RUCK,CD_I1027834,9/08/2005,2024,200,0,Eastern U18,NA,other,10,27/04/2026
Joel,Cochran,9376,Collingwood,2026,27,MEDIUM_DEFENDER,CD_I1029000,28/03/2006,2024,195,0,UNSW Eastern Suburbs Bulldogs/Sydney Swans Academy,NA,nationalDraft,47,27/04/2026
Zac,McCarthy,12472,Collingwood,2026,37,RUCK,CD_I1030442,27/10/2007,2025,199,0,Kew JFC (Vic)/Oakleigh U18,NA,nationalDraft,55,27/04/2026
Tew,Jiath,9264,Collingwood,2026,19,MEDIUM_DEFENDER,CD_I1032017,2/03/2005,2023,188,0,Morwell Junior Football Club (Vic)/Gippsland U18,2024,nationalDraft,37,27/04/2026
William,Hayes,11327,Collingwood,2026,39,MEDIUM_FORWARD,CD_I1032922,16/05/2006,2024,180,0,Subiaco JFC/Claremont (WAFL),2025,nationalDraft,56,27/04/2026
Jai,Saxena,14557,Collingwood,2026,43,MEDIUM_FORWARD,CD_I1033835,27/07/2007,2025,180,0,Beverly Hills (Vic)/Oakleigh Chargers U18,NA,other,NA,27/04/2026
Sam,Swadling,13207,Collingwood,2026,32,MIDFIELDER,CD_I1037021,16/01/2007,2025,187,0,Whitford JFC (WA)/West Perth (WAFL),NA,nationalDraft,37,27/04/2026
Tyan,Prindable,15324,Collingwood,2026,18,MIDFIELDER,CD_I1042013,25/01/2007,2025,181,0,Coorparoo JFC (Qld)/Brisbane Lions Academy U18,NA,nationalDraft,32,27/04/2026
Scott,Pendlebury,118,Collingwood,2026,10,MIDFIELDER,CD_I260257,7/01/1988,2005,191,0,Sale (Vic)/Gippsland U18,2006,nationalDraft,5,27/04/2026
Steele,Sidebottom,154,Collingwood,2026,22,MIDFIELDER,CD_I280965,2/01/1991,2008,184,0,Congupna (Vic)/Murray U18,2009,nationalDraft,11,27/04/2026
Jeremy,Howe,504,Collingwood,2026,38,KEY_DEFENDER,CD_I291313,29/06/1990,2010,190,0,Dodges Ferry (Tas)/Hobart (Tas)/Melbourne,2011,nationalDraft,33,27/04/2026
Jamie,Elliott,112,Collingwood,2026,5,MEDIUM_FORWARD,CD_I293801,21/08/1992,2011,177,0,Euroa (Vic)/Murray U18,2012,other,NA,27/04/2026
Jack,Crisp,212,Collingwood,2026,25,MIDFIELDER,CD_I293871,2/10/1993,2012,190,0,Myrtleford (Vic)/Murray U18/Brisbane,2012,rookieElevation,86,27/04/2026
Tim,Membrey,836,Collingwood,2026,28,KEY_FORWARD,CD_I294596,26/05/1994,2012,188,0,Traralgon (Vic)/Gippsland U18/Sydney Swans/ St Kilda,2014,nationalDraft,46,27/04/2026
Daniel,McStay,249,Collingwood,2026,11,KEY_FORWARD,CD_I297504,24/06/1995,2013,196,0,Vermont (Vic)/Eastern U18/Brisbane,2014,nationalDraft,25,27/04/2026
Darcy,Moore,895,Collingwood,2026,30,KEY_DEFENDER,CD_I298288,25/01/1996,2014,203,0,Kew Comets (Vic)/Carey Grammar (Vic)/Oakleigh U18,2015,fatherSon,9,27/04/2026
Darcy,Cameron,1330,Collingwood,2026,14,RUCK,CD_I990291,18/07/1995,2016,204,0,North Albany (WA)/Claremont (WAFL)/Sydney,2018,nationalDraft,48,27/04/2026
Billy,Frampton,1037,Collingwood,2026,17,KEY_DEFENDER,CD_I991773,20/11/1996,2014,201,0,East Fremantle Power (WA)/South Fremantle (WAFL)/Port Adel/Adel,2018,nationalDraft,84,27/04/2026
Brayden,Maynard,862,Collingwood,2026,4,KEY_DEFENDER,CD_I992010,20/09/1996,2014,189,0,Hampton Rovers (Vic)/Sandringham U18,2015,nationalDraft,30,27/04/2026
Jordan,De Goey,782,Collingwood,2026,2,MIDFIELDER_FORWARD,CD_I994185,15/03/1996,2014,188,0,Ashburton (Vic)/St Kevin's College (Vic)/Oakleigh U18,2015,nationalDraft,5,27/04/2026
Dan,Houston,1043,Collingwood,2026,9,MEDIUM_DEFENDER,CD_I994295,12/05/1997,2024,186,0,Greythorn (Vic)/Camberwell Grammar (Vic)/Oakleigh U18/Port Adelaide,2017,other,NA,27/04/2026
Harry,Perryman,1394,Collingwood,2026,12,MEDIUM_DEFENDER,CD_I998205,19/12/1998,2016,187,0,Collingullie-Glenfield Park (NSW)/NSW-ACT U18/GWS GIANTS,2017,nationalDraft,14,27/04/2026
Lachlan,Sullivan,4851,Collingwood,2026,33,MEDIUM_FORWARD,CD_I998480,25/09/1997,2023,180,0,Port Melbourne (VFL)/Footscray (VFL),2024,preseason,NA,27/04/2026
Jordan,Ridley,1288,Essendon,2026,14,MEDIUM_DEFENDER,CD_I1001026,20/10/1998,2016,195,0,East Burwood (Vic)/Box Hill High School (Vic)/Oakleigh U18,2018,nationalDraft,22,27/04/2026
Ben,McKay,874,Essendon,2026,32,KEY_DEFENDER,CD_I1002143,24/12/1997,2015,202,0,Warragul (Vic)/Gippsland U18/North Melbourne,2017,nationalDraft,21,27/04/2026
Xavier,Duursma,1852,Essendon,2026,28,MIDFIELDER,CD_I1006096,7/07/2000,2018,186,0,Foster (Vic)/South Gippsland SC (Vic)/Gippsland U18/Port Adelaide,2019,nationalDraft,18,27/04/2026
Jye,Caldwell,1834,Essendon,2026,6,MIDFIELDER,CD_I1006103,28/09/2000,2018,183,0,Golden Square (Vic)/Geelong Grammar (Vic)/Bendigo U18/GWS,2019,nationalDraft,11,27/04/2026
Jaxon,Prior,3714,Essendon,2026,25,MEDIUM_DEFENDER,CD_I1009386,4/06/2001,2019,189,0,Sorrento-Duncraig (WA)/West Perth (WAFL)/Brisbane Lions,2021,nationalDraft,59,27/04/2026
Harrison,Jones,2242,Essendon,2026,23,MIDFIELDER_FORWARD,CD_I1011755,25/02/2001,2019,196,0,Gisborne (Vic)/PEGS (Vic)/Calder U18,2021,nationalDraft,30,27/04/2026
Nick,Bryan,2692,Essendon,2026,24,RUCK,CD_I1011954,22/10/2001,2019,203,0,Glen Iris (Vic)/St Kevin's College (Vic)/Oakleigh U18,2021,nationalDraft,38,27/04/2026
Nic,Martin,6178,Essendon,2026,37,MIDFIELDER_FORWARD,CD_I1012013,3/04/2001,2021,192,0,Noranda (WA)/Subiaco (WAFL),2022,preseason,NA,27/04/2026
Zach,Reid,2612,Essendon,2026,31,KEY_DEFENDER,CD_I1012817,2/03/2002,2020,202,0,Leongatha (Vic)/(Gippsland U18,2021,nationalDraft,10,27/04/2026
Liam,McMahon,2678,Essendon,2026,48,KEY_FORWARD,CD_I1012842,2/05/2002,2020,198,0,Eltham (Vic)/Northern U18/Collingwood/Carlton (VFL)/Essendon (VFL),2025,nationalDraft,31,27/04/2026
Sam,Durham,3075,Essendon,2026,22,MIDFIELDER_FORWARD,CD_I1015810,9/07/2001,2021,185,0,Seymour (Vic)/Murray U18/Richmond (VFL),2021,other,9,27/04/2026
Nik,Cox,2843,Essendon,2026,13,MIDFIELDER,CD_I1015827,15/01/2002,2020,200,0,Montmorency (Vic)/Ivanhoe Grammar (Vic)/Northern U18,2021,nationalDraft,8,27/04/2026
Archie,Perkins,3299,Essendon,2026,16,MEDIUM_FORWARD,CD_I1015873,26/03/2002,2020,188,0,Old Brighton (Vic)/Brighton Grammar (Vic)/Sandringham U18,2021,nationalDraft,9,27/04/2026
Saad,El-Hawli,3440,Essendon,2026,41,MIDFIELDER,CD_I1015919,15/05/2001,2024,184,0,Altona/Northern Bullants (VFL),2025,other,13,27/04/2026
Thomas,Edwards,7531,Essendon,2026,45,KEY_FORWARD,CD_I1018323,20/05/2000,2024,191,0,Royals/Swan Districts (WAFL),2025,preseason,NA,27/04/2026
Jayden,Nguyen,8521,Essendon,2026,42,MEDIUM_DEFENDER,CD_I1018987,27/07/2006,2024,177,0,Aberfeldie (VIC)/Calder U18,2025,other,NA,27/04/2026
Lewis,Hayes,5392,Essendon,2026,18,MEDIUM_DEFENDER,CD_I1023487,17/12/2004,2022,199,0,Lysterfield (Vic)/Rowville Secondary College (Vic)/Eastern U18,2025,nationalDraft,25,27/04/2026
Archie,Roberts,6645,Essendon,2026,21,MEDIUM_DEFENDER,CD_I1023515,18/11/2005,2023,184,0,Hampton Rovers AFC (Vic)/Sandringham Rovers U18,2024,nationalDraft,54,27/04/2026
Elijah,Tsatas,5528,Essendon,2026,5,MIDFIELDER,CD_I1023785,18/10/2004,2022,187,0,Surrey Park (Vic)/Wesley College (Vic)/Oakleigh U18,2023,nationalDraft,5,27/04/2026
Dyson,Sharp,9891,Essendon,2026,15,MEDIUM_FORWARD,CD_I1027168,23/05/2007,2025,187,0,Barossa District (SA)/Central District (SANFL),2026,nationalDraft,13,27/04/2026
Angus,Clarke,9950,Essendon,2026,36,MEDIUM_DEFENDER,CD_I1027284,2/11/2006,2024,189,0,East Gambier FC/Glenelg (SANFL),2025,nationalDraft,39,27/04/2026
Nate,Caddy,6608,Essendon,2026,30,KEY_FORWARD,CD_I1027899,14/07/2005,2023,193,0,Yarrambat JFC (Vic)/Northern Knights U18,2024,nationalDraft,10,27/04/2026
Vigo,Visentini,6698,Essendon,2026,17,RUCK,CD_I1027966,5/09/2005,2023,203,0,Brighton Beach (Vic)/Sandringham U18,2025,rookieElevation,8,27/04/2026
Lachlan,Blakiston,7157,Essendon,2026,46,RUCK,CD_I1028196,9/09/1998,2025,203,0,Cockburn/East Fremantle (WAFL),2025,other,13,27/04/2026
Zak,Johnson,8418,Essendon,2026,40,MEDIUM_DEFENDER,CD_I1028519,24/12/2006,2024,186,0,St Marys GJFC/Northern U18,2025,nationalDraft,70,27/04/2026
Isaac,Kako,8522,Essendon,2026,10,MEDIUM_FORWARD,CD_I1028554,7/03/2006,2024,176,0,Northern Saints/Calder U18,2025,nationalDraft,13,27/04/2026
Archer,May,8423,Essendon,2026,26,KEY_FORWARD,CD_I1029084,27/08/2004,2025,198,0,Subiaco (WAFL)/Richmond (VFL),2025,other,6,27/04/2026
Kayle,Gerreyn,11568,Essendon,2026,19,KEY_FORWARD,CD_I1029159,10/05/2006,2024,200,0,Joondalup Kinross (WA)/West Perth (WAFL),NA,nationalDraft,37,27/04/2026
Archer,Day-Wicks,8454,Essendon,2026,44,MIDFIELDER_FORWARD,CD_I1029265,13/05/2006,2024,186,0,Sandhurst Dragons/Oakleigh U18,2025,rookieElevation,6,27/04/2026
Hussien,El Achkar,12117,Essendon,2026,33,MEDIUM_FORWARD,CD_I1030308,2/04/2007,2024,171,0,Pascoe Vale (Vic)/Calder U18,2026,nationalDraft,53,27/04/2026
Rhys,Unwin,9202,Essendon,2026,38,MEDIUM_FORWARD,CD_I1032023,11/10/2006,2024,179,0,Cobden FNC/GWV Rebels U18,2025,nationalDraft,61,27/04/2026
Jacob,Farrow,11965,Essendon,2026,2,MEDIUM_DEFENDER,CD_I1034305,21/09/2007,2025,189,0,Joondalup Kinross JFC/West Perth (WAFL),2026,nationalDraft,10,27/04/2026
Max,Kondogiannis,12453,Essendon,2026,29,MEDIUM_DEFENDER,CD_I1036584,14/11/2007,2025,190,0,Kew Rovers (Vic)/Oakleigh U18,2026,nationalDraft,36,27/04/2026
Sullivan,Robey,15673,Essendon,2026,9,MEDIUM_FORWARD,CD_I1043261,4/10/2007,2025,192,0,Rowville (Vic)/Eastern Ranges U18,2026,nationalDraft,9,27/04/2026
Cillian,Bourke,15853,Essendon,2026,39,MEDIUM_DEFENDER,CD_I1044339,7/06/2006,2025,190,0,County Offaly (Ireland),NA,other,NA,27/04/2026
Peter,Wright,903,Essendon,2026,20,RUCK,CD_I298289,8/09/1996,2014,203,0,Moonee Valley (Vic)/Calder U18/Gold Coast,2015,nationalDraft,8,27/04/2026
Jade,Gresham,1127,Essendon,2026,11,MEDIUM_FORWARD,CD_I298421,24/08/1997,2015,177,0,South Morang (Vic)/Parade College (Vic)/Northern U18/St Kilda,2016,nationalDraft,18,27/04/2026
Kyle,Langford,945,Essendon,2026,4,MEDIUM_FORWARD,CD_I298630,1/12/1996,2014,192,0,Macleod (Vic)/Ivanhoe Grammar (Vic)/Northern U18,2015,nationalDraft,17,27/04/2026
Zach,Merrett,170,Essendon,2026,7,MIDFIELDER,CD_I992016,3/10/1995,2013,179,0,Cobden (Vic)/Melbourne Grammar (Vic)/Sandringham U18,2014,nationalDraft,26,27/04/2026
Brayden,Fiorini,988,Essendon,2026,8,MIDFIELDER,CD_I993799,22/08/1997,2015,187,0,Greensborough (Vic)/Northern U18/Gold Coast,2016,nationalDraft,20,27/04/2026
Darcy,Parish,852,Essendon,2026,3,MIDFIELDER,CD_I993817,25/07/1997,2015,180,0,Winchelsea (Vic)/Geelong U18,2016,nationalDraft,5,27/04/2026
Matt,Guelfi,1737,Essendon,2026,35,MEDIUM_FORWARD,CD_I996232,14/08/1997,2017,184,0,Wembley Downs (WA)/Claremont (WAFL),2018,nationalDraft,76,27/04/2026
Mason,Redman,944,Essendon,2026,27,MEDIUM_DEFENDER,CD_I997078,26/08/1997,2015,187,0,Millicent (SA)/Glenelg (SANFL),2016,nationalDraft,30,27/04/2026
Andrew,McGrath,1331,Essendon,2026,1,MEDIUM_DEFENDER,CD_I998102,2/06/1998,2016,180,0,East Brighton (Vic)/Brighton Grammar (Vic)/Sandringham U18,2017,nationalDraft,1,27/04/2026
Will,Setterfield,1359,Essendon,2026,12,MIDFIELDER,CD_I998215,5/02/1998,2016,192,0,Albury (NSW)/Scots School (NSW)/Sandringham U18/GWS/Carlton,2017,nationalDraft,5,27/04/2026
Andrew,Brayshaw,1684,Fremantle,2026,8,MIDFIELDER,CD_I1002232,8/11/1999,2017,185,0,Hampton Rovers (Vic)/Haileybury College (Vic)/Sandringham U18,2018,nationalDraft,2,27/04/2026
Jordan,Clark,1929,Fremantle,2026,6,MEDIUM_DEFENDER,CD_I1006152,16/10/2000,2018,185,0,"Railways, Albany (WA)/Claremont (WAFL)/Geelong",2019,nationalDraft,15,27/04/2026
Hayden,Young,2284,Fremantle,2026,26,MIDFIELDER,CD_I1009256,11/04/2001,2019,189,0,Somerville (Vic)/Mornington SC (Vic)/Dandenong U18,2020,nationalDraft,7,27/04/2026
Jeremy,Sharp,3721,Fremantle,2026,14,MIDFIELDER,CD_I1009380,13/08/2001,2019,189,0,Attadale (WA)/Aquinas College (WA)/East Fremantle (WAFL)/Gold Coast Suns,2020,nationalDraft,27,27/04/2026
Luke,Jackson,3728,Fremantle,2026,9,RUCK,CD_I1009399,29/09/2001,2019,199,0,Bullcreek-Leeming (WA)/East Fremantle (WAFL)/Melbourne,2020,nationalDraft,3,27/04/2026
Brandon,Walker,4060,Fremantle,2026,31,MEDIUM_DEFENDER,CD_I1009410,17/10/2002,2020,186,0,Kardinya (WA)/East Fremantle (WAFL),2021,nationalDraft,50,27/04/2026
Caleb,Serong,2304,Fremantle,2026,3,MIDFIELDER,CD_I1009420,9/02/2001,2019,180,0,Warragul (Vic)/Geelong Grammar (Vic)/Gippsland U18,2020,nationalDraft,8,27/04/2026
Isaiah,Dudley,9530,Fremantle,2026,43,MEDIUM_FORWARD,CD_I1011558,30/04/2003,2024,168,0,Central Districts (SANFL),2025,preseason,NA,27/04/2026
Josh,Treacy,2362,Fremantle,2026,35,KEY_FORWARD,CD_I1012819,4/08/2002,2020,195,0,Cohuna (Vic)/Bendigo U18,2021,rookieElevation,7,27/04/2026
Nathan,O'Driscoll,4059,Fremantle,2026,30,MIDFIELDER,CD_I1013220,17/05/2002,2020,188,0,Northam (WA)/Perth (WAFL),2022,nationalDraft,27,27/04/2026
Heath,Chapman,4061,Fremantle,2026,5,MEDIUM_DEFENDER,CD_I1013224,31/01/2002,2020,193,0,Joondalup-Kinross (WA)/West Perth (WAFL),2021,nationalDraft,14,27/04/2026
Sam,Sturt,1806,Fremantle,2026,1,MEDIUM_FORWARD,CD_I1013611,12/05/2000,2018,190,0,Mt Eliza (Vic)/Peninsula Grammar (Vic)/Dandenong U18,2020,nationalDraft,17,27/04/2026
Matthew,Johnson,5679,Fremantle,2026,44,MIDFIELDER,CD_I1016825,16/03/2003,2021,193,0,North Beach (WA)/Subiaco (WAFL),2023,nationalDraft,21,27/04/2026
Judd,McVee,5688,Fremantle,2026,17,MEDIUM_DEFENDER,CD_I1017703,7/08/2003,2025,185,0,Geraldton (WA)/Geraldton Senior HS (WA)/East Fremantle (WAFL)/Melbourne,2023,other,NA,27/04/2026
Patrick,Voss,5232,Fremantle,2026,20,KEY_FORWARD,CD_I1017754,29/06/2003,2023,195,0,Turvey Park (NSW)/Wesley College (Vic)/Oakleigh U18/Essendon,2024,preseason,NA,27/04/2026
Neil,Erasmus,5681,Fremantle,2026,28,MIDFIELDER,CD_I1020250,2/12/2003,2021,190,0,Sorrento-Duncraig (WA)/Hale School (WA)/Subiaco (WAFL),2022,nationalDraft,10,27/04/2026
Jye,Amiss,5680,Fremantle,2026,24,KEY_FORWARD,CD_I1020594,31/07/2003,2021,196,0,Busselton (WA)/East Perth (WAFL),2022,nationalDraft,8,27/04/2026
Joshua,Draper,7400,Fremantle,2026,37,KEY_DEFENDER,CD_I1020668,8/02/2004,2022,197,0,Rockingham (WA)/Peel Thunder (WAFL),2024,other,NA,27/04/2026
Karl,Worner,4905,Fremantle,2026,23,MEDIUM_DEFENDER,CD_I1021015,16/06/2002,2021,188,0,East Burwood (Vic)/Oakleigh U18,2023,rookieElevation,8,27/04/2026
Hugh,Davies,7313,Fremantle,2026,12,KEY_DEFENDER,CD_I1022927,28/09/2004,2022,196,0,Claremont U18 (WA),2024,nationalDraft,33,27/04/2026
Jaren,Carr,7505,Fremantle,2026,38,MEDIUM_DEFENDER,CD_I1023047,27/01/2004,2024,191,0,Fremantle City Dockers JFC/South Fremantle (WAFL),NA,fatherSon,63,27/04/2026
Charlie,Nicholls,9905,Fremantle,2026,22,KEY_FORWARD,CD_I1027155,8/06/2006,2024,196,0,Mintaro Manoora SC/Central District (SANFL),NA,nationalDraft,34,27/04/2026
Cooper,Simpson,6403,Fremantle,2026,29,MEDIUM_DEFENDER,CD_I1027656,13/02/2005,2023,182,0,Mount Martha JFC (Vic)/Dandenong U18,2024,nationalDraft,35,27/04/2026
Tobyn,Murray,6479,Fremantle,2026,11,MEDIUM_FORWARD,CD_I1027844,5/05/2005,2025,180,0,Colac (Vic)/Geelong Cats (VFL),NA,nationalDraft,40,27/04/2026
Ollie,Murphy,6768,Fremantle,2026,33,KEY_DEFENDER,CD_I1027990,16/09/2005,2023,200,0,East Brighton Vampires JFC (Vic)/Sandringham U18,NA,nationalDraft,41,27/04/2026
Aiden,Riddle,7357,Fremantle,2026,42,KEY_FORWARD,CD_I1028228,27/12/2005,2024,199,0,North Beach JFC/Claremont (WAFL),NA,rookieElevation,7,27/04/2026
Murphy,Reid,9363,Fremantle,2026,16,MEDIUM_FORWARD,CD_I1028513,30/07/2006,2024,182,0,Sth Melbourne Districts JFC/Sandringham U18,2025,nationalDraft,17,27/04/2026
Adam,Sweid,12115,Fremantle,2026,15,MIDFIELDER,CD_I1030311,14/09/2007,2025,175,0,Pascoe Vale (Vic)/Calder Cannons U18,NA,nationalDraft,25,27/04/2026
Leon,Kickett,11566,Fremantle,2026,19,MIDFIELDER_FORWARD,CD_I1032862,7/11/2006,2025,172,0,South Bunbury FC (WA)/Swan Districts (WAFL),NA,rookieElevation,8,27/04/2026
Toby,Whan,11933,Fremantle,2026,27,MIDFIELDER,CD_I1033719,9/05/2007,2025,184,0,Roleystone JFC (WA)/South Fremantle (WAFL),NA,other,NA,27/04/2026
Ryda,Luke,13661,Fremantle,2026,40,MEDIUM_FORWARD,CD_I1037928,19/09/2007,2025,187,0,Mundijong Centrals (WA)/South Fremantle (WAFL),NA,other,NA,27/04/2026
Christopher,Scerri,13981,Fremantle,2026,45,MEDIUM_FORWARD,CD_I1040573,6/07/2006,2025,177,0,Northern Bullants (VFL)/Strathmore,2026,preseason,NA,27/04/2026
Jaeger,O'Meara,614,Fremantle,2026,2,MIDFIELDER,CD_I294613,23/02/1994,2012,184,0,Dongara (WA)/Perth (WAFL)/Gold Coast/Hawthorn,2013,other,1,27/04/2026
Alex,Pearce,465,Fremantle,2026,25,KEY_DEFENDER,CD_I298409,9/06/1995,2013,201,0,Ulverstone (Tas)/Devonport (Tas),2015,nationalDraft,37,27/04/2026
Sam,Switkowski,1699,Fremantle,2026,39,MEDIUM_FORWARD,CD_I992059,20/11/1996,2017,179,0,Research (Vic)/Northern U18/Box Hill Hawks (VFL),2018,nationalDraft,73,27/04/2026
Oscar,McDonald,926,Fremantle,2026,21,KEY_DEFENDER,CD_I992472,18/03/1996,2014,196,0,Edenhope-Apsley (Vic)/North Ballarat U18/Melbourne/Williamstown,2015,nationalDraft,53,27/04/2026
Corey,Wagner,1089,Fremantle,2026,34,MIDFIELDER,CD_I993940,23/03/1997,2015,181,0,Aspley (NEAFL)/NM/Casey Demons (VFL)/Melb/Port Melb (VFL),2016,nationalDraft,43,27/04/2026
Shai,Bolton,1407,Fremantle,2026,10,MIDFIELDER,CD_I993993,8/12/1998,2016,176,0,Forrestdale (WA)/South Fremantle (WAFL)/Richmond,2017,nationalDraft,29,27/04/2026
Brennan,Cox,1390,Fremantle,2026,36,KEY_DEFENDER,CD_I997033,13/08/1998,2016,195,0,Woodville South (SA)/Woodville-West Torrens (SANFL),2017,nationalDraft,41,27/04/2026
Sean,Darcy,1392,Fremantle,2026,4,RUCK,CD_I998145,12/06/1998,2016,203,0,Cobden (Vic)/Xavier College (Vic)/Geelong U18,2017,nationalDraft,38,27/04/2026
Bailey,Banfield,1594,Fremantle,2026,41,MEDIUM_DEFENDER,CD_I998180,26/02/1998,2020,190,0,Swanbourne (WA)/ Scotch College (WA)/Claremont (WAFL),2018,rookieElevation,22,27/04/2026
Mason,Cox,809,Fremantle,2026,18,RUCK,CD_I998647,14/03/1991,2017,211,0,Oklahoma State University (USA)/Collingwood,2016,rookieElevation,NA,27/04/2026
Luke,Ryan,1311,Fremantle,2026,13,MEDIUM_DEFENDER,CD_I998659,6/02/1996,2016,186,0,Moonee Valley (Vic)/Calder U18/Maribyrnong Park/Coburg (VFL),2017,nationalDraft,66,27/04/2026
Michael,Frederick,3718,Fremantle,2026,32,MEDIUM_FORWARD,CD_I999321,17/05/2000,2019,183,0,Portland (SA)/Woodville-West Torrens (SANFL),2020,nationalDraft,61,27/04/2026
Jack,Henry,1339,Geelong,2026,38,KEY_DEFENDER,CD_I1000937,29/08/1998,2016,192,0,"St Mary's, Geelong (Vic)/St Joseph's College/Geelong U18",2018,rookieElevation,16,27/04/2026
James,Worpel,1713,Geelong,2026,29,MIDFIELDER,CD_I1002222,24/01/1999,2017,186,0,Bell Park (Vic)/Geelong U18/Hawthorn,2018,nationalDraft,45,27/04/2026
Zach,Guthrie,1342,Geelong,2026,39,MEDIUM_DEFENDER,CD_I1004870,30/06/1998,2016,188,0,Sunbury (Vic)/Calder U18,2017,rookieElevation,33,27/04/2026
Gryan,Miers,1563,Geelong,2026,32,MEDIUM_FORWARD,CD_I1004938,30/03/1999,2017,179,0,Grovedale (Vic)/Geelong U18,2019,nationalDraft,57,27/04/2026
Bailey,Smith,1913,Geelong,2026,3,MIDFIELDER,CD_I1006130,7/12/2000,2018,185,0,East Malvern (Vic)/Xavier College (Vic)/Old Xavs (Vic)/Sandringham U18/Western Bulldogs,2019,nationalDraft,7,27/04/2026
Mark,O'Connor,1344,Geelong,2026,42,MIDFIELDER,CD_I1007102,17/01/1997,2016,189,0,County Kerry (Ireland),2017,other,NA,27/04/2026
Sam,De Koning,2248,Geelong,2026,16,KEY_DEFENDER,CD_I1009229,26/02/2001,2019,204,0,Mornington (Vic)/Dandenong U18,2021,nationalDraft,19,27/04/2026
Tanner,Bruhn,2542,Geelong,2026,4,MEDIUM_DEFENDER,CD_I1012805,27/05/2002,2020,184,0,Newtown &amp; Chilwell (Vic)/Geelong Gram (Vic)/Geelong U18/GWS,2021,nationalDraft,12,27/04/2026
Oliver,Henry,2591,Geelong,2026,36,KEY_FORWARD,CD_I1012860,29/07/2002,2020,189,0,"St Marys, Geelong (Vic))/St Joseph's College/Geelong U18/Collingwood",2021,nationalDraft,17,27/04/2026
Lawson,Humphries,7508,Geelong,2026,17,MEDIUM_DEFENDER,CD_I1013464,24/04/2003,2023,182,0,Wickham Wolves JFC (WA)/Swan Districts (WAFL),2024,nationalDraft,63,27/04/2026
Max,Holmes,3250,Geelong,2026,9,MIDFIELDER,CD_I1015889,29/08/2002,2020,190,0,East Malvern (Vic)/Prahran (Vic)/Melb Grammar (Vic)/Sandr U18,2021,nationalDraft,20,27/04/2026
Shannon,Neale,4063,Geelong,2026,33,KEY_FORWARD,CD_I1016433,25/07/2002,2020,203,0,Jandakot (WA)/Leeming HS (WA)/South Fremantle (WAFL),2022,nationalDraft,33,27/04/2026
Toby,Conway,5112,Geelong,2026,6,RUCK,CD_I1017063,24/04/2003,2021,206,0,"St Mary's, Geelong (Vic)/Geelong College (Vic)/Geelong U18",2023,nationalDraft,24,27/04/2026
Oliver,Wiltshire,5134,Geelong,2026,21,MEDIUM_FORWARD,CD_I1020881,15/09/2002,2023,180,0,Barwon Heads,2025,nationalDraft,61,27/04/2026
Mitch,Knevitt,5176,Geelong,2026,10,KEY_FORWARD,CD_I1021103,8/01/2003,2021,193,0,Grovedale (Vic)/Grovedale College (Vic)/Geelong U18,2022,nationalDraft,25,27/04/2026
Jhye,Clark,5543,Geelong,2026,13,MIDFIELDER_FORWARD,CD_I1023537,23/07/2004,2022,181,0,Queenscliff (Vic)//Geelong U18,2023,nationalDraft,8,27/04/2026
George,Stevens,5421,Geelong,2026,15,MIDFIELDER,CD_I1023681,14/04/2005,2025,189,0,Sth Warrnambool/Emmaneul College (Vic)/Greater Western Victoria Rebels U18,2025,rookieElevation,13,27/04/2026
Mitchell,Edwards,7501,Geelong,2026,11,RUCK,CD_I1024304,2/06/2005,2023,206,0,South Mandurah Football and Netball Club - Seniors (WA)/Peel Thunder (WAFL),2026,nationalDraft,32,27/04/2026
Oisin,Mullin,5684,Geelong,2026,34,MEDIUM_DEFENDER,CD_I1024982,11/02/2000,2021,182,0,County Mayo (Ireland),2023,other,NA,27/04/2026
Oliver,Dempsey,5685,Geelong,2026,28,MIDFIELDER,CD_I1025034,7/01/2003,2021,187,0,Boroondara (Vic)/Carey Grammar (Vic)/Old Carey (Vic),2022,rookieElevation,15,27/04/2026
Harley,Barker,10541,Geelong,2026,26,MIDFIELDER,CD_I1026983,2/05/2007,2025,185,0,Mt Barker (SA)/Sturt (SANFL),NA,nationalDraft,24,27/04/2026
Jacob,Molier,10640,Geelong,2026,20,KEY_FORWARD,CD_I1027006,11/10/2006,2024,201,0,Onkaparinga Valley FC/Sturt (SANFL),NA,nationalDraft,52,27/04/2026
Jay,Polkinghorne,10405,Geelong,2026,2,KEY_FORWARD,CD_I1027428,2/06/2006,2024,190,0,Western United FC/Norwood (SANFL),NA,nationalDraft,44,27/04/2026
Joe,Pike,6503,Geelong,2026,37,RUCK,CD_I1027854,17/05/2005,2024,203,0,Barwon Heads/Geelong U18/Geelong (VFL),NA,rookieElevation,31,27/04/2026
Connor,O'Sullivan,6576,Geelong,2026,14,KEY_DEFENDER,CD_I1027877,19/05/2005,2023,198,0,Albury Junior Football Club (NSW)/Murray U18,2024,nationalDraft,11,27/04/2026
Lennox,Hofmann,9457,Geelong,2026,23,MEDIUM_DEFENDER,CD_I1032114,8/08/2006,2024,191,0,Old Brighton Grammarians/Sandringham U18,NA,nationalDraft,66,27/04/2026
Keighton,Matofai-Forbes,9486,Geelong,2026,31,MEDIUM_DEFENDER,CD_I1032141,2/02/2006,2025,189,0,Keilor/Western U18,NA,rookieElevation,23,27/04/2026
Nicholas,Driscoll,12199,Geelong,2026,27,MIDFIELDER,CD_I1033039,7/04/2007,2025,181,0,Eltham (Vic)/Northern Knights U18,NA,rookieElevation,28,27/04/2026
Jesse,Mellor,12157,Geelong,2026,25,MEDIUM_FORWARD,CD_I1033087,1/04/2007,2025,185,0,Geelong West Giants (Vic)/Geelong Falcons,NA,other,NA,27/04/2026
Hunter,Holmes,14567,Geelong,2026,22,MIDFIELDER,CD_I1038922,19/02/2007,2025,187,0,Prahran JFC (Vic)/Oakleigh U18,NA,nationalDraft,33,27/04/2026
Cillian,Burke,13963,Geelong,2026,41,MEDIUM_FORWARD,CD_I1039509,29/03/2003,2024,192,0,Count Kerry (Ireland),NA,other,NA,27/04/2026
Patrick,Dangerfield,10,Geelong,2026,35,MEDIUM_FORWARD,CD_I270917,5/04/1990,2007,189,0,Anglesea (Vic)/Geelong U18/Adelaide,2008,nationalDraft,10,27/04/2026
Rhys,Stanley,668,Geelong,2026,1,RUCK,CD_I280317,1/12/1990,2008,200,0,Berri (SA)/West Adelaide (SANFL)/St Kilda,2010,nationalDraft,47,27/04/2026
Tom,Stewart,1322,Geelong,2026,44,MEDIUM_DEFENDER,CD_I291800,15/03/1993,2016,190,0,South Barwon (Vic)/Geelong U18/Geelong (VFL),2017,nationalDraft,40,27/04/2026
Jeremy,Cameron,223,Geelong,2026,5,KEY_FORWARD,CD_I293845,1/04/1993,2011,196,0,Dartmoor (Vic)/North Ballarat U18/GWS,2012,other,NA,27/04/2026
Jed,Bews,464,Geelong,2026,24,MEDIUM_DEFENDER,CD_I293883,14/12/1993,2011,186,0,Leopold (Vic)/Geelong U18,2014,fatherSon,86,27/04/2026
Jack,Martin,222,Geelong,2026,19,MEDIUM_FORWARD,CD_I296190,29/01/1995,2013,186,0,Towns (WA)/Claremont (WAFL)/Gold Coast,2014,other,1,27/04/2026
Jake,Kolodjashnij,373,Geelong,2026,8,KEY_DEFENDER,CD_I296291,9/08/1995,2013,193,0,Prospect (Tas)/Launceston (Tas),2015,nationalDraft,41,27/04/2026
Mark,Blicavs,296,Geelong,2026,46,RUCK,CD_I296733,28/03/1991,2014,198,0,Sunbury (Vic),2013,rookieElevation,NA,27/04/2026
Shaun,Mannagh,5018,Geelong,2026,7,MEDIUM_FORWARD,CD_I993878,6/08/1997,2023,178,0,Murray/North Albury (NSW)/Werribee (VFL),2024,nationalDraft,36,27/04/2026
Tom,Atkins,1846,Geelong,2026,30,MIDFIELDER,CD_I994386,18/09/1995,2018,180,0,St Joseph's Geel (Vic)/Geel College/Geel U18/Geelong (VFL),2019,rookieElevation,11,27/04/2026
Tyson,Stengle,1376,Geelong,2026,18,MEDIUM_FORWARD,CD_I997230,19/10/1998,2018,175,0,Portland (SA)/LeFevre HS (SA)W-WT (SANFL)/Rich/Adel/W-WT (SANFL),2017,other,NA,27/04/2026
Jack,Bowes,1401,Geelong,2026,12,MIDFIELDER,CD_I998260,26/01/1998,2016,189,0,Surfers Paradise (Qld)/Cairns Saints (Qld)/Gold Coast,2017,nationalDraft,10,27/04/2026
Brad,Close,3720,Geelong,2026,45,MEDIUM_FORWARD,CD_I999326,30/07/1998,2019,183,0,North Gambier (SA)/Glenelg (SANFL),2020,rookieElevation,14,27/04/2026
John,Noble,1768,Gold Coast,2026,2,MEDIUM_DEFENDER,CD_I1000072,25/03/1997,NA,180,0,NA,NA,NA,NA,27/04/2026
Daniel,Rioli,919,Gold Coast,2026,17,MEDIUM_DEFENDER,CD_I1000981,16/04/1997,NA,179,0,NA,NA,NA,NA,27/04/2026
Elliott,Himmelberg,1357,Gold Coast,2026,12,KEY_FORWARD,CD_I1005199,4/06/1998,NA,196,0,NA,NA,NA,NA,27/04/2026
Joel,Jeffrey,2568,Gold Coast,2026,16,MEDIUM_DEFENDER,CD_I1005992,12/03/2002,NA,192,0,NA,NA,NA,NA,27/04/2026
Caleb,Graham,1911,Gold Coast,2026,46,KEY_DEFENDER,CD_I1006087,12/09/2000,NA,194,0,NA,NA,NA,NA,27/04/2026
Ben,King,1810,Gold Coast,2026,34,KEY_FORWARD,CD_I1006144,7/07/2000,NA,202,0,NA,NA,NA,NA,27/04/2026
Wil,Powell,1474,Gold Coast,2026,27,MIDFIELDER,CD_I1007881,26/08/1999,NA,188,0,NA,NA,NA,NA,27/04/2026
Charlie,Ballard,1475,Gold Coast,2026,10,MEDIUM_DEFENDER,CD_I1008882,23/07/1999,NA,196,0,NA,NA,NA,NA,27/04/2026
Noah,Anderson,2783,Gold Coast,2026,15,MIDFIELDER,CD_I1009199,17/02/2001,NA,192,0,NA,NA,NA,NA,27/04/2026
Matt,Rowell,2790,Gold Coast,2026,18,MIDFIELDER,CD_I1009208,1/07/2001,NA,180,0,NA,NA,NA,NA,27/04/2026
Jamarra,Ugle-Hagan,2693,Gold Coast,2026,9,KEY_FORWARD,CD_I1009301,4/04/2002,NA,197,0,NA,NA,NA,NA,27/04/2026
Ben,Jepson,2691,Gold Coast,2026,44,MIDFIELDER,CD_I1011950,10/10/2001,NA,184,0,NA,NA,NA,NA,27/04/2026
Sam,Clohesy,4320,Gold Coast,2026,33,MIDFIELDER,CD_I1013257,12/12/2002,NA,189,0,NA,NA,NA,NA,27/04/2026
Alex,Davies,2558,Gold Coast,2026,5,MIDFIELDER,CD_I1013268,18/03/2002,NA,193,0,NA,NA,NA,NA,27/04/2026
Oscar,Adams,5695,Gold Coast,2026,48,KEY_DEFENDER,CD_I1015515,23/07/2003,NA,198,0,NA,NA,NA,NA,27/04/2026
Mac,Andrew,5063,Gold Coast,2026,1,KEY_DEFENDER,CD_I1017396,4/12/2003,NA,202,0,NA,NA,NA,NA,27/04/2026
Caleb,Lewis,5267,Gold Coast,2026,45,KEY_FORWARD,CD_I1017493,29/09/2003,NA,198,0,NA,NA,NA,NA,27/04/2026
Bodhi,Uwland,4868,Gold Coast,2026,6,MEDIUM_DEFENDER,CD_I1017665,25/07/2003,NA,188,0,NA,NA,NA,NA,27/04/2026
Jake,Rogers,6485,Gold Coast,2026,29,MEDIUM_FORWARD,CD_I1018123,2/03/2005,NA,172,0,NA,NA,NA,NA,27/04/2026
Ned,Moyle,5311,Gold Coast,2026,23,RUCK,CD_I1021013,15/02/2002,NA,206,0,NA,NA,NA,NA,27/04/2026
Bailey,Humphrey,5434,Gold Coast,2026,19,MEDIUM_FORWARD,CD_I1023500,11/09/2004,NA,186,0,NA,NA,NA,NA,27/04/2026
Jed,Walter,5440,Gold Coast,2026,4,KEY_FORWARD,CD_I1023736,8/06/2005,NA,195,0,NA,NA,NA,NA,27/04/2026
Will,Graham,6512,Gold Coast,2026,26,MIDFIELDER_FORWARD,CD_I1026960,27/07/2005,NA,186,0,NA,NA,NA,NA,27/04/2026
Ethan,Read,6525,Gold Coast,2026,20,KEY_FORWARD,CD_I1027033,7/07/2005,NA,202,0,NA,NA,NA,NA,27/04/2026
Max,Knobel,6531,Gold Coast,2026,37,RUCK,CD_I1027701,27/06/2004,NA,206,0,NA,NA,NA,NA,27/04/2026
Asher,Eastham,9218,Gold Coast,2026,42,MEDIUM_DEFENDER,CD_I1028541,13/05/2006,NA,188,0,NA,NA,NA,NA,27/04/2026
Cooper,Bell,9198,Gold Coast,2026,31,KEY_DEFENDER,CD_I1029065,30/11/2006,NA,199,0,NA,NA,NA,NA,27/04/2026
Zeke,Uwland,9224,Gold Coast,2026,32,MIDFIELDER,CD_I1029297,24/04/2007,NA,180,0,NA,NA,NA,NA,27/04/2026
Leonardo,Lombard,9246,Gold Coast,2026,8,MEDIUM_FORWARD,CD_I1029301,5/10/2006,NA,178,0,NA,NA,NA,NA,27/04/2026
Lachlan,Gulbin,9266,Gold Coast,2026,39,MEDIUM_FORWARD,CD_I1029304,24/11/2006,NA,187,0,NA,NA,NA,NA,27/04/2026
Jai,Murray,9257,Gold Coast,2026,35,MIDFIELDER,CD_I1029307,9/03/2007,NA,187,0,NA,NA,NA,NA,27/04/2026
Avery,Thomas,12196,Gold Coast,2026,41,MEDIUM_DEFENDER,CD_I1030438,20/09/2007,NA,186,0,NA,NA,NA,NA,27/04/2026
Beau,Addinsall,9293,Gold Coast,2026,38,MIDFIELDER,CD_I1032398,9/03/2007,NA,182,0,NA,NA,NA,NA,27/04/2026
Koby,Coulson,12387,Gold Coast,2026,43,MIDFIELDER,CD_I1033555,31/07/2007,NA,180,0,NA,NA,NA,NA,27/04/2026
Dylan,Patterson,12421,Gold Coast,2026,30,MEDIUM_DEFENDER,CD_I1033568,1/09/2007,NA,183,0,NA,NA,NA,NA,27/04/2026
Zak,Evans,13856,Gold Coast,2026,36,MEDIUM_DEFENDER,CD_I1038801,26/03/2000,NA,192,0,NA,NA,NA,NA,27/04/2026
Jarrod,Witts,161,Gold Coast,2026,28,RUCK,CD_I291975,13/09/1992,NA,209,0,NA,NA,NA,NA,27/04/2026
Sam,Collins,824,Gold Coast,2026,25,KEY_DEFENDER,CD_I295446,15/06/1994,NA,194,0,NA,NA,NA,NA,27/04/2026
Nick,Holman,128,Gold Coast,2026,7,MIDFIELDER,CD_I297456,29/05/1995,NA,188,0,NA,NA,NA,NA,27/04/2026
Christian,Petracca,1001,Gold Coast,2026,3,MIDFIELDER_FORWARD,CD_I298210,4/01/1996,NA,187,0,NA,NA,NA,NA,27/04/2026
Touk,Miller,990,Gold Coast,2026,11,MIDFIELDER_FORWARD,CD_I298272,22/02/1996,NA,178,0,NA,NA,NA,NA,27/04/2026
Lachie,Weller,823,Gold Coast,2026,14,MIDFIELDER,CD_I298524,23/02/1996,NA,182,0,NA,NA,NA,NA,27/04/2026
Ben,Long,1408,Gold Coast,2026,22,MEDIUM_FORWARD,CD_I993917,21/08/1997,NA,186,0,NA,NA,NA,NA,27/04/2026
Jy,Farrar,3722,Gold Coast,2026,50,MEDIUM_FORWARD,CD_I999715,7/12/1996,NA,190,0,NA,NA,NA,NA,27/04/2026
Mitch,Lewis,1333,Hawthorn,2026,2,KEY_FORWARD,CD_I1000887,14/10/1998,NA,199,0,NA,NA,NA,NA,27/04/2026
Harry,Morrison,1341,Hawthorn,2026,1,MIDFIELDER,CD_I1000963,12/11/1998,NA,184,0,NA,NA,NA,NA,27/04/2026
Lloyd,Meek,1560,Hawthorn,2026,17,RUCK,CD_I1000980,22/04/1998,NA,203,0,NA,NA,NA,NA,27/04/2026
Ned,Reeves,1822,Hawthorn,2026,7,RUCK,CD_I1001024,31/10/1998,NA,210,0,NA,NA,NA,NA,27/04/2026
Massimo,D'Ambrosio,4349,Hawthorn,2026,16,MIDFIELDER,CD_I1005144,5/06/2003,NA,178,0,NA,NA,NA,NA,27/04/2026
Dylan,Moore,1595,Hawthorn,2026,8,MEDIUM_FORWARD,CD_I1006314,4/08/1999,NA,177,0,NA,NA,NA,NA,27/04/2026
Conor,Nash,1302,Hawthorn,2026,11,MIDFIELDER,CD_I1007124,28/07/1998,NA,198,0,NA,NA,NA,NA,27/04/2026
Will,Day,3726,Hawthorn,2026,12,MIDFIELDER,CD_I1008550,5/06/2001,NA,191,0,NA,NA,NA,NA,27/04/2026
Finn,Maginness,2812,Hawthorn,2026,20,MEDIUM_FORWARD,CD_I1009421,23/02/2001,NA,189,0,NA,NA,NA,NA,27/04/2026
Sam,Butler,5124,Hawthorn,2026,30,MIDFIELDER_FORWARD,CD_I1010708,10/02/2003,NA,184,0,NA,NA,NA,NA,27/04/2026
Flynn,Perez,2208,Hawthorn,2026,39,MEDIUM_DEFENDER,CD_I1011771,25/08/2001,NA,187,0,NA,NA,NA,NA,27/04/2026
James,Blanck,2447,Hawthorn,2026,36,KEY_DEFENDER,CD_I1011839,20/11/2000,NA,196,0,NA,NA,NA,NA,27/04/2026
Jack,Ginnivan,2238,Hawthorn,2026,33,MEDIUM_FORWARD,CD_I1012857,9/12/2002,NA,185,0,NA,NA,NA,NA,27/04/2026
Connor,Macdonald,2722,Hawthorn,2026,9,MEDIUM_FORWARD,CD_I1017094,13/01/2003,NA,185,0,NA,NA,NA,NA,27/04/2026
Josh,Ward,5252,Hawthorn,2026,25,MIDFIELDER,CD_I1017110,15/08/2003,NA,183,0,NA,NA,NA,NA,27/04/2026
Jai,Newcombe,4712,Hawthorn,2026,3,MIDFIELDER,CD_I1020895,2/08/2001,NA,187,0,NA,NA,NA,NA,27/04/2026
William,McCabe,9672,Hawthorn,2026,27,KEY_FORWARD,CD_I1022410,29/09/2005,NA,197,0,NA,NA,NA,NA,27/04/2026
Bodie,Ryan,9721,Hawthorn,2026,26,MEDIUM_DEFENDER,CD_I1022473,20/04/2005,NA,187,0,NA,NA,NA,NA,27/04/2026
Nick,Watson,5592,Hawthorn,2026,5,MEDIUM_FORWARD,CD_I1023473,24/02/2005,NA,170,0,NA,NA,NA,NA,27/04/2026
Cam,Mackenzie,5630,Hawthorn,2026,28,MIDFIELDER,CD_I1023482,21/01/2004,NA,188,0,NA,NA,NA,NA,27/04/2026
Henry,Hustwaite,5410,Hawthorn,2026,44,MIDFIELDER,CD_I1023680,20/07/2004,NA,195,0,NA,NA,NA,NA,27/04/2026
Matthew,LeRay,9824,Hawthorn,2026,31,MIDFIELDER,CD_I1027145,22/02/2007,NA,193,0,NA,NA,NA,NA,27/04/2026
Josh,Weddle,6669,Hawthorn,2026,23,MIDFIELDER,CD_I1027935,25/05/2004,NA,191,0,NA,NA,NA,NA,27/04/2026
Max,Ramsden,6683,Hawthorn,2026,38,KEY_FORWARD,CD_I1027965,19/04/2003,NA,203,0,NA,NA,NA,NA,27/04/2026
Cody,Anderson,8416,Hawthorn,2026,32,MIDFIELDER,CD_I1028566,30/01/2006,NA,183,0,NA,NA,NA,NA,27/04/2026
Noah,Mraz,8506,Hawthorn,2026,21,KEY_DEFENDER,CD_I1028643,20/02/2006,NA,198,0,NA,NA,NA,NA,27/04/2026
Bailey,Macdonald,8448,Hawthorn,2026,42,MEDIUM_DEFENDER,CD_I1029261,4/08/2004,NA,182,0,NA,NA,NA,NA,27/04/2026
Aidan,Schubert,10887,Hawthorn,2026,29,KEY_FORWARD,CD_I1031492,21/12/2007,NA,195,0,NA,NA,NA,NA,27/04/2026
Calsher,Dear,9423,Hawthorn,2026,13,KEY_FORWARD,CD_I1032100,4/08/2005,NA,195,0,NA,NA,NA,NA,27/04/2026
Cameron,Nairn,10898,Hawthorn,2026,22,MIDFIELDER_FORWARD,CD_I1032408,15/10/2007,NA,185,0,NA,NA,NA,NA,27/04/2026
Jack,Dalton,12018,Hawthorn,2026,34,MEDIUM_FORWARD,CD_I1033042,5/04/2007,NA,177,0,NA,NA,NA,NA,27/04/2026
Oliver,Greeves,12317,Hawthorn,2026,35,MIDFIELDER,CD_I1033071,7/02/2007,NA,191,0,NA,NA,NA,NA,27/04/2026
Jaime,Uhr-Henry,13964,Hawthorn,2026,43,RUCK,CD_I1039499,12/05/2003,NA,209,0,NA,NA,NA,NA,27/04/2026
Matt,Hill,13965,Hawthorn,2026,41,MEDIUM_FORWARD,CD_I1039500,1/01/2004,NA,187,0,NA,NA,NA,NA,27/04/2026
Jack,Gunston,500,Hawthorn,2026,19,KEY_FORWARD,CD_I291351,16/10/1991,NA,193,0,NA,NA,NA,NA,27/04/2026
Jarman,Impey,703,Hawthorn,2026,4,MEDIUM_DEFENDER,CD_I296254,9/07/1995,NA,178,0,NA,NA,NA,NA,27/04/2026
Karl,Amon,801,Hawthorn,2026,10,MEDIUM_DEFENDER,CD_I297354,19/08/1995,NA,181,0,NA,NA,NA,NA,27/04/2026
James,Sicily,514,Hawthorn,2026,6,KEY_DEFENDER,CD_I297566,6/01/1995,NA,188,0,NA,NA,NA,NA,27/04/2026
Tom,Barrass,789,Hawthorn,2026,37,KEY_DEFENDER,CD_I990290,8/10/1995,NA,197,0,NA,NA,NA,NA,27/04/2026
Blake,Hardwick,924,Hawthorn,2026,15,MEDIUM_DEFENDER,CD_I993794,5/02/1997,NA,183,0,NA,NA,NA,NA,27/04/2026
Mabior,Chol,1125,Hawthorn,2026,18,KEY_FORWARD,CD_I994077,29/01/1997,NA,200,0,NA,NA,NA,NA,27/04/2026
Jack,Scrimshaw,1336,Hawthorn,2026,14,KEY_DEFENDER,CD_I998114,4/09/1998,NA,194,0,NA,NA,NA,NA,27/04/2026
Josh,Battle,1412,Hawthorn,2026,24,KEY_DEFENDER,CD_I998134,1/09/1998,NA,193,0,NA,NA,NA,NA,27/04/2026
Bayley,Fritsch,1520,Melbourne,2026,31,MEDIUM_FORWARD,CD_I1001438,6/12/1996,NA,188,0,NA,NA,NA,NA,27/04/2026
Oscar,Berry,15851,Melbourne,2026,38,MEDIUM_DEFENDER,CD_I1005152,4/01/2002,NA,194,0,NA,NA,NA,NA,27/04/2026
Kade,Chandler,1808,Melbourne,2026,37,MEDIUM_FORWARD,CD_I1005330,13/01/2000,NA,175,0,NA,NA,NA,NA,27/04/2026
Harry,Sharp,2670,Melbourne,2026,30,MEDIUM_FORWARD,CD_I1007099,17/12/2002,NA,182,0,NA,NA,NA,NA,27/04/2026
Jack,Henderson,5007,Melbourne,2026,43,MEDIUM_FORWARD,CD_I1008183,1/10/1999,NA,177,0,NA,NA,NA,NA,27/04/2026
Kysaiah,Pickett,3727,Melbourne,2026,36,MIDFIELDER,CD_I1008541,2/06/2001,NA,171,0,NA,NA,NA,NA,27/04/2026
Harrison,Petty,1590,Melbourne,2026,35,KEY_DEFENDER,CD_I1008893,12/11/1999,NA,197,0,NA,NA,NA,NA,27/04/2026
Trent,Rivers,3729,Melbourne,2026,24,MEDIUM_DEFENDER,CD_I1009378,30/07/2001,NA,188,0,NA,NA,NA,NA,27/04/2026
Jake,Bowey,3132,Melbourne,2026,17,MEDIUM_DEFENDER,CD_I1012825,12/09/2002,NA,175,0,NA,NA,NA,NA,27/04/2026
Bailey,Laurie,2805,Melbourne,2026,16,MEDIUM_FORWARD,CD_I1012826,24/03/2002,NA,179,0,NA,NA,NA,NA,27/04/2026
Andy,Moniz-Wakefield,5472,Melbourne,2026,45,MEDIUM_DEFENDER,CD_I1013165,26/10/2003,NA,182,0,NA,NA,NA,NA,27/04/2026
Max,Heath,3033,Melbourne,2026,27,RUCK,CD_I1015886,24/10/2002,NA,204,0,NA,NA,NA,NA,27/04/2026
Blake,Howes,5236,Melbourne,2026,22,MEDIUM_DEFENDER,CD_I1017122,7/04/2003,NA,191,0,NA,NA,NA,NA,27/04/2026
Jacob,van Rooyen,5689,Melbourne,2026,2,KEY_FORWARD,CD_I1017720,16/04/2003,NA,193,0,NA,NA,NA,NA,27/04/2026
Jai,Culley,5064,Melbourne,2026,13,MIDFIELDER,CD_I1020802,24/02/2003,NA,194,0,NA,NA,NA,NA,27/04/2026
Paddy,Cross,5128,Melbourne,2026,41,MEDIUM_FORWARD,CD_I1020887,14/02/2003,NA,183,0,NA,NA,NA,NA,27/04/2026
Daniel,Turner,5217,Melbourne,2026,10,KEY_DEFENDER,CD_I1020959,28/01/2002,NA,194,0,NA,NA,NA,NA,27/04/2026
Latrelle,Pickett,10179,Melbourne,2026,33,MEDIUM_FORWARD,CD_I1022677,28/12/2005,NA,180,0,NA,NA,NA,NA,27/04/2026
Jed,Adams,7414,Melbourne,2026,26,KEY_DEFENDER,CD_I1023174,14/05/2004,NA,196,0,NA,NA,NA,NA,27/04/2026
Matthew,Jefferson,5498,Melbourne,2026,21,KEY_FORWARD,CD_I1023486,8/03/2004,NA,195,0,NA,NA,NA,NA,27/04/2026
Koltyn,Tholstrup,7635,Melbourne,2026,12,MEDIUM_DEFENDER,CD_I1023640,28/06/2005,NA,186,0,NA,NA,NA,NA,27/04/2026
Aidan,Johnson,5627,Melbourne,2026,42,KEY_FORWARD,CD_I1024173,9/03/2000,NA,193,0,NA,NA,NA,NA,27/04/2026
Luker,Kentfield,7630,Melbourne,2026,44,KEY_DEFENDER,CD_I1024337,10/09/2005,NA,194,0,NA,NA,NA,NA,27/04/2026
Caleb,Windsor,6443,Melbourne,2026,6,MIDFIELDER,CD_I1027821,9/06/2005,NA,185,0,NA,NA,NA,NA,27/04/2026
Xavier,Lindsay,8524,Melbourne,2026,5,MEDIUM_DEFENDER,CD_I1028531,3/08/2006,NA,183,0,NA,NA,NA,NA,27/04/2026
Harvey,Langford,8503,Melbourne,2026,4,MIDFIELDER,CD_I1028546,15/03/2006,NA,190,0,NA,NA,NA,NA,27/04/2026
Ricky,Mentha,11741,Melbourne,2026,39,MEDIUM_FORWARD,CD_I1029211,4/09/2006,NA,179,0,NA,NA,NA,NA,27/04/2026
Xavier,Taylor,12344,Melbourne,2026,19,MEDIUM_DEFENDER,CD_I1033072,30/01/2007,NA,191,0,NA,NA,NA,NA,27/04/2026
Riley,Onley,11962,Melbourne,2026,40,MIDFIELDER,CD_I1033093,30/03/2007,NA,194,0,NA,NA,NA,NA,27/04/2026
Kalani,White,12422,Melbourne,2026,34,RUCK,CD_I1033572,5/05/2007,NA,199,0,NA,NA,NA,NA,27/04/2026
Thomas,Matthews,11956,Melbourne,2026,20,MEDIUM_FORWARD,CD_I1034214,28/02/2007,NA,171,0,NA,NA,NA,NA,27/04/2026
Jake,Melksham,137,Melbourne,2026,18,MEDIUM_FORWARD,CD_I280824,29/08/1991,NA,186,0,NA,NA,NA,NA,27/04/2026
Steven,May,287,Melbourne,2026,1,KEY_DEFENDER,CD_I281085,10/01/1992,NA,193,0,NA,NA,NA,NA,27/04/2026
Tom,Campbell,693,Melbourne,2026,29,RUCK,CD_I290246,2/11/1991,NA,201,0,NA,NA,NA,NA,27/04/2026
Max,Gawn,412,Melbourne,2026,11,RUCK,CD_I290528,30/12/1991,NA,209,0,NA,NA,NA,NA,27/04/2026
Tom,McDonald,663,Melbourne,2026,25,KEY_DEFENDER,CD_I291533,18/09/1992,NA,195,0,NA,NA,NA,NA,27/04/2026
Brody,Mihocek,1685,Melbourne,2026,28,KEY_FORWARD,CD_I291849,4/02/1993,NA,192,0,NA,NA,NA,NA,27/04/2026
Jack,Viney,608,Melbourne,2026,7,MIDFIELDER,CD_I291902,13/04/1994,NA,179,0,NA,NA,NA,NA,27/04/2026
Jack,Steele,868,Melbourne,2026,9,MIDFIELDER,CD_I296205,13/12/1995,NA,187,0,NA,NA,NA,NA,27/04/2026
Christian,Salem,735,Melbourne,2026,3,MEDIUM_DEFENDER,CD_I296359,15/07/1995,NA,184,0,NA,NA,NA,NA,27/04/2026
Ed,Langdon,810,Melbourne,2026,15,MIDFIELDER,CD_I298264,1/02/1996,NA,182,0,NA,NA,NA,NA,27/04/2026
Jake,Lever,856,Melbourne,2026,8,KEY_DEFENDER,CD_I298281,5/03/1996,NA,194,0,NA,NA,NA,NA,27/04/2026
Shane,McAdam,1924,Melbourne,2026,23,MEDIUM_FORWARD,CD_I298470,28/05/1995,NA,186,0,NA,NA,NA,NA,27/04/2026
Changkuoth,Jiath,1574,Melbourne,2026,14,MEDIUM_DEFENDER,CD_I998390,13/06/1999,NA,185,0,NA,NA,NA,NA,27/04/2026
Tom,Sparrow,1947,Melbourne,2026,32,MIDFIELDER,CD_I999391,31/05/2000,NA,183,0,NA,NA,NA,NA,27/04/2026
Callum,Coleman-Jones,1754,North Melbourne,2026,21,RUCK,CD_I1000061,13/06/1999,2017,200,0,Unley (SA)/Scotch College (SA)/Sturt (SANFL)/Richmond,2019,nationalDraft,20,27/04/2026
Nick,Larkey,1355,North Melbourne,2026,20,KEY_FORWARD,CD_I1001017,6/06/1998,2016,198,0,Hawthorn Citizens (Vic)/Oakleigh U18,2017,nationalDraft,73,27/04/2026
Toby,Pink,1338,North Melbourne,2026,32,KEY_DEFENDER,CD_I1002138,11/08/1998,2024,194,0,Tantanoola (SA)/Glenelg (SANFL),2024,rookieElevation,1,27/04/2026
Luke,Davies-Uniacke,1607,North Melbourne,2026,9,MIDFIELDER,CD_I1002267,8/06/1999,2017,188,0,Rye (Vic)/Haileybury College (Vic)/Dandenong U18,2018,nationalDraft,4,27/04/2026
Charlie,Spargo,1742,North Melbourne,2026,13,MEDIUM_FORWARD,CD_I1002282,25/11/1999,2017,172,0,Albury (NSW)/Murray U18/Melbourne,2018,nationalDraft,29,27/04/2026
Paul,Curtis,4350,North Melbourne,2026,25,MEDIUM_FORWARD,CD_I1002947,4/03/2003,2021,185,0,Keilor (Vic)/Western U18,2022,nationalDraft,35,27/04/2026
Dylan,Stephens,3734,North Melbourne,2026,15,MIDFIELDER,CD_I1004848,8/01/2001,2019,184,0,Red Cliffs (Vic)/Walkerville (SA)/St Peter's Coll (SA)/Norwood (SANFL)/Sydney Swans,2020,nationalDraft,5,27/04/2026
Tristan,Xerri,1694,North Melbourne,2026,38,RUCK,CD_I1004965,15/03/1999,2017,202,0,Caroline Springs (Vic)/Western U18,2020,nationalDraft,72,27/04/2026
Bailey,Scott,1837,North Melbourne,2026,8,MIDFIELDER,CD_I1006058,9/07/2000,2018,186,0,Broadbeach (Qld),2019,fatherSon,49,27/04/2026
Tom,Powell,4068,North Melbourne,2026,24,MEDIUM_FORWARD,CD_I1011659,2/03/2002,2020,184,0,Unley (SA)/Scotch College (SA)/Sturt (SANFL),2021,nationalDraft,13,27/04/2026
Charlie,Comben,2398,North Melbourne,2026,30,KEY_DEFENDER,CD_I1015781,20/07/2001,2019,199,0,Sale (Vic)/Catholic College Sale (Vic)/Gippsland U18,2021,nationalDraft,31,27/04/2026
Tom,Blamires,3181,North Melbourne,2026,39,MIDFIELDER,CD_I1015883,13/08/2002,2025,181,0,Old Brighton/Swinburne University/Frankston (VFL),2026,preseason,NA,27/04/2026
Josh,Goater,2487,North Melbourne,2026,31,MEDIUM_DEFENDER,CD_I1017118,2/06/2003,2021,190,0,Sunbury (Vic)/Sunbury College (Vic)/Calder U18,2022,nationalDraft,22,27/04/2026
Zac,Banch,11960,North Melbourne,2026,45,MEDIUM_FORWARD,CD_I1020930,21/01/2003,2025,173,0,Werribee (VFL)/North Melbourne (VFL),2025,other,2,27/04/2026
Jackson,Archer,5206,North Melbourne,2026,34,MEDIUM_DEFENDER,CD_I1020968,9/01/2003,2021,187,0,Park Orchards (Vic)/Whitefriars College (Vic)/Northern U18,2022,fatherSon,59,27/04/2026
Cooper,Harvey,6581,North Melbourne,2026,37,MEDIUM_FORWARD,CD_I1020979,12/07/2004,2022,180,0,Yarrambat (Vic)/Assumption College (Vic)/Northern U18,2023,fatherSon,56,27/04/2026
Robert,Hansen Jr,7536,North Melbourne,2026,46,MIDFIELDER_FORWARD,CD_I1023144,13/03/2004,2023,182,0,Mines Rovers (WA)/Trinity College (WA)/Subiaco (WAFL),2023,other,2,27/04/2026
George,Wardlaw,5508,North Melbourne,2026,6,MIDFIELDER,CD_I1023477,11/06/2004,2022,182,0,St Peters (Vic)/St Kevin's College (Vic)/Oakleigh U18,2023,nationalDraft,4,27/04/2026
Zane,Duursma,5423,North Melbourne,2026,7,MEDIUM_FORWARD,CD_I1023494,28/08/2005,2023,190,0,Foster Secondary College/Foster FNC/Gippsland U18,2024,nationalDraft,4,27/04/2026
Harry,Sheezel,5522,North Melbourne,2026,3,MIDFIELDER,CD_I1023518,13/10/2004,2022,185,0,Ajax (Vic)/Mount Scopus College (Vic)/Sandringham U18,2023,nationalDraft,3,27/04/2026
Jacob,Konstanty,5417,North Melbourne,2026,41,MEDIUM_FORWARD,CD_I1023530,9/11/2004,2022,177,0,Drouin (Vic)/Gippsland U18/Sydney Swans,2025,nationalDraft,20,27/04/2026
Brayden,George,5470,North Melbourne,2026,33,MEDIUM_FORWARD,CD_I1023544,13/01/2004,2022,187,0,Girgarre (Vic)/Wang Rovers (Vic)/Assumption Coll (Vic)/Murray U18,NA,nationalDraft,26,27/04/2026
Riley,Hardeman,7751,North Melbourne,2026,17,MEDIUM_DEFENDER,CD_I1023625,27/02/2005,2023,184,0,Caversham JFC (WA)/Swan Districts (WAFL),2024,nationalDraft,23,27/04/2026
Colby,McKercher,6706,North Melbourne,2026,10,MEDIUM_DEFENDER,CD_I1024272,12/04/2005,2023,182,0,Launceston (Tas)/Tasmania Devils U18,2024,nationalDraft,2,27/04/2026
Finn,O'Sullivan,9338,North Melbourne,2026,2,MIDFIELDER,CD_I1028495,30/05/2006,2024,183,0,Koroit FNC Inc/Oakleigh U18,2025,nationalDraft,2,27/04/2026
Matt,Whitlock,9273,North Melbourne,2026,35,KEY_DEFENDER,CD_I1028547,16/05/2006,2024,197,0,Shepparton FNC/Murray U18,2025,nationalDraft,27,27/04/2026
Wil,Dawson,8466,North Melbourne,2026,18,KEY_DEFENDER,CD_I1028551,20/12/2005,2023,200,0,Leongatha Junior Football Club (Vic)/U18,2024,nationalDraft,22,27/04/2026
Luke,Urquhart,8434,North Melbourne,2026,14,MIDFIELDER,CD_I1029281,19/09/2006,2024,185,0,Melville JFC/East Fremantle (WAFL),NA,nationalDraft,57,27/04/2026
Taylor,Goad,11031,North Melbourne,2026,22,RUCK,CD_I1031506,28/04/2005,2023,207,0,Willunga (SA)/South Adelaide (SANFL),NA,nationalDraft,20,27/04/2026
Blake,Thredgold,11228,North Melbourne,2026,23,KEY_DEFENDER,CD_I1031718,27/08/2007,2025,194,0,Payneham Norwood Union (SA)/Sturt (SANFL),NA,nationalDraft,26,27/04/2026
Cooper,Trembath,9159,North Melbourne,2026,47,KEY_FORWARD,CD_I1031988,17/10/2005,2025,193,0,Blackburn/North Melbourne (VFL),2025,other,10,27/04/2026
River,Stevens,9237,North Melbourne,2026,36,MEDIUM_FORWARD,CD_I1031989,26/06/2006,2024,177,0,Newtown &amp; Chilwell/Geelong U18,NA,fatherSon,67,27/04/2026
Lachy,Dovaston,12318,North Melbourne,2026,1,MEDIUM_FORWARD,CD_I1033060,29/05/2007,2025,177,0,Blackburn (Vic)/Eastern Ranges U18,2026,nationalDraft,16,27/04/2026
Hugo,Mikunda,12173,North Melbourne,2026,28,MIDFIELDER,CD_I1036403,13/03/2007,2025,180,0,Bell Park (Vic)/Geelong Falcons U18,NA,nationalDraft,48,27/04/2026
Luke,Parker,816,North Melbourne,2026,26,MEDIUM_DEFENDER,CD_I290778,25/10/1992,2010,183,0,Langwarrin (Vic)/Dandenong U18/Sydney Swans,2011,nationalDraft,40,27/04/2026
Jack,Darling,842,North Melbourne,2026,27,KEY_FORWARD,CD_I290838,13/06/1992,2010,191,0,Sorrento-Duncraig (WA)/West Perth (WAFL)/West Coast,2011,nationalDraft,26,27/04/2026
Aidan,Corr,437,North Melbourne,2026,4,KEY_DEFENDER,CD_I294508,17/05/1994,2012,195,0,Macleod (Vic)/Northern U18/GWS,2013,nationalDraft,14,27/04/2026
Caleb,Daniel,952,North Melbourne,2026,5,MEDIUM_DEFENDER,CD_I295136,7/07/1996,2014,171,0,Edwardstown (SA)/South Adelaide (SANFL)/Western Bulldogs,2015,nationalDraft,46,27/04/2026
Luke,McDonald,424,North Melbourne,2026,11,MEDIUM_DEFENDER,CD_I296355,9/02/1995,2013,189,0,Kew Comets (Vic)/Oakleigh U18/Werribee (VFL),2014,fatherSon,8,27/04/2026
Jy,Simpkin,1405,North Melbourne,2026,12,MIDFIELDER,CD_I993998,5/03/1998,2016,183,0,Mooroopna (Vic)/Scotch College (Vic)/Murray U18,2017,nationalDraft,12,27/04/2026
Griffin,Logue,1312,North Melbourne,2026,19,KEY_DEFENDER,CD_I997933,13/04/1998,2016,193,0,Kalamunda (WA)/Guildford Grammar (WA)/Swan Dists (WAFL)/Fremantle,2017,nationalDraft,8,27/04/2026
Cameron,Zurhaar,1404,North Melbourne,2026,44,MEDIUM_FORWARD,CD_I998484,22/05/1998,2016,190,0,Melville (WA)/East Fremantle (WAFL),2017,rookieElevation,11,27/04/2026
Zac,Fisher,1291,North Melbourne,2026,16,MEDIUM_FORWARD,CD_I999827,15/06/1998,2016,175,0,York Roos (WA)/Guildford (WA)/Perth (WAFL)/Carlton,2017,nationalDraft,27,27/04/2026
Willem,Drew,1400,Port Adelaide,2026,28,MIDFIELDER,CD_I1000972,1/10/1998,2016,188,0,Koroit (Vic)/North Ballarat U18,2019,nationalDraft,33,27/04/2026
Connor,Rozee,1848,Port Adelaide,2026,1,MIDFIELDER,CD_I1001299,22/01/2000,2018,185,0,South Augusta (SA)/North Adelaide (SANFL),2019,nationalDraft,5,27/04/2026
Esava,Ratugolea,1375,Port Adelaide,2026,27,KEY_DEFENDER,CD_I1002220,24/07/1998,2016,197,0,Cobram (Vic)/Murray U18/Geelong Cats,2018,nationalDraft,43,27/04/2026
Kane,Farrell,1758,Port Adelaide,2026,6,MEDIUM_DEFENDER,CD_I1002253,17/03/1999,2017,182,0,Castlemaine (Vic)/Bendigo U18,2018,nationalDraft,51,27/04/2026
Brandon,Zerk-Thatcher,1469,Port Adelaide,2026,25,KEY_DEFENDER,CD_I1004034,25/08/1998,2017,195,0,Imperial Murray Bridge (SA)/Sturt (SANFL)/Essendon,2019,nationalDraft,66,27/04/2026
Jack,Lukosius,1831,Port Adelaide,2026,12,KEY_FORWARD,CD_I1004095,9/08/2000,2018,195,0,Henley (SA)/Woodville-West Torrens (SANFL)/Gold Coast SUNS,2019,nationalDraft,2,27/04/2026
Jacob,Wehr,4064,Port Adelaide,2026,15,MIDFIELDER,CD_I1004530,5/07/1998,2020,185,0,Balaklava (SA)/Woodville-West Torrens (SANFL)/GWS Giants,2022,nationalDraft,59,27/04/2026
Todd,Marshall,1356,Port Adelaide,2026,4,KEY_DEFENDER,CD_I1004998,8/10/1998,2016,198,0,Deniliquin Rams (NSW)/Murray U18,2017,nationalDraft,16,27/04/2026
Jackson,Mead,3732,Port Adelaide,2026,3,MEDIUM_DEFENDER,CD_I1005326,30/09/2001,2019,184,0,SMOSH Westlakes (SA)/Henley HS (SA)/W-West Torrens (SANFL),2022,fatherSon,25,27/04/2026
Zak,Butters,1856,Port Adelaide,2026,9,MIDFIELDER,CD_I1006121,8/09/2000,2018,181,0,Darley (Vic)/Maribyrnong College (Vic)/Western U18,2019,nationalDraft,12,27/04/2026
Joe,Richards,8622,Port Adelaide,2026,35,MEDIUM_FORWARD,CD_I1008239,23/11/1999,2022,177,0,Wangaratta Imperials (Vic)/Murray U18/Wangaratta (Vic)/Collingwood,2024,nationalDraft,48,27/04/2026
Corey,Durdin,4054,Port Adelaide,2026,44,MEDIUM_FORWARD,CD_I1008510,14/04/2002,2020,176,0,Golden Grove (SA)/Central District (SANFL)/Carlton,2021,nationalDraft,37,27/04/2026
Mani,Liddy,9993,Port Adelaide,2026,50,MIDFIELDER,CD_I1008649,20/02/2002,2025,184,0,Central District (SANFL)/Port Adelaide (SANFL),2025,other,16,27/04/2026
Miles,Bergman,2848,Port Adelaide,2026,14,MEDIUM_DEFENDER,CD_I1009191,18/10/2001,2019,190,0,Hampton Rovers (Vic)/St Bede's College (Vic)/Sandringham U18,2021,nationalDraft,14,27/04/2026
Mitch,Georgiades,3733,Port Adelaide,2026,19,KEY_FORWARD,CD_I1010174,28/09/2001,2019,192,0,Marist (WA)/Hale School (WA)/Subiaco (WAFL),2020,nationalDraft,18,27/04/2026
Lachie,Jones,4071,Port Adelaide,2026,34,MEDIUM_DEFENDER,CD_I1011583,9/04/2002,2020,186,0,Bute-Paskville (SA)/Woodville-West Torrens (SANFL),2021,nationalDraft,16,27/04/2026
Jason,Horne-Francis,5691,Port Adelaide,2026,18,MIDFIELDER_FORWARD,CD_I1011640,21/06/2003,2021,185,0,Christies Beach (SA)/South Adelaide (SANFL)/North Melb,2022,nationalDraft,1,27/04/2026
Jack,Watkins,4860,Port Adelaide,2026,37,MIDFIELDER_FORWARD,CD_I1012002,18/12/2000,2025,176,0,Melton South FC/Crc Melton/Port Adelaide (SANFL),2026,rookieElevation,4,27/04/2026
Ollie,Lord,2983,Port Adelaide,2026,30,KEY_FORWARD,CD_I1012881,2/01/2002,2020,197,0,East Brighton (Vic)/Geelong Grammar (Vic)/Sandringham U18,2023,nationalDraft,49,27/04/2026
Jase,Burgoyne,5692,Port Adelaide,2026,7,MIDFIELDER,CD_I1013462,15/07/2003,2021,186,0,Port District (SA)/Henley HS (SA)/Woodville-West Torrens (SANFL),2022,fatherSon,60,27/04/2026
Josh,Sinn,5295,Port Adelaide,2026,8,MEDIUM_DEFENDER,CD_I1017078,7/01/2003,2021,187,0,East Brighton (Vic)/Xavier College (Vic)/Sandr U18/Old Xaverians (Vic),2022,nationalDraft,12,27/04/2026
Dante,Visentini,5229,Port Adelaide,2026,38,RUCK,CD_I1017128,13/02/2003,2021,202,0,Brighton Beach (Vic)/Xavier College (Vic)/Sandringham U18,2023,nationalDraft,56,27/04/2026
Logan,Evans,9923,Port Adelaide,2026,22,MEDIUM_DEFENDER,CD_I1019938,7/10/2005,2024,190,0,Hectorville/Norwood (SANFL),2024,other,12,27/04/2026
Tom,Cochrane,9611,Port Adelaide,2026,26,MEDIUM_FORWARD,CD_I1022371,27/01/2006,2024,183,0,Port District/Central District (SANFL),2025,rookieElevation,13,27/04/2026
Benny,Barrett,10185,Port Adelaide,2026,40,MIDFIELDER_FORWARD,CD_I1022601,1/05/2006,2024,176,0,Happy Valley (SA)/South Adelaide (SANFL),NA,other,NA,27/04/2026
Harrison,Ramm,10080,Port Adelaide,2026,32,KEY_DEFENDER,CD_I1027311,5/12/2006,2025,202,0,Brighton/Glenelg (SANFL)/Port Adelaide (SANFL),2025,other,3,27/04/2026
Tom,Anastasopoulos,6560,Port Adelaide,2026,29,MIDFIELDER,CD_I1027870,31/05/2005,2023,176,0,Newtown &amp; Chilwell (Vic)/Geelong Falcons U18,NA,nationalDraft,48,27/04/2026
Ewan,Mackinlay,6597,Port Adelaide,2026,31,MIDFIELDER_FORWARD,CD_I1027887,18/07/2003,2025,182,0,North Adelaide (SANFL),2025,other,11,27/04/2026
Joe,Berry,9296,Port Adelaide,2026,5,MEDIUM_FORWARD,CD_I1028529,18/04/2006,2024,180,0,Wangaratta FNC/Murray U18,2025,nationalDraft,15,27/04/2026
Christian,Moraes,9103,Port Adelaide,2026,11,MEDIUM_FORWARD,CD_I1028563,8/11/2006,2024,183,0,Knox/Eastern U18,2025,nationalDraft,38,27/04/2026
Xavier,Walsh,11321,Port Adelaide,2026,45,KEY_DEFENDER,CD_I1029158,6/09/2005,2023,195,0,Mt Lawley Inglewood (WA)/East Perth (WAFL),NA,rookieElevation,13,27/04/2026
Will,Lorenz,8447,Port Adelaide,2026,36,MIDFIELDER,CD_I1029262,19/02/2005,2023,186,0,Kew Rovers Football Club (Vic)/Oakleigh Chargers U18,2024,nationalDraft,57,27/04/2026
Mitch,Zadow,8493,Port Adelaide,2026,39,MEDIUM_FORWARD,CD_I1029603,11/03/2004,2025,180,0,Pinjarra FNC/East Fremantle (WAFL),2026,preseason,NA,27/04/2026
Jack,Whitlock,9320,Port Adelaide,2026,17,KEY_FORWARD,CD_I1032053,16/05/2006,2024,200,0,Shepparton FNC/Murray U18,2025,nationalDraft,33,27/04/2026
Balyn,O'Brien,11087,Port Adelaide,2026,41,MEDIUM_DEFENDER,CD_I1032329,26/01/2007,2025,187,0,Norwood (SANFL),NA,preseason,NA,27/04/2026
Jacob,Moss,13923,Port Adelaide,2026,42,KEY_DEFENDER,CD_I1038914,22/12/2004,2024,198,0,Basketball,NA,other,NA,27/04/2026
Josh,Lai,13968,Port Adelaide,2026,43,MEDIUM_DEFENDER,CD_I1040300,1/10/2005,2024,185,0,East Sandringham/Cheltenham (SFNL),2026,preseason,NA,27/04/2026
Ollie,Wines,678,Port Adelaide,2026,16,MIDFIELDER,CD_I294318,7/10/1994,2012,187,0,Echuca (Vic)/Bendigo U18,2013,nationalDraft,7,27/04/2026
Aliir,Aliir,695,Port Adelaide,2026,21,KEY_DEFENDER,CD_I294469,5/09/1994,2013,194,0,Aspley (Qld)/East Fremantle (WAFL)/Sydney,2016,nationalDraft,44,27/04/2026
Darcy,Byrne-Jones,652,Port Adelaide,2026,33,MEDIUM_DEFENDER,CD_I991930,20/09/1995,2013,181,0,Camberwell (Vic)/Scotch College (Vic)/Oakleigh U18,2016,nationalDraft,52,27/04/2026
Jordon,Sweet,1943,Port Adelaide,2026,24,RUCK,CD_I992330,2/02/1998,2023,206,0,Tea Tree Gully (SA)/North Adelaide (SANFL)/Western Australia,2021,other,NA,27/04/2026
Sam,Powell-Pepper,1406,Port Adelaide,2026,2,MEDIUM_FORWARD,CD_I993979,8/01/1998,2016,187,0,Mount Hawthorn (WA)/Wesley College (WA)/East Perth (WAFL),2017,nationalDraft,18,27/04/2026
Will,Brodie,1397,Port Adelaide,2026,23,MIDFIELDER,CD_I998129,23/08/1998,2016,190,0,Shepparton (Vic)/Murray U18/Gold Coast/Fremantle,2017,nationalDraft,9,27/04/2026
Ivan,Soldo,949,Port Adelaide,2026,13,RUCK,CD_I998529,14/04/1996,2017,204,0,Northern U18/Richmond,2017,rookieElevation,NA,27/04/2026
Noah,Balta,1755,Richmond,2026,21,KEY_DEFENDER,CD_I1002245,23/10/1999,NA,194,0,NA,NA,NA,NA,27/04/2026
Ben,Miller,1572,Richmond,2026,12,KEY_DEFENDER,CD_I1002403,31/08/1999,NA,198,0,NA,NA,NA,NA,27/04/2026
Jack,Ross,1849,Richmond,2026,5,MIDFIELDER,CD_I1006133,3/09/2000,NA,187,0,NA,NA,NA,NA,27/04/2026
Rhyan,Mansell,2855,Richmond,2026,7,MEDIUM_FORWARD,CD_I1008478,4/06/2000,NA,180,0,NA,NA,NA,NA,27/04/2026
Mykelti,Lefau,6284,Richmond,2026,42,KEY_FORWARD,CD_I1008747,22/06/1998,NA,195,0,NA,NA,NA,NA,27/04/2026
Maurice,Rioli,2778,Richmond,2026,17,MEDIUM_FORWARD,CD_I1009551,1/09/2002,NA,179,0,NA,NA,NA,NA,27/04/2026
Hugo,Ralphsmith,2764,Richmond,2026,13,MIDFIELDER,CD_I1011985,9/11/2001,NA,187,0,NA,NA,NA,NA,27/04/2026
Samson,Ryan,2245,Richmond,2026,32,RUCK,CD_I1012386,9/12/2000,NA,206,0,NA,NA,NA,NA,27/04/2026
Sam,Banks,3427,Richmond,2026,6,MEDIUM_DEFENDER,CD_I1013197,2/04/2003,NA,187,0,NA,NA,NA,NA,27/04/2026
Judson,Clarke,5068,Richmond,2026,23,MEDIUM_DEFENDER,CD_I1017043,17/10/2003,NA,180,0,NA,NA,NA,NA,27/04/2026
Josh,Gibcus,5157,Richmond,2026,18,KEY_DEFENDER,CD_I1017059,4/04/2003,NA,196,0,NA,NA,NA,NA,27/04/2026
Tom,Brown,2877,Richmond,2026,30,MEDIUM_DEFENDER,CD_I1017086,30/07/2003,NA,193,0,NA,NA,NA,NA,27/04/2026
Tyler,Sonsie,2717,Richmond,2026,40,MIDFIELDER_FORWARD,CD_I1017114,27/01/2003,NA,181,0,NA,NA,NA,NA,27/04/2026
Tom,Sims,9279,Richmond,2026,38,KEY_FORWARD,CD_I1018996,12/05/2006,NA,199,0,NA,NA,NA,NA,27/04/2026
Kane,McAuliffe,9749,Richmond,2026,28,MIDFIELDER,CD_I1019916,1/03/2005,NA,187,0,NA,NA,NA,NA,27/04/2026
Liam,Fawcett,9613,Richmond,2026,43,KEY_FORWARD,CD_I1022383,22/04/2005,NA,197,0,NA,NA,NA,NA,27/04/2026
Kaleb,Smith,7321,Richmond,2026,49,MEDIUM_DEFENDER,CD_I1022999,20/11/2004,NA,181,0,NA,NA,NA,NA,27/04/2026
Steely,Green,7489,Richmond,2026,48,MEDIUM_FORWARD,CD_I1023056,9/01/2004,NA,179,0,NA,NA,NA,NA,27/04/2026
Seth,Campbell,5275,Richmond,2026,44,MEDIUM_FORWARD,CD_I1023275,29/12/2004,NA,182,0,NA,NA,NA,NA,27/04/2026
Noah,Roberts-Thomson,10521,Richmond,2026,27,MIDFIELDER,CD_I1026974,29/03/2007,NA,182,0,NA,NA,NA,NA,27/04/2026
Sam,Cumming,10116,Richmond,2026,22,MIDFIELDER,CD_I1027099,27/07/2007,NA,184,0,NA,NA,NA,NA,27/04/2026
Zane,Peucker,10777,Richmond,2026,26,MEDIUM_FORWARD,CD_I1027367,4/12/2007,NA,178,0,NA,NA,NA,NA,27/04/2026
Sam,Lalor,8525,Richmond,2026,4,MIDFIELDER,CD_I1028491,30/08/2006,NA,188,0,NA,NA,NA,NA,27/04/2026
Jonty,Faull,9187,Richmond,2026,8,KEY_FORWARD,CD_I1028498,1/02/2006,NA,195,0,NA,NA,NA,NA,27/04/2026
Luke,Trainor,9375,Richmond,2026,11,MEDIUM_DEFENDER,CD_I1028521,10/04/2006,NA,195,0,NA,NA,NA,NA,27/04/2026
Harry,Armstrong,9371,Richmond,2026,34,KEY_FORWARD,CD_I1028525,14/06/2006,NA,195,0,NA,NA,NA,NA,27/04/2026
Jasper,Alger,8588,Richmond,2026,29,MEDIUM_FORWARD,CD_I1028537,17/12/2006,NA,183,0,NA,NA,NA,NA,27/04/2026
Josh,Smillie,8507,Richmond,2026,16,MIDFIELDER,CD_I1028572,17/05/2006,NA,195,0,NA,NA,NA,NA,27/04/2026
James,Trezise,8945,Richmond,2026,36,MIDFIELDER,CD_I1031829,15/06/2002,NA,188,0,NA,NA,NA,NA,27/04/2026
Patrick,Retschko,9366,Richmond,2026,33,MIDFIELDER,CD_I1032081,28/02/2006,NA,186,0,NA,NA,NA,NA,27/04/2026
Taj,Hotton,9427,Richmond,2026,10,MEDIUM_FORWARD,CD_I1032106,17/06/2006,NA,183,0,NA,NA,NA,NA,27/04/2026
Tom,Burton,12043,Richmond,2026,45,MIDFIELDER,CD_I1033059,9/01/2007,NA,178,0,NA,NA,NA,NA,27/04/2026
Oliver,Hayes-Brown,12081,Richmond,2026,47,RUCK,CD_I1035199,28/04/2000,NA,208,0,NA,NA,NA,NA,27/04/2026
Campbell,Gray,12567,Richmond,2026,50,RUCK,CD_I1036103,8/01/2003,NA,195,0,NA,NA,NA,NA,27/04/2026
Sam,Grlj,12494,Richmond,2026,24,MEDIUM_DEFENDER,CD_I1036579,26/07/2007,NA,182,0,NA,NA,NA,NA,27/04/2026
Dion,Prestia,460,Richmond,2026,3,MIDFIELDER_FORWARD,CD_I290627,12/10/1992,NA,175,0,NA,NA,NA,NA,27/04/2026
Tom,Lynch,472,Richmond,2026,19,KEY_FORWARD,CD_I293813,31/10/1992,NA,199,0,NA,NA,NA,NA,27/04/2026
Nick,Vlastuin,444,Richmond,2026,1,MEDIUM_DEFENDER,CD_I294674,19/04/1994,NA,187,0,NA,NA,NA,NA,27/04/2026
Nathan,Broad,1032,Richmond,2026,35,MEDIUM_DEFENDER,CD_I295203,15/04/1993,NA,192,0,NA,NA,NA,NA,27/04/2026
Toby,Nankervis,790,Richmond,2026,25,RUCK,CD_I298174,12/08/1994,NA,199,0,NA,NA,NA,NA,27/04/2026
Jayden,Short,964,Richmond,2026,15,MEDIUM_DEFENDER,CD_I992049,24/01/1996,NA,178,0,NA,NA,NA,NA,27/04/2026
Jacob,Hopper,918,Richmond,2026,2,MIDFIELDER,CD_I993903,6/02/1997,NA,187,0,NA,NA,NA,NA,27/04/2026
Tim,Taranto,1395,Richmond,2026,14,MIDFIELDER,CD_I998172,28/01/1998,NA,188,0,NA,NA,NA,NA,27/04/2026
Jack,Silvagni,766,St Kilda,2026,3,KEY_DEFENDER,CD_I1001028,17/12/1997,NA,194,0,NA,NA,NA,NA,27/04/2026
Jack,Higgins,1573,St Kilda,2026,1,MEDIUM_FORWARD,CD_I1002227,19/03/1999,NA,178,0,NA,NA,NA,NA,27/04/2026
Paddy,Dow,1554,St Kilda,2026,15,MIDFIELDER,CD_I1002256,16/10/1999,NA,184,0,NA,NA,NA,NA,27/04/2026
Hunter,Clark,1716,St Kilda,2026,11,MEDIUM_DEFENDER,CD_I1002264,26/03/1999,NA,186,0,NA,NA,NA,NA,27/04/2026
Liam,Ryan,1787,St Kilda,2026,31,MEDIUM_FORWARD,CD_I1004364,2/10/1996,NA,181,0,NA,NA,NA,NA,27/04/2026
Tom,De Koning,1544,St Kilda,2026,21,RUCK,CD_I1004912,16/07/1999,NA,201,0,NA,NA,NA,NA,27/04/2026
Liam,Henry,3716,St Kilda,2026,23,MEDIUM_FORWARD,CD_I1005988,28/08/2001,NA,180,0,NA,NA,NA,NA,27/04/2026
Max,King,1950,St Kilda,2026,12,KEY_FORWARD,CD_I1006143,7/07/2000,NA,202,0,NA,NA,NA,NA,27/04/2026
Liam,Stocker,1897,St Kilda,2026,14,MEDIUM_DEFENDER,CD_I1008312,23/01/2000,NA,184,0,NA,NA,NA,NA,27/04/2026
Sam,Flanders,2341,St Kilda,2026,9,MIDFIELDER,CD_I1009260,24/07/2001,NA,183,0,NA,NA,NA,NA,27/04/2026
Ryan,Byrnes,2986,St Kilda,2026,13,MEDIUM_DEFENDER,CD_I1011994,3/05/2001,NA,181,0,NA,NA,NA,NA,27/04/2026
Jack,Carroll,4055,St Kilda,2026,18,MEDIUM_DEFENDER,CD_I1013233,20/12/2002,NA,188,0,NA,NA,NA,NA,27/04/2026
Isaac,Keeler,8634,St Kilda,2026,17,KEY_FORWARD,CD_I1015323,23/04/2004,NA,198,0,NA,NA,NA,NA,27/04/2026
Nasiah,Wanganeen-Milera,5694,St Kilda,2026,7,MIDFIELDER,CD_I1015507,22/02/2003,NA,187,0,NA,NA,NA,NA,27/04/2026
Lance,Collard,7451,St Kilda,2026,4,MEDIUM_FORWARD,CD_I1017959,26/03/2005,NA,185,0,NA,NA,NA,NA,27/04/2026
Cooper,Sharman,3028,St Kilda,2026,43,KEY_FORWARD,CD_I1018018,25/07/2000,NA,193,0,NA,NA,NA,NA,27/04/2026
Mattaes,Phillipou,8635,St Kilda,2026,25,MIDFIELDER_FORWARD,CD_I1020137,27/12/2004,NA,190,0,NA,NA,NA,NA,27/04/2026
Max,Hall,5088,St Kilda,2026,40,MEDIUM_FORWARD,CD_I1020855,15/04/2002,NA,183,0,NA,NA,NA,NA,27/04/2026
Marcus,Windhager,5282,St Kilda,2026,2,MEDIUM_DEFENDER,CD_I1023270,16/05/2003,NA,185,0,NA,NA,NA,NA,27/04/2026
Mitch,Owens,5305,St Kilda,2026,10,KEY_FORWARD,CD_I1023272,24/09/2003,NA,191,0,NA,NA,NA,NA,27/04/2026
Anthony,Caminiti,5467,St Kilda,2026,47,KEY_DEFENDER,CD_I1023784,9/12/2003,NA,196,0,NA,NA,NA,NA,27/04/2026
Alex,Dodson,10708,St Kilda,2026,30,RUCK,CD_I1027011,15/06/2006,NA,203,0,NA,NA,NA,NA,27/04/2026
Hugo,Garcia,6395,St Kilda,2026,34,MIDFIELDER,CD_I1027790,22/05/2005,NA,185,0,NA,NA,NA,NA,27/04/2026
Angus,Hastie,6541,St Kilda,2026,24,MEDIUM_DEFENDER,CD_I1027872,19/09/2005,NA,190,0,NA,NA,NA,NA,27/04/2026
Darcy,Wilson,6573,St Kilda,2026,22,MIDFIELDER_FORWARD,CD_I1027875,18/08/2005,NA,185,0,NA,NA,NA,NA,27/04/2026
Patrick,Said,9080,St Kilda,2026,33,MEDIUM_FORWARD,CD_I1028514,24/04/2006,NA,180,0,NA,NA,NA,NA,27/04/2026
Tobie,Travaglia,8498,St Kilda,2026,5,MEDIUM_DEFENDER,CD_I1028538,26/10/2006,NA,188,0,NA,NA,NA,NA,27/04/2026
James,Barrat,9037,St Kilda,2026,28,KEY_DEFENDER,CD_I1028545,23/11/2006,NA,194,0,NA,NA,NA,NA,27/04/2026
Hugh,Boxshall,11281,St Kilda,2026,38,MIDFIELDER,CD_I1029148,11/07/2006,NA,188,0,NA,NA,NA,NA,27/04/2026
Alix,Tauru,9230,St Kilda,2026,26,MEDIUM_DEFENDER,CD_I1030433,16/11/2006,NA,193,0,NA,NA,NA,NA,27/04/2026
Kye,Fincher,12523,St Kilda,2026,37,MIDFIELDER,CD_I1033048,18/11/2007,NA,185,0,NA,NA,NA,NA,27/04/2026
Liam,O'Connell,12082,St Kilda,2026,45,MEDIUM_DEFENDER,CD_I1035198,4/03/2003,NA,189,0,NA,NA,NA,NA,27/04/2026
Charlie,Banfield,12935,St Kilda,2026,36,MIDFIELDER_FORWARD,CD_I1036769,18/07/2007,NA,191,0,NA,NA,NA,NA,27/04/2026
Eamonn,Armstrong,13967,St Kilda,2026,46,MEDIUM_DEFENDER,CD_I1039730,26/07/2006,NA,191,0,NA,NA,NA,NA,27/04/2026
Kobe,McDonald,15854,St Kilda,2026,42,MEDIUM_DEFENDER,CD_I1044597,8/12/2007,NA,193,0,NA,NA,NA,NA,27/04/2026
Mason,Wood,547,St Kilda,2026,32,MIDFIELDER,CD_I295340,13/09/1993,NA,192,0,NA,NA,NA,NA,27/04/2026
Jack,Macrae,748,St Kilda,2026,6,MIDFIELDER,CD_I295467,3/08/1994,NA,192,0,NA,NA,NA,NA,27/04/2026
Bradley,Hill,482,St Kilda,2026,8,MIDFIELDER,CD_I295584,9/07/1993,NA,182,0,NA,NA,NA,NA,27/04/2026
Callum,Wilkie,1855,St Kilda,2026,44,KEY_DEFENDER,CD_I296422,10/03/1996,NA,191,0,NA,NA,NA,NA,27/04/2026
Dan,Butler,1036,St Kilda,2026,16,MEDIUM_FORWARD,CD_I992374,3/06/1996,NA,182,0,NA,NA,NA,NA,27/04/2026
Rowan,Marshall,1410,St Kilda,2026,19,RUCK,CD_I992468,24/11/1995,NA,201,0,NA,NA,NA,NA,27/04/2026
Dougal,Howard,998,St Kilda,2026,20,KEY_DEFENDER,CD_I993480,25/03/1996,NA,199,0,NA,NA,NA,NA,27/04/2026
Jack,Sinclair,1072,St Kilda,2026,35,MEDIUM_DEFENDER,CD_I994389,12/02/1995,NA,181,0,NA,NA,NA,NA,27/04/2026
Hayden,McLean,1956,Sydney,2026,2,KEY_FORWARD,CD_I1003203,20/01/1999,NA,197,0,NA,NA,NA,NA,27/04/2026
Malcolm,Rosas,2602,Sydney,2026,10,MEDIUM_FORWARD,CD_I1005986,27/06/2001,NA,180,0,NA,NA,NA,NA,27/04/2026
Nick,Blakey,1948,Sydney,2026,22,MEDIUM_DEFENDER,CD_I1006028,27/02/2000,NA,196,0,NA,NA,NA,NA,27/04/2026
James,Rowbottom,1908,Sydney,2026,8,MIDFIELDER,CD_I1006126,19/09/2000,NA,186,0,NA,NA,NA,NA,27/04/2026
Sam,Wicks,1903,Sydney,2026,15,MEDIUM_DEFENDER,CD_I1006232,14/09/1999,NA,181,0,NA,NA,NA,NA,27/04/2026
Billy,Cootee,2879,Sydney,2026,25,MIDFIELDER,CD_I1007053,18/12/2002,NA,178,0,NA,NA,NA,NA,27/04/2026
Joel,Amartey,1598,Sydney,2026,36,KEY_FORWARD,CD_I1008091,2/09/1999,NA,195,0,NA,NA,NA,NA,27/04/2026
Tom,McCartin,1786,Sydney,2026,30,KEY_DEFENDER,CD_I1008198,30/12/1999,NA,194,0,NA,NA,NA,NA,27/04/2026
Riley,Bice,8470,Sydney,2026,26,MEDIUM_DEFENDER,CD_I1008224,26/09/2000,NA,186,0,NA,NA,NA,NA,27/04/2026
Justin,McInerney,1864,Sydney,2026,27,MIDFIELDER,CD_I1011936,18/08/2000,NA,189,0,NA,NA,NA,NA,27/04/2026
Chad,Warner,3735,Sydney,2026,1,MIDFIELDER_FORWARD,CD_I1012014,19/05/2001,NA,185,0,NA,NA,NA,NA,27/04/2026
Matt,Roberts,5696,Sydney,2026,34,MIDFIELDER,CD_I1012210,31/07/2003,NA,184,0,NA,NA,NA,NA,27/04/2026
Errol,Gulden,3336,Sydney,2026,21,MIDFIELDER_FORWARD,CD_I1013128,18/07/2002,NA,175,0,NA,NA,NA,NA,27/04/2026
Braeden,Campbell,2941,Sydney,2026,16,MEDIUM_FORWARD,CD_I1013133,4/02/2002,NA,181,0,NA,NA,NA,NA,27/04/2026
Logan,McDonald,4074,Sydney,2026,6,KEY_FORWARD,CD_I1013230,4/04/2002,NA,195,0,NA,NA,NA,NA,27/04/2026
James,Jordon,1813,Sydney,2026,17,MIDFIELDER_FORWARD,CD_I1013409,20/12/2000,NA,187,0,NA,NA,NA,NA,27/04/2026
Jai,Serong,5107,Sydney,2026,13,MIDFIELDER,CD_I1017091,16/02/2003,NA,193,0,NA,NA,NA,NA,27/04/2026
William,Edwards,5488,Sydney,2026,28,KEY_DEFENDER,CD_I1017757,8/05/2003,NA,197,0,NA,NA,NA,NA,27/04/2026
Corey,Warner,5697,Sydney,2026,37,MEDIUM_FORWARD,CD_I1018424,7/10/2003,NA,182,0,NA,NA,NA,NA,27/04/2026
Angus,Sheldrick,5698,Sydney,2026,12,MIDFIELDER,CD_I1020339,7/11/2003,NA,178,0,NA,NA,NA,NA,27/04/2026
Caiden,Cleary,6816,Sydney,2026,33,MEDIUM_FORWARD,CD_I1024057,5/03/2005,NA,182,0,NA,NA,NA,NA,27/04/2026
Patrick,Snell,9038,Sydney,2026,41,KEY_DEFENDER,CD_I1024685,18/07/2005,NA,194,0,NA,NA,NA,NA,27/04/2026
Ned,Bowman,10298,Sydney,2026,23,MEDIUM_FORWARD,CD_I1027406,12/09/2006,NA,187,0,NA,NA,NA,NA,27/04/2026
Riak,Andrew,6426,Sydney,2026,20,KEY_DEFENDER,CD_I1027659,17/12/2005,NA,193,0,NA,NA,NA,NA,27/04/2026
Tom,Hanily,6489,Sydney,2026,40,MEDIUM_FORWARD,CD_I1027687,31/05/2005,NA,179,0,NA,NA,NA,NA,27/04/2026
William,Green,6600,Sydney,2026,45,RUCK,CD_I1027901,8/09/2005,NA,204,0,NA,NA,NA,NA,27/04/2026
Max,King,12441,Sydney,2026,31,KEY_FORWARD,CD_I1029015,9/01/2007,NA,192,0,NA,NA,NA,NA,27/04/2026
Jesse,Dattoli,8509,Sydney,2026,9,MEDIUM_FORWARD,CD_I1029589,7/08/2006,NA,180,0,NA,NA,NA,NA,27/04/2026
Jevan,Phillipou,11238,Sydney,2026,18,MIDFIELDER,CD_I1032354,30/03/2007,NA,184,0,NA,NA,NA,NA,27/04/2026
Noah,Chamberlain,11653,Sydney,2026,42,KEY_FORWARD,CD_I1033013,21/03/2007,NA,194,0,NA,NA,NA,NA,27/04/2026
Liam,Hetherton,12402,Sydney,2026,39,KEY_FORWARD,CD_I1033612,2/05/2007,NA,197,0,NA,NA,NA,NA,27/04/2026
Harry,Kyle,13552,Sydney,2026,32,MEDIUM_DEFENDER,CD_I1037405,16/07/2007,NA,188,0,NA,NA,NA,NA,27/04/2026
Dane,Rampe,727,Sydney,2026,24,KEY_DEFENDER,CD_I290307,2/06/1990,NA,187,0,NA,NA,NA,NA,27/04/2026
Taylor,Adams,145,Sydney,2026,3,MIDFIELDER,CD_I291776,20/09/1993,NA,181,0,NA,NA,NA,NA,27/04/2026
Harry,Cunningham,559,Sydney,2026,7,MEDIUM_FORWARD,CD_I291978,6/12/1993,NA,181,0,NA,NA,NA,NA,27/04/2026
Brodie,Grundy,113,Sydney,2026,4,RUCK,CD_I293957,15/04/1994,NA,202,0,NA,NA,NA,NA,27/04/2026
Joel,Hamling,458,Sydney,2026,29,KEY_DEFENDER,CD_I295222,9/04/1993,NA,194,0,NA,NA,NA,NA,27/04/2026
Jake,Lloyd,844,Sydney,2026,44,MEDIUM_FORWARD,CD_I295342,20/09/1993,NA,182,0,NA,NA,NA,NA,27/04/2026
Isaac,Heeney,966,Sydney,2026,5,MIDFIELDER,CD_I298539,5/05/1996,NA,185,0,NA,NA,NA,NA,27/04/2026
Callum,Mills,1133,Sydney,2026,14,MEDIUM_DEFENDER,CD_I993905,2/04/1997,NA,188,0,NA,NA,NA,NA,27/04/2026
Charlie,Curnow,776,Sydney,2026,35,KEY_FORWARD,CD_I996731,3/02/1997,NA,194,0,NA,NA,NA,NA,27/04/2026
Lewis,Melican,1040,Sydney,2026,43,KEY_DEFENDER,CD_I996743,4/11/1996,NA,194,0,NA,NA,NA,NA,27/04/2026
Tom,Papley,1135,Sydney,2026,11,MEDIUM_FORWARD,CD_I996765,13/07/1996,NA,177,0,NA,NA,NA,NA,27/04/2026
Peter,Ladhams,1371,Sydney,2026,19,RUCK,CD_I997142,14/01/1998,NA,204,0,NA,NA,NA,NA,27/04/2026
Liam,Baker,1756,West Coast,2026,3,MEDIUM_DEFENDER,CD_I1000223,27/01/1998,2024,173,0,Lake Grace (WA)/West Perth (WAFL)/Subiaco (WAFL)/Richmond,2018,other,NA,27/04/2026
Brandon,Starcevich,1609,West Coast,2026,4,MEDIUM_DEFENDER,CD_I1002401,24/07/1999,2017,188,0,Mt Lawley-Inglewood (WA)/Trinity Coll (WA)/East Perth (WAFL)/Brisbane,2018,nationalDraft,18,27/04/2026
Milan,Murdock,6874,West Coast,2026,47,MEDIUM_FORWARD,CD_I1005972,30/06/2000,2025,180,0,East Fremantle JFC/East Fremantle (WAFL),2026,preseason,NA,27/04/2026
Bailey J.,Williams,1904,West Coast,2026,32,RUCK,CD_I1006114,17/04/2000,2018,201,0,Pines (Vic)/Western Port SC (Vic)/Dandenong U18,2020,nationalDraft,35,27/04/2026
Harry,Schoenberg,3711,West Coast,2026,48,MEDIUM_FORWARD,CD_I1008543,21/02/2001,2019,180,0,Mintaro-Manoora (SA)/Woodville-West Torrens (SANFL)/Adelaide,2020,nationalDraft,24,27/04/2026
Deven,Robertson,3713,West Coast,2026,40,MIDFIELDER,CD_I1009385,30/06/2001,2019,185,0,Manning (WA)/Aquinas College (WA)/Perth (WAFL)/Brisbane,2020,nationalDraft,22,27/04/2026
Harry,Edwards,1854,West Coast,2026,42,KEY_DEFENDER,CD_I1011437,1/10/2000,2018,200,0,Mazenod (WA)/Swan Districts (WAFL),2020,rookieElevation,18,27/04/2026
Finlay,Macrae,2695,West Coast,2026,45,MIDFIELDER,CD_I1012828,13/03/2002,2020,188,0,Kew Rovers (Vic)/Xavier College (Vic)/Oakleigh U18/Collingwood,2021,nationalDraft,19,27/04/2026
Sandy,Brock,2875,West Coast,2026,41,KEY_DEFENDER,CD_I1013315,14/12/2002,2021,198,0,Palmerston (NT)/Peel Thunder (WAFL)/Gold Coast SUNS,2025,other,NA,27/04/2026
Tyler,Brockman,4066,West Coast,2026,10,MEDIUM_FORWARD,CD_I1013511,22/11/2002,2020,180,0,Wembley Downs (WA)/Subiaco (WAFL)/Hawthorn,2021,nationalDraft,46,27/04/2026
Matthew,Owies,1776,West Coast,2026,16,MEDIUM_FORWARD,CD_I1013973,19/03/1997,2018,179,0,Camberwell (Vic)/St Kevin's College (Vic)/Carlton,2020,other,NA,27/04/2026
Rhett,Bazzo,5699,West Coast,2026,33,KEY_DEFENDER,CD_I1017718,17/10/2003,2021,195,0,South Mandurah (WA)/Guilford Gram (WA)/Swan Districts (WAFL),2022,nationalDraft,37,27/04/2026
Tylar,Young,4777,West Coast,2026,20,KEY_DEFENDER,CD_I1018433,5/09/1998,2025,196,0,North Albury (NSW)/Frankston (VFL)/Richmond (VFL)/Richmond,2023,other,NA,27/04/2026
Lucca,Grego,8511,West Coast,2026,31,MEDIUM_DEFENDER,CD_I1018992,15/09/2006,2024,184,0,Bacchus Marsh FNC/Western U18,2025,nationalDraft,48,27/04/2026
Harry,Barnett,8637,West Coast,2026,30,RUCK,CD_I1020057,22/01/2004,2022,203,0,Goodwood (SA)/West Adelaide (SANFL),2023,nationalDraft,23,27/04/2026
Jack,Williams,5700,West Coast,2026,34,KEY_FORWARD,CD_I1020371,1/12/2003,2021,198,0,Rossmoyne (WA)/East Fremantle (WAFL),2022,nationalDraft,57,27/04/2026
Elijah,Hewett,7596,West Coast,2026,8,MEDIUM_FORWARD,CD_I1020670,27/05/2004,2022,186,0,Caversham (WA)/Swan Districts (WAFL),2023,nationalDraft,14,27/04/2026
Jacob,Newton,10103,West Coast,2026,46,MEDIUM_FORWARD,CD_I1022486,20/03/2006,2025,178,0,Norwood (SANFL)/West Coast (WAFL),2025,other,9,27/04/2026
Reuben,Ginbey,7975,West Coast,2026,7,KEY_DEFENDER,CD_I1023025,10/09/2004,2022,191,0,Dunsborough (WA)/East Perth (WAFL),2023,nationalDraft,9,27/04/2026
Tyrell,Dewar,7576,West Coast,2026,43,MIDFIELDER,CD_I1023142,27/03/2004,2022,185,0,Mines Rovers (WA)/Subiaco (WAFL),2024,other,NA,27/04/2026
Brady,Hough,5701,West Coast,2026,19,MEDIUM_DEFENDER,CD_I1023167,5/03/2003,2021,191,0,Harvey (WA)/Peel Thunder (WAFL),2022,nationalDraft,31,27/04/2026
Harley,Reid,5377,West Coast,2026,9,MIDFIELDER,CD_I1023492,17/04/2005,2023,187,0,Tongala/Echuca Under 18s/St. Josephs College/Bendigo U18,2024,nationalDraft,1,27/04/2026
Noah,Long,5375,West Coast,2026,13,MEDIUM_FORWARD,CD_I1023496,23/08/2004,2022,179,0,Echuca (Vic)/Geelong Grammer (Vic)/Bendigo U18,2023,nationalDraft,58,27/04/2026
Clay,Hall,7519,West Coast,2026,29,MIDFIELDER,CD_I1024188,12/05/2005,2023,190,0,Harvey Brunswick Leschenault (WA)/Peel Thunder (WAFL),2024,nationalDraft,38,27/04/2026
Archer,Reid,6500,West Coast,2026,22,KEY_FORWARD,CD_I1027693,19/09/2005,2023,203,0,West Gippsland Football Netball (Vic)/Gippsland U18,2025,nationalDraft,30,27/04/2026
Harvey,Johnston,6701,West Coast,2026,24,MEDIUM_DEFENDER,CD_I1027969,18/08/2005,2023,185,0,Mordialloc Braeside JFC (Vic)/Sandringham U18,2024,nationalDraft,49,27/04/2026
Bo,Allan,8325,West Coast,2026,26,MIDFIELDER,CD_I1028449,16/02/2006,2024,191,0,Halls Head FC/Peel Thunder (WAFL),2025,nationalDraft,16,27/04/2026
Tom,Gross,8579,West Coast,2026,27,MIDFIELDER_FORWARD,CD_I1028561,15/09/2006,2024,183,0,Kew Rovers FC Inc./Oakleigh U18,2025,nationalDraft,46,27/04/2026
Cooper,Duff-Tytler,12113,West Coast,2026,21,KEY_FORWARD,CD_I1028725,22/08/2007,2025,200,0,Woodend JFC (Vic)/Calder U18,2026,nationalDraft,4,27/04/2026
Malakai,Champion,8496,West Coast,2026,37,MEDIUM_FORWARD,CD_I1029136,17/05/2006,2024,172,0,Mines Rovers/Subiaco (WAFL),2025,other,NA,27/04/2026
Ryan,Maric,8467,West Coast,2026,23,MEDIUM_DEFENDER,CD_I1029416,6/09/2004,2023,196,0,Drouin Vic)/Gippsland U18/Box Hill Hawks (VFL),2023,other,1,27/04/2026
Jobe,Shanahan,9050,West Coast,2026,35,KEY_FORWARD,CD_I1031913,2/08/2006,2024,195,0,Moama FC/Bendigo U18,2025,nationalDraft,30,27/04/2026
Hamish,Davis,11298,West Coast,2026,38,MIDFIELDER,CD_I1032624,2/05/2006,2024,190,0,Subiaco JFC/Claremont (WAFL),2025,nationalDraft,65,27/04/2026
Sam,Allen,11938,West Coast,2026,12,MIDFIELDER_FORWARD,CD_I1033063,13/01/2007,2025,183,0,Glen Iris (Vic)/Oakleigh U18,NA,nationalDraft,29,27/04/2026
Josh,Lindsay,11789,West Coast,2026,5,MEDIUM_DEFENDER,CD_I1033078,7/04/2007,2025,183,0,Newton &amp; Chilwell (Vic)/Geelong Falcons U18,2026,nationalDraft,19,27/04/2026
Willem,Duursma,11955,West Coast,2026,1,MIDFIELDER,CD_I1033115,21/06/2007,2025,191,0,Foster (Vic)/Gippsland U18,2026,nationalDraft,1,27/04/2026
Fred,Rodriguez,11953,West Coast,2026,39,MIDFIELDER,CD_I1033704,10/07/2007,2025,184,0,Fremantle City Dockers/South Fremantle (WAFL),NA,rookieElevation,1,27/04/2026
Jack,Hutchinson,12565,West Coast,2026,44,MIDFIELDER,CD_I1036098,10/11/2001,2024,190,0,Collingwood (VFL),2024,other,3,27/04/2026
Tom,McCarthy,12571,West Coast,2026,18,MEDIUM_DEFENDER,CD_I1036124,12/07/2000,2025,187,0,Richmond (VFL)/West Coast (WAFL),2025,other,1,27/04/2026
Tylah,Williams,13382,West Coast,2026,36,MEDIUM_FORWARD,CD_I1037004,22/02/2007,2025,175,0,Redcliffe JFC (WA)/Swan Districts (WAFL),NA,nationalDraft,39,27/04/2026
Jamie,Cripps,751,West Coast,2026,15,MEDIUM_FORWARD,CD_I290826,23/04/1992,2010,184,0,Northampton (WA)/East Fremantle (WAFL)/St Kilda,2011,nationalDraft,24,27/04/2026
Elliot,Yeo,584,West Coast,2026,6,MIDFIELDER_FORWARD,CD_I292128,1/10/1993,2011,191,0,Booragoon (WA)/East Fremantle (WAFL)/Brisbane,2012,nationalDraft,30,27/04/2026
Tim,Kelly,1741,West Coast,2026,11,MIDFIELDER,CD_I295898,26/07/1994,2017,184,0,Palmyra (WA)/South Fremantle (WAFL)/Geelong,2018,nationalDraft,24,27/04/2026
Liam,Duggan,956,West Coast,2026,14,MEDIUM_DEFENDER,CD_I298268,11/12/1996,2014,186,0,Bacchus Marsh (Vic)/Western U18,2015,nationalDraft,11,27/04/2026
Jack,Graham,1325,West Coast,2026,17,MIDFIELDER,CD_I990827,25/02/1998,2016,181,0,Tea Tree Gully (SA)/North Adelaide (SANFL),2017,nationalDraft,53,27/04/2026
Tom,Cole,1146,West Coast,2026,28,MEDIUM_DEFENDER,CD_I993820,28/05/1997,2015,188,0,Sandhurst (Vic)/Bendigo U18,2016,nationalDraft,36,27/04/2026
Matt,Flynn,866,West Coast,2026,25,RUCK,CD_I993902,13/09/1997,2015,202,0,Narrandera (NSW)/NSW-ACT U18/GWS Giants,2021,nationalDraft,41,27/04/2026
Jake,Waterman,1381,West Coast,2026,2,KEY_FORWARD,CD_I996554,6/05/1998,2016,192,0,Marist (WA)/Claremont (WAFL),2018,fatherSon,77,27/04/2026
Lachlan,Bramble,4313,Western Bulldogs,2026,29,MEDIUM_DEFENDER,CD_I1000864,19/04/1998,NA,182,0,NA,NA,NA,NA,27/04/2026
Matthew,Kennedy,922,Western Bulldogs,2026,8,MIDFIELDER,CD_I1001398,6/04/1997,NA,188,0,NA,NA,NA,NA,27/04/2026
Aaron,Naughton,1621,Western Bulldogs,2026,33,KEY_FORWARD,CD_I1002404,30/11/1999,NA,196,0,NA,NA,NA,NA,27/04/2026
Tim,English,1409,Western Bulldogs,2026,44,RUCK,CD_I1004592,10/08/1997,NA,208,0,NA,NA,NA,NA,27/04/2026
Laitham,Vandermeer,1931,Western Bulldogs,2026,23,MEDIUM_FORWARD,CD_I1005000,3/02/1999,NA,182,0,NA,NA,NA,NA,27/04/2026
Nick,Coffield,1707,Western Bulldogs,2026,17,MEDIUM_DEFENDER,CD_I1005717,23/10/1999,NA,191,0,NA,NA,NA,NA,27/04/2026
Rhylee,West,1912,Western Bulldogs,2026,14,MEDIUM_FORWARD,CD_I1006127,12/07/2000,NA,183,0,NA,NA,NA,NA,27/04/2026
Riley,Garcia,3741,Western Bulldogs,2026,38,MIDFIELDER_FORWARD,CD_I1006533,30/01/2001,NA,178,0,NA,NA,NA,NA,27/04/2026
Ed,Richards,1722,Western Bulldogs,2026,20,MIDFIELDER,CD_I1008280,3/07/1999,NA,188,0,NA,NA,NA,NA,27/04/2026
Connor,Budarick,2389,Western Bulldogs,2026,19,MEDIUM_DEFENDER,CD_I1008454,6/04/2001,2025,175,0,Labrador (Qld)/Gold Coast (NEAFL)/Gold Coast,2020,other,NA,27/04/2026
Oskar,Baker,1739,Western Bulldogs,2026,13,MEDIUM_FORWARD,CD_I1008855,25/05/1998,NA,184,0,NA,NA,NA,NA,27/04/2026
Lachlan,McNeil,4079,Western Bulldogs,2026,30,MEDIUM_FORWARD,CD_I1009015,2/09/2001,NA,184,0,NA,NA,NA,NA,27/04/2026
Cody,Weightman,2401,Western Bulldogs,2026,3,MEDIUM_FORWARD,CD_I1011803,15/01/2001,NA,179,0,NA,NA,NA,NA,27/04/2026
Jordan,Croft,6385,Western Bulldogs,2026,16,KEY_FORWARD,CD_I1013996,12/05/2005,NA,201,0,NA,NA,NA,NA,27/04/2026
Luke,Cleary,3187,Western Bulldogs,2026,36,MEDIUM_DEFENDER,CD_I1015929,5/03/2002,NA,191,0,NA,NA,NA,NA,27/04/2026
Harvey,Gallagher,5036,Western Bulldogs,2026,12,MIDFIELDER,CD_I1017087,26/09/2003,NA,181,0,NA,NA,NA,NA,27/04/2026
Sam,Darcy,5292,Western Bulldogs,2026,10,KEY_FORWARD,CD_I1017126,19/07/2003,NA,208,0,NA,NA,NA,NA,27/04/2026
Ryley,Sanders,5296,Western Bulldogs,2026,9,MIDFIELDER,CD_I1017939,21/01/2005,NA,186,0,NA,NA,NA,NA,27/04/2026
Arthur,Jones,5703,Western Bulldogs,2026,32,MEDIUM_FORWARD,CD_I1020586,18/07/2003,NA,180,0,NA,NA,NA,NA,27/04/2026
Michael,Sellwood,7394,Western Bulldogs,2026,37,MEDIUM_DEFENDER,CD_I1020621,2/10/2003,NA,186,0,NA,NA,NA,NA,27/04/2026
Jedd,Busslinger,7959,Western Bulldogs,2026,5,KEY_DEFENDER,CD_I1023017,11/03/2004,NA,198,0,NA,NA,NA,NA,27/04/2026
Lachlan,Smith,6524,Western Bulldogs,2026,40,RUCK,CD_I1027702,5/10/2005,NA,203,0,NA,NA,NA,NA,27/04/2026
Joel,Freijah,6564,Western Bulldogs,2026,27,MIDFIELDER_FORWARD,CD_I1027704,14/11/2005,NA,191,0,NA,NA,NA,NA,27/04/2026
Lachie,Jaques,9248,Western Bulldogs,2026,11,MEDIUM_DEFENDER,CD_I1028493,1/06/2006,NA,185,0,NA,NA,NA,NA,27/04/2026
Cooper,Hynes,8502,Western Bulldogs,2026,6,MEDIUM_FORWARD,CD_I1029456,28/02/2006,NA,190,0,NA,NA,NA,NA,27/04/2026
Luke,Kennedy,9475,Western Bulldogs,2026,35,MIDFIELDER,CD_I1032112,11/10/2006,NA,180,0,NA,NA,NA,NA,27/04/2026
James,O'Donnell,11626,Western Bulldogs,2026,18,KEY_DEFENDER,CD_I1032966,31/08/2002,NA,197,0,NA,NA,NA,NA,27/04/2026
Louis,Emmett,12017,Western Bulldogs,2026,25,RUCK,CD_I1033076,23/03/2007,NA,199,0,NA,NA,NA,NA,27/04/2026
Lachlan,Carmichael,12455,Western Bulldogs,2026,2,MEDIUM_DEFENDER,CD_I1033626,27/08/2007,NA,185,0,NA,NA,NA,NA,27/04/2026
Josh,Dolan,11957,Western Bulldogs,2026,26,MEDIUM_FORWARD,CD_I1034235,11/11/2006,NA,177,0,NA,NA,NA,NA,27/04/2026
Will,Lewis,12563,Western Bulldogs,2026,28,KEY_FORWARD,CD_I1036104,5/05/1999,NA,195,0,NA,NA,NA,NA,27/04/2026
Sam,Davidson,12580,Western Bulldogs,2026,42,MIDFIELDER,CD_I1036123,13/12/2001,NA,191,0,NA,NA,NA,NA,27/04/2026
Zac,Walker,14554,Western Bulldogs,2026,41,KEY_DEFENDER,CD_I1041619,3/03/2006,NA,191,0,NA,NA,NA,NA,27/04/2026
Will,Darcy,15533,Western Bulldogs,2026,15,KEY_DEFENDER,CD_I1042728,14/03/2007,NA,198,0,NA,NA,NA,NA,27/04/2026
Tom,Liberatore,848,Western Bulldogs,2026,21,MIDFIELDER,CD_I290799,16/05/1992,NA,184,0,NA,NA,NA,NA,27/04/2026
Adam,Treloar,492,Western Bulldogs,2026,1,MIDFIELDER,CD_I291790,9/03/1993,NA,185,0,NA,NA,NA,NA,27/04/2026
Marcus,Bontempelli,857,Western Bulldogs,2026,4,MIDFIELDER,CD_I297373,24/11/1995,NA,194,0,NA,NA,NA,NA,27/04/2026
James,Harmes,742,Western Bulldogs,2026,22,MIDFIELDER,CD_I297899,5/10/1995,NA,186,0,NA,NA,NA,NA,27/04/2026
Rory,Lobb,604,Western Bulldogs,2026,7,KEY_DEFENDER,CD_I990740,9/02/1993,NA,207,0,NA,NA,NA,NA,27/04/2026
Bailey,Williams,969,Western Bulldogs,2026,34,MIDFIELDER,CD_I992351,10/10/1997,NA,190,0,NA,NA,NA,NA,27/04/2026
Bailey,Dale,1053,Western Bulldogs,2026,31,MEDIUM_DEFENDER,CD_I996708,22/07/1996,NA,188,0,NA,NA,NA,NA,27/04/2026
Ryan,Gardner,900,Western Bulldogs,2026,43,KEY_DEFENDER,CD_I997501,1/06/1997,NA,197,0,NA,NA,NA,NA,27/04/2026
Buku,Khamis,1959,Western Bulldogs,2026,24,KEY_DEFENDER,CD_I998782,24/03/2000,NA,191,0,NA,NA,NA,NA,27/04/2026
