id,firstName,lastName,team,position,age,heightCm,gamesPlayed,jumperNumber,state,debutYear,finalYear,draftPick,nicknames,active,NEEDS_REVIEW,NOTES
callum-ah-chee,Callum,Ah Chee,Adelaide,Small Forward,28,182,171,4,,2026,,,,TRUE,,
hugh-bond,Hugh,Bond,Adelaide,Half Back,21,185,16,21,,2026,,,,TRUE,,
james-borlase,James,Borlase,Adelaide,Key Defender,23,192,15,35,,2023,,,,TRUE,,
brayden-cook,Brayden,Cook,Adelaide,Midfielder,23,189,36,15,,2026,,,,TRUE,,
indy-cotton,Indy,Cotton,Adelaide,Key Forward,18,195,0,33,,2026,,,,TRUE,,
matt-crouch,Matt,Crouch,Adelaide,,31,182,161,5,,2014,,,,TRUE,,
isaac-cumming,Isaac,Cumming,Adelaide,Midfielder,27,184,84,44,,2018,,,,TRUE,,
daniel-curtin,Daniel,Curtin,Adelaide,Midfielder,21,197,10,6,,2024,,,,TRUE,,
jordan-dawson,Jordan,Dawson,Adelaide,Midfielder,29,192,134,12,,2017,,,,TRUE,,
billy-dowling,Billy,Dowling,Adelaide,Midfielder,21,187,10,31,,2026,,,,TRUE,,
sid-draper,Sid,Draper,Adelaide,Midfielder,19,182,3,34,,2025,,,,TRUE,,
charlie-edwards,Charlie,Edwards,Adelaide,Key Defender,20,191,1,11,,2026,,,,TRUE,,
darcy-fogarty,Darcy,Fogarty,Adelaide,Key Forward,26,193,105,32,,2018,,,,TRUE,,
mitch-hinge,Mitch,Hinge,Adelaide,,27,190,68,20,,2019,,,,TRUE,,
mitchell-hinge,Mitchell,Hinge,Adelaide,Half Back,27,187,90,20,,2026,,,,TRUE,,
mark-keane,Mark,Keane,Adelaide,Key Defender,26,194,34,48,,2020,,,,TRUE,,
ben-keays,Ben,Keays,Adelaide,Forward Flank,29,185,139,2,,2016,,,,TRUE,,
rory-laird,Rory,Laird,Adelaide,Small Defender,32,177,250,29,,2013,,,,TRUE,,
archie-ludowyke,Archie,Ludowyke,Adelaide,Key Forward,18,197,0,34,,2026,,,,TRUE,,
finnbar-maley,Finnbar,Maley,Adelaide,Key Forward,22,197,11,36,,2026,,,,TRUE,,
mitchell-marsh,Mitchell,Marsh,Adelaide,Key Forward,19,192,0,26,,2026,,,,TRUE,,
lachlan-mcandrew,Lachlan,McAndrew,Adelaide,Ruck,25,209,8,42,,2026,,,,TRUE,,
max-michalanney,Max,Michalanney,Adelaide,Key Defender,22,190,48,16,,2023,,,,TRUE,,
wayne-milera,Wayne,Milera,Adelaide,Half Back,28,184,102,30,,2016,,,,TRUE,,
nick-murray,Nick,Murray,Adelaide,Key Defender,25,195,57,9,,2021,,,,TRUE,,
toby-murray,Toby,Murray,Adelaide,Key Forward,22,200,1,39,,2026,,,,TRUE,,
luke-nankervis,Luke,Nankervis,Adelaide,Midfielder,22,189,34,27,,2026,,,,TRUE,,
alex-neal-bullen,Alex,Neal-Bullen,Adelaide,Small Forward,30,182,179,28,,2015,,,,TRUE,,
reilly-obrien,Reilly,OBrien,Adelaide,Ruck,30,202,124,43,,2016,,,,TRUE,,
james-peatling,James,Peatling,Adelaide,Midfielder,25,182,48,25,,2021,,,,TRUE,,
luke-pedlar,Luke,Pedlar,Adelaide,Forward Flank,23,183,44,10,,2026,,,,TRUE,,
josh-rachele,Josh,Rachele,Adelaide,Midfielder,23,180,59,8,,2022,,,,TRUE,,
izak-rankine,Izak,Rankine,Adelaide,Midfielder,26,179,86,23,,2020,,,,TRUE,,
oscar-ryan,Oscar,Ryan,Adelaide,Half Back,20,187,0,22,,2026,,,,TRUE,,
lachlan-sholl,Lachlan,Sholl,Adelaide,Midfielder,26,185,77,38,,2020,,,,TRUE,,
jake-soligo,Jake,Soligo,Adelaide,Midfielder,23,180,63,14,,2022,,,,TRUE,,
zac-taylor,Zac,Taylor,Adelaide,Small Forward,23,180,30,19,,2026,,,,TRUE,,
riley-thilthorpe,Riley,Thilthorpe,Adelaide,Key Forward,23,200,56,7,,2021,,,,TRUE,,
taylor-walker,Taylor,Walker,Adelaide,Key Forward,36,193,281,13,,2009,,,,TRUE,,
tyler-welsh,Tyler,Welsh,Adelaide,Key Forward,19,191,0,17,,2026,,,,TRUE,,
josh-worrell,Josh,Worrell,Adelaide,Key Defender,25,195,33,24,,2021,,,,TRUE,,
oscar-allen,Oscar,Allen,Brisbane,Key Forward,27,196,111,4,,2018,,,,TRUE,,
harris-andrews,Harris,Andrews,Brisbane,Key Defender,29,201,215,31,,2015,,,,TRUE,,
daniel-annable,Daniel,Annable,Brisbane,Midfielder,19,184,1,14,,2026,,,,TRUE,,
noah-answerth,Noah,Answerth,Brisbane,Small Defender,26,182,74,43,,2019,,,,TRUE,,
levi-ashcroft,Levi,Ashcroft,Brisbane,Midfielder,19,179,3,10,,2025,,,,TRUE,,
will-ashcroft,Will,Ashcroft,Brisbane,Midfielder,21,182,34,8,,2023,,,,TRUE,,
zac-bailey,Zac,Bailey,Brisbane,Midfielder,26,182,143,33,,2018,,,,TRUE,,
luke-beecken,Luke,Beecken,Brisbane,Midfielder,25,185,1,17,,2026,,,,TRUE,,
jarrod-berry,Jarrod,Berry,Brisbane,Midfielder,28,193,163,7,,2017,,,,TRUE,,
shadeau-brain,Shadeau,Brain,Brisbane,Half Back,22,183,9,34,,2026,,,,TRUE,,
charlie-cameron,Charlie,Cameron,Brisbane,Small Forward,31,181,230,23,,2014,,,,TRUE,,
callum-chee,Callum,Chee,Brisbane,,28,182,146,4,,2016,,,,TRUE,,
cody-curtin,Cody,Curtin,Brisbane,Key Forward,18,200,0,37,,2026,,,,TRUE,,
sam-day,Sam,Day,Brisbane,,33,197,157,14,,2011,,,,TRUE,,
tom-doedee,Tom,Doedee,Brisbane,Key Defender,29,190,83,12,,2026,,,,TRUE,,
sam-draper,Sam,Draper,Brisbane,Key Forward,27,205,83,2,,2020,,,,TRUE,,
josh-dunkley,Josh,Dunkley,Brisbane,Midfielder,29,190,170,5,,2016,,,,TRUE,,
koby-evans,Koby,Evans,Brisbane,Midfielder,18,187,0,24,,2026,,,,TRUE,,
jaspa-fletcher,Jaspa,Fletcher,Brisbane,Half Back,22,183,44,3,,2023,,,,TRUE,,
darcy-fort,Darcy,Fort,Brisbane,Ruck,32,204,38,32,,2019,,,,TRUE,,
ty-gallop,Ty,Gallop,Brisbane,Key Defender,20,194,12,22,,2026,,,,TRUE,,
tai-hayes,Tai,Hayes,Brisbane,Midfielder,21,190,0,42,,2026,,,,TRUE,,
eric-hipwood,Eric,Hipwood,Brisbane,Key Forward,28,204,180,30,,2016,,,,TRUE,,
darragh-joyce,Darragh,Joyce,Brisbane,Key Defender,29,195,25,41,,2026,,,,TRUE,,
ryan-lester,Ryan,Lester,Brisbane,Key Defender,33,192,210,35,,2011,,,,TRUE,,
luke-lloyd,Luke,Lloyd,Brisbane,Key Forward,20,193,0,19,,2026,,,,TRUE,,
kai-lohmann,Kai,Lohmann,Brisbane,Forward Flank,22,185,37,1,,2022,,,,TRUE,,
sam-marshall,Sam,Marshall,Brisbane,Midfielder,20,185,11,20,,2026,,,,TRUE,,
hugh-mccluggage,Hugh,McCluggage,Brisbane,Midfielder,28,187,185,6,,2017,,,,TRUE,,
oscar-mcinerney,Oscar,McInerney,Brisbane,,31,205,153,46,,2018,,,,TRUE,,
conor-mckenna,Conor,McKenna,Brisbane,Forward Flank,30,184,125,26,,2015,,,,TRUE,,
will-mclachlan,Will,McLachlan,Brisbane,Forward Flank,21,185,1,28,,2025,,,,TRUE,,
logan-morris,Logan,Morris,Brisbane,Key Forward,20,191,22,13,,2024,,,,TRUE,,
ben-murphy,Ben,Murphy,Brisbane,Key Defender,0,191,0,39,,2026,,,,TRUE,,
lachie-neale,Lachie,Neale,Brisbane,Midfielder,32,177,275,9,,2012,,,,TRUE,,
jack-payne,Jack,Payne,Brisbane,Key Defender,26,197,71,40,,2020,,,,TRUE,,
cam-rayner,Cam,Rayner,Brisbane,,26,187,143,16,,2018,,,,TRUE,,
cameron-rayner,Cameron,Rayner,Brisbane,Forward Flank,26,187,173,16,,2026,,,,TRUE,,
bruce-reville,Bruce,Reville,Brisbane,Midfielder,25,185,14,38,,2024,,,,TRUE,,
henry-smith,Henry,Smith,Brisbane,Key Forward,23,202,6,25,,2026,,,,TRUE,,
reece-torrent,Reece,Torrent,Brisbane,Midfielder,20,184,0,36,,2026,,,,TRUE,,
james-tunstill,James,Tunstill,Brisbane,Midfielder,22,187,14,29,,2026,,,,TRUE,,
darcy-wilmot,Darcy,Wilmot,Brisbane,Half Back,22,183,59,44,,2022,,,,TRUE,,
zane-zakostelsky,Zane,Zakostelsky,Brisbane,Key Defender,20,196,3,21,,2026,,,,TRUE,,
dayne-zorko,Dayne,Zorko,Brisbane,Small Defender,37,175,280,15,,2012,,,,TRUE,,
blake-acres,Blake,Acres,Carlton,Midfielder,30,191,171,13,,2014,,,,TRUE,,
ben-ainsworth,Ben,Ainsworth,Carlton,Small Forward,28,178,165,12,,2017,,,,TRUE,,
jordan-boyd,Jordan,Boyd,Carlton,Small Defender,27,182,36,37,,2022,,,,TRUE,,
talor-byrne,Talor,Byrne,Carlton,Midfielder,18,174,5,39,,2026,,,,TRUE,,
lucas-camporeale,Lucas,Camporeale,Carlton,Midfielder,19,184,2,21,,2025,,,,TRUE,,
ben-camporeale,Ben,Camporeale,Carlton,Midfielder,19,186,0,16,,2026,,,,TRUE,,
matt-carroll,Matt,Carroll,Carlton,Half Back,20,188,23,32,,2026,,,,TRUE,,
adam-cerra,Adam,Cerra,Carlton,Midfielder,26,188,132,5,,2018,,,,TRUE,,
harry-charleson,Harry,Charleson,Carlton,Half Back,19,183,0,28,,2026,,,,TRUE,,
campbell-chesser,Campbell,Chesser,Carlton,Midfielder,22,186,39,31,,2026,,,,TRUE,,
matthew-cottrell,Matthew,Cottrell,Carlton,,26,181,71,46,,2020,,,,TRUE,,
matt-cottrell,Matt,Cottrell,Carlton,Midfielder,26,184,75,46,,2026,,,,TRUE,,
lachlan-cowan,Lachlan,Cowan,Carlton,Half Back,21,188,27,2,,2023,,,,TRUE,,
patrick-cripps,Patrick,Cripps,Carlton,Midfielder,31,195,210,9,,2014,,,,TRUE,,
harry-dean,Harry,Dean,Carlton,Key Defender,18,194,5,35,,2026,,,,TRUE,,
wade-derksen,Wade,Derksen,Carlton,Key Defender,24,194,2,47,,2026,,,,TRUE,,
sam-docherty,Sam,Docherty,Carlton,,32,187,172,15,,2013,,,,TRUE,,
matt-duffy,Matt,Duffy,Carlton,Key Defender,22,194,0,41,,2026,,,,TRUE,,
francis-evans,Francis,Evans,Carlton,Small Forward,24,182,36,44,,2021,,,,TRUE,,
oliver-florent,Oliver,Florent,Carlton,Half Back,27,184,191,14,,2017,,,,TRUE,,
lachie-fogarty,Lachie,Fogarty,Carlton,,27,180,73,8,,2018,,,,TRUE,,
lachlan-fogarty,Lachlan,Fogarty,Carlton,Small Forward,27,180,92,8,,2026,,,,TRUE,,
nick-haynes,Nick,Haynes,Carlton,Key Defender,33,193,214,26,,2012,,,,TRUE,,
will-hayward,Will,Hayward,Carlton,Forward Flank,27,186,190,19,,2017,,,,TRUE,,
george-hewett,George,Hewett,Carlton,Midfielder,30,187,182,29,,2016,,,,TRUE,,
oliver-hollands,Oliver,Hollands,Carlton,Half Back,22,184,45,4,,2023,,,,TRUE,,
elijah-hollands,Elijah,Hollands,Carlton,Midfielder,24,189,47,20,,2026,,,,TRUE,,
jack-ison,Jack,Ison,Carlton,Midfielder,19,192,0,30,,2026,,,,TRUE,,
brodie-kemp,Brodie,Kemp,Carlton,Key Forward,24,192,47,17,,2021,,,,TRUE,,
tom-koning,Tom,Koning,Carlton,,26,203,81,12,,2018,,,,TRUE,,
cooper-lord,Cooper,Lord,Carlton,Midfielder,21,184,4,36,,2024,,,,TRUE,,
mitch-mcgovern,Mitch,McGovern,Carlton,Key Defender,31,191,131,11,,2016,,,,TRUE,,
harry-mckay,Harry,McKay,Carlton,Key Forward,28,204,129,10,,2017,,,,TRUE,,
ashton-moir,Ashton,Moir,Carlton,Forward Flank,21,188,13,43,,2026,,,,TRUE,,
rob-monahan,Rob,Monahan,Carlton,Key Forward,21,194,0,34,,2026,,,,TRUE,,
jesse-motlop,Jesse,Motlop,Carlton,Small Forward,22,176,43,3,,2022,,,,TRUE,,
harry-ofarrell,Harry,O'Farrell,Carlton,Key Defender,19,196,6,22,,2026,,,,TRUE,,
hudson-okeeffe,Hudson,O'Keeffe,Carlton,Key Forward,21,202,8,40,,2026,,,,TRUE,,
liam-reidy,Liam,Reidy,Carlton,Key Forward,25,204,5,25,,2024,,,,TRUE,,
adam-saad,Adam,Saad,Carlton,Small Defender,31,178,198,42,,2015,,,,TRUE,,
jagga-smith,Jagga,Smith,Carlton,Midfielder,20,182,7,7,,2026,,,,TRUE,,
sam-walsh,Sam,Walsh,Carlton,Midfielder,25,184,122,18,,2019,,,,TRUE,,
jacob-weitering,Jacob,Weitering,Carlton,Key Defender,28,196,184,23,,2016,,,,TRUE,,
zac-williams,Zac,Williams,Carlton,,31,185,158,6,,2013,,,,TRUE,,
zachary-williams,Zachary,Williams,Carlton,Half Back,31,186,180,6,,2026,,,,TRUE,,
billy-wilson,Billy,Wilson,Carlton,Half Back,20,183,4,15,,2026,,,,TRUE,,
lewis-young,Lewis,Young,Carlton,Key Defender,27,197,69,33,,2017,,,,TRUE,,
flynn-young,Flynn,Young,Carlton,Small Forward,24,181,8,45,,2026,,,,TRUE,,
edward-allan,Edward,Allan,Collingwood,Midfielder,21,194,3,16,,2024,,,,TRUE,,
angus-anderson,Angus,Anderson,Collingwood,Midfielder,22,193,3,41,,2026,,,,TRUE,,
jack-buller,Jack,Buller,Collingwood,Key Forward,24,199,12,34,,2026,,,,TRUE,,
darcy-cameron,Darcy,Cameron,Collingwood,Ruck,30,204,98,14,,2018,,,,TRUE,,
joel-cochran,Joel,Cochran,Collingwood,Key Defender,20,195,0,27,,2026,,,,TRUE,,
jack-crisp,Jack,Crisp,Collingwood,Midfielder,32,190,252,25,,2012,,,,TRUE,,
josh-daicos,Josh,Daicos,Collingwood,Small Defender,27,178,129,7,,2017,,,,TRUE,,
nick-daicos,Nick,Daicos,Collingwood,Midfielder,23,184,73,35,,2022,,,,TRUE,,
jordan-de-goey,Jordan,De Goey,Collingwood,Midfielder,30,188,188,2,,2026,,,,TRUE,,
harry-demattia,Harry,Demattia,Collingwood,Midfielder,20,186,0,13,,2026,,,,TRUE,,
jamie-elliott-1992,Jamie,Elliott,Collingwood,Small Forward,33,178,197,5,,2012,,,,TRUE,,
jordan-goey,Jordan,Goey,Collingwood,,30,188,172,2,,2015,,,,TRUE,,
harvey-harrison,Harvey,Harrison,Collingwood,Small Forward,22,181,16,36,,2026,,,,TRUE,,
will-hayes,Will,Hayes,Collingwood,Small Forward,19,180,5,39,,2026,,,,TRUE,,
bobby-hill,Bobby,Hill,Collingwood,Small Forward,26,175,91,23,,2019,,,,TRUE,,
will-hoskin-elliott,Will,Hoskin-Elliott,Collingwood,,32,186,225,32,,2012,,,,TRUE,,
dan-houston,Dan,Houston,Collingwood,Half Back,28,186,170,9,,2017,,,,TRUE,,
jeremy-howe,Jeremy,Howe,Collingwood,Key Defender,35,190,255,38,,2011,,,,TRUE,,
noah-howes,Noah,Howes,Collingwood,Key Forward,20,196,0,40,,2026,,,,TRUE,,
tew-jiath,Tew,Jiath,Collingwood,Half Back,21,188,1,19,,2026,,,,TRUE,,
patrick-lipinski,Patrick,Lipinski,Collingwood,Midfielder,27,187,121,1,,2017,,,,TRUE,,
ned-long,Ned,Long,Collingwood,Midfielder,23,194,15,44,,2022,,,,TRUE,,
brayden-maynard,Brayden,Maynard,Collingwood,Half Back,29,189,212,4,,2015,,,,TRUE,,
zac-mccarthy,Zac,McCarthy,Collingwood,Key Forward,18,199,0,37,,2026,,,,TRUE,,
beau-mccreery,Beau,McCreery,Collingwood,Forward Flank,25,186,80,31,,2021,,,,TRUE,,
reef-mcinnes,Reef,McInnes,Collingwood,Key Defender,23,194,23,26,,2022,,,,TRUE,,
daniel-mcstay,Daniel,McStay,Collingwood,Key Forward,30,195,183,11,,2014,,,,TRUE,,
tim-membrey,Tim,Membrey,Collingwood,Forward Flank,31,190,182,28,,2014,,,,TRUE,,
darcy-moore,Darcy,Moore,Collingwood,Key Defender,30,203,176,30,,2015,,,,TRUE,,
wil-parker,Wil,Parker,Collingwood,Half Back,23,183,11,15,,2026,,,,TRUE,,
scott-pendlebury,Scott,Pendlebury,Collingwood,Midfielder,38,191,406,10,,2006,,,,TRUE,,
harry-perryman,Harry,Perryman,Collingwood,Half Back,27,184,132,12,,2017,,,,TRUE,,
tyan-prindable,Tyan,Prindable,Collingwood,Midfielder,19,182,0,18,,2026,,,,TRUE,,
isaac-quaynor,Isaac,Quaynor,Collingwood,Small Defender,26,180,111,3,,2019,,,,TRUE,,
jakob-ryan,Jakob,Ryan,Collingwood,Half Back,21,189,1,24,,2026,,,,TRUE,,
jai-saxena,Jai,Saxena,Collingwood,Small Forward,18,179,0,43,,2026,,,,TRUE,,
lachie-schultz,Lachie,Schultz,Collingwood,,28,178,113,8,,2019,,,,TRUE,,
lachlan-schultz,Lachlan,Schultz,Collingwood,Small Forward,28,178,133,8,,2026,,,,TRUE,,
steele-sidebottom,Steele,Sidebottom,Collingwood,Midfielder,35,184,334,22,,2009,,,,TRUE,,
iliro-smit,Iliro,Smit,Collingwood,Ruck,20,200,0,20,,2026,,,,TRUE,,
roan-steele,Roan,Steele,Collingwood,Midfielder,24,183,12,45,,2026,,,,TRUE,,
oscar-steene,Oscar,Steene,Collingwood,Key Forward,22,201,5,21,,2026,,,,TRUE,,
lachlan-sullivan,Lachlan,Sullivan,Collingwood,,28,180,11,33,,2024,,,,TRUE,,
lachie-sullivan,Lachie,Sullivan,Collingwood,Small Forward,28,180,25,33,,2026,,,,TRUE,,
samuel-swadling,Samuel,Swadling,Collingwood,Midfielder,19,189,0,32,,2026,,,,TRUE,,
charlie-west,Charlie,West,Collingwood,Key Forward,20,194,1,29,,2026,,,,TRUE,,
lachlan-blakiston,Lachlan,Blakiston,Essendon,Key Defender,27,203,18,46,,2026,,,,TRUE,,
cillian-bourke,Cillian,Bourke,Essendon,Key Defender,19,190,0,39,,2026,,,,TRUE,,
nick-bryan,Nick,Bryan,Essendon,Ruck,24,202,22,24,,2021,,,,TRUE,,
nate-caddy,Nate,Caddy,Essendon,Key Forward,20,193,13,30,,2024,,,,TRUE,,
jye-caldwell,Jye,Caldwell,Essendon,Midfielder,25,183,81,6,,2019,,,,TRUE,,
angus-clarke,Angus,Clarke,Essendon,Half Back,19,188,14,36,,2026,,,,TRUE,,
nikolas-cox,Nikolas,Cox,Essendon,Midfielder,24,200,53,13,,2026,,,,TRUE,,
archer-day-wicks,Archer,Day-Wicks,Essendon,Midfielder,19,186,10,44,,2026,,,,TRUE,,
sam-durham,Sam,Durham,Essendon,Midfielder,24,185,74,22,,2021,,,,TRUE,,
xavier-duursma,Xavier,Duursma,Essendon,Midfielder,25,186,91,28,,2019,,,,TRUE,,
tom-edwards,Tom,Edwards,Essendon,Key Forward,25,191,2,45,,2025,,,,TRUE,,
hussien-el-achkar,Hussien,El Achkar,Essendon,Small Forward,19,171,2,33,,2026,,,,TRUE,,
saad-el-hawli,Saad,El-Hawli,Essendon,Midfielder,24,184,1,41,,2025,,,,TRUE,,
jacob-farrow,Jacob,Farrow,Essendon,Half Back,18,188,5,2,,2026,,,,TRUE,,
brayden-fiorini,Brayden,Fiorini,Essendon,Midfielder,28,187,125,8,,2026,,,,TRUE,,
kayle-gerreyn,Kayle,Gerreyn,Essendon,Ruck,19,199,0,19,,2026,,,,TRUE,,
jade-gresham,Jade,Gresham,Essendon,Small Forward,28,179,161,11,,2016,,,,TRUE,,
lewis-hayes,Lewis,Hayes,Essendon,Key Defender,21,199,1,18,,2026,,,,TRUE,,
ben-hobbs,Ben,Hobbs,Essendon,,22,183,50,8,,2022,,,,TRUE,,
zak-johnson,Zak,Johnson,Essendon,Half Back,19,185,13,40,,2026,,,,TRUE,,
harry-jones,Harry,Jones,Essendon,,25,194,55,23,,2021,,,,TRUE,,
harrison-jones,Harrison,Jones,Essendon,Midfielder,25,196,59,23,,2026,,,,TRUE,,
isaac-kako,Isaac,Kako,Essendon,Small Forward,20,175,3,10,,2025,,,,TRUE,,
max-kondogiannis,Max,Kondogiannis,Essendon,Key Defender,18,191,2,29,,2026,,,,TRUE,,
kyle-langford,Kyle,Langford,Essendon,Midfielder,29,191,154,4,,2015,,,,TRUE,,
nic-martin,Nic,Martin,Essendon,,25,190,70,37,,2022,,,,TRUE,,
nicholas-martin,Nicholas,Martin,Essendon,Midfielder,25,192,83,37,,2026,,,,TRUE,,
archie-may,Archie,May,Essendon,Key Forward,21,198,13,26,,2026,,,,TRUE,,
andrew-mcgrath,Andrew,McGrath,Essendon,Small Defender,27,178,160,1,,2017,,,,TRUE,,
ben-mckay,Ben,McKay,Essendon,Key Defender,28,201,97,32,,2017,,,,TRUE,,
liam-mcmahon,Liam,McMahon,Essendon,Key Forward,23,197,7,48,,2026,,,,TRUE,,
jye-menzie,Jye,Menzie,Essendon,,23,180,39,29,,2022,,,,TRUE,,
zach-merrett,Zach,Merrett,Essendon,,30,180,232,7,,2014,,,,TRUE,,
zachary-merrett,Zachary,Merrett,Essendon,Midfielder,30,179,258,7,,2026,,,,TRUE,,
jayden-nguyen,Jayden,Nguyen,Essendon,Small Defender,19,178,7,42,,2026,,,,TRUE,,
archie-perkins,Archie,Perkins,Essendon,Forward Flank,24,185,82,16,,2021,,,,TRUE,,
jaxon-prior,Jaxon,Prior,Essendon,Half Back,24,188,42,25,,2021,,,,TRUE,,
mason-redman,Mason,Redman,Essendon,Half Back,28,187,127,27,,2016,,,,TRUE,,
zach-reid,Zach,Reid,Essendon,Key Defender,24,202,12,31,,2021,,,,TRUE,,
jordan-ridley,Jordan,Ridley,Essendon,Key Defender,27,192,96,14,,2018,,,,TRUE,,
archie-roberts,Archie,Roberts,Essendon,Half Back,20,184,7,21,,2024,,,,TRUE,,
sullivan-robey,Sullivan,Robey,Essendon,Midfielder,18,192,3,9,,2026,,,,TRUE,,
dyson-sharp,Dyson,Sharp,Essendon,Midfielder,18,187,3,15,,2026,,,,TRUE,,
dylan-shiel,Dylan,Shiel,Essendon,,33,182,223,9,,2012,,,,TRUE,,
elijah-tsatas,Elijah,Tsatas,Essendon,Midfielder,21,187,13,5,,2023,,,,TRUE,,
rhys-unwin,Rhys,Unwin,Essendon,Small Forward,19,179,3,38,,2026,,,,TRUE,,
vigo-visentini,Vigo,Visentini,Essendon,Ruck,20,203,2,17,,2026,,,,TRUE,,
james-aish,James,Aish,Fremantle,,30,183,184,11,,2014,,,,TRUE,,
jye-amiss,Jye,Amiss,Fremantle,Key Forward,22,196,50,24,,2022,,,,TRUE,,
bailey-banfield,Bailey,Banfield,Fremantle,Key Defender,28,190,100,41,,2018,,,,TRUE,,
shai-bolton,Shai,Bolton,Fremantle,Midfielder,27,175,137,15,,2017,,,,TRUE,,
andrew-brayshaw,Andrew,Brayshaw,Fremantle,Midfielder,26,184,149,8,,2018,,,,TRUE,,
jaren-carr,Jaren,Carr,Fremantle,Key Forward,22,191,0,38,,2026,,,,TRUE,,
heath-chapman,Heath,Chapman,Fremantle,Key Defender,24,193,45,5,,2021,,,,TRUE,,
jordan-clark,Jordan,Clark,Fremantle,Half Back,25,185,105,6,,2019,,,,TRUE,,
brennan-cox,Brennan,Cox,Fremantle,Key Defender,27,195,114,36,,2017,,,,TRUE,,
mason-cox,Mason,Cox,Fremantle,Key Forward,35,211,141,18,,2016,,,,TRUE,,
hugh-davies,Hugh,Davies,Fremantle,Key Defender,21,196,2,12,,2026,,,,TRUE,,
josh-draper,Josh,Draper,Fremantle,Key Defender,22,197,23,37,,2024,,,,TRUE,,
isaiah-dudley,Isaiah,Dudley,Fremantle,Small Forward,22,171,1,43,,2025,,,,TRUE,,
neil-erasmus,Neil,Erasmus,Fremantle,Midfielder,22,190,25,28,,2022,,,,TRUE,,
michael-frederick,Michael,Frederick,Fremantle,Forward Flank,25,183,81,32,,2020,,,,TRUE,,
luke-jackson,Luke,Jackson,Fremantle,Ruck,24,198,101,9,,2020,,,,TRUE,,
matthew-johnson,Matthew,Johnson,Fremantle,,23,193,40,44,,2023,,,,TRUE,,
matt-johnson,Matt,Johnson,Fremantle,Midfielder,23,193,62,44,,2026,,,,TRUE,,
leon-kickett,Leon,Kickett,Fremantle,Midfielder,26,0,0,19,,2026,,,,TRUE,,
ryda-luke,Ryda,Luke,Fremantle,Forward Flank,18,185,0,40,,2026,,,,TRUE,,
judd-mcvee,Judd,McVee,Fremantle,Half Back,22,185,72,17,,2026,,,,TRUE,,
ollie-murphy,Ollie,Murphy,Fremantle,Key Defender,20,200,0,33,,2026,,,,TRUE,,
tobyn-murray,Tobyn,Murray,Fremantle,Small Forward,20,180,0,11,,2026,,,,TRUE,,
charlie-nicholls,Charlie,Nicholls,Fremantle,Key Forward,19,197,0,22,,2026,,,,TRUE,,
nathan-odriscoll,Nathan,ODriscoll,Fremantle,Midfielder,23,188,27,30,,2022,,,,TRUE,,
jaeger-omeara,Jaeger,OMeara,Fremantle,Midfielder,32,183,188,2,,2013,,,,TRUE,,
alex-pearce,Alex,Pearce,Fremantle,Key Defender,30,201,125,25,,2015,,,,TRUE,,
murphy-reid,Murphy,Reid,Fremantle,Small Forward,19,181,3,16,,2025,,,,TRUE,,
aiden-riddle,Aiden,Riddle,Fremantle,Ruck,20,200,0,42,,2026,,,,TRUE,,
luke-ryan,Luke,Ryan,Fremantle,Half Back,30,187,158,13,,2017,,,,TRUE,,
chris-scerri,Chris,Scerri,Fremantle,Midfielder,19,177,4,45,,2026,,,,TRUE,,
caleb-serong,Caleb,Serong,Fremantle,Midfielder,25,178,106,3,,2020,,,,TRUE,,
jeremy-sharp,Jeremy,Sharp,Fremantle,Midfielder,24,187,49,14,,2020,,,,TRUE,,
cooper-simpson,Cooper,Simpson,Fremantle,Small Defender,21,182,5,29,,2026,,,,TRUE,,
sam-sturt,Sam,Sturt,Fremantle,Key Forward,25,190,31,1,,2026,,,,TRUE,,
adam-sweid,Adam,Sweid,Fremantle,Midfielder,18,176,0,15,,2026,,,,TRUE,,
sam-switkowski,Sam,Switkowski,Fremantle,Small Forward,29,179,89,39,,2018,,,,TRUE,,
josh-treacy,Josh,Treacy,Fremantle,Key Forward,23,193,59,35,,2021,,,,TRUE,,
patrick-voss,Patrick,Voss,Fremantle,Key Forward,22,195,9,20,,2024,,,,TRUE,,
corey-wagner,Corey,Wagner,Fremantle,Midfielder,29,181,42,34,,2016,,,,TRUE,,
brandon-walker,Brandon,Walker,Fremantle,Half Back,23,183,66,31,,2021,,,,TRUE,,
toby-whan,Toby,Whan,Fremantle,Midfielder,18,184,0,27,,2026,,,,TRUE,,
karl-worner,Karl,Worner,Fremantle,Half Back,23,188,10,23,,2023,,,,TRUE,,
tom-atkins,Tom,Atkins,Geelong,Midfielder,30,180,130,30,,2019,,,,TRUE,,
harley-barker,Harley,Barker,Geelong,Midfielder,18,188,0,26,,2026,,,,TRUE,,
mark-blicavs,Mark,Blicavs,Geelong,Ruck,35,198,273,46,,2013,,,,TRUE,,
jack-bowes,Jack,Bowes,Geelong,Midfielder,28,187,125,12,,2017,,,,TRUE,,
cillian-burke,Cillian,Burke,Geelong,Key Defender,23,192,0,41,,2026,,,,TRUE,,
jeremy-cameron,Jeremy,Cameron,Geelong,Key Forward,33,196,257,5,,2012,,,,TRUE,,
jhye-clark,Jhye,Clark,Geelong,Midfielder,21,181,19,13,,2023,,,,TRUE,,
ted-clohesy,Ted,Clohesy,Geelong,,21,184,5,40,,2023,,,,TRUE,,
brad-close,Brad,Close,Geelong,,27,181,104,45,,2020,,,,TRUE,,
bradley-close,Bradley,Close,Geelong,Forward Flank,27,183,132,45,,2026,,,,TRUE,,
toby-conway,Toby,Conway,Geelong,Ruck,23,206,6,6,,2026,,,,TRUE,,
patrick-dangerfield,Patrick,Dangerfield,Geelong,Forward Flank,36,189,340,35,,2008,,,,TRUE,,
sam-de-koning,Sam,De Koning,Geelong,Key Defender,25,204,91,16,,2026,,,,TRUE,,
oliver-dempsey,Oliver,Dempsey,Geelong,,23,185,35,28,,2022,,,,TRUE,,
ollie-dempsey,Ollie,Dempsey,Geelong,Midfielder,23,187,65,28,,2026,,,,TRUE,,
nick-driscoll,Nick,Driscoll,Geelong,Midfielder,26,0,0,27,,2026,,,,TRUE,,
mitchell-edwards,Mitchell,Edwards,Geelong,Ruck,20,206,6,11,,2026,,,,TRUE,,
zach-guthrie,Zach,Guthrie,Geelong,Half Back,27,187,105,39,,2017,,,,TRUE,,
jack-henry,Jack,Henry,Geelong,Key Defender,27,191,146,38,,2018,,,,TRUE,,
oliver-henry,Oliver,Henry,Geelong,Forward Flank,23,186,73,36,,2021,,,,TRUE,,
lennox-hoffman,Lennox,Hoffman,Geelong,Key Defender,19,191,0,23,,2026,,,,TRUE,,
max-holmes,Max,Holmes,Geelong,Midfielder,23,189,79,9,,2021,,,,TRUE,,
hunter-holmes,Hunter,Holmes,Geelong,Midfielder,19,188,0,22,,2026,,,,TRUE,,
lawson-humphries,Lawson,Humphries,Geelong,Small Defender,23,182,14,17,,2024,,,,TRUE,,
mitch-knevitt,Mitch,Knevitt,Geelong,,23,193,17,10,,2022,,,,TRUE,,
mitchell-knevitt,Mitchell,Knevitt,Geelong,Midfielder,23,193,22,10,,2026,,,,TRUE,,
sam-koning,Sam,Koning,Geelong,,25,200,65,16,,2021,,,,TRUE,,
shaun-mannagh,Shaun,Mannagh,Geelong,Small Forward,28,178,42,7,,2026,,,,TRUE,,
jack-martin,Jack,Martin,Geelong,Forward Flank,31,186,170,19,,2026,,,,TRUE,,
keighton-matofai-forbes,Keighton,Matofai-Forbes,Geelong,Half Back,20,188,0,31,,2026,,,,TRUE,,
jesse-mellor,Jesse,Mellor,Geelong,Forward Flank,19,185,0,25,,2026,,,,TRUE,,
gryan-miers,Gryan,Miers,Geelong,Small Forward,27,178,134,32,,2019,,,,TRUE,,
jacob-molier,Jacob,Molier,Geelong,Ruck,19,201,0,20,,2026,,,,TRUE,,
oisin-mullin,Oisin,Mullin,Geelong,Small Defender,26,182,21,34,,2023,,,,TRUE,,
shannon-neale,Shannon,Neale,Geelong,Key Forward,23,203,23,33,,2022,,,,TRUE,,
mark-oconnor,Mark,OConnor,Geelong,Half Back,29,191,125,42,,2017,,,,TRUE,,
connor-osullivan,Connor,OSullivan,Geelong,Key Defender,20,198,4,14,,2024,,,,TRUE,,
joe-pike,Joe,Pike,Geelong,Ruck,20,203,0,37,,2026,,,,TRUE,,
jay-polkinghorne,Jay,Polkinghorne,Geelong,Key Forward,19,191,0,2,,2026,,,,TRUE,,
bailey-smith,Bailey,Smith,Geelong,Midfielder,25,185,105,3,,2019,,,,TRUE,,
tyson-stengle,Tyson,Stengle,Geelong,Small Forward,27,172,88,18,,2017,,,,TRUE,,
george-stevens,George,Stevens,Geelong,Midfielder,21,189,2,15,,2026,,,,TRUE,,
tom-stewart,Tom,Stewart,Geelong,,33,190,173,44,,2017,,,,TRUE,,
thomas-stewart,Thomas,Stewart,Geelong,Key Defender,33,190,198,44,,2026,,,,TRUE,,
oliver-wiltshire,Oliver,Wiltshire,Geelong,Small Forward,23,180,6,21,,2026,,,,TRUE,,
james-worpel,James,Worpel,Geelong,Midfielder,27,186,152,29,,2018,,,,TRUE,,
oscar-adams,Oscar,Adams,Gold Coast,Key Defender,22,197,12,48,,2026,,,,TRUE,,
beau-addinsall,Beau,Addinsall,Gold Coast,Midfielder,19,182,0,38,,2026,,,,TRUE,,
noah-anderson,Noah,Anderson,Gold Coast,Midfielder,25,188,106,15,,2020,,,,TRUE,,
mac-andrew,Mac,Andrew,Gold Coast,Key Defender,22,201,42,1,,2022,,,,TRUE,,
charlie-ballard,Charlie,Ballard,Gold Coast,Key Defender,26,195,134,10,,2018,,,,TRUE,,
cooper-bell,Cooper,Bell,Gold Coast,Key Defender,19,199,0,31,,2026,,,,TRUE,,
sam-clohesy,Sam,Clohesy,Gold Coast,Midfielder,23,189,22,33,,2024,,,,TRUE,,
sam-collins,Sam,Collins,Gold Coast,,31,194,129,25,,2016,,,,TRUE,,
samuel-collins,Samuel,Collins,Gold Coast,Key Defender,31,194,156,25,,2026,,,,TRUE,,
koby-coulson,Koby,Coulson,Gold Coast,Midfielder,18,180,0,43,,2026,,,,TRUE,,
alex-davies,Alex,Davies,Gold Coast,Midfielder,24,193,44,5,,2026,,,,TRUE,,
asher-eastham,Asher,Eastham,Gold Coast,Key Forward,19,190,0,42,,2026,,,,TRUE,,
zak-evans,Zak,Evans,Gold Coast,Midfielder,26,190,0,36,,2026,,,,TRUE,,
jy-farrar,Jy,Farrar,Gold Coast,Key Forward,29,190,44,50,,2026,,,,TRUE,,
will-graham,Will,Graham,Gold Coast,Midfielder,20,186,19,26,,2024,,,,TRUE,,
caleb-graham,Caleb,Graham,Gold Coast,Key Defender,25,194,37,46,,2026,,,,TRUE,,
lachlan-gulbin,Lachlan,Gulbin,Gold Coast,Forward Flank,19,187,3,39,,2026,,,,TRUE,,
elliott-himmelberg,Elliott,Himmelberg,Gold Coast,Key Forward,27,196,50,12,,2026,,,,TRUE,,
nick-holman,Nick,Holman,Gold Coast,,30,189,133,7,,2014,,,,TRUE,,
nicholas-holman,Nicholas,Holman,Gold Coast,Midfielder,30,188,147,7,,2026,,,,TRUE,,
bailey-humphrey,Bailey,Humphrey,Gold Coast,Midfielder,21,186,42,19,,2023,,,,TRUE,,
joel-jeffrey,Joel,Jeffrey,Gold Coast,Key Defender,24,192,30,40,,2021,,,,TRUE,,
ben-jepson,Ben,Jepson,Gold Coast,Midfielder,24,184,1,44,,2026,,,,TRUE,,
ben-king,Ben,King,Gold Coast,Key Forward,25,202,97,34,,2019,,,,TRUE,,
max-knobel,Max,Knobel,Gold Coast,Ruck,21,206,0,37,,2026,,,,TRUE,,
caleb-lewis,Caleb,Lewis,Gold Coast,Key Forward,22,198,0,45,,2026,,,,TRUE,,
leo-lombard,Leo,Lombard,Gold Coast,Small Forward,19,179,11,8,,2026,,,,TRUE,,
ben-long,Ben,Long,Gold Coast,Forward Flank,28,184,113,22,,2017,,,,TRUE,,
touk-miller,Touk,Miller,Gold Coast,Midfielder,30,178,193,11,,2015,,,,TRUE,,
ned-moyle,Ned,Moyle,Gold Coast,Ruck,24,206,13,23,,2026,,,,TRUE,,
jai-murray,Jai,Murray,Gold Coast,Midfielder,19,185,0,35,,2026,,,,TRUE,,
john-noble,John,Noble,Gold Coast,Small Defender,29,180,114,2,,2019,,,,TRUE,,
dylan-patterson,Dylan,Patterson,Gold Coast,Half Back,18,184,0,30,,2026,,,,TRUE,,
christian-petracca,Christian,Petracca,Gold Coast,Midfielder,30,187,217,3,,2016,,,,TRUE,,
wil-powell,Wil,Powell,Gold Coast,Half Back,26,185,107,27,,2018,,,,TRUE,,
ethan-read,Ethan,Read,Gold Coast,Key Forward,20,202,6,20,,2024,,,,TRUE,,
daniel-rioli,Daniel,Rioli,Gold Coast,Small Defender,29,179,185,17,,2016,,,,TRUE,,
jake-rogers,Jake,Rogers,Gold Coast,Small Forward,21,172,11,29,,2024,,,,TRUE,,
matt-rowell,Matt,Rowell,Gold Coast,Midfielder,24,178,87,18,,2020,,,,TRUE,,
alex-sexton,Alex,Sexton,Gold Coast,,32,186,182,6,,2012,,,,TRUE,,
avery-thomas,Avery,Thomas,Gold Coast,Half Back,18,185,0,41,,2026,,,,TRUE,,
jamarra-ugle-hagan,Jamarra,Ugle-Hagan,Gold Coast,Key Forward,24,197,68,9,,2026,,,,TRUE,,
bodhi-uwland,Bodhi,Uwland,Gold Coast,Half Back,22,188,26,32,,2023,,,,TRUE,,
zeke-uwland,Zeke,Uwland,Gold Coast,Small Defender,19,179,7,32,,2026,,,,TRUE,,
jed-walter,Jed,Walter,Gold Coast,Key Forward,20,195,15,4,,2024,,,,TRUE,,
lachie-weller,Lachie,Weller,Gold Coast,,30,181,144,14,,2015,,,,TRUE,,
lachlan-weller,Lachlan,Weller,Gold Coast,Midfielder,30,182,168,14,,2026,,,,TRUE,,
jarrod-witts,Jarrod,Witts,Gold Coast,Ruck,33,209,183,28,,2013,,,,TRUE,,
leek-aleer,Leek,Aleer,GWS,Key Defender,24,194,26,21,,2026,,,,TRUE,,
cody-angove,Cody,Angove,GWS,Small Forward,19,182,4,29,,2026,,,,TRUE,,
ryan-angwin,Ryan,Angwin,GWS,Midfielder,23,185,36,9,,2026,,,,TRUE,,
lachie-ash,Lachie,Ash,GWS,,24,186,104,7,,2020,,,,TRUE,,
lachlan-ash,Lachlan,Ash,GWS,Half Back,24,188,131,7,,2026,,,,TRUE,,
toby-bedford,Toby,Bedford,GWS,Midfielder,25,178,63,14,,2020,,,,TRUE,,
kieren-briggs,Kieren,Briggs,GWS,Ruck,26,200,52,32,,2021,,,,TRUE,,
callum-brown-2000,Callum,Brown,GWS,Forward Flank,25,188,44,46,,2021,,,,TRUE,,
jack-buckley,Jack,Buckley,GWS,Key Defender,28,193,69,44,,2020,,,,TRUE,,
aaron-cadman,Aaron,Cadman,GWS,Key Forward,22,195,38,5,,2023,,,,TRUE,,
finn-callaghan,Finn,Callaghan,GWS,Midfielder,22,192,53,17,,2022,,,,TRUE,,
stephen-coniglio,Stephen,Coniglio,GWS,Midfielder,32,182,220,3,,2012,,,,TRUE,,
brent-daniels,Brent,Daniels,GWS,Small Forward,27,170,109,16,,2018,,,,TRUE,,
finnegan-davis,Finnegan,Davis,GWS,Half Back,19,188,0,45,,2026,,,,TRUE,,
josaia-delana,Josaia,Delana,GWS,Small Forward,19,176,7,38,,2026,,,,TRUE,,
joseph-fonti,Joseph,Fonti,GWS,Half Back,21,189,28,37,,2026,,,,TRUE,,
phoenix-gothard,Phoenix,Gothard,GWS,Small Forward,20,179,6,11,,2026,,,,TRUE,,
tom-green,Tom,Green,GWS,Midfielder,25,188,94,12,,2020,,,,TRUE,,
toby-greene,Toby,Greene,GWS,Midfielder,32,182,242,4,,2012,,,,TRUE,,
max-gruzewski,Max,Gruzewski,GWS,Key Forward,21,192,6,35,,2024,,,,TRUE,,
riley-hamilton,Riley,Hamilton,GWS,Midfielder,19,189,0,43,,2026,,,,TRUE,,
oliver-hannaford,Oliver,Hannaford,GWS,Midfielder,19,180,3,13,,2026,,,,TRUE,,
harry-himmelberg,Harry,Himmelberg,GWS,,29,194,180,27,,2016,,,,TRUE,,
harrison-himmelberg,Harrison,Himmelberg,GWS,Key Defender,29,195,207,27,,2026,,,,TRUE,,
jesse-hogan,Jesse,Hogan,GWS,Key Forward,31,195,166,23,,2015,,,,TRUE,,
connor-idun,Connor,Idun,GWS,Key Defender,25,191,96,39,,2019,,,,TRUE,,
darcy-jones,Darcy,Jones,GWS,Small Forward,22,175,17,2,,2024,,,,TRUE,,
lachlan-keeffe,Lachlan,Keeffe,GWS,,36,204,119,25,,2011,,,,TRUE,,
josh-kelly,Josh,Kelly,GWS,,31,184,218,22,,2014,,,,TRUE,,
joshua-kelly,Joshua,Kelly,GWS,Midfielder,31,184,230,22,,2026,,,,TRUE,,
jayden-laverde,Jayden,Laverde,GWS,Key Defender,30,193,151,25,,2026,,,,TRUE,,
james-leake,James,Leake,GWS,Half Back,20,188,2,30,,2025,,,,TRUE,,
nick-madden,Nick,Madden,GWS,Ruck,21,204,5,41,,2026,,,,TRUE,,
toby-mcmullin,Toby,McMullin,GWS,Midfielder,21,183,29,31,,2026,,,,TRUE,,
xavier-ohalloran,Xavier,OHalloran,GWS,Midfielder,25,186,70,33,,2020,,,,TRUE,,
clayton-oliver,Clayton,Oliver,GWS,Midfielder,28,189,211,10,,2016,,,,TRUE,,
harrison-oliver,Harrison,Oliver,GWS,Small Defender,19,181,0,19,,2026,,,,TRUE,,
jack-ough,Jack,Ough,GWS,Midfielder,19,194,0,28,,2026,,,,TRUE,,
harry-rowston,Harry,Rowston,GWS,Midfielder,21,182,21,24,,2026,,,,TRUE,,
logan-smith,Logan,Smith,GWS,Ruck,19,204,0,36,,2026,,,,TRUE,,
conor-stone,Conor,Stone,GWS,Half Back,24,188,16,18,,2021,,,,TRUE,,
jake-stringer,Jake,Stringer,GWS,Key Forward,32,192,213,20,,2013,,,,TRUE,,
sam-taylor,Sam,Taylor,GWS,Key Defender,26,196,114,15,,2018,,,,TRUE,,
oskar-taylor,Oskar,Taylor,GWS,Small Defender,18,182,0,34,,2026,,,,TRUE,,
harvey-thomas,Harvey,Thomas,GWS,Midfielder,20,176,46,1,,2026,,,,TRUE,,
callan-ward,Callan,Ward,GWS,,36,187,318,8,,2008,,,,TRUE,,
nathan-wardius,Nathan,Wardius,GWS,Small Forward,21,181,0,42,,2026,,,,TRUE,,
lachie-whitfield,Lachie,Whitfield,GWS,Half Back,31,187,237,6,,2013,,,,TRUE,,
karl-amon,Karl,Amon,Hawthorn,Small Defender,30,181,174,10,,2015,,,,TRUE,,
cody-anderson,Cody,Anderson,Hawthorn,Midfielder,20,183,0,32,,2026,,,,TRUE,,
tom-barrass,Tom,Barrass,Hawthorn,Key Defender,30,196,154,37,,2015,,,,TRUE,,
josh-battle,Josh,Battle,Hawthorn,Key Defender,27,193,127,24,,2017,,,,TRUE,,
james-blanck,James,Blanck,Hawthorn,Key Defender,25,196,24,36,,2026,,,,TRUE,,
luke-breust,Luke,Breust,Hawthorn,,35,184,301,22,,2011,,,,TRUE,,
sam-butler,Sam,Butler,Hawthorn,Midfielder,23,184,31,30,,2026,,,,TRUE,,
mabior-chol,Mabior,Chol,Hawthorn,Key Forward,29,200,88,18,,2016,,,,TRUE,,
jack-dalton,Jack,Dalton,Hawthorn,Midfielder,19,178,2,34,,2026,,,,TRUE,,
massimo-dambrosio,Massimo,DAmbrosio,Hawthorn,Midfielder,22,178,44,16,,2022,,,,TRUE,,
will-day,Will,Day,Hawthorn,Midfielder,24,187,74,12,,2020,,,,TRUE,,
calsher-dear,Calsher,Dear,Hawthorn,Key Forward,20,195,28,13,,2026,,,,TRUE,,
sam-frost,Sam,Frost,Hawthorn,,32,194,185,8,,2012,,,,TRUE,,
jack-ginnivan,Jack,Ginnivan,Hawthorn,Forward Flank,23,183,69,33,,2021,,,,TRUE,,
ollie-greeves,Ollie,Greeves,Hawthorn,Midfielder,19,192,0,35,,2026,,,,TRUE,,
jack-gunston,Jack,Gunston,Hawthorn,Key Forward,34,193,262,19,,2010,,,,TRUE,,
blake-hardwick,Blake,Hardwick,Hawthorn,Half Back,29,181,176,15,,2016,,,,TRUE,,
matt-hill,Matt,Hill,Hawthorn,Half Back,22,187,0,41,,2026,,,,TRUE,,
henry-hustwaite,Henry,Hustwaite,Hawthorn,Midfielder,21,195,10,44,,2026,,,,TRUE,,
jarman-impey,Jarman,Impey,Hawthorn,Small Defender,30,178,201,4,,2014,,,,TRUE,,
matthew-leray,Matthew,LeRay,Hawthorn,Midfielder,19,188,0,31,,2026,,,,TRUE,,
mitchell-lewis,Mitchell,Lewis,Hawthorn,Key Forward,27,199,85,2,,2026,,,,TRUE,,
connor-macdonald,Connor,Macdonald,Hawthorn,Forward Flank,23,184,69,31,,2022,,,,TRUE,,
bailey-macdonald,Bailey,Macdonald,Hawthorn,Small Defender,21,182,8,42,,2026,,,,TRUE,,
cam-mackenzie,Cam,Mackenzie,Hawthorn,,22,188,38,28,,2023,,,,TRUE,,
cameron-mackenzie,Cameron,Mackenzie,Hawthorn,Midfielder,22,188,51,28,,2026,,,,TRUE,,
finn-maginness,Finn,Maginness,Hawthorn,Forward Flank,25,187,49,20,,2020,,,,TRUE,,
william-mccabe,William,McCabe,Hawthorn,Key Defender,20,197,1,27,,2026,,,,TRUE,,
lloyd-meek,Lloyd,Meek,Hawthorn,Ruck,28,203,56,17,,2021,,,,TRUE,,
dylan-moore,Dylan,Moore,Hawthorn,Small Forward,26,176,104,13,,2019,,,,TRUE,,
harry-morrison,Harry,Morrison,Hawthorn,Midfielder,27,180,107,1,,2017,,,,TRUE,,
noah-mraz,Noah,Mraz,Hawthorn,Key Defender,20,198,0,21,,2026,,,,TRUE,,
cameron-nairn,Cameron,Nairn,Hawthorn,Midfielder,18,188,0,22,,2026,,,,TRUE,,
conor-nash,Conor,Nash,Hawthorn,Midfielder,27,197,102,11,,2018,,,,TRUE,,
jai-newcombe,Jai,Newcombe,Hawthorn,Midfielder,24,186,80,3,,2021,,,,TRUE,,
flynn-perez,Flynn,Perez,Hawthorn,Half Back,24,188,27,39,,2026,,,,TRUE,,
max-ramsden,Max,Ramsden,Hawthorn,Key Forward,23,203,9,38,,2026,,,,TRUE,,
ned-reeves,Ned,Reeves,Hawthorn,Ruck,27,210,49,7,,2026,,,,TRUE,,
bodie-ryan,Bodie,Ryan,Hawthorn,Half Back,21,187,0,26,,2026,,,,TRUE,,
aidan-schubert,Aidan,Schubert,Hawthorn,Key Forward,18,198,0,29,,2026,,,,TRUE,,
jack-scrimshaw,Jack,Scrimshaw,Hawthorn,Key Defender,27,193,109,14,,2017,,,,TRUE,,
james-sicily,James,Sicily,Hawthorn,Half Back,31,186,160,6,,2015,,,,TRUE,,
jaime-uhr-henry,Jaime,Uhr-Henry,Hawthorn,Ruck,23,209,0,43,,2026,,,,TRUE,,
josh-ward,Josh,Ward,Hawthorn,Midfielder,22,181,45,25,,2022,,,,TRUE,,
nick-watson,Nick,Watson,Hawthorn,Small Forward,21,170,22,34,,2024,,,,TRUE,,
josh-weddle,Josh,Weddle,Hawthorn,,21,191,46,23,,2023,,,,TRUE,,
joshua-weddle,Joshua,Weddle,Hawthorn,Key Defender,21,191,67,23,,2026,,,,TRUE,,
jed-adams,Jed,Adams,Melbourne,Key Defender,21,196,1,26,,2026,,,,TRUE,,
oscar-berry,Oscar,Berry,Melbourne,Key Defender,0,196,0,38,,2026,,,,TRUE,,
jack-billings,Jack,Billings,Melbourne,,30,184,172,14,,2014,,,,TRUE,,
jake-bowey,Jake,Bowey,Melbourne,Small Defender,23,175,64,17,,2021,,,,TRUE,,
tom-campbell,Tom,Campbell,Melbourne,Ruck,34,201,58,29,,2026,,,,TRUE,,
kade-chandler,Kade,Chandler,Melbourne,Small Forward,26,174,59,37,,2019,,,,TRUE,,
paddy-cross,Paddy,Cross,Melbourne,Small Forward,23,181,1,41,,2026,,,,TRUE,,
jai-culley,Jai,Culley,Melbourne,Midfielder,23,194,23,13,,2026,,,,TRUE,,
bayley-fritsch,Bayley,Fritsch,Melbourne,Forward Flank,29,188,152,31,,2018,,,,TRUE,,
max-gawn,Max,Gawn,Melbourne,Ruck,34,208,227,11,,2011,,,,TRUE,,
max-heath,Max,Heath,Melbourne,Key Forward,23,204,6,27,,2026,,,,TRUE,,
jack-henderson,Jack,Henderson,Melbourne,Small Forward,26,176,3,43,,2025,,,,TRUE,,
blake-howes,Blake,Howes,Melbourne,Key Defender,23,191,19,22,,2024,,,,TRUE,,
matthew-jefferson,Matthew,Jefferson,Melbourne,Key Forward,22,195,2,21,,2025,,,,TRUE,,
changkuoth-jiath,Changkuoth,Jiath,Melbourne,Half Back,26,185,80,14,,2019,,,,TRUE,,
aidan-johnson,Aidan,Johnson,Melbourne,Key Forward,26,193,2,42,,2025,,,,TRUE,,
luker-kentfield,Luker,Kentfield,Melbourne,Key Forward,20,194,0,44,,2026,,,,TRUE,,
ed-langdon,Ed,Langdon,Melbourne,Midfielder,30,182,182,15,,2015,,,,TRUE,,
harvey-langford,Harvey,Langford,Melbourne,Midfielder,20,191,2,19,,2025,,,,TRUE,,
bailey-laurie,Bailey,Laurie,Melbourne,Small Forward,24,179,15,16,,2026,,,,TRUE,,
jake-lever,Jake,Lever,Melbourne,Key Defender,30,195,180,8,,2015,,,,TRUE,,
xavier-lindsay,Xavier,Lindsay,Melbourne,Half Back,19,183,3,20,,2025,,,,TRUE,,
thomas-matthews,Thomas,Matthews,Melbourne,Small Forward,19,171,0,20,,2026,,,,TRUE,,
steven-may,Steven,May,Melbourne,Key Defender,34,193,236,1,,2011,,,,TRUE,,
tom-mcdonald,Tom,McDonald,Melbourne,Key Defender,33,194,235,25,,2011,,,,TRUE,,
jake-melksham,Jake,Melksham,Melbourne,Forward Flank,34,186,230,18,,2010,,,,TRUE,,
ricky-mentha,Ricky,Mentha,Melbourne,Small Defender,19,178,0,39,,2026,,,,TRUE,,
brody-mihocek,Brody,Mihocek,Melbourne,Key Forward,33,192,166,28,,2018,,,,TRUE,,
andy-moniz-wakefield,Andy,Moniz-Wakefield,Melbourne,Small Defender,22,182,6,45,,2026,,,,TRUE,,
riley-onley,Riley,Onley,Melbourne,Midfielder,26,0,0,40,,2026,,,,TRUE,,
harry-petty,Harry,Petty,Melbourne,,26,197,85,35,,2018,,,,TRUE,,
harrison-petty,Harrison,Petty,Melbourne,Key Defender,26,197,107,35,,2026,,,,TRUE,,
latrelle-pickett,Latrelle,Pickett,Melbourne,Small Forward,20,182,7,33,,2026,,,,TRUE,,
trent-rivers,Trent,Rivers,Melbourne,Half Back,24,188,103,24,,2020,,,,TRUE,,
jacob-rooyen,Jacob,Rooyen,Melbourne,,23,193,44,2,,2023,,,,TRUE,,
christian-salem,Christian,Salem,Melbourne,Half Back,30,183,179,3,,2014,,,,TRUE,,
harry-sharp,Harry,Sharp,Melbourne,Small Forward,23,183,19,30,,2021,,,,TRUE,,
tom-sparrow,Tom,Sparrow,Melbourne,Midfielder,25,183,98,32,,2019,,,,TRUE,,
jack-steele,Jack,Steele,Melbourne,Midfielder,30,187,209,9,,2015,,,,TRUE,,
xavier-taylor,Xavier,Taylor,Melbourne,Key Defender,19,192,2,19,,2026,,,,TRUE,,
koltyn-tholstrup,Koltyn,Tholstrup,Melbourne,Half Back,20,186,26,12,,2026,,,,TRUE,,
daniel-turner,Daniel,Turner,Melbourne,Key Defender,24,194,19,10,,2022,,,,TRUE,,
jacob-van-rooyen,Jacob,Van Rooyen,Melbourne,Key Forward,23,193,64,2,,2026,,,,TRUE,,
jack-viney,Jack,Viney,Melbourne,Midfielder,32,178,222,7,,2013,,,,TRUE,,
kalani-white,Kalani,White,Melbourne,Key Forward,18,201,0,34,,2026,,,,TRUE,,
caleb-windsor,Caleb,Windsor,Melbourne,Half Back,20,185,20,6,,2024,,,,TRUE,,
taj-woewodin,Taj,Woewodin,Melbourne,,23,182,21,40,,2023,,,,TRUE,,
jackson-archer,Jackson,Archer,North Melbourne,Half Back,23,185,24,34,,2022,,,,TRUE,,
zac-banch,Zac,Banch,North Melbourne,Small Forward,22,175,6,45,,2026,,,,TRUE,,
tom-blamires,Tom,Blamires,North Melbourne,Small Defender,23,181,6,39,,2026,,,,TRUE,,
callum-coleman-jones,Callum,Coleman-Jones,North Melbourne,Ruck,26,200,36,21,,2026,,,,TRUE,,
charlie-comben,Charlie,Comben,North Melbourne,Key Defender,24,199,31,30,,2021,,,,TRUE,,
aidan-corr,Aidan,Corr,North Melbourne,Key Defender,31,195,165,4,,2013,,,,TRUE,,
paul-curtis,Paul,Curtis,North Melbourne,Forward Flank,23,185,62,25,,2022,,,,TRUE,,
caleb-daniel,Caleb,Daniel,North Melbourne,Small Defender,29,168,195,5,,2015,,,,TRUE,,
jack-darling,Jack,Darling,North Melbourne,Key Forward,33,191,301,28,,2011,,,,TRUE,,
luke-davies-uniacke,Luke,Davies-Uniacke,North Melbourne,Midfielder,26,188,111,9,,2018,,,,TRUE,,
wil-dawson,Wil,Dawson,North Melbourne,Key Defender,20,200,8,18,,2026,,,,TRUE,,
lachy-dovaston,Lachy,Dovaston,North Melbourne,Small Forward,18,178,4,1,,2026,,,,TRUE,,
zane-duursma,Zane,Duursma,North Melbourne,Key Defender,20,190,29,7,,2026,,,,TRUE,,
brayden-george,Brayden,George,North Melbourne,Forward Flank,22,187,0,33,,2026,,,,TRUE,,
taylor-goad,Taylor,Goad,North Melbourne,Ruck,20,207,0,22,,2026,,,,TRUE,,
josh-goater,Josh,Goater,North Melbourne,Key Defender,22,190,12,31,,2026,,,,TRUE,,
robert-hansen,Robert,Hansen,North Melbourne,Midfielder,22,182,11,46,,2023,,,,TRUE,,
riley-hardeman,Riley,Hardeman,North Melbourne,Half Back,21,184,20,17,,2026,,,,TRUE,,
cooper-harvey,Cooper,Harvey,North Melbourne,Small Forward,21,180,10,37,,2026,,,,TRUE,,
jacob-konstanty,Jacob,Konstanty,North Melbourne,Small Forward,21,177,3,41,,2025,,,,TRUE,,
nick-larkey,Nick,Larkey,North Melbourne,Key Forward,27,198,120,20,,2017,,,,TRUE,,
griffin-logue,Griffin,Logue,North Melbourne,Key Defender,28,193,82,19,,2017,,,,TRUE,,
luke-mcdonald,Luke,McDonald,North Melbourne,Half Back,31,189,206,11,,2014,,,,TRUE,,
colby-mckercher,Colby,McKercher,North Melbourne,Small Defender,21,182,19,10,,2024,,,,TRUE,,
hugo-mikunda,Hugo,Mikunda,North Melbourne,Midfielder,19,180,0,28,,2026,,,,TRUE,,
finn-osullivan,Finn,OSullivan,North Melbourne,Small Defender,19,182,3,2,,2025,,,,TRUE,,
luke-parker,Luke,Parker,North Melbourne,Half Back,33,183,296,26,,2011,,,,TRUE,,
will-phillips,Will,Phillips,North Melbourne,,23,180,46,29,,2021,,,,TRUE,,
toby-pink,Toby,Pink,North Melbourne,Key Defender,27,194,17,32,,2024,,,,TRUE,,
tom-powell,Tom,Powell,North Melbourne,Midfielder,24,183,71,24,,2021,,,,TRUE,,
bailey-scott,Bailey,Scott,North Melbourne,Midfielder,25,186,104,8,,2019,,,,TRUE,,
harry-sheezel,Harry,Sheezel,North Melbourne,Midfielder,21,185,47,3,,2023,,,,TRUE,,
jy-simpkin,Jy,Simpkin,North Melbourne,Midfielder,28,182,155,12,,2017,,,,TRUE,,
charlie-spargo,Charlie,Spargo,North Melbourne,Small Forward,26,172,110,13,,2018,,,,TRUE,,
dylan-stephens,Dylan,Stephens,North Melbourne,Midfielder,25,183,61,15,,2020,,,,TRUE,,
river-stevens,River,Stevens,North Melbourne,Midfielder,19,176,0,36,,2026,,,,TRUE,,
blake-thredgold,Blake,Thredgold,North Melbourne,Key Defender,18,195,0,23,,2026,,,,TRUE,,
cooper-trembath,Cooper,Trembath,North Melbourne,Key Forward,20,193,9,47,,2026,,,,TRUE,,
darcy-tucker,Darcy,Tucker,North Melbourne,,29,184,152,13,,2016,,,,TRUE,,
luke-urquhart,Luke,Urquhart,North Melbourne,Midfielder,19,184,0,14,,2026,,,,TRUE,,
george-wardlaw,George,Wardlaw,North Melbourne,Midfielder,21,182,43,6,,2026,,,,TRUE,,
matt-whitlock,Matt,Whitlock,North Melbourne,Key Defender,19,198,2,35,,2026,,,,TRUE,,
tristan-xerri,Tristan,Xerri,North Melbourne,Ruck,27,201,59,38,,2020,,,,TRUE,,
cameron-zurhaar,Cameron,Zurhaar,North Melbourne,Key Forward,27,189,124,44,,2017,,,,TRUE,,
aliir-aliir,Aliir,Aliir,Port Adelaide,Key Defender,31,195,159,21,,2016,,,,TRUE,,
tom-anastasopoulos,Tom,Anastasopoulos,Port Adelaide,Small Forward,20,176,0,29,,2026,,,,TRUE,,
benny-barrett,Benny,Barrett,Port Adelaide,Midfielder,19,172,0,40,,2026,,,,TRUE,,
miles-bergman,Miles,Bergman,Port Adelaide,Half Back,24,186,86,14,,2021,,,,TRUE,,
joe-berry,Joe,Berry,Port Adelaide,Small Forward,20,181,3,5,,2025,,,,TRUE,,
travis-boak,Travis,Boak,Port Adelaide,,37,183,374,10,,2007,,,,TRUE,,
will-brodie,Will,Brodie,Port Adelaide,Midfielder,27,190,55,23,,2026,,,,TRUE,,
jase-burgoyne,Jase,Burgoyne,Port Adelaide,Half Back,22,186,39,7,,2022,,,,TRUE,,
ryan-burton,Ryan,Burton,Port Adelaide,,29,191,156,3,,2016,,,,TRUE,,
darcy-byrne-jones,Darcy,Byrne-Jones,Port Adelaide,Small Defender,30,181,202,33,,2016,,,,TRUE,,
tom-cochrane,Tom,Cochrane,Port Adelaide,Small Forward,20,182,1,37,,2025,,,,TRUE,,
willem-drew,Willem,Drew,Port Adelaide,Midfielder,27,188,110,28,,2019,,,,TRUE,,
corey-durdin,Corey,Durdin,Port Adelaide,Small Forward,24,173,71,44,,2026,,,,TRUE,,
logan-evans,Logan,Evans,Port Adelaide,Half Back,20,189,16,22,,2024,,,,TRUE,,
kane-farrell,Kane,Farrell,Port Adelaide,Small Defender,27,182,96,6,,2018,,,,TRUE,,
jeremy-finlayson,Jeremy,Finlayson,Port Adelaide,,30,196,121,11,,2017,,,,TRUE,,
mitch-georgiades,Mitch,Georgiades,Port Adelaide,Key Forward,24,191,72,19,,2020,,,,TRUE,,
jason-horne-francis,Jason,Horne-Francis,Port Adelaide,Midfielder,22,185,68,18,,2022,,,,TRUE,,
lachie-jones,Lachie,Jones,Port Adelaide,,24,188,58,34,,2021,,,,TRUE,,
lachlan-jones,Lachlan,Jones,Port Adelaide,Half Back,24,186,80,34,,2026,,,,TRUE,,
josh-lai,Josh,Lai,Port Adelaide,Half Back,20,185,5,43,,2026,,,,TRUE,,
mani-liddy,Mani,Liddy,Port Adelaide,Midfielder,24,181,9,50,,2026,,,,TRUE,,
ollie-lord,Ollie,Lord,Port Adelaide,Key Forward,24,197,35,30,,2026,,,,TRUE,,
will-lorenz,Will,Lorenz,Port Adelaide,Midfielder,21,186,8,36,,2026,,,,TRUE,,
jack-lukosius,Jack,Lukosius,Port Adelaide,Key Forward,25,195,118,12,,2019,,,,TRUE,,
ewan-mackinlay,Ewan,Mackinlay,Port Adelaide,Midfielder,22,182,8,31,,2026,,,,TRUE,,
jackson-mead,Jackson,Mead,Port Adelaide,Midfielder,24,184,47,44,,2022,,,,TRUE,,
christian-moraes,Christian,Moraes,Port Adelaide,Midfielder,19,183,2,31,,2025,,,,TRUE,,
jacob-moss,Jacob,Moss,Port Adelaide,Key Defender,21,198,0,42,,2026,,,,TRUE,,
balyn-obrien,Balyn,O'Brien,Port Adelaide,Half Back,19,187,0,41,,2026,,,,TRUE,,
sam-powell-pepper,Sam,Powell-Pepper,Port Adelaide,Forward Flank,28,187,145,2,,2017,,,,TRUE,,
harrison-ramm,Harrison,Ramm,Port Adelaide,Key Defender,19,202,1,32,,2026,,,,TRUE,,
esava-ratugolea,Esava,Ratugolea,Port Adelaide,Key Defender,27,197,99,27,,2018,,,,TRUE,,
joe-richards,Joe,Richards,Port Adelaide,Small Forward,26,177,12,35,,2024,,,,TRUE,,
willie-rioli,Willie,Rioli,Port Adelaide,,30,175,93,15,,2018,,,,TRUE,,
connor-rozee,Connor,Rozee,Port Adelaide,Half Back,26,185,132,1,,2019,,,,TRUE,,
josh-sinn,Josh,Sinn,Port Adelaide,Half Back,23,187,13,8,,2022,,,,TRUE,,
ivan-soldo,Ivan,Soldo,Port Adelaide,Key Forward,30,204,66,13,,2017,,,,TRUE,,
jordon-sweet,Jordon,Sweet,Port Adelaide,Ruck,28,203,31,24,,2021,,,,TRUE,,
dante-visentini,Dante,Visentini,Port Adelaide,Ruck,23,202,17,38,,2026,,,,TRUE,,
xavier-walsh,Xavier,Walsh,Port Adelaide,Key Forward,20,195,0,45,,2026,,,,TRUE,,
jack-watkins,Jack,Watkins,Port Adelaide,Midfielder,26,0,6,37,,2026,,,,TRUE,,
jacob-wehr,Jacob,Wehr,Port Adelaide,Half Back,27,185,46,15,,2022,,,,TRUE,,
jack-whitlock,Jack,Whitlock,Port Adelaide,Key Forward,19,200,11,17,,2026,,,,TRUE,,
ollie-wines,Ollie,Wines,Port Adelaide,,31,190,256,16,,2013,,,,TRUE,,
oliver-wines,Oliver,Wines,Port Adelaide,Midfielder,31,187,277,16,,2026,,,,TRUE,,
mitch-zadow,Mitch,Zadow,Port Adelaide,Small Forward,22,180,1,39,,2026,,,,TRUE,,
jasper-alger,Jasper,Alger,Richmond,Forward Flank,19,183,5,29,,2026,,,,TRUE,,
harry-armstrong,Harry,Armstrong,Richmond,Key Forward,19,195,3,34,,2025,,,,TRUE,,
sam-banks,Sam,Banks,Richmond,Half Back,23,187,23,41,,2023,,,,TRUE,,
jacob-bauer,Jacob,Bauer,Richmond,,23,192,10,43,,2023,,,,TRUE,,
jacob-blight,Jacob,Blight,Richmond,,24,196,6,46,,2024,,,,TRUE,,
nathan-broad,Nathan,Broad,Richmond,Key Defender,33,192,151,35,,2016,,,,TRUE,,
tom-brown,Tom,Brown,Richmond,Key Defender,22,193,22,30,,2023,,,,TRUE,,
thomas-burton,Thomas,Burton,Richmond,Midfielder,19,178,1,45,,2026,,,,TRUE,,
seth-campbell,Seth,Campbell,Richmond,Small Forward,21,182,24,44,,2024,,,,TRUE,,
judson-clarke,Judson,Clarke,Richmond,Small Forward,22,180,17,23,,2026,,,,TRUE,,
sam-cumming,Sam,Cumming,Richmond,Midfielder,18,184,1,22,,2026,,,,TRUE,,
thomson-dow,Thomson,Dow,Richmond,,24,182,37,27,,2020,,,,TRUE,,
jonty-faull,Jonty,Faull,Richmond,Key Forward,20,195,22,8,,2026,,,,TRUE,,
liam-fawcett,Liam,Fawcett,Richmond,Key Forward,21,197,1,37,,2025,,,,TRUE,,
josh-gibcus,Josh,Gibcus,Richmond,Key Defender,23,196,22,18,,2026,,,,TRUE,,
campbell-gray,Campbell,Gray,Richmond,Key Defender,22,195,9,50,,2026,,,,TRUE,,
steely-green,Steely,Green,Richmond,Small Forward,22,179,9,48,,2024,,,,TRUE,,
samuel-grlj,Samuel,Grlj,Richmond,Small Defender,18,182,7,24,,2026,,,,TRUE,,
oliver-hayes-brown,Oliver,Hayes-Brown,Richmond,Ruck,25,208,1,47,,2026,,,,TRUE,,
jacob-hopper,Jacob,Hopper,Richmond,Midfielder,29,187,145,2,,2016,,,,TRUE,,
taj-hotton,Taj,Hotton,Richmond,Small Forward,19,182,7,10,,2026,,,,TRUE,,
sam-lalor,Sam,Lalor,Richmond,Midfielder,19,188,3,22,,2025,,,,TRUE,,
mykelti-lefau,Mykelti,Lefau,Richmond,Key Forward,27,195,17,42,,2026,,,,TRUE,,
tom-lynch-1992,Tom,Lynch,Richmond,Key Forward,33,199,222,19,,2011,,,,TRUE,,
rhyan-mansell,Rhyan,Mansell,Richmond,Small Forward,25,180,56,7,,2021,,,,TRUE,,
kane-mcauliffe,Kane,McAuliffe,Richmond,Midfielder,21,187,18,28,,2026,,,,TRUE,,
kamdyn-mcintosh,Kamdyn,McIntosh,Richmond,,32,191,193,33,,2015,,,,TRUE,,
ben-miller,Ben,Miller,Richmond,Key Defender,26,195,49,12,,2021,,,,TRUE,,
toby-nankervis,Toby,Nankervis,Richmond,Ruck,31,199,160,25,,2015,,,,TRUE,,
zane-peucker,Zane,Peucker,Richmond,Midfielder,18,180,0,26,,2026,,,,TRUE,,
patrick-retschko,Patrick,Retschko,Richmond,Midfielder,20,186,2,33,,2026,,,,TRUE,,
noah-roberts-thomson,Noah,Roberts-Thomson,Richmond,Midfielder,19,181,0,27,,2026,,,,TRUE,,
jack-ross,Jack,Ross,Richmond,Midfielder,25,187,73,5,,2019,,,,TRUE,,
samson-ryan,Samson,Ryan,Richmond,Ruck,25,206,28,32,,2026,,,,TRUE,,
jayden-short,Jayden,Short,Richmond,Small Defender,30,178,178,15,,2016,,,,TRUE,,
thomas-sims,Thomas,Sims,Richmond,Key Forward,19,199,11,38,,2026,,,,TRUE,,
josh-smillie,Josh,Smillie,Richmond,Midfielder,19,195,0,16,,2026,,,,TRUE,,
kaleb-smith,Kaleb,Smith,Richmond,Small Defender,21,181,6,49,,2024,,,,TRUE,,
tyler-sonsie,Tyler,Sonsie,Richmond,Midfielder,23,181,26,40,,2022,,,,TRUE,,
tim-taranto,Tim,Taranto,Richmond,Midfielder,28,187,155,14,,2017,,,,TRUE,,
luke-trainor,Luke,Trainor,Richmond,Key Defender,20,193,3,31,,2025,,,,TRUE,,
james-trezise,James,Trezise,Richmond,Midfielder,23,188,11,36,,2023,,,,TRUE,,
nick-vlastuin,Nick,Vlastuin,Richmond,Half Back,32,187,236,1,,2013,,,,TRUE,,
eamonn-armstrong,Eamonn,Armstrong,St Kilda,Key Defender,19,191,0,46,,2026,,,,TRUE,,
charlie-banfield,Charlie,Banfield,St Kilda,Midfielder,18,192,0,36,,2026,,,,TRUE,,
james-barrat,James,Barrat,St Kilda,Key Defender,19,194,0,28,,2026,,,,TRUE,,
hugh-boxshall,Hugh,Boxshall,St Kilda,Midfielder,19,188,16,38,,2026,,,,TRUE,,
harry-boyd,Harry,Boyd,St Kilda,,28,198,1,31,,2025,,,,TRUE,,
daniel-butler,Daniel,Butler,St Kilda,Small Forward,29,182,155,16,,2026,,,,TRUE,,
ryan-byrnes,Ryan,Byrnes,St Kilda,Small Defender,24,181,66,13,,2020,,,,TRUE,,
anthony-caminiti,Anthony,Caminiti,St Kilda,Key Defender,22,196,36,47,,2023,,,,TRUE,,
jack-carroll,Jack,Carroll,St Kilda,Half Back,23,188,31,18,,2026,,,,TRUE,,
hunter-clark,Hunter,Clark,St Kilda,Midfielder,27,187,100,11,,2018,,,,TRUE,,
lance-collard,Lance,Collard,St Kilda,Forward Flank,21,185,5,4,,2024,,,,TRUE,,
zaine-cordy,Zaine,Cordy,St Kilda,,29,193,141,21,,2015,,,,TRUE,,
tom-de-koning,Tom,De Koning,St Kilda,Ruck,26,201,107,21,,2026,,,,TRUE,,
alex-dodson,Alex,Dodson,St Kilda,Key Forward,19,203,1,30,,2026,,,,TRUE,,
kye-fincher,Kye,Fincher,St Kilda,Half Back,18,186,0,37,,2026,,,,TRUE,,
sam-flanders,Sam,Flanders,St Kilda,Midfielder,24,183,96,9,,2020,,,,TRUE,,
hugo-garcia,Hugo,Garcia,St Kilda,Midfielder,20,185,12,34,,2024,,,,TRUE,,
max-hall,Max,Hall,St Kilda,Forward Flank,24,183,3,40,,2025,,,,TRUE,,
angus-hastie,Angus,Hastie,St Kilda,Key Defender,20,190,7,24,,2024,,,,TRUE,,
jack-higgins,Jack,Higgins,St Kilda,Small Forward,27,177,125,1,,2018,,,,TRUE,,
bradley-hill,Bradley,Hill,St Kilda,Midfielder,32,179,258,8,,2012,,,,TRUE,,
zak-jones,Zak,Jones,St Kilda,,31,181,152,3,,2014,,,,TRUE,,
isaac-keeler,Isaac,Keeler,St Kilda,Key Forward,22,198,2,17,,2025,,,,TRUE,,
jack-macrae,Jack,Macrae,St Kilda,,31,191,252,6,,2013,,,,TRUE,,
jackson-macrae,Jackson,Macrae,St Kilda,Midfielder,31,192,272,6,,2026,,,,TRUE,,
rowan-marshall,Rowan,Marshall,St Kilda,Key Forward,30,201,136,19,,2017,,,,TRUE,,
kobe-mcdonald,Kobe,McDonald,St Kilda,Key Defender,18,193,0,42,,2026,,,,TRUE,,
liam-oconnell,Liam,OConnell,St Kilda,Half Back,23,189,3,45,,2025,,,,TRUE,,
mitch-owens,Mitch,Owens,St Kilda,,22,190,55,10,,2022,,,,TRUE,,
mitchito-owens,Mitchito,Owens,St Kilda,Key Forward,22,191,79,10,,2026,,,,TRUE,,
mattaes-phillipou,Mattaes,Phillipou,St Kilda,Midfielder,21,190,51,25,,2026,,,,TRUE,,
liam-ryan,Liam,Ryan,St Kilda,Small Forward,29,181,132,31,,2018,,,,TRUE,,
patrick-said,Patrick,Said,St Kilda,Midfielder,20,180,0,33,,2026,,,,TRUE,,
arie-schoenmaker,Arie,Schoenmaker,St Kilda,,21,194,5,27,,2024,,,,TRUE,,
cooper-sharman,Cooper,Sharman,St Kilda,Key Forward,25,193,50,43,,2021,,,,TRUE,,
jack-silvagni,Jack,Silvagni,St Kilda,Key Defender,28,194,135,3,,2016,,,,TRUE,,
jack-sinclair,Jack,Sinclair,St Kilda,Small Defender,31,181,190,35,,2015,,,,TRUE,,
liam-stocker,Liam,Stocker,St Kilda,Half Back,26,184,68,14,,2019,,,,TRUE,,
alix-tauru,Alix,Tauru,St Kilda,Key Defender,19,193,15,26,,2026,,,,TRUE,,
tobie-travaglia,Tobie,Travaglia,St Kilda,Half Back,19,187,1,5,,2025,,,,TRUE,,
nasiah-wanganeen-milera,Nasiah,Wanganeen-Milera,St Kilda,Half Back,23,187,66,7,,2022,,,,TRUE,,
jimmy-webster,Jimmy,Webster,St Kilda,,32,188,168,29,,2013,,,,TRUE,,
callum-wilkie,Callum,Wilkie,St Kilda,Key Defender,30,191,135,44,,2019,,,,TRUE,,
darcy-wilson,Darcy,Wilson,St Kilda,Midfielder,20,185,26,22,,2024,,,,TRUE,,
marcus-windhager,Marcus,Windhager,St Kilda,Half Back,22,185,55,2,,2022,,,,TRUE,,
mason-wood,Mason,Wood,St Kilda,Midfielder,32,192,138,32,,2014,,,,TRUE,,
taylor-adams,Taylor,Adams,Sydney,Small Forward,32,181,226,3,,2012,,,,TRUE,,
joel-amartey,Joel,Amartey,Sydney,Key Forward,26,197,56,36,,2020,,,,TRUE,,
riak-andrew,Riak,Andrew,Sydney,Key Defender,21,193,0,20,,2026,,,,TRUE,,
riley-bice,Riley,Bice,Sydney,Half Back,25,185,2,26,,2025,,,,TRUE,,
nick-blakey,Nick,Blakey,Sydney,Key Defender,26,195,131,22,,2019,,,,TRUE,,
ned-bowman,Ned,Bowman,Sydney,Forward Flank,19,186,0,23,,2026,,,,TRUE,,
braeden-campbell,Braeden,Campbell,Sydney,Small Forward,24,181,74,16,,2021,,,,TRUE,,
noah-chamberlain,Noah,Chamberlain,Sydney,Key Forward,19,191,0,42,,2026,,,,TRUE,,
caiden-cleary,Caiden,Cleary,Sydney,Small Forward,21,182,18,33,,2026,,,,TRUE,,
billy-cootee,Billy,Cootee,Sydney,Midfielder,23,179,1,25,,2026,,,,TRUE,,
charlie-curnow,Charlie,Curnow,Sydney,Key Forward,29,194,156,35,,2016,,,,TRUE,,
jesse-dattoli,Jesse,Dattoli,Sydney,Small Forward,19,179,3,9,,2026,,,,TRUE,,
will-edwards,Will,Edwards,Sydney,Key Defender,22,197,1,28,,2026,,,,TRUE,,
will-green,Will,Green,Sydney,Ruck,20,204,0,45,,2026,,,,TRUE,,
brodie-grundy,Brodie,Grundy,Sydney,Ruck,32,203,223,4,,2013,,,,TRUE,,
joel-hamling,Joel,Hamling,Sydney,Key Defender,33,194,93,29,,2015,,,,TRUE,,
tom-hanily,Tom,Hanily,Sydney,Small Forward,20,179,3,40,,2025,,,,TRUE,,
isaac-heeney,Isaac,Heeney,Sydney,Midfielder,29,186,204,5,,2015,,,,TRUE,,
liam-hetherton,Liam,Hetherton,Sydney,Key Forward,18,198,0,39,,2026,,,,TRUE,,
james-jordon,James,Jordon,Sydney,Midfielder,25,186,94,17,,2021,,,,TRUE,,
max-king,Max,King,Sydney,Key Forward,19,192,0,31,,2026,,,,TRUE,,
harry-kyle,Harry,Kyle,Sydney,Half Back,18,188,0,32,,2026,,,,TRUE,,
peter-ladhams,Peter,Ladhams,Sydney,Key Forward,28,202,54,19,,2019,,,,TRUE,,
jake-lloyd,Jake,Lloyd,Sydney,Midfielder,32,181,252,44,,2014,,,,TRUE,,
tom-mccartin,Tom,McCartin,Sydney,Key Defender,26,193,135,30,,2018,,,,TRUE,,
justin-mcinerney,Justin,McInerney,Sydney,Midfielder,25,187,94,27,,2019,,,,TRUE,,
hayden-mclean,Hayden,McLean,Sydney,Key Forward,27,197,80,2,,2019,,,,TRUE,,
lewis-melican,Lewis,Melican,Sydney,Key Defender,29,195,86,43,,2017,,,,TRUE,,
tom-papley,Tom,Papley,Sydney,Small Forward,29,178,188,11,,2016,,,,TRUE,,
ben-paton,Ben,Paton,Sydney,,27,187,73,25,,2018,,,,TRUE,,
jevan-phillipou,Jevan,Phillipou,Sydney,Midfielder,19,183,0,18,,2026,,,,TRUE,,
dane-rampe,Dane,Rampe,Sydney,Half Back,35,187,254,24,,2013,,,,TRUE,,
matt-roberts,Matt,Roberts,Sydney,,22,184,33,34,,2022,,,,TRUE,,
matthew-roberts,Matthew,Roberts,Sydney,Half Back,22,184,55,34,,2026,,,,TRUE,,
malcolm-rosas,Malcolm,Rosas,Sydney,Small Forward,24,180,55,10,,2026,,,,TRUE,,
james-rowbottom,James,Rowbottom,Sydney,Midfielder,25,186,120,8,,2019,,,,TRUE,,
jai-serong,Jai,Serong,Sydney,Key Defender,23,193,17,13,,2026,,,,TRUE,,
angus-sheldrick,Angus,Sheldrick,Sydney,Midfielder,22,179,11,12,,2022,,,,TRUE,,
patrick-snell,Patrick,Snell,Sydney,Key Defender,20,194,0,41,,2026,,,,TRUE,,
chad-warner,Chad,Warner,Sydney,Midfielder,24,181,88,1,,2020,,,,TRUE,,
corey-warner,Corey,Warner,Sydney,Midfielder,22,182,12,37,,2023,,,,TRUE,,
sam-wicks,Sam,Wicks,Sydney,Small Defender,26,181,69,15,,2020,,,,TRUE,,
bo-allan,Bo,Allan,West Coast,Key Defender,20,191,13,26,,2026,,,,TRUE,,
sam-allen,Sam,Allen,West Coast,Midfielder,19,184,0,12,,2026,,,,TRUE,,
liam-baker,Liam,Baker,West Coast,Small Defender,28,173,131,3,,2018,,,,TRUE,,
harry-barnett,Harry,Barnett,West Coast,Ruck,22,203,2,30,,2026,,,,TRUE,,
rhett-bazzo,Rhett,Bazzo,West Coast,Key Defender,22,195,28,33,,2026,,,,TRUE,,
sandy-brock,Sandy,Brock,West Coast,Key Defender,23,198,18,41,,2026,,,,TRUE,,
tyler-brockman,Tyler,Brockman,West Coast,Small Forward,23,181,39,10,,2021,,,,TRUE,,
malakai-champion,Malakai,Champion,West Coast,Small Forward,19,172,4,37,,2026,,,,TRUE,,
tom-cole,Tom,Cole,West Coast,Half Back,28,186,116,28,,2016,,,,TRUE,,
jamie-cripps,Jamie,Cripps,West Coast,Forward Flank,34,183,254,15,,2011,,,,TRUE,,
hamish-davis,Hamish,Davis,West Coast,Midfielder,19,190,15,38,,2026,,,,TRUE,,
tyrell-dewar,Tyrell,Dewar,West Coast,Half Back,22,185,10,43,,2024,,,,TRUE,,
cooper-duff-tytler,Cooper,Duff-Tytler,West Coast,Key Forward,18,201,7,21,,2026,,,,TRUE,,
liam-duggan,Liam,Duggan,West Coast,Half Back,29,184,182,14,,2015,,,,TRUE,,
willem-duursma,Willem,Duursma,West Coast,Midfielder,18,193,7,1,,2026,,,,TRUE,,
harry-edwards,Harry,Edwards,West Coast,Key Defender,25,197,42,42,,2020,,,,TRUE,,
matt-flynn,Matt,Flynn,West Coast,,28,200,38,25,,2021,,,,TRUE,,
matthew-flynn,Matthew,Flynn,West Coast,Ruck,28,202,59,25,,2026,,,,TRUE,,
reuben-ginbey,Reuben,Ginbey,West Coast,Key Defender,21,191,43,7,,2023,,,,TRUE,,
jack-graham,Jack,Graham,West Coast,Midfielder,28,181,133,17,,2017,,,,TRUE,,
lucca-grego,Lucca,Grego,West Coast,Half Back,19,184,1,31,,2026,,,,TRUE,,
tom-gross,Tom,Gross,West Coast,Midfielder,19,181,8,27,,2026,,,,TRUE,,
clay-hall,Clay,Hall,West Coast,Midfielder,20,190,4,29,,2024,,,,TRUE,,
elijah-hewett,Elijah,Hewett,West Coast,Midfielder,21,186,17,8,,2023,,,,TRUE,,
brady-hough,Brady,Hough,West Coast,Key Defender,23,189,56,19,,2022,,,,TRUE,,
jayden-hunt,Jayden,Hunt,West Coast,,31,187,160,5,,2016,,,,TRUE,,
jack-hutchinson,Jack,Hutchinson,West Coast,Midfielder,24,190,8,44,,2024,,,,TRUE,,
harvey-johnston,Harvey,Johnston,West Coast,Half Back,20,185,6,24,,2026,,,,TRUE,,
tim-kelly,Tim,Kelly,West Coast,Midfielder,31,182,147,11,,2018,,,,TRUE,,
josh-lindsay,Josh,Lindsay,West Coast,Half Back,19,183,6,5,,2026,,,,TRUE,,
noah-long,Noah,Long,West Coast,Small Forward,21,179,29,13,,2023,,,,TRUE,,
finlay-macrae,Finlay,Macrae,West Coast,Midfielder,24,188,21,45,,2026,,,,TRUE,,
ryan-maric,Ryan,Maric,West Coast,Key Defender,21,196,32,23,,2023,,,,TRUE,,
tom-mccarthy,Tom,McCarthy,West Coast,Half Back,25,188,17,18,,2026,,,,TRUE,,
jeremy-mcgovern,Jeremy,McGovern,West Coast,,34,196,194,20,,2014,,,,TRUE,,
milan-murdock,Milan,Murdock,West Coast,Midfielder,25,180,4,47,,2026,,,,TRUE,,
jacob-newton,Jacob,Newton,West Coast,Small Forward,20,179,5,46,,2026,,,,TRUE,,
matthew-owies,Matthew,Owies,West Coast,,29,179,75,16,,2020,,,,TRUE,,
matt-owies,Matt,Owies,West Coast,Small Forward,29,179,90,16,,2026,,,,TRUE,,
jack-petruccelle,Jack,Petruccelle,West Coast,,27,185,89,21,,2018,,,,TRUE,,
archer-reid,Archer,Reid,West Coast,Key Forward,20,203,3,22,,2025,,,,TRUE,,
harley-reid,Harley,Reid,West Coast,Midfielder,21,187,23,9,,2024,,,,TRUE,,
deven-robertson,Deven,Robertson,West Coast,Midfielder,24,185,51,40,,2026,,,,TRUE,,
fred-rodriguez,Fred,Rodriguez,West Coast,Forward Flank,26,0,0,39,,2026,,,,TRUE,,
harry-schoenberg,Harry,Schoenberg,West Coast,Midfielder,25,180,66,48,,2026,,,,TRUE,,
jobe-shanahan,Jobe,Shanahan,West Coast,Key Forward,19,195,16,35,,2026,,,,TRUE,,
brandon-starcevich,Brandon,Starcevich,West Coast,Half Back,26,188,132,4,,2018,,,,TRUE,,
jake-waterman,Jake,Waterman,West Coast,Key Forward,27,191,105,2,,2018,,,,TRUE,,
bailey-williams-2000,Bailey,Williams,West Coast,,26,199,74,32,,2020,,,,TRUE,,
jack-williams,Jack,Williams,West Coast,Key Forward,22,198,30,34,,2022,,,,TRUE,,
bailey-j-williams,Bailey J.,Williams,West Coast,Key Forward,26,201,91,32,,2026,,,,TRUE,,
tylah-williams,Tylah,Williams,West Coast,Midfielder,19,176,0,36,,2026,,,,TRUE,,
tylar-young,Tylar,Young,West Coast,Key Defender,27,196,42,20,,2026,,,,TRUE,,
oskar-baker,Oskar,Baker,Western Bulldogs,Half Back,27,184,41,13,,2019,,,,TRUE,,
lachlan-bramble,Lachlan,Bramble,Western Bulldogs,Small Defender,28,182,57,29,,2021,,,,TRUE,,
connor-budarick,Connor,Budarick,Western Bulldogs,Small Defender,25,175,60,19,,2020,,,,TRUE,,
jedd-busslinger,Jedd,Busslinger,Western Bulldogs,Key Defender,22,198,8,5,,2026,,,,TRUE,,
lachlan-carmichael,Lachlan,Carmichael,Western Bulldogs,Half Back,18,184,0,2,,2026,,,,TRUE,,
luke-cleary,Luke,Cleary,Western Bulldogs,Key Defender,24,190,8,36,,2022,,,,TRUE,,
nicholas-coffield,Nicholas,Coffield,Western Bulldogs,Key Defender,26,191,64,17,,2026,,,,TRUE,,
jordan-croft,Jordan,Croft,Western Bulldogs,Key Forward,20,201,7,16,,2026,,,,TRUE,,
bailey-dale,Bailey,Dale,Western Bulldogs,Half Back,29,183,158,31,,2015,,,,TRUE,,
sam-darcy,Sam,Darcy,Western Bulldogs,Key Forward,22,205,31,10,,2022,,,,TRUE,,
will-darcy,Will,Darcy,Western Bulldogs,Key Defender,19,196,0,15,,2026,,,,TRUE,,
sam-davidson,Sam,Davidson,Western Bulldogs,Midfielder,24,190,3,42,,2025,,,,TRUE,,
josh-dolan,Josh,Dolan,Western Bulldogs,Small Forward,19,177,3,26,,2025,,,,TRUE,,
taylor-duryea,Taylor,Duryea,Western Bulldogs,,35,179,216,15,,2013,,,,TRUE,,
louis-emmett,Louis,Emmett,Western Bulldogs,Ruck,19,200,3,25,,2026,,,,TRUE,,
tim-english,Tim,English,Western Bulldogs,,28,205,134,44,,2017,,,,TRUE,,
timothy-english,Timothy,English,Western Bulldogs,Ruck,28,208,158,44,,2026,,,,TRUE,,
joel-freijah,Joel,Freijah,Western Bulldogs,Midfielder,20,191,16,27,,2024,,,,TRUE,,
harvey-gallagher,Harvey,Gallagher,Western Bulldogs,Small Defender,22,181,23,12,,2024,,,,TRUE,,
riley-garcia,Riley,Garcia,Western Bulldogs,Midfielder,25,178,39,38,,2026,,,,TRUE,,
james-harmes,James,Harmes,Western Bulldogs,Midfielder,30,185,164,22,,2015,,,,TRUE,,
cooper-hynes,Cooper,Hynes,Western Bulldogs,Key Forward,20,190,14,6,,2026,,,,TRUE,,
lachie-jaques,Lachie,Jaques,Western Bulldogs,Half Back,19,184,6,11,,2026,,,,TRUE,,
arthur-jones,Arthur,Jones,Western Bulldogs,Midfielder,22,180,16,32,,2023,,,,TRUE,,
liam-jones,Liam,Jones,Western Bulldogs,,35,199,201,19,,2010,,,,TRUE,,
matthew-kennedy-1997,Matthew,Kennedy,Western Bulldogs,Midfielder,29,188,121,8,,2016,,,,TRUE,,
luke-kennedy,Luke,Kennedy,Western Bulldogs,Midfielder,19,181,0,35,,2026,,,,TRUE,,
buku-khamis,Buku,Khamis,Western Bulldogs,Key Defender,26,189,29,24,,2021,,,,TRUE,,
will-lewis,Will,Lewis,Western Bulldogs,Key Forward,26,194,3,28,,2026,,,,TRUE,,
tom-liberatore,Tom,Liberatore,Western Bulldogs,,33,183,237,21,,2011,,,,TRUE,,
thomas-liberatore,Thomas,Liberatore,Western Bulldogs,Midfielder,33,184,261,21,,2026,,,,TRUE,,
rory-lobb,Rory,Lobb,Western Bulldogs,Key Defender,33,206,179,7,,2014,,,,TRUE,,
lachlan-mcneil,Lachlan,McNeil,Western Bulldogs,Forward Flank,25,182,57,30,,2021,,,,TRUE,,
aaron-naughton,Aaron,Naughton,Western Bulldogs,Key Forward,26,195,146,33,,2018,,,,TRUE,,
james-odonnell,James,ODonnell,Western Bulldogs,Key Defender,23,197,28,18,,2023,,,,TRUE,,
ed-richards,Ed,Richards,Western Bulldogs,Midfielder,26,185,128,20,,2018,,,,TRUE,,
ryley-sanders,Ryley,Sanders,Western Bulldogs,Midfielder,21,186,17,9,,2024,,,,TRUE,,
michael-sellwood,Michael,Sellwood,Western Bulldogs,Half Back,22,186,7,37,,2026,,,,TRUE,,
lachlan-smith,Lachlan,Smith,Western Bulldogs,Ruck,20,203,1,40,,2026,,,,TRUE,,
laitham-vandermeer,Laitham,Vandermeer,Western Bulldogs,Small Forward,27,180,71,23,,2020,,,,TRUE,,
zac-walker,Zac,Walker,Western Bulldogs,Key Defender,20,191,0,41,,2026,,,,TRUE,,
rhylee-west,Rhylee,West,Western Bulldogs,Forward Flank,25,181,61,14,,2019,,,,TRUE,,
bailey-williams-1997,Bailey,Williams,Western Bulldogs,Key Defender,28,187,154,34,,2016,,,,TRUE,,
bruce-abernethy,Bruce,Abernethy,Adelaide,,63,185,112,5,,1982,1992,,,FALSE,,
greg-anderson,Greg,Anderson,Adelaide,,59,188,162,1,,1988,1996,,,FALSE,,
nathan-bassett,Nathan,Bassett,Adelaide,,49,190,210,8,,1998,2008,,,FALSE,,
james-begley,James,Begley,Adelaide,,45,189,61,28,,1999,2005,,,FALSE,,
nathan-berlo,Nathan,Berlo,Adelaide,,39,184,205,7,,2005,2016,,,FALSE,,
sam-berry,Sam,Berry,Adelaide,Midfielder,24,181,57,3,,2021,2024,,,FALSE,,
mark-bickley,Mark,Bickley,Adelaide,,56,178,272,26,,1991,2003,,,FALSE,,
rhett-biglands,Rhett,Biglands,Adelaide,,48,200,134,35,,2000,2006,,,FALSE,,
matthew-bode,Matthew,Bode,Adelaide,,46,178,108,10,,1998,2007,,,FALSE,,
troy-bond,Troy,Bond,Adelaide,,52,179,94,18,,1994,1999,,,FALSE,,
luke-brown,Luke,Brown,Adelaide,,33,181,189,16,,2012,2022,,,FALSE,,
ronnie-burns,Ronnie,Burns,Adelaide,,53,183,154,5,,1996,2004,,,FALSE,,
brett-burton,Brett,Burton,Adelaide,,47,185,177,24,,1999,2010,,,FALSE,,
jordon-butts,Jordon,Butts,Adelaide,Key Defender,26,198,75,41,,2020,2024,,,FALSE,,
wayne-carey,Wayne,Carey,Adelaide,,54,192,272,2,,1989,2004,,,FALSE,,
peter-caven,Peter,Caven,Adelaide,,55,190,139,44,,1991,2000,,,FALSE,,
kyle-cheney,Kyle,Cheney,Adelaide,,36,187,85,25,,2009,2018,,,FALSE,,
matthew-connell,Matthew,Connell,Adelaide,,53,181,99,14,,1993,2000,,,FALSE,,
tom-doedee,Tom,Doedee,Adelaide,,29,188,82,39,,2018,2023,,,FALSE,,
michael-doughty,Michael,Doughty,Adelaide,,46,177,231,11,,2000,2012,,,FALSE,,
richard-douglas,Richard,Douglas,Adelaide,,39,181,246,26,,2006,2019,,,FALSE,,
tyson-edwards,Tyson,Edwards,Adelaide,,49,178,321,9,,1995,2010,,,FALSE,,
shane-ellen,Shane,Ellen,Adelaide,,53,188,65,13,,1993,2000,,,FALSE,,
bryce-gibbs,Bryce,Gibbs,Adelaide,,37,188,268,6,,2007,2020,,,FALSE,,
sam-gibson,Sam,Gibson,Adelaide,,39,185,135,20,,2012,2018,,,FALSE,,
simon-goodwin,Simon,Goodwin,Adelaide,,49,185,275,36,,1997,2010,,,FALSE,,
tony-hall,Tony,Hall,Adelaide,,61,183,114,9,,1988,1995,,,FALSE,,
curtly-hampton,Curtly,Hampton,Adelaide,,33,185,63,17,,2012,2018,,,FALSE,,
ben-hart,Ben,Hart,Adelaide,,51,190,311,34,,1992,2006,,,FALSE,,
trent-hentschel,Trent,Hentschel,Adelaide,,43,193,71,37,,2003,2010,,,FALSE,,
elliott-himmelberg,Elliott,Himmelberg,Adelaide,,27,198,50,34,,2018,2024,,,FALSE,,
danny-hughes,Danny,Hughes,Adelaide,,62,189,135,19,,1984,1991,,,FALSE,,
matthew-jaensch,Matthew,Jaensch,Adelaide,,36,180,74,10,,2010,2015,,,FALSE,,
brett-james,Brett,James,Adelaide,,53,176,118,11,,1994,2000,,,FALSE,,
rod-jameson,Rod,Jameson,Adelaide,,55,185,153,35,,1991,1999,,,FALSE,,
andrew-jarman,Andrew,Jarman,Adelaide,,60,177,110,2,,1991,1996,,,FALSE,,
darren-jarman,Darren,Jarman,Adelaide,,59,186,230,3,,1991,2001,,,FALSE,,
graham-johncock,Graham,Johncock,Adelaide,,43,178,227,18,,2002,2013,,,FALSE,,
chayce-jones,Chayce,Jones,Adelaide,Small Defender,26,180,92,1,,2019,2024,,,FALSE,,
riley-knight,Riley,Knight,Adelaide,,31,181,55,3,,2015,2020,,,FALSE,,
kym-koster,Kym,Koster,Adelaide,,53,182,133,5,,1994,2000,,,FALSE,,
chris-ladhams,Chris,Ladhams,Adelaide,,45,179,54,40,,2001,2004,,,FALSE,,
scott-lee,Scott,Lee,Adelaide,,62,178,86,13,,1991,1995,,,FALSE,,
bruce-lindner,Bruce,Lindner,Adelaide,,64,185,85,9,,1985,1992,,,FALSE,,
matthew-liptak,Matthew,Liptak,Adelaide,,55,178,116,27,,1991,1999,,,FALSE,,
tom-lynch-1990,Tom,Lynch,Adelaide,,35,193,164,27,,2010,2021,,,FALSE,,
david-mackay,David,Mackay,Adelaide,,37,181,248,14,,2008,2021,,,FALSE,,
kris-massie,Kris,Massie,Adelaide,,45,189,131,3,,1998,2008,,,FALSE,,
rodney-maynard,Rodney,Maynard,Adelaide,,59,188,81,18,,1991,1995,,,FALSE,,
chris-mcdermott,Chris,McDermott,Adelaide,,62,182,117,10,,1991,1996,,,FALSE,,
ken-mcgregor,Ken,McGregor,Adelaide,,45,195,152,16,,1999,2008,,,FALSE,,
tony-mcguinness,Tony,McGuinness,Adelaide,,61,176,222,11,,1986,1996,,,FALSE,,
ned-mchenry,Ned,McHenry,Adelaide,,25,179,70,25,,2020,2024,,,FALSE,,
andrew-mcleod,Andrew,McLeod,Adelaide,,49,181,340,23,,1995,2010,,,FALSE,,
mark-mickan,Mark,Mickan,Adelaide,,65,196,85,25,,1987,1993,,,FALSE,,
lachlan-murphy,Lachlan,Murphy,Adelaide,,27,176,115,4,,2018,2024,,,FALSE,,
ben-nelson,Ben,Nelson,Adelaide,,49,184,52,6,,1997,2002,,,FALSE,,
trent-ormond-allen,Trent,Ormond-Allen,Adelaide,,49,180,50,21,,1995,1999,,,FALSE,,
andy-otten,Andy,Otten,Adelaide,,36,194,109,22,,2008,2019,,,FALSE,,
ian-perrie,Ian,Perrie,Adelaide,,47,194,116,22,,1998,2007,,,FALSE,,
jared-petrenko,Jared,Petrenko,Adelaide,,36,178,76,23,,2009,2014,,,FALSE,,
david-pittman,David,Pittman,Adelaide,,57,201,131,15,,1992,1999,,,FALSE,,
james-podsiadly,James,Podsiadly,Adelaide,,44,193,104,1,,2010,2014,,,FALSE,,
jason-porplyzia,Jason,Porplyzia,Adelaide,,41,177,130,40,,2006,2014,,,FALSE,,
brent-reilly,Brent,Reilly,Adelaide,,42,183,203,3,,2002,2014,,,FALSE,,
mark-ricciuto,Mark,Ricciuto,Adelaide,,50,184,312,32,,1993,2007,,,FALSE,,
matthew-robran,Matthew,Robran,Adelaide,,55,194,137,10,,1991,2001,,,FALSE,,
ben-rutten,Ben,Rutten,Adelaide,,42,190,229,25,,2003,2014,,,FALSE,,
harry-schoenberg,Harry,Schoenberg,Adelaide,,25,180,61,26,,2020,2024,,,FALSE,,
paul-seedsman,Paul,Seedsman,Adelaide,,34,190,132,11,,2012,2021,,,FALSE,,
robert-shirley,Robert,Shirley,Adelaide,,45,185,151,12,,2000,2009,,,FALSE,,
rory-sloane,Rory,Sloane,Adelaide,,36,182,255,9,,2009,2023,,,FALSE,,
nigel-smart,Nigel,Smart,Adelaide,,56,188,278,7,,1991,2004,,,FALSE,,
brodie-smith,Brodie,Smith,Adelaide,,34,189,262,33,,2011,2024,,,FALSE,,
barry-standfield,Barry,Standfield,Adelaide,,56,193,111,16,,1990,1997,,,FALSE,,
mark-stevens,Mark,Stevens,Adelaide,,50,194,122,19,,1995,2005,,,FALSE,,
scott-stevens,Scott,Stevens,Adelaide,,44,194,144,27,,2002,2011,,,FALSE,,
brad-symes,Brad,Symes,Adelaide,,41,186,80,15,,2004,2012,,,FALSE,,
daniel-talia,Daniel,Talia,Adelaide,,34,197,200,12,,2011,2020,,,FALSE,,
richard-tambling,Richard,Tambling,Adelaide,,39,180,124,1,,2005,2013,,,FALSE,,
james-thiessen,James,Thiessen,Adelaide,,52,180,51,29,,1993,2000,,,FALSE,,
scott-thompson-1983,Scott,Thompson,Adelaide,,43,184,308,5,,2001,2017,,,FALSE,,
jason-torney,Jason,Torney,Adelaide,,48,187,195,15,,1995,2007,,,FALSE,,
simon-tregenza,Simon,Tregenza,Adelaide,,55,182,106,12,,1991,1998,,,FALSE,,
wayne-weidemann,Wayne,Weidemann,Adelaide,,59,182,68,33,,1991,1996,,,FALSE,,
paul-abbott,Paul,Abbott,Brisbane,,61,195,111,39,,1984,1993,,,FALSE,,
marcus-adams,Marcus,Adams,Brisbane,,32,192,73,24,,2016,2022,,,FALSE,,
ron-alexander,Ron,Alexander,Brisbane,,75,196,133,6,,1976,1981,,,FALSE,,
marcus-ashcroft,Marcus,Ashcroft,Brisbane,,54,184,318,10,,1989,2003,,,FALSE,,
simon-atkins,Simon,Atkins,Brisbane,,57,180,168,23,,1987,1996,,,FALSE,,
david-bain,David,Bain,Brisbane,,59,176,98,19,,1989,1994,,,FALSE,,
peter-banfield,Peter,Banfield,Brisbane,,61,177,56,12,,1984,1989,,,FALSE,,
todd-banfield,Todd,Banfield,Brisbane,,35,183,53,18,,2010,2012,,,FALSE,,
ryan-bastinac,Ryan,Bastinac,Brisbane,,34,186,164,4,,2010,2019,,,FALSE,,
claye-beams,Claye,Beams,Brisbane,,34,182,54,17,,2011,2017,,,FALSE,,
bob-beecroft,Bob,Beecroft,Brisbane,,74,191,96,24,,1976,1980,,,FALSE,,
tom-bell,Tom,Bell,Brisbane,,34,188,72,7,,2012,2018,,,FALSE,,
rohan-bewick,Rohan,Bewick,Brisbane,,36,184,103,8,,2011,2018,,,FALSE,,
andrew-bews,Andrew,Bews,Brisbane,,61,175,282,25,,1982,1998,,,FALSE,,
grant-birchall,Grant,Birchall,Brisbane,,38,193,287,14,,2006,2021,,,FALSE,,
simon-black,Simon,Black,Brisbane,,47,186,322,20,,1998,2013,,,FALSE,,
damian-bourke,Damian,Bourke,Brisbane,,61,199,124,30,,1983,1995,,,FALSE,,
brad-boyd,Brad,Boyd,Brisbane,,54,186,85,9,,1992,1999,,,FALSE,,
jonathan-brown,Jonathan,Brown,Brisbane,,44,195,256,16,,2000,2014,,,FALSE,,
murray-browne,Murray,Browne,Brisbane,,63,183,53,8,,1981,1986,,,FALSE,,
amon-buchanan,Amon,Buchanan,Brisbane,,43,179,134,33,,2002,2012,,,FALSE,,
david-cameron,David,Cameron,Brisbane,,62,185,56,8,,1986,1991,,,FALSE,,
matthew-campbell,Matthew,Campbell,Brisbane,,62,188,79,25,,1987,1993,,,FALSE,,
leigh-carlson,Leigh,Carlson,Brisbane,,68,178,117,18,,1978,1984,,,FALSE,,
john-cassin,John,Cassin,Brisbane,,74,180,134,21,,1971,1982,,,FALSE,,
richard-champion,Richard,Champion,Brisbane,,58,186,183,1,,1991,2000,,,FALSE,,
jamie-charman,Jamie,Charman,Brisbane,,43,197,129,19,,2001,2009,,,FALSE,,
allen-christensen,Allen,Christensen,Brisbane,,34,177,133,3,,2011,2019,,,FALSE,,
justin-clarke,Justin,Clarke,Brisbane,,32,195,56,42,,2013,2015,,,FALSE,,
troy-clarke,Troy,Clarke,Brisbane,,56,173,68,12,,1991,1996,,,FALSE,,
xavier-clarke,Xavier,Clarke,Brisbane,,42,182,106,15,,2002,2010,,,FALSE,,
scott-clayton,Scott,Clayton,Brisbane,,66,185,160,40,,1981,1990,,,FALSE,,
keidean-coleman,Keidean,Coleman,Brisbane,Small Defender,26,183,65,18,,2020,2024,,,FALSE,,
mick-conlan,Mick,Conlan,Brisbane,,68,178,210,12,,1977,1989,,,FALSE,,
robert-copeland,Robert,Copeland,Brisbane,,44,187,143,30,,2001,2008,,,FALSE,,
danny-craven,Danny,Craven,Brisbane,,58,162,58,20,,1989,1995,,,FALSE,,
peter-curran,Peter,Curran,Brisbane,,63,192,123,2,,1983,1992,,,FALSE,,
joe-daniher,Joe,Daniher,Brisbane,,32,200,204,3,,2013,2024,,,FALSE,,
danny-dickfos,Danny,Dickfos,Brisbane,,55,188,65,14,,1996,1999,,,FALSE,,
dale-dickson,Dale,Dickson,Brisbane,,63,180,86,6,,1982,1989,,,FALSE,,
josh-drummond,Josh,Drummond,Brisbane,,43,189,94,39,,2005,2012,,,FALSE,,
john-duckworth,John,Duckworth,Brisbane,,77,193,58,17,,1970,1976,,,FALSE,,
frank-dunell,Frank,Dunell,Brisbane,,68,185,115,7,,1979,1988,,,FALSE,,
mick-dwyer,Mick,Dwyer,Brisbane,,57,178,88,20,,1986,1996,,,FALSE,,
rodney-eade,Rodney,Eade,Brisbane,,68,183,259,26,,1976,1990,,,FALSE,,
jim-edmond,Jim,Edmond,Brisbane,,67,183,188,20,,1977,1988,,,FALSE,,
gavin-exell,Gavin,Exell,Brisbane,,63,191,58,23,,1987,1992,,,FALSE,,
brendan-fevola,Brendan,Fevola,Brisbane,,45,191,204,5,,1999,2010,,,FALSE,,
john-fidge,John,Fidge,Brisbane,,59,182,59,10,,1984,1989,,,FALSE,,
ben-fixter,Ben,Fixter,Brisbane,,44,180,54,4,,2000,2007,,,FALSE,,
jack-frost,Jack,Frost,Brisbane,,34,195,56,45,,2013,2017,,,FALSE,,
darcy-gardiner,Darcy,Gardiner,Brisbane,Key Defender,30,193,165,27,,2014,2024,,,FALSE,,
john-gastev,John,Gastev,Brisbane,,61,180,143,4,,1987,1994,,,FALSE,,
michael-gibson,Michael,Gibson,Brisbane,,60,187,55,38,,1985,1991,,,FALSE,,
mitch-golby,Mitch,Golby,Brisbane,,34,184,56,41,,2011,2015,,,FALSE,,
andrew-gowers,Andrew,Gowers,Brisbane,,57,191,140,8,,1988,1999,,,FALSE,,
jeremy-guard,Jeremy,Guard,Brisbane,,55,180,68,6,,1992,1995,,,FALSE,,
shane-hamilton,Shane,Hamilton,Brisbane,,55,183,74,14,,1988,1995,,,FALSE,,
leon-harris,Leon,Harris,Brisbane,,67,173,186,38,,1979,1989,,,FALSE,,
shaun-hart,Shaun,Hart,Brisbane,,54,175,273,32,,1990,2004,,,FALSE,,
ryan-harwood,Ryan,Harwood,Brisbane,,34,184,81,2,,2010,2017,,,FALSE,,
simon-hawking,Simon,Hawking,Brisbane,,53,193,60,17,,1993,1996,,,FALSE,,
doug-hawkins,Doug,Hawkins,Brisbane,,65,180,350,3,,1978,1995,,,FALSE,,
adam-heuskes,Adam,Heuskes,Brisbane,,50,190,125,31,,1994,2000,,,FALSE,,
kevin-higgins,Kevin,Higgins,Brisbane,,75,183,153,14,,1970,1980,,,FALSE,,
graeme-hinchen,Graeme,Hinchen,Brisbane,,66,179,77,15,,1981,1987,,,FALSE,,
luke-hodge,Luke,Hodge,Brisbane,,41,185,346,2,,2002,2019,,,FALSE,,
russ-hodges,Russ,Hodges,Brisbane,,72,185,69,17,,1973,1978,,,FALSE,,
jeff-hogg,Jeff,Hogg,Brisbane,,59,190,184,10,,1986,1996,,,FALSE,,
darren-holmes,Darren,Holmes,Brisbane,,55,188,63,19,,1991,1996,,,FALSE,,
john-ironmonger,John,Ironmonger,Brisbane,,65,200,88,6,,1985,1991,,,FALSE,,
warwick-irwin,Warwick,Irwin,Brisbane,,73,182,229,13,,1970,1983,,,FALSE,,
russell-jeffrey,Russell,Jeffrey,Brisbane,,60,185,50,8,,1987,1992,,,FALSE,,
chris-johnson,Chris,Johnson,Brisbane,,49,180,264,2,,1994,2007,,,FALSE,,
david-johnston,David,Johnston,Brisbane,,57,180,66,26,,1987,1994,,,FALSE,,
travis-johnstone,Travis,Johnstone,Brisbane,,45,184,209,4,,1998,2010,,,FALSE,,
ken-judge,Ken,Judge,Brisbane,,68,183,89,35,,1983,1988,,,FALSE,,
gary-keane,Gary,Keane,Brisbane,,62,193,55,25,,1985,1988,,,FALSE,,
clark-keating,Clark,Keating,Brisbane,,50,197,139,27,,1996,2006,,,FALSE,,
peter-keays,Peter,Keays,Brisbane,,70,180,89,13,,1974,1981,,,FALSE,,
matthew-kennedy-1970,Matthew,Kennedy,Brisbane,,56,191,188,41,,1990,2001,,,FALSE,,
craig-lambert,Craig,Lambert,Brisbane,,57,178,219,18,,1988,2000,,,FALSE,,
nigel-lappin,Nigel,Lappin,Brisbane,,49,188,279,44,,1994,2008,,,FALSE,,
justin-leppitsch,Justin,Leppitsch,Brisbane,,50,191,227,23,,1993,2006,,,FALSE,,
martin-leslie,Martin,Leslie,Brisbane,,63,187,107,17,,1989,1995,,,FALSE,,
rod-lester-smith,Rod,Lester-Smith,Brisbane,,66,188,109,16,,1984,1991,,,FALSE,,
wayne-linton,Wayne,Linton,Brisbane,,70,180,65,30,,1974,1978,,,FALSE,,
trevor-lloyd,Trevor,Lloyd,Brisbane,,74,189,61,28,,1971,1975,,,FALSE,,
bill-lokan,Bill,Lokan,Brisbane,,66,183,87,16,,1983,1988,,,FALSE,,
andrew-lukas,Andrew,Lukas,Brisbane,,75,178,64,34,,1970,1975,,,FALSE,,
alastair-lynch,Alastair,Lynch,Brisbane,,57,193,306,11,,1988,2004,,,FALSE,,
ross-lyon,Ross,Lyon,Brisbane,,59,183,129,28,,1985,1995,,,FALSE,,
jarryd-lyons,Jarryd,Lyons,Brisbane,,33,184,194,17,,2012,2024,,,FALSE,,
robert-mace,Robert,Mace,Brisbane,,67,178,80,23,,1980,1988,,,FALSE,,
rod-macpherson,Rod,MacPherson,Brisbane,,62,177,50,16,,1982,1987,,,FALSE,,
matt-maguire,Matt,Maguire,Brisbane,,41,192,170,36,,2002,2015,,,FALSE,,
james-manson,James,Manson,Brisbane,,59,194,167,30,,1985,1995,,,FALSE,,
michael-martin,Michael,Martin,Brisbane,,49,182,58,17,,1995,2000,,,FALSE,,
wally-matera,Wally,Matera,Brisbane,,62,170,56,16,,1987,1990,,,FALSE,,
rhys-mathieson,Rhys,Mathieson,Brisbane,,29,188,72,36,,2016,2022,,,FALSE,,
gilbert-mcadam,Gilbert,McAdam,Brisbane,,59,180,111,2,,1991,1996,,,FALSE,,
gerald-mccarthy,Gerald,McCarthy,Brisbane,,74,191,150,23,,1972,1982,,,FALSE,,
john-mccarthy,John,McCarthy,Brisbane,,59,185,163,25,,1986,1996,,,FALSE,,
lincoln-mccarthy,Lincoln,McCarthy,Brisbane,Small Forward,32,176,151,11,,2012,2024,,,FALSE,,
michael-mccarthy,Michael,McCarthy,Brisbane,,68,193,126,9,,1978,1988,,,FALSE,,
brendan-mccormack,Brendan,McCormack,Brisbane,,55,187,56,31,,1989,1994,,,FALSE,,
peter-mccormack,Peter,McCormack,Brisbane,,69,188,165,15,,1976,1986,,,FALSE,,
ian-mcculloch,Ian,McCulloch,Brisbane,,77,191,60,6,,1972,1975,,,FALSE,,
beau-mcdonald,Beau,McDonald,Brisbane,,46,203,91,43,,1998,2007,,,FALSE,,
ashley-mcgrath,Ashley,McGrath,Brisbane,,42,183,214,9,,2001,2014,,,FALSE,,
luke-mcguane,Luke,McGuane,Brisbane,,39,192,112,1,,2006,2015,,,FALSE,,
scott-mcivor,Scott,McIvor,Brisbane,,59,191,200,7,,1985,1997,,,FALSE,,
martin-mckinnon,Martin,McKinnon,Brisbane,,50,189,86,25,,1994,2000,,,FALSE,,
michael-mclean,Michael,McLean,Brisbane,,61,180,183,19,,1983,1997,,,FALSE,,
david-mcmahon,David,McMahon,Brisbane,,74,180,218,19,,1973,1984,,,FALSE,,
craig-mcrae,Craig,McRae,Brisbane,,52,176,195,4,,1995,2004,,,FALSE,,
daniel-merrett,Daniel,Merrett,Brisbane,,41,195,200,21,,2005,2016,,,FALSE,,
roger-merrett,Roger,Merrett,Brisbane,,66,195,313,24,,1978,1996,,,FALSE,,
ian-miller,Ian,Miller,Brisbane,,76,185,80,3,,1974,1977,,,FALSE,,
brent-moloney,Brent,Moloney,Brisbane,,42,181,166,3,,2003,2014,,,FALSE,,
lee-murnane,Lee,Murnane,Brisbane,,66,180,51,41,,1981,1984,,,FALSE,,
michael-nettlefold,Michael,Nettlefold,Brisbane,,66,184,74,33,,1979,1985,,,FALSE,,
danny-noonan,Danny,Noonan,Brisbane,,57,188,55,26,,1991,1993,,,FALSE,,
tim-notting,Tim,Notting,Brisbane,,47,188,208,8,,1998,2009,,,FALSE,,
david-okeeffe,David,OKeeffe,Brisbane,,64,189,118,31,,1982,1991,,,FALSE,,
kevin-okeeffe,Kevin,OKeeffe,Brisbane,,73,180,92,36,,1973,1982,,,FALSE,,
terry-oneill,Terry,ONeill,Brisbane,,69,189,101,25,,1975,1983,,,FALSE,,
rod-owen,Rod,Owen,Brisbane,,59,185,78,5,,1983,1992,,,FALSE,,
marco-paparone,Marco,Paparone,Brisbane,,31,194,55,22,,2013,2017,,,FALSE,,
brenton-phillips,Brenton,Phillips,Brisbane,,63,180,71,11,,1986,1991,,,FALSE,,
martin-pike,Martin,Pike,Brisbane,,53,189,247,13,,1993,2005,,,FALSE,,
craig-potter,Craig,Potter,Brisbane,,60,182,55,13,,1984,1992,,,FALSE,,
michael-poynton,Michael,Poynton,Brisbane,,64,180,52,17,,1979,1983,,,FALSE,,
geoff-raines,Geoff,Raines,Brisbane,,69,180,254,4,,1976,1989,,,FALSE,,
michael-reeves,Michael,Reeves,Brisbane,,67,187,63,28,,1980,1987,,,FALSE,,
matthew-rendell,Matthew,Rendell,Brisbane,,67,200,177,27,,1981,1992,,,FALSE,,
steve-reynoldson,Steve,Reynoldson,Brisbane,,63,191,142,3,,1981,1991,,,FALSE,,
daniel-rich,Daniel,Rich,Brisbane,,35,183,275,10,,2009,2023,,,FALSE,,
laurie-richards,Laurie,Richards,Brisbane,,79,183,79,8,,1971,1974,,,FALSE,,
michael-richardson,Michael,Richardson,Brisbane,,67,182,156,8,,1983,1990,,,FALSE,,
michael-roberts,Michael,Roberts,Brisbane,,66,180,91,55,,1978,1987,,,FALSE,,
glenn-robertson,Glenn,Robertson,Brisbane,,73,185,50,26,,1972,1976,,,FALSE,,
nick-robertson,Nick,Robertson,Brisbane,,30,191,73,18,,2014,2019,,,FALSE,,
mitch-robinson,Mitch,Robinson,Brisbane,,36,184,247,5,,2009,2022,,,FALSE,,
jason-roe,Jason,Roe,Brisbane,,42,192,50,29,,2006,2009,,,FALSE,,
matthew-ryan,Matthew,Ryan,Brisbane,,58,175,73,30,,1985,1992,,,FALSE,,
peter-sartori,Peter,Sartori,Brisbane,,61,195,77,9,,1987,1994,,,FALSE,,
brad-scott,Brad,Scott,Brisbane,,49,181,168,5,,1997,2006,,,FALSE,,
chris-scott,Chris,Scott,Brisbane,,49,182,215,22,,1994,2007,,,FALSE,,
dion-scott,Dion,Scott,Brisbane,,56,190,79,38,,1990,1999,,,FALSE,,
mark-scott,Mark,Scott,Brisbane,,67,196,78,23,,1978,1989,,,FALSE,,
troy-selwood,Troy,Selwood,Brisbane,,41,187,75,28,,2005,2010,,,FALSE,,
laurie-serafini,Laurie,Serafini,Brisbane,,67,192,146,10,,1977,1985,,,FALSE,,
allan-sidebottom,Allan,Sidebottom,Brisbane,,67,193,56,2,,1983,1987,,,FALSE,,
garry-sidebottom,Garry,Sidebottom,Brisbane,,71,193,104,21,,1978,1984,,,FALSE,,
chris-smith,Chris,Smith,Brisbane,,70,189,163,8,,1973,1982,,,FALSE,,
paul-spargo,Paul,Spargo,Brisbane,,59,182,90,15,,1985,1993,,,FALSE,,
kieran-sporn,Kieran,Sporn,Brisbane,,59,186,84,21,,1989,1994,,,FALSE,,
brent-staker,Brent,Staker,Brisbane,,41,196,160,14,,2003,2015,,,FALSE,,
craig-starcevich,Craig,Starcevich,Brisbane,,58,193,144,9,,1987,1995,,,FALSE,,
brett-stephens,Brett,Stephens,Brisbane,,65,190,133,33,,1987,1993,,,FALSE,,
cheynee-stiller,Cheynee,Stiller,Brisbane,,39,187,100,32,,2006,2012,,,FALSE,,
steven-stretch,Steven,Stretch,Brisbane,,62,184,189,22,,1986,1995,,,FALSE,,
neville-taylor,Neville,Taylor,Brisbane,,72,183,92,33,,1974,1982,,,FALSE,,
grant-thomas,Grant,Thomas,Brisbane,,68,186,83,2,,1978,1985,,,FALSE,,
alan-thompson,Alan,Thompson,Brisbane,,74,185,138,21,,1970,1979,,,FALSE,,
ross-thornton,Ross,Thornton,Brisbane,,69,179,146,4,,1980,1989,,,FALSE,,
michael-voss,Michael,Voss,Brisbane,,50,183,289,3,,1992,2006,,,FALSE,,
phil-walsh,Phil,Walsh,Brisbane,,66,180,122,18,,1983,1990,,,FALSE,,
chris-waterson,Chris,Waterson,Brisbane,,65,183,66,17,,1982,1988,,,FALSE,,
trent-west,Trent,West,Brisbane,,38,199,70,13,,2008,2016,,,FALSE,,
darren-wheildon,Darren,Wheildon,Brisbane,,55,184,70,12,,1989,1994,,,FALSE,,
darryl-white,Darryl,White,Brisbane,,52,189,268,33,,1992,2005,,,FALSE,,
mark-williams-1958,Mark,Williams,Brisbane,,67,183,201,2,,1981,1990,,,FALSE,,
garry-wilson,Garry,Wilson,Brisbane,,72,178,268,29,,1971,1984,,,FALSE,,
mark-withers,Mark,Withers,Brisbane,,62,175,68,37,,1984,1990,,,FALSE,,
jim-wynd,Jim,Wynd,Brisbane,,61,177,137,8,,1986,1994,,,FALSE,,
mark-zanotti,Mark,Zanotti,Brisbane,,61,185,157,16,,1987,1995,,,FALSE,,
cain-ackland,Cain,Ackland,Carlton,,44,196,74,11,,2001,2008,,,FALSE,,
tom-alvin,Tom,Alvin,Carlton,,64,183,218,31,,1984,1994,,,FALSE,,
dennis-armfield,Dennis,Armfield,Carlton,,39,182,145,27,,2008,2017,,,FALSE,,
rodney-ashman,Rodney,Ashman,Carlton,,71,175,236,14,,1973,1986,,,FALSE,,
mark-athorn,Mark,Athorn,Carlton,,58,178,83,25,,1987,1993,,,FALSE,,
rod-austin,Rod,Austin,Carlton,,73,180,220,21,,1972,1985,,,FALSE,,
jordan-bannister,Jordan,Bannister,Carlton,,43,190,67,31,,2001,2009,,,FALSE,,
adam-bentick,Adam,Bentick,Carlton,,40,184,68,7,,2004,2008,,,FALSE,,
eddie-betts,Eddie,Betts,Carlton,,39,174,350,19,,2005,2021,,,FALSE,,
wayne-blackwell,Wayne,Blackwell,Carlton,,65,179,110,8,,1984,1990,,,FALSE,,
peter-bosustow,Peter,Bosustow,Carlton,,68,185,65,4,,1981,1983,,,FALSE,,
paul-bower,Paul,Bower,Carlton,,38,192,70,18,,2006,2012,,,FALSE,,
glen-bowyer,Glen,Bowyer,Carlton,,46,181,55,18,,1999,2005,,,FALSE,,
craig-bradley,Craig,Bradley,Carlton,,62,180,375,21,,1986,2002,,,FALSE,,
fraser-brown,Fraser,Brown,Carlton,,55,181,177,20,,1989,2000,,,FALSE,,
jim-buckley,Jim,Buckley,Carlton,,66,175,164,16,,1976,1990,,,FALSE,,
andrew-carrazzo,Andrew,Carrazzo,Carlton,,42,187,194,44,,2004,2015,,,FALSE,,
callum-chambers,Callum,Chambers,Carlton,,46,184,66,22,,2000,2006,,,FALSE,,
ang-christou,Ang,Christou,Carlton,,54,190,151,39,,1991,2002,,,FALSE,,
matt-clape,Matt,Clape,Carlton,,56,187,87,6,,1992,1998,,,FALSE,,
david-clarke-1980,David,Clarke,Carlton,,45,183,101,9,,1999,2005,,,FALSE,,
david-clarke-1952,David,Clarke,Carlton,,73,184,211,26,,1971,1982,,,FALSE,,
david-cuningham,David,Cuningham,Carlton,,29,185,58,28,,2016,2024,,,FALSE,,
ed-curnow,Ed,Curnow,Carlton,,36,180,221,35,,2011,2023,,,FALSE,,
peter-dean,Peter,Dean,Carlton,,61,188,248,35,,1984,1998,,,FALSE,,
craig-devonport,Craig,Devonport,Carlton,,56,183,95,8,,1989,1996,,,FALSE,,
david-dickson,David,Dickson,Carlton,,73,183,66,27,,1972,1976,,,FALSE,,
jon-dorotich,Jon,Dorotich,Carlton,,63,193,132,6,,1986,1993,,,FALSE,,
andrew-eccles,Andrew,Eccles,Carlton,,46,187,54,20,,1998,2003,,,FALSE,,
david-ellard,David,Ellard,Carlton,,37,177,63,46,,2008,2015,,,FALSE,,
des-english,Des,English,Carlton,,68,178,104,27,,1980,1986,,,FALSE,,
bernie-evans,Bernie,Evans,Carlton,,68,178,185,15,,1978,1988,,,FALSE,,
andrejs-everitt,Andrejs,Everitt,Carlton,,37,194,131,33,,2007,2016,,,FALSE,,
orazio-fantasia,Orazio,Fantasia,Carlton,,30,178,114,14,,2014,2024,,,FALSE,,
alex-fasolo,Alex,Fasolo,Carlton,,33,179,104,32,,2011,2019,,,FALSE,,
brad-fisher,Brad,Fisher,Carlton,,42,192,99,14,,2003,2010,,,FALSE,,
mike-fitzpatrick,Mike,Fitzpatrick,Carlton,,73,191,150,3,,1975,1983,,,FALSE,,
anthony-franchina,Anthony,Franchina,Carlton,,48,176,105,45,,1997,2003,,,FALSE,,
barnaby-french,Barnaby,French,Carlton,,50,200,133,11,,1999,2006,,,FALSE,,
rod-galt,Rod,Galt,Carlton,,74,194,123,17,,1971,1979,,,FALSE,,
david-glascott,David,Glascott,Carlton,,64,183,173,32,,1981,1991,,,FALSE,,
adrian-gleeson,Adrian,Gleeson,Carlton,,58,178,176,12,,1986,1996,,,FALSE,,
richard-hadley,Richard,Hadley,Carlton,,43,190,66,10,,2001,2010,,,FALSE,,
mil-hanna,Mil,Hanna,Carlton,,60,184,190,13,,1986,1997,,,FALSE,,
daniel-harford,Daniel,Harford,Carlton,,49,177,162,2,,1995,2004,,,FALSE,,
wayne-harmes,Wayne,Harmes,Carlton,,66,177,169,37,,1977,1988,,,FALSE,,
glenn-hawker,Glenn,Hawker,Carlton,,65,185,227,11,,1978,1991,,,FALSE,,
adrian-hickmott,Adrian,Hickmott,Carlton,,54,182,184,9,,1992,2003,,,FALSE,,
matthew-hogg,Matthew,Hogg,Carlton,,57,175,173,33,,1988,1999,,,FALSE,,
trent-hotton,Trent,Hotton,Carlton,,52,193,78,37,,1994,2002,,,FALSE,,
ryan-houlihan,Ryan,Houlihan,Carlton,,44,187,201,33,,2000,2011,,,FALSE,,
darren-hulme,Darren,Hulme,Carlton,,48,175,110,27,,1997,2004,,,FALSE,,
ken-hunter,Ken,Hunter,Carlton,,68,183,147,9,,1981,1989,,,FALSE,,
ron-iulio,Ron,Iulio,Carlton,,54,180,104,34,,1992,1999,,,FALSE,,
michael-jamison,Michael,Jamison,Carlton,,39,193,150,40,,2007,2016,,,FALSE,,
brett-johnson,Brett,Johnson,Carlton,,44,179,70,10,,2000,2005,,,FALSE,,
wayne-johnston,Wayne,Johnston,Carlton,,68,180,209,7,,1979,1990,,,FALSE,,
aaron-joseph,Aaron,Joseph,Carlton,,36,180,73,45,,2009,2013,,,FALSE,,
chris-judd,Chris,Judd,Carlton,,42,189,279,5,,2002,2015,,,FALSE,,
trevor-keogh,Trevor,Keogh,Carlton,,76,175,208,8,,1970,1981,,,FALSE,,
david-kernahan,David,Kernahan,Carlton,,60,185,53,28,,1988,1993,,,FALSE,,
stephen-kernahan,Stephen,Kernahan,Carlton,,62,196,251,4,,1986,1997,,,FALSE,,
sam-kerridge,Sam,Kerridge,Carlton,,32,188,69,11,,2012,2018,,,FALSE,,
anthony-koutoufides,Anthony,Koutoufides,Carlton,,53,191,278,43,,1992,2007,,,FALSE,,
matthew-kreuzer,Matthew,Kreuzer,Carlton,,36,200,189,8,,2008,2020,,,FALSE,,
jed-lamb,Jed,Lamb,Carlton,,33,181,66,13,,2013,2018,,,FALSE,,
darcy-lang,Darcy,Lang,Carlton,,30,183,64,16,,2014,2020,,,FALSE,,
matthew-lappin,Matthew,Lappin,Carlton,,50,184,251,12,,1994,2007,,,FALSE,,
matthew-lobbe,Matthew,Lobbe,Carlton,,37,200,100,27,,2010,2019,,,FALSE,,
troy-longmuir,Troy,Longmuir,Carlton,,46,184,83,21,,1998,2006,,,FALSE,,
mark-maclure,Mark,Maclure,Carlton,,70,188,243,36,,1974,1986,,,FALSE,,
justin-madden,Justin,Madden,Carlton,,64,206,332,44,,1980,1996,,,FALSE,,
michael-mansfield,Michael,Mansfield,Carlton,,54,183,235,10,,1990,2002,,,FALSE,,
glenn-manton,Glenn,Manton,Carlton,,52,185,178,22,,1992,2003,,,FALSE,,
caleb-marchbank,Caleb,Marchbank,Carlton,,29,193,63,22,,2015,2024,,,FALSE,,
frank-marchesani,Frank,Marchesani,Carlton,,66,188,52,25,,1980,1985,,,FALSE,,
jack-martin,Jack,Martin,Carlton,,31,186,151,21,,2014,2024,,,FALSE,,
mick-martyn,Mick,Martyn,Carlton,,57,190,300,10,,1988,2003,,,FALSE,,
cory-mcgrath,Cory,McGrath,Carlton,,47,181,78,20,,2001,2006,,,FALSE,,
mick-mcguane,Mick,McGuane,Carlton,,58,186,155,31,,1987,1997,,,FALSE,,
andrew-mckay,Andrew,McKay,Carlton,,55,185,244,5,,1993,2003,,,FALSE,,
dylan-mclaren,Dylan,McLaren,Carlton,,43,196,59,10,,2001,2006,,,FALSE,,
brock-mclean,Brock,McLean,Carlton,,40,184,157,14,,2004,2014,,,FALSE,,
paul-meldrum,Paul,Meldrum,Carlton,,65,182,158,23,,1982,1992,,,FALSE,,
barry-mitchell,Barry,Mitchell,Carlton,,60,173,221,10,,1984,1996,,,FALSE,,
digby-morrell,Digby,Morrell,Carlton,,46,191,72,3,,2001,2005,,,FALSE,,
aaron-mullett,Aaron,Mullett,Carlton,,34,184,98,18,,2011,2018,,,FALSE,,
fraser-murphy,Fraser,Murphy,Carlton,,63,169,107,30,,1984,1991,,,FALSE,,
marc-murphy,Marc,Murphy,Carlton,,38,180,300,3,,2006,2021,,,FALSE,,
mark-naley,Mark,Naley,Carlton,,65,177,65,17,,1987,1990,,,FALSE,,
nic-newman,Nic,Newman,Carlton,Half Back,33,187,134,24,,2017,2024,,,FALSE,,
jack-newnes,Jack,Newnes,Carlton,,33,186,207,32,,2012,2022,,,FALSE,,
lochie-obrien,Lochie,OBrien,Carlton,,26,185,66,4,,2018,2023,,,FALSE,,
john-oconnell,John,OConnell,Carlton,,75,183,111,19,,1970,1976,,,FALSE,,
stephen-oreilly,Stephen,OReilly,Carlton,,53,195,146,26,,1993,2000,,,FALSE,,
cameron-oshea,Cameron,OShea,Carlton,,34,193,92,24,,2011,2018,,,FALSE,,
luke-osullivan,Luke,OSullivan,Carlton,,58,177,62,27,,1988,1997,,,FALSE,,
rhys-palmer,Rhys,Palmer,Carlton,,37,181,123,24,,2008,2017,,,FALSE,,
brad-pearce,Brad,Pearce,Carlton,,54,185,79,19,,1993,1999,,,FALSE,,
val-perovic,Val,Perovic,Carlton,,72,192,174,15,,1973,1985,,,FALSE,,
tony-pickett,Tony,Pickett,Carlton,,73,178,60,30,,1976,1979,,,FALSE,,
marc-pittonet,Marc,Pittonet,Carlton,Ruck,29,202,73,27,,2016,2024,,,FALSE,,
lachie-plowman,Lachie,Plowman,Carlton,,31,193,145,20,,2013,2023,,,FALSE,,
tim-powell,Tim,Powell,Carlton,,58,183,75,22,,1988,1994,,,FALSE,,
ian-prendergast,Ian,Prendergast,Carlton,,45,192,65,28,,2001,2006,,,FALSE,,
brett-ratten,Brett,Ratten,Carlton,,54,184,255,7,,1990,2003,,,FALSE,,
bruce-reid,Bruce,Reid,Carlton,,70,191,119,17,,1977,1985,,,FALSE,,
david-rhys-jones,David,Rhys-Jones,Carlton,,63,187,182,26,,1980,1992,,,FALSE,,
dean-rice,Dean,Rice,Carlton,,58,180,234,23,,1987,2001,,,FALSE,,
shane-robertson,Shane,Robertson,Carlton,,62,179,80,38,,1983,1991,,,FALSE,,
steven-rui,Steven,Rui,Carlton,,62,183,55,5,,1988,1991,,,FALSE,,
jason-saddington,Jason,Saddington,Carlton,,46,194,162,9,,1998,2008,,,FALSE,,
heath-scotland,Heath,Scotland,Carlton,,45,182,268,29,,1999,2014,,,FALSE,,
renato-serafini,Renato,Serafini,Carlton,,73,189,88,23,,1971,1978,,,FALSE,,
michael-sexton,Michael,Sexton,Carlton,,55,192,200,14,,1990,2000,,,FALSE,,
matt-shaw,Matt,Shaw,Carlton,,34,187,104,37,,2011,2018,,,FALSE,,
alex-silvagni,Alex,Silvagni,Carlton,,38,192,60,44,,2010,2017,,,FALSE,,
stephen-silvagni,Stephen,Silvagni,Carlton,,58,194,312,1,,1985,2001,,,FALSE,,
kade-simpson,Kade,Simpson,Carlton,,41,183,342,6,,2003,2020,,,FALSE,,
geoff-southby,Geoff,Southby,Carlton,,75,188,268,20,,1971,1984,,,FALSE,,
earl-spalding,Earl,Spalding,Carlton,,61,198,211,11,,1987,1997,,,FALSE,,
trent-sporn,Trent,Sporn,Carlton,,43,187,50,36,,2002,2006,,,FALSE,,
nick-stevens,Nick,Stevens,Carlton,,46,182,231,24,,1998,2009,,,FALSE,,
david-teague,David,Teague,Carlton,,44,186,83,15,,2001,2006,,,FALSE,,
dale-thomas,Dale,Thomas,Carlton,,38,185,258,39,,2006,2019,,,FALSE,,
andrew-walker,Andrew,Walker,Carlton,,39,190,202,1,,2004,2016,,,FALSE,,
robert-warnock,Robert,Warnock,Carlton,,39,206,88,11,,2007,2015,,,FALSE,,
simon-white,Simon,White,Carlton,,37,190,87,43,,2010,2017,,,FALSE,,
adrian-whitehead,Adrian,Whitehead,Carlton,,50,178,63,32,,1994,1999,,,FALSE,,
graeme-whitnall,Graeme,Whitnall,Carlton,,74,178,66,30,,1974,1981,,,FALSE,,
lance-whitnall,Lance,Whitnall,Carlton,,46,192,216,8,,1997,2007,,,FALSE,,
simon-wiggins,Simon,Wiggins,Carlton,,43,187,116,34,,2001,2009,,,FALSE,,
greg-williams,Greg,Williams,Carlton,,62,176,250,2,,1984,1997,,,FALSE,,
cameron-wood,Cameron,Wood,Carlton,,39,204,88,36,,2005,2015,,,FALSE,,
matthew-wright,Matthew,Wright,Carlton,,36,178,159,46,,2011,2018,,,FALSE,,
chris-yarran,Chris,Yarran,Carlton,,35,180,119,13,,2009,2015,,,FALSE,,
graeme-allan,Graeme,Allan,Collingwood,,71,183,141,27,,1975,1986,,,FALSE,,
graeme-anderson,Graeme,Anderson,Collingwood,,73,185,71,21,,1975,1980,,,FALSE,,
ron-andrews,Ron,Andrews,Collingwood,,70,191,157,9,,1973,1984,,,FALSE,,
graeme-atkins,Graeme,Atkins,Collingwood,,62,178,82,5,,1982,1989,,,FALSE,,
geoffrey-austen,Geoffrey,Austen,Collingwood,,72,194,98,17,,1972,1981,,,FALSE,,
luke-ball,Luke,Ball,Collingwood,,41,184,223,12,,2003,2014,,,FALSE,,
denis-banks,Denis,Banks,Collingwood,,66,185,166,12,,1979,1991,,,FALSE,,
ricky-barham,Ricky,Barham,Collingwood,,67,183,151,1,,1977,1986,,,FALSE,,
doug-barwick,Doug,Barwick,Collingwood,,64,173,147,17,,1984,1991,,,FALSE,,
dayne-beams,Dayne,Beams,Collingwood,,36,187,177,11,,2009,2019,,,FALSE,,
rupert-betheras,Rupert,Betheras,Collingwood,,50,181,85,10,,1999,2003,,,FALSE,,
jarryd-blair,Jarryd,Blair,Collingwood,,36,174,157,11,,2010,2018,,,FALSE,,
peter-bradbury,Peter,Bradbury,Collingwood,,67,183,72,18,,1983,1987,,,FALSE,,
dermott-brereton,Dermott,Brereton,Collingwood,,61,186,211,3,,1982,1995,,,FALSE,,
callum-brown-1998,Callum,Brown,Collingwood,,27,178,70,17,,2017,2022,,,FALSE,,
gavin-brown,Gavin,Brown,Collingwood,,58,184,254,26,,1987,2000,,,FALSE,,
leigh-brown,Leigh,Brown,Collingwood,,44,194,246,15,,2000,2011,,,FALSE,,
nathan-buckley,Nathan,Buckley,Collingwood,,53,186,280,5,,1993,2007,,,FALSE,,
scott-burns,Scott,Burns,Collingwood,,51,181,264,17,,1995,2008,,,FALSE,,
blake-caracella,Blake,Caracella,Collingwood,,49,186,187,10,,1997,2006,,,FALSE,,
michael-christian,Michael,Christian,Collingwood,,61,191,131,21,,1987,1995,,,FALSE,,
martin-clarke,Martin,Clarke,Collingwood,,38,181,73,9,,2007,2014,,,FALSE,,
james-clement,James,Clement,Collingwood,,49,190,230,8,,1996,2007,,,FALSE,,
jason-cloke,Jason,Cloke,Collingwood,,43,189,76,34,,2002,2006,,,FALSE,,
ian-cooper,Ian,Cooper,Collingwood,,71,183,93,10,,1972,1982,,,FALSE,,
anthony-corrie,Anthony,Corrie,Collingwood,,41,186,56,14,,2004,2009,,,FALSE,,
gavin-crosisca,Gavin,Crosisca,Collingwood,,57,188,246,28,,1987,2000,,,FALSE,,
scott-crow,Scott,Crow,Collingwood,,52,179,75,39,,1993,1999,,,FALSE,,
scott-cummings,Scott,Cummings,Collingwood,,52,194,128,32,,1994,2002,,,FALSE,,
peter-daicos,Peter,Daicos,Collingwood,,64,184,250,35,,1979,1993,,,FALSE,,
leon-davis,Leon,Davis,Collingwood,,44,177,225,1,,2000,2011,,,FALSE,,
alan-didak,Alan,Didak,Collingwood,,43,184,218,4,,2001,2013,,,FALSE,,
lynden-dunn,Lynden,Dunn,Collingwood,,38,192,198,15,,2006,2020,,,FALSE,,
tony-elshaug,Tony,Elshaug,Collingwood,,65,178,137,18,,1979,1988,,,FALSE,,
wes-fellowes,Wes,Fellowes,Collingwood,,65,200,102,15,,1981,1989,,,FALSE,,
tommy-floyd,Tommy,Floyd,Collingwood,,65,170,61,5,,1978,1983,,,FALSE,,
billy-frampton,Billy,Frampton,Collingwood,Key Defender,29,200,58,17,,2018,2024,,,FALSE,,
matthew-francis,Matthew,Francis,Collingwood,,55,196,55,9,,1990,1998,,,FALSE,,
glenn-freeborn,Glenn,Freeborn,Collingwood,,53,183,138,9,,1995,2003,,,FALSE,,
michael-gayfer,Michael,Gayfer,Collingwood,,60,186,142,3,,1986,1993,,,FALSE,,
tyson-goldsack,Tyson,Goldsack,Collingwood,,38,193,165,6,,2007,2018,,,FALSE,,
levi-greenwood,Levi,Greenwood,Collingwood,,37,181,160,19,,2009,2021,,,FALSE,,
brad-hardie,Brad,Hardie,Collingwood,,63,181,150,9,,1985,1992,,,FALSE,,
brodie-holland,Brodie,Holland,Collingwood,,46,180,155,6,,1998,2008,,,FALSE,,
ben-hudson,Ben,Hudson,Collingwood,,47,196,168,25,,2004,2013,,,FALSE,,
andrew-ireland,Andrew,Ireland,Collingwood,,73,191,110,24,,1975,1980,,,FALSE,,
ben-johnson,Ben,Johnson,Collingwood,,45,183,235,26,,2000,2013,,,FALSE,,
darren-jolly,Darren,Jolly,Collingwood,,44,200,237,18,,2001,2013,,,FALSE,,
craig-kelly,Craig,Kelly,Collingwood,,59,190,122,23,,1989,1996,,,FALSE,,
shane-kerrison,Shane,Kerrison,Collingwood,,61,180,141,44,,1986,1995,,,FALSE,,
ben-kinnear,Ben,Kinnear,Collingwood,,47,193,50,28,,1998,2004,,,FALSE,,
andrew-krakouer,Andrew,Krakouer,Collingwood,,43,176,137,7,,2001,2013,,,FALSE,,
tyson-lane,Tyson,Lane,Collingwood,,49,183,61,33,,1995,2001,,,FALSE,,
tom-langdon,Tom,Langdon,Collingwood,,31,190,89,8,,2014,2019,,,FALSE,,
paul-licuria,Paul,Licuria,Collingwood,,48,179,192,18,,1997,2007,,,FALSE,,
tarkyn-lockyer,Tarkyn,Lockyer,Collingwood,,46,178,227,24,,1999,2010,,,FALSE,,
ryan-lonie,Ryan,Lonie,Collingwood,,43,190,123,3,,2001,2008,,,FALSE,,
ian-low,Ian,Low,Collingwood,,72,183,78,16,,1975,1980,,,FALSE,,
quinten-lynch,Quinten,Lynch,Collingwood,,43,192,227,21,,2002,2013,,,FALSE,,
brent-macaffer,Brent,Macaffer,Collingwood,,38,187,77,3,,2009,2016,,,FALSE,,
stan-magro,Stan,Magro,Collingwood,,71,177,96,3,,1977,1982,,,FALSE,,
phil-manassa,Phil,Manassa,Collingwood,,70,178,122,31,,1973,1979,,,FALSE,,
oleg-markov,Oleg,Markov,Collingwood,,29,188,86,37,,2016,2024,,,FALSE,,
nick-maxwell,Nick,Maxwell,Collingwood,,42,193,208,5,,2004,2014,,,FALSE,,
chris-mayne,Chris,Mayne,Collingwood,,37,188,248,16,,2008,2021,,,FALSE,,
alex-mcdonald,Alex,McDonald,Collingwood,,56,186,107,27,,1990,1999,,,FALSE,,
steven-mckee,Steven,McKee,Collingwood,,47,199,84,12,,1998,2004,,,FALSE,,
ron-mckeown,Ron,McKeown,Collingwood,,58,188,123,5,,1984,1993,,,FALSE,,
paul-medhurst,Paul,Medhurst,Collingwood,,44,179,168,7,,2002,2010,,,FALSE,,
darren-millane,Darren,Millane,Collingwood,,60,188,147,42,,1984,1991,,,FALSE,,
tom-mitchell,Tom,Mitchell,Collingwood,,32,182,203,6,,2013,2024,,,FALSE,,
jarrod-molloy,Jarrod,Molloy,Collingwood,,49,189,169,7,,1994,2003,,,FALSE,,
kevin-morris,Kevin,Morris,Collingwood,,75,180,181,14,,1971,1981,,,FALSE,,
chad-morrison,Chad,Morrison,Collingwood,,48,184,169,7,,1996,2006,,,FALSE,,
paul-morwood,Paul,Morwood,Collingwood,,67,182,170,4,,1977,1987,,,FALSE,,
shane-morwood,Shane,Morwood,Collingwood,,64,191,212,7,,1981,1993,,,FALSE,,
nathan-murphy,Nathan,Murphy,Collingwood,,26,190,57,28,,2018,2023,,,FALSE,,
shane-obree,Shane,OBree,Collingwood,,47,182,246,11,,1998,2010,,,FALSE,,
russell-ohlsen,Russell,Ohlsen,Collingwood,,70,183,97,34,,1975,1981,,,FALSE,,
mark-orchard,Mark,Orchard,Collingwood,,50,175,86,2,,1995,2000,,,FALSE,,
richard-osborne,Richard,Osborne,Collingwood,,61,182,283,44,,1982,1998,,,FALSE,,
stephen-patterson,Stephen,Patterson,Collingwood,,55,177,96,6,,1995,2000,,,FALSE,,
gary-pert,Gary,Pert,Collingwood,,60,188,233,4,,1982,1995,,,FALSE,,
greg-phillips,Greg,Phillips,Collingwood,,67,188,84,3,,1983,1986,,,FALSE,,
bill-picken,Bill,Picken,Collingwood,,69,185,240,2,,1974,1986,,,FALSE,,
simon-prestigiacomo,Simon,Prestigiacomo,Collingwood,,48,193,233,35,,1996,2010,,,FALSE,,
ben-reid,Ben,Reid,Collingwood,,36,196,152,20,,2007,2020,,,FALSE,,
alan-richardson,Alan,Richardson,Collingwood,,60,180,114,13,,1987,1996,,,FALSE,,
mark-richardson,Mark,Richardson,Collingwood,,53,196,141,3,,1991,2002,,,FALSE,,
chad-rintoul,Chad,Rintoul,Collingwood,,51,180,76,21,,1997,2002,,,FALSE,,
anthony-rocca,Anthony,Rocca,Collingwood,,48,195,242,23,,1995,2009,,,FALSE,,
jordan-roughead,Jordan,Roughead,Collingwood,,35,200,201,23,,2010,2022,,,FALSE,,
jordan-russell,Jordan,Russell,Collingwood,,39,188,125,2,,2005,2013,,,FALSE,,
stephen-ryan,Stephen,Ryan,Collingwood,,55,190,51,41,,1990,1994,,,FALSE,,
daryl-salmon,Daryl,Salmon,Collingwood,,72,183,56,24,,1971,1974,,,FALSE,,
darren-saunders,Darren,Saunders,Collingwood,,60,180,50,31,,1986,1993,,,FALSE,,
ray-shaw,Ray,Shaw,Collingwood,,71,175,146,23,,1974,1981,,,FALSE,,
tony-shaw,Tony,Shaw,Collingwood,,65,170,313,22,,1978,1994,,,FALSE,,
ben-sinclair,Ben,Sinclair,Collingwood,,34,183,63,28,,2011,2016,,,FALSE,,
greg-smith,Greg,Smith,Collingwood,,69,180,127,8,,1980,1986,,,FALSE,,
carl-steinfort,Carl,Steinfort,Collingwood,,49,191,92,15,,1996,2002,,,FALSE,,
dane-swan,Dane,Swan,Collingwood,,42,185,258,36,,2003,2016,,,FALSE,,
jamie-tape,Jamie,Tape,Collingwood,,52,188,91,13,,1994,1999,,,FALSE,,
chris-tarrant,Chris,Tarrant,Collingwood,,45,193,268,2,,1998,2012,,,FALSE,,
brian-taylor,Brian,Taylor,Collingwood,,64,191,140,9,,1980,1990,,,FALSE,,
jason-taylor,Jason,Taylor,Collingwood,,57,196,91,15,,1990,1997,,,FALSE,,
michael-taylor,Michael,Taylor,Collingwood,,72,183,92,28,,1981,1984,,,FALSE,,
graham-teasdale,Graham,Teasdale,Collingwood,,70,193,141,20,,1973,1983,,,FALSE,,
josh-thomas,Josh,Thomas,Collingwood,,34,178,123,24,,2013,2021,,,FALSE,,
alan-toovey,Alan,Toovey,Collingwood,,39,189,159,34,,2007,2016,,,FALSE,,
jamie-turner,Jamie,Turner,Collingwood,,63,183,160,24,,1984,1993,,,FALSE,,
david-twomey,David,Twomey,Collingwood,,65,185,63,8,,1979,1985,,,FALSE,,
travis-varcoe,Travis,Varcoe,Collingwood,,38,180,230,18,,2007,2020,,,FALSE,,
shane-wakelin,Shane,Wakelin,Collingwood,,51,191,252,14,,1994,2008,,,FALSE,,
shane-watson,Shane,Watson,Collingwood,,52,186,141,14,,1992,2000,,,FALSE,,
daniel-wells,Daniel,Wells,Collingwood,,41,181,258,3,,2003,2019,,,FALSE,,
jesse-white,Jesse,White,Collingwood,,38,196,127,9,,2008,2017,,,FALSE,,
jason-wild,Jason,Wild,Collingwood,,50,182,70,22,,1995,1999,,,FALSE,,
andrew-williams,Andrew,Williams,Collingwood,,47,183,116,19,,1998,2005,,,FALSE,,
shane-woewodin,Shane,Woewodin,Collingwood,,49,185,200,2,,1997,2005,,,FALSE,,
michael-woolnough,Michael,Woolnough,Collingwood,,73,185,141,33,,1971,1980,,,FALSE,,
kevin-worthington,Kevin,Worthington,Collingwood,,72,189,95,27,,1977,1982,,,FALSE,,
graham-wright,Graham,Wright,Collingwood,,57,178,201,19,,1988,1998,,,FALSE,,
clinton-young,Clinton,Young,Collingwood,,40,189,137,14,,2005,2014,,,FALSE,,
david-young,David,Young,Collingwood,,72,179,62,18,,1977,1981,,,FALSE,,
steven-alessio,Steven,Alessio,Essendon,,54,203,184,27,,1992,2003,,,FALSE,,
matthew-allan,Matthew,Allan,Essendon,,51,198,161,27,,1994,2005,,,FALSE,,
mark-alvey,Mark,Alvey,Essendon,,45,177,59,15,,1998,2005,,,FALSE,,
patrick-ambrose,Patrick,Ambrose,Essendon,,34,191,88,29,,2014,2021,,,FALSE,,
robert-amos,Robert,Amos,Essendon,,70,180,54,11,,1973,1979,,,FALSE,,
mark-baguley,Mark,Baguley,Essendon,,38,178,134,12,,2012,2019,,,FALSE,,
dean-bailey,Dean,Bailey,Essendon,,59,179,53,31,,1986,1992,,,FALSE,,
leon-baker,Leon,Baker,Essendon,,69,183,86,4,,1984,1988,,,FALSE,,
paul-barnard,Paul,Barnard,Essendon,,53,189,151,16,,1994,2003,,,FALSE,,
john-barnes,John,Barnes,Essendon,,56,193,202,22,,1987,2001,,,FALSE,,
tom-bellchambers,Tom,Bellchambers,Essendon,,36,202,136,2,,2008,2020,,,FALSE,,
peter-bennett,Peter,Bennett,Essendon,,69,180,80,38,,1976,1981,,,FALSE,,
peter-berbakov,Peter,Berbakov,Essendon,,52,188,52,20,,1996,1999,,,FALSE,,
darren-bewick,Darren,Bewick,Essendon,,58,178,238,8,,1988,2000,,,FALSE,,
craig-bird,Craig,Bird,Essendon,,37,179,157,24,,2008,2017,,,FALSE,,
mark-bolton,Mark,Bolton,Essendon,,47,195,124,23,,1998,2007,,,FALSE,,
brian-brown,Brian,Brown,Essendon,,68,183,53,13,,1976,1982,,,FALSE,,
scott-camporeale,Scott,Camporeale,Essendon,,50,180,252,17,,1995,2007,,,FALSE,,
paul-chapman,Paul,Chapman,Essendon,,44,179,280,3,,2000,2015,,,FALSE,,
neil-clarke,Neil,Clarke,Essendon,,68,177,135,8,,1977,1987,,,FALSE,,
zac-clarke,Zac,Clarke,Essendon,,36,203,110,20,,2009,2019,,,FALSE,,
cameron-clayton,Cameron,Clayton,Essendon,,69,180,118,12,,1974,1983,,,FALSE,,
richard-cole,Richard,Cole,Essendon,,42,186,63,28,,2002,2007,,,FALSE,,
adam-cooney,Adam,Cooney,Essendon,,40,187,250,17,,2004,2016,,,FALSE,,
nik-cox,Nik,Cox,Essendon,,24,199,53,13,,2021,2024,,,FALSE,,
peter-cransberg,Peter,Cransberg,Essendon,,58,190,79,23,,1990,1997,,,FALSE,,
ryan-crowley,Ryan,Crowley,Essendon,,42,188,196,51,,2005,2016,,,FALSE,,
damian-cupido,Damian,Cupido,Essendon,,44,184,53,13,,2000,2005,,,FALSE,,
tom-cutler,Tom,Cutler,Essendon,,31,192,96,12,,2014,2022,,,FALSE,,
anthony-daniher,Anthony,Daniher,Essendon,,63,191,233,6,,1981,1994,,,FALSE,,
chris-daniher,Chris,Daniher,Essendon,,60,183,124,7,,1987,1997,,,FALSE,,
neale-daniher,Neale,Daniher,Essendon,,65,188,82,36,,1979,1990,,,FALSE,,
terry-daniher,Terry,Daniher,Essendon,,68,188,313,5,,1976,1992,,,FALSE,,
tim-darcy,Tim,Darcy,Essendon,,62,186,190,20,,1982,1995,,,FALSE,,
alwyn-davey,Alwyn,Davey,Essendon,,41,173,100,29,,2007,2013,,,FALSE,,
matt-dea,Matt,Dea,Essendon,,34,186,70,49,,2010,2018,,,FALSE,,
courtenay-dempsey,Courtenay,Dempsey,Essendon,,38,185,133,15,,2006,2016,,,FALSE,,
sean-denham,Sean,Denham,Essendon,,56,177,186,38,,1987,2000,,,FALSE,,
ben-doolan,Ben,Doolan,Essendon,,53,181,101,22,,1991,1999,,,FALSE,,
bill-duckworth,Bill,Duckworth,Essendon,,67,187,126,22,,1982,1990,,,FALSE,,
ricky-dyson,Ricky,Dyson,Essendon,,40,183,114,2,,2004,2012,,,FALSE,,
alan-ezard,Alan,Ezard,Essendon,,63,173,184,15,,1983,1993,,,FALSE,,
dustin-fletcher,Dustin,Fletcher,Essendon,,50,198,400,31,,1993,2015,,,FALSE,,
david-flood,David,Flood,Essendon,,57,188,58,28,,1986,1995,,,FALSE,,
wayne-foreman,Wayne,Foreman,Essendon,,70,180,66,22,,1977,1981,,,FALSE,,
garry-foulds,Garry,Foulds,Essendon,,69,188,300,10,,1974,1989,,,FALSE,,
peter-francis,Peter,Francis,Essendon,,68,185,158,17,,1979,1988,,,FALSE,,
mark-fraser,Mark,Fraser,Essendon,,55,183,110,30,,1992,2000,,,FALSE,,
martin-gleeson,Martin,Gleeson,Essendon,,31,191,97,8,,2014,2021,,,FALSE,,
brendon-goddard,Brendon,Goddard,Essendon,,40,193,334,9,,2003,2018,,,FALSE,,
todd-goldstein,Todd,Goldstein,Essendon,,37,201,329,17,,2008,2024,,,FALSE,,
josh-green,Josh,Green,Essendon,,33,178,105,15,,2011,2018,,,FALSE,,
david-grenvold,David,Grenvold,Essendon,,60,180,112,29,,1989,1996,,,FALSE,,
ilija-grgic,Ilija,Grgic,Essendon,,54,203,87,37,,1993,1999,,,FALSE,,
nathan-grima,Nathan,Grima,Essendon,,40,192,88,55,,2009,2016,,,FALSE,,
matt-guelfi,Matt,Guelfi,Essendon,Forward Flank,28,184,109,35,,2018,2024,,,FALSE,,
james-gwilt,James,Gwilt,Essendon,,39,188,152,42,,2005,2016,,,FALSE,,
paul-haar,Paul,Haar,Essendon,,68,192,201,18,,1977,1990,,,FALSE,,
paul-hamilton,Paul,Hamilton,Essendon,,58,189,105,16,,1986,1992,,,FALSE,,
mark-hannebery,Mark,Hannebery,Essendon,,68,179,62,16,,1979,1984,,,FALSE,,
kyle-hardingham,Kyle,Hardingham,Essendon,,37,186,65,34,,2010,2014,,,FALSE,,
mark-harvey,Mark,Harvey,Essendon,,60,184,206,1,,1984,1997,,,FALSE,,
shane-heard,Shane,Heard,Essendon,,67,177,168,45,,1977,1991,,,FALSE,,
chris-heffernan,Chris,Heffernan,Essendon,,47,186,170,26,,1997,2007,,,FALSE,,
aaron-henneman,Aaron,Henneman,Essendon,,45,195,58,3,,2000,2005,,,FALSE,,
dyson-heppell,Dyson,Heppell,Essendon,,33,189,253,21,,2011,2024,,,FALSE,,
david-hille,David,Hille,Essendon,,44,202,197,19,,2001,2013,,,FALSE,,
paul-hills,Paul,Hills,Essendon,,53,185,63,11,,1991,1996,,,FALSE,,
nick-hind,Nick,Hind,Essendon,,31,180,95,19,,2019,2024,,,FALSE,,
james-hird,James,Hird,Essendon,,53,188,253,5,,1992,2007,,,FALSE,,
heath-hocking,Heath,Hocking,Essendon,,38,184,126,39,,2007,2017,,,FALSE,,
cale-hooker,Cale,Hooker,Essendon,,37,198,219,26,,2008,2021,,,FALSE,,
ben-howlett,Ben,Howlett,Essendon,,37,180,124,40,,2010,2017,,,FALSE,,
michael-hurley,Michael,Hurley,Essendon,,35,192,194,18,,2009,2022,,,FALSE,,
robert-hyde,Robert,Hyde,Essendon,,71,183,63,19,,1973,1979,,,FALSE,,
mark-jamar,Mark,Jamar,Essendon,,42,198,160,53,,2003,2016,,,FALSE,,
leroy-jetta,Leroy,Jetta,Essendon,,37,177,93,7,,2007,2014,,,FALSE,,
jason-johnson,Jason,Johnson,Essendon,,48,181,184,14,,1997,2008,,,FALSE,,
jake-kelly,Jake,Kelly,Essendon,,31,190,168,29,,2015,2024,,,FALSE,,
james-kelly,James,Kelly,Essendon,,42,183,313,47,,2002,2017,,,FALSE,,
jayden-laverde,Jayden,Laverde,Essendon,,30,191,131,15,,2015,2024,,,FALSE,,
jason-laycock,Jason,Laycock,Essendon,,41,201,58,27,,2004,2008,,,FALSE,,
matthew-leuenberger,Matthew,Leuenberger,Essendon,,37,203,137,22,,2007,2018,,,FALSE,,
matthew-lloyd,Matthew,Lloyd,Essendon,,48,192,270,18,,1995,2009,,,FALSE,,
michael-long,Michael,Long,Essendon,,56,178,190,13,,1989,2001,,,FALSE,,
andrew-lovett,Andrew,Lovett,Essendon,,43,183,88,13,,2005,2009,,,FALSE,,
nathan-lovett-murray,Nathan,Lovett-Murray,Essendon,,43,190,145,42,,2004,2013,,,FALSE,,
scott-lucas,Scott,Lucas,Essendon,,48,192,270,25,,1996,2009,,,FALSE,,
simon-madden,Simon,Madden,Essendon,,68,198,378,27,,1974,1992,,,FALSE,,
andrew-manning,Andrew,Manning,Essendon,,59,185,56,41,,1985,1991,,,FALSE,,
ian-marsh,Ian,Marsh,Essendon,,70,178,68,37,,1976,1980,,,FALSE,,
anthony-mcdonald-tipungwuti,Anthony,McDonald-Tipungwuti,Essendon,,33,171,133,43,,2016,2023,,,FALSE,,
mark-mcveigh,Mark,McVeigh,Essendon,,45,184,232,10,,1999,2012,,,FALSE,,
mark-mercuri,Mark,Mercuri,Essendon,,52,178,207,2,,1992,2004,,,FALSE,,
jackson-merrett,Jackson,Merrett,Essendon,,33,185,56,20,,2012,2018,,,FALSE,,
mal-michael,Mal,Michael,Essendon,,48,190,238,22,,1997,2008,,,FALSE,,
joe-misiti,Joe,Misiti,Essendon,,51,186,236,24,,1992,2004,,,FALSE,,
laurie-moloney,Laurie,Moloney,Essendon,,76,184,80,34,,1971,1976,,,FALSE,,
ian-morrison,Ian,Morrison,Essendon,,72,188,113,12,,1973,1981,,,FALSE,,
graham-moss,Graham,Moss,Essendon,,75,196,84,25,,1973,1976,,,FALSE,,
russell-muir,Russell,Muir,Essendon,,71,180,107,42,,1972,1981,,,FALSE,,
justin-murphy,Justin,Murphy,Essendon,,50,185,185,28,,1994,2005,,,FALSE,,
david-myers,David,Myers,Essendon,,36,191,123,23,,2008,2019,,,FALSE,,
rob-newton,Rob,Newton,Essendon,,73,188,59,2,,1973,1978,,,FALSE,,
gary-odonnell,Gary,ODonnell,Essendon,,60,181,243,10,,1987,1998,,,FALSE,,
michael-osullivan,Michael,OSullivan,Essendon,,64,185,54,40,,1982,1988,,,FALSE,,
darcy-parish,Darcy,Parish,Essendon,Midfielder,28,181,162,3,,2016,2024,,,FALSE,,
tayte-pears,Tayte,Pears,Essendon,,36,191,70,16,,2008,2015,,,FALSE,,
greg-perry,Greg,Perry,Essendon,,77,193,63,8,,1970,1976,,,FALSE,,
damien-peverill,Damien,Peverill,Essendon,,46,183,144,11,,2001,2008,,,FALSE,,
andrew-phillips,Andrew,Phillips,Essendon,,34,201,82,34,,2012,2023,,,FALSE,,
james-polkinghorne,James,Polkinghorne,Essendon,,37,184,101,50,,2008,2016,,,FALSE,,
brent-prismall,Brent,Prismall,Essendon,,39,186,61,9,,2006,2011,,,FALSE,,
adam-ramanauskas,Adam,Ramanauskas,Essendon,,45,183,134,9,,1999,2008,,,FALSE,,
kyle-reimers,Kyle,Reimers,Essendon,,37,182,60,37,,2007,2012,,,FALSE,,
dean-rioli,Dean,Rioli,Essendon,,47,180,100,43,,1999,2006,,,FALSE,,
stephen-robins,Stephen,Robins,Essendon,,69,183,80,24,,1974,1980,,,FALSE,,
jonathon-robran,Jonathon,Robran,Essendon,,53,196,83,12,,1995,2001,,,FALSE,,
paul-salmon,Paul,Salmon,Essendon,,61,205,324,4,,1983,2002,,,FALSE,,
denis-scanlon,Denis,Scanlon,Essendon,,72,188,66,36,,1976,1981,,,FALSE,,
graeme-schultz,Graeme,Schultz,Essendon,,72,180,77,14,,1971,1983,,,FALSE,,
will-setterfield,Will,Setterfield,Essendon,Midfielder,28,192,71,12,,2017,2024,,,FALSE,,
robert-shaw,Robert,Shaw,Essendon,,71,188,51,26,,1974,1981,,,FALSE,,
hayden-skipworth,Hayden,Skipworth,Essendon,,43,177,55,21,,2001,2009,,,FALSE,,
henry-slattery,Henry,Slattery,Essendon,,40,185,96,20,,2005,2012,,,FALSE,,
devon-smith,Devon,Smith,Essendon,,32,174,182,5,,2012,2022,,,FALSE,,
will-snelling,Will,Snelling,Essendon,,28,175,65,11,,2016,2023,,,FALSE,,
peter-somerville,Peter,Somerville,Essendon,,57,195,160,19,,1988,1999,,,FALSE,,
brent-stanton,Brent,Stanton,Essendon,,39,183,255,5,,2004,2017,,,FALSE,,
james-stewart,James,Stewart,Essendon,,32,199,78,17,,2013,2022,,,FALSE,,
mathew-stokes,Mathew,Stokes,Essendon,,41,176,200,48,,2006,2016,,,FALSE,,
alan-stoneham,Alan,Stoneham,Essendon,,70,185,200,11,,1972,1983,,,FALSE,,
michael-symons,Michael,Symons,Essendon,,54,182,109,12,,1992,1999,,,FALSE,,
mark-thompson,Mark,Thompson,Essendon,,62,177,202,26,,1983,1996,,,FALSE,,
dean-wallis,Dean,Wallis,Essendon,,56,190,127,21,,1987,2001,,,FALSE,,
brian-walsh,Brian,Walsh,Essendon,,75,179,115,1,,1970,1978,,,FALSE,,
kevin-walsh,Kevin,Walsh,Essendon,,64,193,162,30,,1981,1991,,,FALSE,,
jobe-watson,Jobe,Watson,Essendon,,41,191,220,4,,2003,2017,,,FALSE,,
tim-watson,Tim,Watson,Essendon,,64,185,307,32,,1977,1994,,,FALSE,,
sam-weideman,Sam,Weideman,Essendon,,28,195,76,10,,2016,2024,,,FALSE,,
pat-wellington,Pat,Wellington,Essendon,,72,185,58,39,,1972,1976,,,FALSE,,
sean-wellman,Sean,Wellman,Essendon,,51,193,212,6,,1994,2004,,,FALSE,,
andrew-welsh,Andrew,Welsh,Essendon,,43,188,162,12,,2002,2011,,,FALSE,,
paul-weston,Paul,Weston,Essendon,,69,188,60,28,,1983,1985,,,FALSE,,
darren-williams,Darren,Williams,Essendon,,65,176,109,13,,1979,1989,,,FALSE,,
mark-williams-1983,Mark,Williams,Essendon,,43,180,115,33,,2002,2010,,,FALSE,,
andrew-wilson,Andrew,Wilson,Essendon,,74,179,112,33,,1971,1977,,,FALSE,,
jason-winderlich,Jason,Winderlich,Essendon,,41,188,129,8,,2003,2015,,,FALSE,,
bryan-wood,Bryan,Wood,Essendon,,72,185,253,2,,1972,1986,,,FALSE,,
peter-wright,Peter,Wright,Essendon,Key Forward,29,203,133,20,,2015,2024,,,FALSE,,
david-zaharakis,David,Zaharakis,Essendon,,36,180,226,11,,2009,2021,,,FALSE,,
ty-zantuck,Ty,Zantuck,Essendon,,44,188,77,36,,2000,2005,,,FALSE,,
ben-allan,Ben,Allan,Fremantle,,57,182,145,7,,1990,1997,,,FALSE,,
stuart-anderson,Stuart,Anderson,Fremantle,,51,181,70,6,,1994,1998,,,FALSE,,
john-anthony,John,Anthony,Fremantle,,38,192,51,22,,2008,2012,,,FALSE,,
hayden-ballantyne,Hayden,Ballantyne,Fremantle,,38,175,171,1,,2009,2019,,,FALSE,,
peter-bell,Peter,Bell,Fremantle,,50,175,286,32,,1995,2008,,,FALSE,,
heath-black,Heath,Black,Fremantle,,46,176,192,21,,1997,2008,,,FALSE,,
connor-blakely,Connor,Blakely,Fremantle,,30,188,78,19,,2015,2021,,,FALSE,,
chris-bond,Chris,Bond,Fremantle,,57,178,163,32,,1990,1999,,,FALSE,,
kepler-bradley,Kepler,Bradley,Fremantle,,40,199,117,26,,2004,2013,,,FALSE,,
will-brodie,Will,Brodie,Fremantle,,27,189,54,17,,2017,2023,,,FALSE,,
matthew-carr,Matthew,Carr,Fremantle,,47,190,162,9,,1999,2008,,,FALSE,,
travis-colyer,Travis,Colyer,Fremantle,,34,175,146,33,,2010,2022,,,FALSE,,
reece-conca,Reece,Conca,Fremantle,,33,181,150,6,,2011,2021,,,FALSE,,
troy-cook,Troy,Cook,Fremantle,,49,176,193,10,,1997,2007,,,FALSE,,
sean-darcy,Sean,Darcy,Fremantle,Ruck,27,202,110,4,,2017,2024,,,FALSE,,
zac-dawson,Zac,Dawson,Fremantle,,40,197,166,3,,2005,2017,,,FALSE,,
brad-dodd,Brad,Dodd,Fremantle,,49,184,50,12,,1998,2001,,,FALSE,,
steven-dodd,Steven,Dodd,Fremantle,,42,191,101,25,,2004,2010,,,FALSE,,
paul-duffield,Paul,Duffield,Fremantle,,41,188,171,41,,2006,2015,,,FALSE,,
jeff-farmer,Jeff,Farmer,Fremantle,,48,174,249,33,,1995,2008,,,FALSE,,
brendon-fewster,Brendon,Fewster,Fremantle,,52,193,70,18,,1996,2002,,,FALSE,,
adrian-fletcher,Adrian,Fletcher,Fremantle,,56,178,231,2,,1989,2001,,,FALSE,,
nat-fyfe,Nat,Fyfe,Fremantle,,34,192,240,7,,2010,2024,,,FALSE,,
jonathon-griffin,Jonathon,Griffin,Fremantle,,40,201,97,12,,2007,2017,,,FALSE,,
antoni-grover,Antoni,Grover,Fremantle,,46,189,202,14,,1999,2012,,,FALSE,,
robert-haddrill,Robert,Haddrill,Fremantle,,45,189,58,42,,2001,2007,,,FALSE,,
paul-hasleby,Paul,Hasleby,Fremantle,,44,182,208,4,,2000,2010,,,FALSE,,
roger-hayden,Roger,Hayden,Fremantle,,45,182,128,43,,2002,2011,,,FALSE,,
des-headland,Des,Headland,Fremantle,,45,186,166,11,,1999,2010,,,FALSE,,
stephen-hill,Stephen,Hill,Fremantle,,35,183,218,32,,2009,2020,,,FALSE,,
ethan-hughes,Ethan,Hughes,Fremantle,,31,188,107,15,,2015,2024,,,FALSE,,
david-hynes,David,Hynes,Fremantle,,59,190,86,16,,1991,1997,,,FALSE,,
garrick-ibbotson,Garrick,Ibbotson,Fremantle,,38,186,177,5,,2007,2017,,,FALSE,,
mark-johnson,Mark,Johnson,Fremantle,,47,180,208,17,,1999,2008,,,FALSE,,
michael-johnson,Michael,Johnson,Fremantle,,41,195,244,37,,2005,2018,,,FALSE,,
anthony-jones,Anthony,Jones,Fremantle,,51,185,82,5,,1995,2003,,,FALSE,,
shane-kersten,Shane,Kersten,Fremantle,,33,191,66,22,,2014,2018,,,FALSE,,
dale-kickett,Dale,Kickett,Fremantle,,57,179,181,11,,1990,2002,,,FALSE,,
quenton-leach,Quenton,Leach,Fremantle,,53,179,56,36,,1995,1998,,,FALSE,,
justin-longmuir,Justin,Longmuir,Fremantle,,45,196,139,20,,1999,2007,,,FALSE,,
greg-madigan,Greg,Madigan,Fremantle,,56,193,66,17,,1989,1997,,,FALSE,,
peter-mann,Peter,Mann,Fremantle,,55,194,116,9,,1991,1999,,,FALSE,,
brandon-matera,Brandon,Matera,Fremantle,,34,173,144,3,,2011,2020,,,FALSE,,
cam-mccarthy,Cam,McCarthy,Fremantle,,31,192,70,23,,2014,2020,,,FALSE,,
oscar-mcdonald,Oscar,McDonald,Fremantle,Key Defender,30,196,87,21,,2015,2024,,,FALSE,,
andrew-mcgovern,Andrew,McGovern,Fremantle,,58,177,83,43,,1992,1998,,,FALSE,,
shaun-mcmanus,Shaun,McManus,Fremantle,,50,179,228,8,,1995,2008,,,FALSE,,
luke-mcpharlin,Luke,McPharlin,Fremantle,,44,192,256,18,,2000,2015,,,FALSE,,
adam-mcphee,Adam,McPhee,Fremantle,,43,190,223,9,,2001,2012,,,FALSE,,
daniel-metropolis,Daniel,Metropolis,Fremantle,,54,188,114,3,,1992,2001,,,FALSE,,
tony-modra,Tony,Modra,Fremantle,,57,188,165,6,,1992,2001,,,FALSE,,
david-mundy,David,Mundy,Fremantle,,40,193,376,16,,2005,2022,,,FALSE,,
jason-norrish,Jason,Norrish,Fremantle,,54,179,148,25,,1993,2002,,,FALSE,,
shane-parker,Shane,Parker,Fremantle,,53,187,238,23,,1995,2007,,,FALSE,,
matthew-pavlich,Matthew,Pavlich,Fremantle,,44,192,353,29,,2000,2016,,,FALSE,,
clancee-pearce,Clancee,Pearce,Fremantle,,35,182,100,46,,2009,2016,,,FALSE,,
danyle-pearce,Danyle,Pearce,Fremantle,,40,178,258,6,,2005,2018,,,FALSE,,
ashley-prescott,Ashley,Prescott,Fremantle,,53,186,128,36,,1993,2001,,,FALSE,,
brad-rowe,Brad,Rowe,Fremantle,,56,174,73,3,,1990,1996,,,FALSE,,
aaron-sandilands,Aaron,Sandilands,Fremantle,,43,211,271,31,,2003,2019,,,FALSE,,
byron-schammer,Byron,Schammer,Fremantle,,40,176,129,3,,2003,2011,,,FALSE,,
jarrad-schofield,Jarrad,Schofield,Fremantle,,51,178,206,17,,1993,2006,,,FALSE,,
dean-solomon,Dean,Solomon,Fremantle,,46,189,209,6,,1998,2009,,,FALSE,,
lee-spurr,Lee,Spurr,Fremantle,,38,182,120,34,,2012,2017,,,FALSE,,
nick-suban,Nick,Suban,Fremantle,,35,182,156,8,,2009,2017,,,FALSE,,
colin-sylvia,Colin,Sylvia,Fremantle,,40,186,163,4,,2004,2014,,,FALSE,,
matthew-taberner,Matthew,Taberner,Fremantle,,32,198,125,20,,2013,2024,,,FALSE,,
scott-thornton,Scott,Thornton,Fremantle,,43,194,88,22,,2002,2009,,,FALSE,,
luke-toia,Luke,Toia,Fremantle,,48,175,63,1,,1996,2002,,,FALSE,,
james-walker,James,Walker,Fremantle,,47,178,151,19,,1998,2007,,,FALSE,,
michael-walters,Michael,Walters,Fremantle,,35,178,239,10,,2009,2024,,,FALSE,,
clive-waterhouse,Clive,Waterhouse,Fremantle,,51,184,106,26,,1996,2004,,,FALSE,,
scott-watters,Scott,Watters,Fremantle,,57,175,109,2,,1989,1996,,,FALSE,,
nathan-wilson,Nathan,Wilson,Fremantle,,33,185,155,14,,2012,2023,,,FALSE,,
brad-wira,Brad,Wira,Fremantle,,54,179,96,24,,1995,2001,,,FALSE,,
dion-woods,Dion,Woods,Fremantle,,44,191,59,6,,2001,2005,,,FALSE,,
hayden-young,Hayden,Young,Fremantle,Midfielder,25,188,80,26,,2020,2024,,,FALSE,,
gary-ablett-1961,Gary,Ablett,Geelong,,64,185,248,5,,1982,1996,,,FALSE,,
gary-ablett-1984,Gary,Ablett,Geelong,,41,182,357,4,,2002,2020,,,FALSE,,
simon-arnott,Simon,Arnott,Geelong,,50,186,56,28,,1995,2000,,,FALSE,,
bret-bailey,Bret,Bailey,Geelong,,62,182,81,37,,1984,1990,,,FALSE,,
mark-bairstow,Mark,Bairstow,Geelong,,62,180,146,3,,1987,1994,,,FALSE,,
scott-bamford,Scott,Bamford,Geelong,,51,183,59,22,,1996,1999,,,FALSE,,
david-barkley,David,Barkley,Geelong,,75,189,55,5,,1972,1976,,,FALSE,,
jimmy-bartel,Jimmy,Bartel,Geelong,,42,187,305,3,,2002,2016,,,FALSE,,
jed-bews,Jed,Bews,Geelong,Half Back,32,186,171,24,,2014,2024,,,FALSE,,
aaron-black,Aaron,Black,Geelong,,35,192,57,23,,2011,2018,,,FALSE,,
mark-blake,Mark,Blake,Geelong,,40,200,99,24,,2005,2010,,,FALSE,,
rod-blake,Rod,Blake,Geelong,,73,199,176,16,,1971,1983,,,FALSE,,
mark-bos,Mark,Bos,Geelong,,65,185,195,24,,1979,1989,,,FALSE,,
terry-bright,Terry,Bright,Geelong,,68,188,219,4,,1976,1987,,,FALSE,,
paul-brown,Paul,Brown,Geelong,,56,187,84,40,,1990,1998,,,FALSE,,
mark-browne,Mark,Browne,Geelong,,71,179,87,12,,1974,1978,,,FALSE,,
bill-brownless,Bill,Brownless,Geelong,,59,192,198,16,,1986,1997,,,FALSE,,
tanner-bruhn,Tanner,Bruhn,Geelong,Midfielder,23,183,66,4,,2021,2024,,,FALSE,,
neville-bruns,Neville,Bruns,Geelong,,67,176,223,19,,1978,1992,,,FALSE,,
john-burns,John,Burns,Geelong,,76,178,112,12,,1973,1979,,,FALSE,,
ray-byrne,Ray,Byrne,Geelong,,72,180,219,2,,1973,1984,,,FALSE,,
ray-card,Ray,Card,Geelong,,69,185,110,20,,1977,1987,,,FALSE,,
stephen-carey,Stephen,Carey,Geelong,,66,180,112,25,,1980,1986,,,FALSE,,
jeff-cassidy,Jeff,Cassidy,Geelong,,69,183,50,15,,1974,1980,,,FALSE,,
jonathon-ceglar,Jonathon,Ceglar,Geelong,,35,204,110,15,,2013,2023,,,FALSE,,
mitch-clark,Mitch,Clark,Geelong,,38,200,106,19,,2006,2016,,,FALSE,,
joel-corey,Joel,Corey,Geelong,,44,191,276,11,,2000,2013,,,FALSE,,
paul-corrigan,Paul,Corrigan,Geelong,,48,185,53,33,,1997,2000,,,FALSE,,
paul-couch,Paul,Couch,Geelong,,61,180,259,7,,1985,1997,,,FALSE,,
bryan-cousins,Bryan,Cousins,Geelong,,72,175,67,24,,1975,1979,,,FALSE,,
stewart-crameri,Stewart,Crameri,Geelong,,37,190,103,36,,2010,2018,,,FALSE,,
luke-dahlhaus,Luke,Dahlhaus,Geelong,,33,179,225,40,,2011,2022,,,FALSE,,
larry-donohue,Larry,Donohue,Geelong,,71,196,105,23,,1973,1980,,,FALSE,,
damian-drum,Damian,Drum,Geelong,,65,180,63,29,,1982,1989,,,FALSE,,
mitch-duncan,Mitch,Duncan,Geelong,,34,188,296,22,,2010,2024,,,FALSE,,
matthew-egan,Matthew,Egan,Geelong,,42,196,59,19,,2005,2007,,,FALSE,,
corey-enright,Corey,Enright,Geelong,,44,187,332,44,,2001,2016,,,FALSE,,
tim-evans,Tim,Evans,Geelong,,72,189,59,11,,1971,1974,,,FALSE,,
peter-featherby,Peter,Featherby,Geelong,,74,183,135,11,,1975,1983,,,FALSE,,
ben-graham,Ben,Graham,Geelong,,52,196,219,7,,1993,2004,,,FALSE,,
brent-grgic,Brent,Grgic,Geelong,,46,192,90,25,,1997,2003,,,FALSE,,
cameron-guthrie,Cameron,Guthrie,Geelong,,33,187,240,29,,2011,2024,,,FALSE,,
derek-hall,Derek,Hall,Geelong,,55,189,76,19,,1993,2000,,,FALSE,,
steven-handley,Steven,Handley,Geelong,,55,194,73,14,,1992,1996,,,FALSE,,
tim-hargreaves,Tim,Hargreaves,Geelong,,50,184,62,22,,1994,1998,,,FALSE,,
tom-harley,Tom,Harley,Geelong,,47,193,198,2,,1998,2009,,,FALSE,,
jack-hawkins,Jack,Hawkins,Geelong,,71,188,182,26,,1973,1981,,,FALSE,,
tom-hawkins,Tom,Hawkins,Geelong,,37,198,359,26,,2007,2024,,,FALSE,,
david-haynes,David,Haynes,Geelong,,44,189,65,8,,2000,2005,,,FALSE,,
lachie-henderson,Lachie,Henderson,Geelong,,36,196,206,25,,2008,2021,,,FALSE,,
shaun-higgins,Shaun,Higgins,Geelong,,38,184,260,4,,2006,2022,,,FALSE,,
ken-hinkley,Ken,Hinkley,Geelong,,59,185,132,29,,1987,1995,,,FALSE,,
garry-hocking,Garry,Hocking,Geelong,,57,182,274,32,,1987,2001,,,FALSE,,
steve-hocking,Steve,Hocking,Geelong,,61,184,199,1,,1984,1994,,,FALSE,,
mark-jackson,Mark,Jackson,Geelong,,66,192,82,25,,1981,1986,,,FALSE,,
paul-jeffreys,Paul,Jeffreys,Geelong,,67,189,91,22,,1977,1985,,,FALSE,,
josh-jenkins,Josh,Jenkins,Geelong,,37,200,149,11,,2012,2021,,,FALSE,,
david-johnson,David,Johnson,Geelong,,44,181,79,28,,2002,2009,,,FALSE,,
peter-johnston,Peter,Johnston,Geelong,,68,192,122,3,,1976,1986,,,FALSE,,
glenn-kilpatrick,Glenn,Kilpatrick,Geelong,,53,184,146,13,,1992,2002,,,FALSE,,
michael-kol,Michael,Kol,Geelong,,64,183,63,37,,1983,1989,,,FALSE,,
jake-kolodjashnij,Jake,Kolodjashnij,Geelong,Key Defender,30,193,198,8,,2015,2024,,,FALSE,,
graeme-landy,Graeme,Landy,Geelong,,71,183,174,39,,1975,1988,,,FALSE,,
cameron-ling,Cameron,Ling,Geelong,,45,189,246,45,,2000,2011,,,FALSE,,
tom-lonergan,Tom,Lonergan,Geelong,,41,197,209,13,,2005,2017,,,FALSE,,
aaron-lord,Aaron,Lord,Geelong,,50,186,150,24,,1994,2003,,,FALSE,,
paul-lynch,Paul,Lynch,Geelong,,52,185,62,18,,1993,2000,,,FALSE,,
tristan-lynch,Tristan,Lynch,Geelong,,52,188,72,42,,1996,2000,,,FALSE,,
andrew-mackie,Andrew,Mackie,Geelong,,41,193,280,4,,2004,2017,,,FALSE,,
spiro-malakellis,Spiro,Malakellis,Geelong,,58,175,67,12,,1989,1993,,,FALSE,,
gary-malarkey,Gary,Malarkey,Geelong,,72,185,172,6,,1977,1986,,,FALSE,,
alan-mangels,Alan,Mangels,Geelong,,69,179,101,12,,1974,1983,,,FALSE,,
kelvin-matthews,Kelvin,Matthews,Geelong,,72,179,155,7,,1972,1982,,,FALSE,,
tim-mcgrath,Tim,McGrath,Geelong,,55,190,226,17,,1989,2002,,,FALSE,,
hamish-mcintosh,Hamish,McIntosh,Geelong,,41,203,126,17,,2005,2014,,,FALSE,,
sam-menegola,Sam,Menegola,Geelong,,34,189,117,27,,2016,2023,,,FALSE,,
david-mensch,David,Mensch,Geelong,,53,191,158,31,,1992,2002,,,FALSE,,
darren-milburn,Darren,Milburn,Geelong,,49,189,292,39,,1997,2011,,,FALSE,,
geoff-miles,Geoff,Miles,Geelong,,64,185,122,2,,1982,1992,,,FALSE,,
cameron-mooney,Cameron,Mooney,Geelong,,46,195,221,21,,1999,2011,,,FALSE,,
jason-mooney,Jason,Mooney,Geelong,,52,191,129,16,,1992,2001,,,FALSE,,
darren-morgan,Darren,Morgan,Geelong,,61,180,92,11,,1984,1990,,,FALSE,,
bruce-nankervis,Bruce,Nankervis,Geelong,,75,179,253,33,,1970,1983,,,FALSE,,
maurice-okeefe,Maurice,OKeefe,Geelong,,72,183,52,30,,1977,1980,,,FALSE,,
brad-ottens,Brad,Ottens,Geelong,,46,202,245,6,,1998,2011,,,FALSE,,
brandan-parfitt,Brandan,Parfitt,Geelong,,27,180,130,3,,2017,2024,,,FALSE,,
brian-peake,Brian,Peake,Geelong,,72,180,66,7,,1981,1984,,,FALSE,,
liam-pickering,Liam,Pickering,Geelong,,57,184,124,23,,1989,1999,,,FALSE,,
trevor-poole,Trevor,Poole,Geelong,,62,188,153,24,,1984,1993,,,FALSE,,
james-rahilly,James,Rahilly,Geelong,,46,187,90,34,,1998,2005,,,FALSE,,
malcolm-reed,Malcolm,Reed,Geelong,,68,180,81,1,,1978,1985,,,FALSE,,
alan-reid,Alan,Reid,Geelong,,70,185,52,30,,1979,1983,,,FALSE,,
peter-riccardi,Peter,Riccardi,Geelong,,53,183,288,15,,1992,2006,,,FALSE,,
jared-rivers,Jared,Rivers,Geelong,,41,194,194,25,,2003,2015,,,FALSE,,
andrew-rogers,Andrew,Rogers,Geelong,,61,188,83,20,,1988,1992,,,FALSE,,
gary-rohan,Gary,Rohan,Geelong,,34,189,204,23,,2010,2024,,,FALSE,,
max-rooke,Max,Rooke,Geelong,,44,189,135,33,,2002,2010,,,FALSE,,
dwayne-russell,Dwayne,Russell,Geelong,,61,188,50,6,,1987,1991,,,FALSE,,
brenton-sanderson,Brenton,Sanderson,Geelong,,52,185,209,27,,1992,2005,,,FALSE,,
matthew-scarlett,Matthew,Scarlett,Geelong,,46,192,284,30,,1998,2012,,,FALSE,,
michael-schulze,Michael,Schulze,Geelong,,63,193,91,23,,1985,1991,,,FALSE,,
joel-selwood,Joel,Selwood,Geelong,,37,183,355,14,,2007,2022,,,FALSE,,
scott-selwood,Scott,Selwood,Geelong,,36,186,169,16,,2008,2019,,,FALSE,,
kevin-sheehan,Kevin,Sheehan,Geelong,,72,177,102,8,,1974,1982,,,FALSE,,
brad-sholl,Brad,Sholl,Geelong,,53,184,171,12,,1993,2002,,,FALSE,,
sean-simpson,Sean,Simpson,Geelong,,56,188,121,37,,1988,1998,,,FALSE,,
isaac-smith,Isaac,Smith,Geelong,,37,188,280,7,,2011,2023,,,FALSE,,
jason-snell,Jason,Snell,Geelong,,48,181,68,4,,1996,2001,,,FALSE,,
rhys-stanley,Rhys,Stanley,Geelong,Ruck,35,200,210,1,,2010,2024,,,FALSE,,
darren-steele,Darren,Steele,Geelong,,60,183,137,25,,1984,1994,,,FALSE,,
jack-steven,Jack,Steven,Geelong,,36,180,192,9,,2009,2020,,,FALSE,,
barry-stoneham,Barry,Stoneham,Geelong,,58,194,241,26,,1986,2000,,,FALSE,,
grant-tanner,Grant,Tanner,Geelong,,55,184,69,10,,1994,1997,,,FALSE,,
harry-taylor,Harry,Taylor,Geelong,,39,195,280,7,,2008,2020,,,FALSE,,
kane-tenace,Kane,Tenace,Geelong,,40,182,59,10,,2004,2009,,,FALSE,,
leigh-tudor,Leigh,Tudor,Geelong,,56,176,68,11,,1989,1996,,,FALSE,,
zach-tuohy,Zach,Tuohy,Geelong,,36,187,288,2,,2011,2024,,,FALSE,,
michael-turner,Michael,Turner,Geelong,,71,183,245,9,,1974,1988,,,FALSE,,
mitchell-white,Mitchell,White,Geelong,,53,190,174,19,,1991,2003,,,FALSE,,
murray-witcombe,Murray,Witcombe,Geelong,,69,182,121,18,,1976,1986,,,FALSE,,
david-wojcinski,David,Wojcinski,Geelong,,45,180,203,40,,1999,2012,,,FALSE,,
alan-woodman,Alan,Woodman,Geelong,,70,191,58,11,,1975,1979,,,FALSE,,
mark-yeates,Mark,Yeates,Geelong,,65,185,154,21,,1980,1990,,,FALSE,,
rory-atkins,Rory,Atkins,Gold Coast,,31,186,138,2,,2015,2024,,,FALSE,,
michael-barlow,Michael,Barlow,Gold Coast,,38,189,141,20,,2010,2018,,,FALSE,,
nathan-bock,Nathan,Bock,Gold Coast,,43,193,140,44,,2004,2013,,,FALSE,,
jared-brennan,Jared,Brennan,Gold Coast,,41,192,173,3,,2003,2013,,,FALSE,,
greg-broughton,Greg,Broughton,Gold Coast,,39,189,110,36,,2009,2015,,,FALSE,,
campbell-brown,Campbell,Brown,Gold Coast,,42,177,205,30,,2002,2013,,,FALSE,,
levi-casboult,Levi,Casboult,Gold Coast,,36,201,198,30,,2012,2024,,,FALSE,,
brandon-ellis,Brandon,Ellis,Gold Coast,,32,181,251,4,,2012,2024,,,FALSE,,
brayden-fiorini,Brayden,Fiorini,Gold Coast,,28,186,105,8,,2016,2024,,,FALSE,,
josh-fraser,Josh,Fraser,Gold Coast,,44,202,218,17,,2000,2012,,,FALSE,,
jarrad-grant,Jarrad,Grant,Gold Coast,,36,193,95,2,,2009,2017,,,FALSE,,
pearce-hanley,Pearce,Hanley,Gold Coast,,37,185,169,1,,2008,2020,,,FALSE,,
jarrod-harbrow,Jarrod,Harbrow,Gold Coast,,37,178,262,5,,2007,2021,,,FALSE,,
daniel-harris,Daniel,Harris,Gold Coast,,43,180,160,21,,2001,2011,,,FALSE,,
jack-hombsch,Jack,Hombsch,Gold Coast,,33,194,116,20,,2012,2019,,,FALSE,,
george-horlin-smith,George,Horlin-Smith,Gold Coast,,33,188,58,33,,2012,2019,,,FALSE,,
jesse-joyce,Jesse,Joyce,Gold Coast,,28,191,64,38,,2016,2020,,,FALSE,,
sean-lemmens,Sean,Lemmens,Gold Coast,,31,184,148,23,,2014,2024,,,FALSE,,
jesse-lonergan,Jesse,Lonergan,Gold Coast,,31,184,60,7,,2013,2018,,,FALSE,,
darcy-macpherson,Darcy,Macpherson,Gold Coast,,28,174,97,44,,2016,2024,,,FALSE,,
nick-malceski,Nick,Malceski,Gold Coast,,41,189,210,7,,2005,2016,,,FALSE,,
andrew-mcqualter,Andrew,McQualter,Gold Coast,,39,179,94,51,,2005,2012,,,FALSE,,
anthony-miles,Anthony,Miles,Gold Coast,,34,180,88,2,,2012,2019,,,FALSE,,
jordan-murdoch,Jordan,Murdoch,Gold Coast,,34,190,122,31,,2012,2019,,,FALSE,,
tom-murphy,Tom,Murphy,Gold Coast,,40,189,113,29,,2005,2014,,,FALSE,,
andrew-raines,Andrew,Raines,Gold Coast,,40,183,129,29,,2004,2015,,,FALSE,,
michael-rischitelli,Michael,Rischitelli,Gold Coast,,40,185,243,35,,2004,2019,,,FALSE,,
matt-rosa,Matt,Rosa,Gold Coast,,39,191,207,3,,2005,2018,,,FALSE,,
luke-russell,Luke,Russell,Gold Coast,,34,186,73,8,,2011,2016,,,FALSE,,
zac-smith,Zac,Smith,Gold Coast,,36,206,124,32,,2011,2021,,,FALSE,,
danny-stanley,Danny,Stanley,Gold Coast,,38,187,88,25,,2007,2015,,,FALSE,,
david-swallow,David,Swallow,Gold Coast,,33,185,240,24,,2011,2024,,,FALSE,,
rory-thompson,Rory,Thompson,Gold Coast,,35,200,106,16,,2011,2022,,,FALSE,,
jacob-townsend,Jacob,Townsend,Gold Coast,,32,187,62,21,,2012,2021,,,FALSE,,
matthew-warnock,Matthew,Warnock,Gold Coast,,42,195,87,14,,2006,2014,,,FALSE,,
aaron-young,Aaron,Young,Gold Coast,,33,189,100,15,,2012,2019,,,FALSE,,
dylan-addison,Dylan,Addison,GWS,,38,184,93,46,,2006,2014,,,FALSE,,
matt-boer,Matt,Boer,GWS,,36,189,223,24,,2009,2022,,,FALSE,,
dean-brogan,Dean,Brogan,GWS,,47,200,193,50,,2001,2013,,,FALSE,,
matt-buntine,Matt,Buntine,GWS,,32,189,67,21,,2012,2021,,,FALSE,,
chad-cornes,Chad,Cornes,GWS,,46,192,255,11,,1999,2012,,,FALSE,,
phil-davis,Phil,Davis,GWS,,35,197,192,1,,2010,2022,,,FALSE,,
brett-deledio,Brett,Deledio,GWS,,39,188,275,7,,2005,2019,,,FALSE,,
stephen-gilham,Stephen,Gilham,GWS,,41,192,114,38,,2005,2014,,,FALSE,,
ryan-griffen,Ryan,Griffen,GWS,,39,192,257,32,,2005,2018,,,FALSE,,
josh-hunt,Josh,Hunt,GWS,,44,184,212,32,,2001,2014,,,FALSE,,
sam-jacobs,Sam,Jacobs,GWS,,38,200,208,10,,2009,2020,,,FALSE,,
steve-johnson,Steve,Johnson,GWS,,42,189,293,17,,2002,2017,,,FALSE,,
adam-kennedy,Adam,Kennedy,GWS,,33,182,153,40,,2012,2023,,,FALSE,,
daniel-lloyd,Daniel,Lloyd,GWS,,34,187,101,38,,2017,2023,,,FALSE,,
james-mcdonald,James,McDonald,GWS,,49,180,264,38,,1997,2012,,,FALSE,,
shane-mumford,Shane,Mumford,GWS,,39,197,216,41,,2008,2021,,,FALSE,,
tendai-mzungu,Tendai,Mzungu,GWS,,40,183,106,25,,2011,2017,,,FALSE,,
setanta-ohailpin,Setanta,OhAilpin,GWS,,43,199,88,37,,2005,2013,,,FALSE,,
joel-patfull,Joel,Patfull,GWS,,41,190,220,24,,2006,2016,,,FALSE,,
luke-power,Luke,Power,GWS,,46,179,302,6,,1998,2012,,,FALSE,,
sam-reid-1989,Sam,Reid,GWS,,36,188,108,50,,2008,2021,,,FALSE,,
jake-riccardi,Jake,Riccardi,GWS,Key Forward,26,195,69,26,,2020,2024,,,FALSE,,
heath-shaw,Heath,Shaw,GWS,,40,183,325,23,,2005,2020,,,FALSE,,
tom-sheridan,Tom,Sheridan,GWS,,32,187,83,11,,2012,2020,,,FALSE,,
bret-thornton,Bret,Thornton,GWS,,42,192,189,46,,2002,2013,,,FALSE,,
gary-ayres,Gary,Ayres,Hawthorn,,65,187,269,7,,1978,1993,,,FALSE,,
john-barker,John,Barker,Hawthorn,,51,194,168,27,,1994,2006,,,FALSE,,
kris-barlow,Kris,Barlow,Hawthorn,,52,188,102,33,,1999,2004,,,FALSE,,
chance-bateman,Chance,Bateman,Hawthorn,,44,175,177,10,,2000,2012,,,FALSE,,
darren-baxter,Darren,Baxter,Hawthorn,,61,185,156,29,,1984,1994,,,FALSE,,
simon-beaumont,Simon,Beaumont,Hawthorn,,50,189,179,20,,1995,2005,,,FALSE,,
cameron-bruce,Cameron,Bruce,Hawthorn,,46,190,234,17,,2000,2012,,,FALSE,,
gary-buckenara,Gary,Buckenara,Hawthorn,,67,184,154,11,,1982,1990,,,FALSE,,
mark-bunn,Mark,Bunn,Hawthorn,,55,183,53,14,,1990,1995,,,FALSE,,
shaun-burgoyne,Shaun,Burgoyne,Hawthorn,,43,186,407,9,,2002,2021,,,FALSE,,
robert-campbell,Robert,Campbell,Hawthorn,,43,199,116,39,,2002,2009,,,FALSE,,
nathan-chapman,Nathan,Chapman,Hawthorn,,50,189,76,1,,1993,2000,,,FALSE,,
tim-clarke,Tim,Clarke,Hawthorn,,44,176,96,25,,2001,2008,,,FALSE,,
andrew-collins,Andrew,Collins,Hawthorn,,61,174,212,5,,1987,1996,,,FALSE,,
anthony-condon,Anthony,Condon,Hawthorn,,58,186,145,3,,1987,1997,,,FALSE,,
paul-cooper,Paul,Cooper,Hawthorn,,58,183,81,26,,1990,1996,,,FALSE,,
adrian-cox,Adrian,Cox,Hawthorn,,45,181,54,35,,1999,2004,,,FALSE,,
simon-cox,Simon,Cox,Hawthorn,,49,192,93,24,,1995,2003,,,FALSE,,
shane-crawford,Shane,Crawford,Hawthorn,,51,174,305,9,,1993,2008,,,FALSE,,
trent-croad,Trent,Croad,Hawthorn,,46,190,222,24,,1998,2008,,,FALSE,,
paul-dear,Paul,Dear,Hawthorn,,59,188,123,13,,1987,1996,,,FALSE,,
andrew-demetriou,Andrew,Demetriou,Hawthorn,,65,182,106,36,,1981,1988,,,FALSE,,
matthew-dent,Matthew,Dent,Hawthorn,,54,185,118,36,,1994,2001,,,FALSE,,
stuart-dew,Stuart,Dew,Hawthorn,,46,183,206,31,,1997,2009,,,FALSE,,
robert-dipierdomenico,Robert,DiPierdomenico,Hawthorn,,67,185,240,9,,1975,1991,,,FALSE,,
ben-dixon,Ben,Dixon,Hawthorn,,48,188,203,19,,1997,2007,,,FALSE,,
jason-dunstall,Jason,Dunstall,Hawthorn,,61,188,269,19,,1985,1998,,,FALSE,,
grant-fowler,Grant,Fowler,Hawthorn,,69,180,100,33,,1976,1984,,,FALSE,,
josh-gibson,Josh,Gibson,Hawthorn,,42,189,225,6,,2006,2017,,,FALSE,,
alan-goad,Alan,Goad,Hawthorn,,71,179,138,19,,1972,1982,,,FALSE,,
norm-goss,Norm,Goss,Hawthorn,,75,177,202,1,,1972,1982,,,FALSE,,
russell-greene,Russell,Greene,Hawthorn,,68,185,304,29,,1974,1988,,,FALSE,,
charlie-grummisch,Charlie,Grummisch,Hawthorn,,74,189,50,7,,1970,1974,,,FALSE,,
brent-guerra,Brent,Guerra,Hawthorn,,43,182,255,18,,2000,2013,,,FALSE,,
david-hale,David,Hale,Hawthorn,,41,201,237,20,,2003,2015,,,FALSE,,
kyle-hartigan,Kyle,Hartigan,Hawthorn,,34,194,135,28,,2013,2022,,,FALSE,,
jon-hassall,Jon,Hassall,Hawthorn,,52,174,94,13,,1994,1999,,,FALSE,,
les-hawken,Les,Hawken,Hawthorn,,76,192,65,18,,1970,1974,,,FALSE,,
ricky-henderson,Ricky,Henderson,Hawthorn,,37,188,159,31,,2010,2020,,,FALSE,,
john-hendrie,John,Hendrie,Hawthorn,,72,188,197,25,,1972,1982,,,FALSE,,
leon-higgins,Leon,Higgins,Hawthorn,,57,178,122,47,,1987,1996,,,FALSE,,
nick-holland,Nick,Holland,Hawthorn,,51,195,179,2,,1994,2005,,,FALSE,,
rhan-hooper,Rhan,Hooper,Hawthorn,,38,177,54,20,,2006,2010,,,FALSE,,
kingsley-hunter,Kingsley,Hunter,Hawthorn,,50,191,100,32,,1995,2003,,,FALSE,,
danny-jacobs,Danny,Jacobs,Hawthorn,,45,189,126,8,,1999,2007,,,FALSE,,
bohdan-jaworskyj,Bohdan,Jaworskyj,Hawthorn,,79,185,67,1,,1973,1975,,,FALSE,,
ray-jencke,Ray,Jencke,Hawthorn,,60,185,194,1,,1986,1997,,,FALSE,,
paul-johnson,Paul,Johnson,Hawthorn,,41,199,70,50,,2003,2011,,,FALSE,,
bernie-jones,Bernie,Jones,Hawthorn,,72,197,86,39,,1973,1980,,,FALSE,,
darren-kappler,Darren,Kappler,Hawthorn,,61,183,187,11,,1987,1998,,,FALSE,,
john-kennedy,John,Kennedy,Hawthorn,,66,190,241,34,,1979,1991,,,FALSE,,
brendan-krummel,Brendan,Krummel,Hawthorn,,53,185,74,14,,1992,2000,,,FALSE,,
rick-ladson,Rick,Ladson,Hawthorn,,42,179,125,4,,2003,2011,,,FALSE,,
brian-lake,Brian,Lake,Hawthorn,,44,195,251,17,,2002,2015,,,FALSE,,
chris-langford,Chris,Langford,Hawthorn,,63,193,303,24,,1983,1997,,,FALSE,,
will-langford,Will,Langford,Hawthorn,,33,187,72,29,,2013,2018,,,FALSE,,
stephen-lawrence,Stephen,Lawrence,Hawthorn,,57,200,146,12,,1988,1998,,,FALSE,,
angelo-lekkas,Angelo,Lekkas,Hawthorn,,49,185,180,37,,1996,2005,,,FALSE,,
mitch-lewis,Mitch,Lewis,Hawthorn,,27,198,70,2,,2018,2024,,,FALSE,,
richard-loveridge,Richard,Loveridge,Hawthorn,,63,178,136,22,,1982,1989,,,FALSE,,
scott-maginness,Scott,Maginness,Hawthorn,,59,190,131,20,,1988,1996,,,FALSE,,
luke-mccabe,Luke,McCabe,Hawthorn,,49,183,138,7,,1995,2004,,,FALSE,,
ben-mcevoy,Ben,McEvoy,Hawthorn,,36,200,252,7,,2008,2022,,,FALSE,,
chris-mew,Chris,Mew,Hawthorn,,64,189,230,2,,1980,1992,,,FALSE,,
michael-moncrieff,Michael,Moncrieff,Hawthorn,,73,191,224,6,,1971,1983,,,FALSE,,
kelvin-moore-1950,Kelvin,Moore,Hawthorn,,75,188,300,15,,1970,1984,,,FALSE,,
terry-moore,Terry,Moore,Hawthorn,,74,196,61,33,,1976,1980,,,FALSE,,
james-morrissey,James,Morrissey,Hawthorn,,61,184,106,35,,1984,1993,,,FALSE,,
peter-murnane,Peter,Murnane,Hawthorn,,71,180,80,22,,1976,1981,,,FALSE,,
ricky-nixon,Ricky,Nixon,Hawthorn,,63,186,63,36,,1983,1993,,,FALSE,,
david-ohalloran,David,OHalloran,Hawthorn,,70,185,160,8,,1976,1985,,,FALSE,,
michael-osborne,Michael,Osborne,Hawthorn,,43,178,168,7,,2001,2013,,,FALSE,,
ian-paton,Ian,Paton,Hawthorn,,69,193,155,12,,1976,1985,,,FALSE,,
jonathon-patton,Jonathon,Patton,Hawthorn,,32,198,95,25,,2012,2020,,,FALSE,,
tom-phillips,Tom,Phillips,Hawthorn,,29,187,115,21,,2016,2022,,,FALSE,,
john-platten,John,Platten,Hawthorn,,63,170,258,44,,1986,1997,,,FALSE,,
david-polkinghorne,David,Polkinghorne,Hawthorn,,70,182,164,10,,1975,1984,,,FALSE,,
darrin-pritchard,Darrin,Pritchard,Hawthorn,,60,178,211,18,,1987,1997,,,FALSE,,
paul-puopolo,Paul,Puopolo,Hawthorn,,38,173,196,28,,2011,2020,,,FALSE,,
shaun-rehn,Shaun,Rehn,Hawthorn,,54,203,167,52,,1991,2002,,,FALSE,,
leon-rice,Leon,Rice,Hawthorn,,74,184,133,13,,1970,1979,,,FALSE,,
nick-ries,Nick,Ries,Hawthorn,,43,182,81,16,,2002,2006,,,FALSE,,
cyril-rioli,Cyril,Rioli,Hawthorn,,36,177,189,33,,2008,2018,,,FALSE,,
colin-robertson,Colin,Robertson,Hawthorn,,68,182,116,32,,1980,1986,,,FALSE,,
anthony-rock,Anthony,Rock,Hawthorn,,55,175,222,32,,1988,2001,,,FALSE,,
jarryd-roughead,Jarryd,Roughead,Hawthorn,,39,193,283,2,,2005,2019,,,FALSE,,
ryan-schoenmakers,Ryan,Schoenmakers,Hawthorn,,35,195,121,25,,2009,2018,,,FALSE,,
peter-schwab,Peter,Schwab,Hawthorn,,65,180,171,30,,1980,1991,,,FALSE,,
tom-scully,Tom,Scully,Hawthorn,,34,181,187,21,,2010,2020,,,FALSE,,
brad-sewell,Brad,Sewell,Hawthorn,,42,181,200,12,,2004,2014,,,FALSE,,
wayde-skipper,Wayde,Skipper,Hawthorn,,43,193,60,42,,2003,2010,,,FALSE,,
joel-smith,Joel,Smith,Hawthorn,,48,185,221,11,,1995,2007,,,FALSE,,
matthew-spangher,Matthew,Spangher,Hawthorn,,39,195,56,27,,2008,2016,,,FALSE,,
ben-stratton,Ben,Stratton,Hawthorn,,37,189,202,24,,2010,2020,,,FALSE,,
rayden-tallis,Rayden,Tallis,Hawthorn,,50,184,163,4,,1994,2004,,,FALSE,,
simon-taylor,Simon,Taylor,Hawthorn,,43,200,85,13,,2005,2010,,,FALSE,,
craig-treleven,Craig,Treleven,Hawthorn,,55,188,78,8,,1996,2000,,,FALSE,,
michael-tuck,Michael,Tuck,Hawthorn,,72,188,426,17,,1972,1991,,,FALSE,,
richard-vandenberg,Richard,Vandenberg,Hawthorn,,49,178,145,21,,1998,2007,,,FALSE,,
ty-vickery,Ty,Vickery,Hawthorn,,35,200,125,27,,2009,2017,,,FALSE,,
brendan-whitecross,Brendan,Whitecross,Hawthorn,,36,183,111,11,,2009,2018,,,FALSE,,
chad-wingard,Chad,Wingard,Hawthorn,,32,183,218,20,,2012,2023,,,FALSE,,
alle-wolde,Alle,Wolde,Hawthorn,,70,182,97,27,,1975,1982,,,FALSE,,
tony-woods,Tony,Woods,Hawthorn,,56,185,173,30,,1989,2002,,,FALSE,,
barry-young,Barry,Young,Hawthorn,,55,183,142,36,,1989,2000,,,FALSE,,
rohan-bail,Rohan,Bail,Melbourne,,37,183,71,44,,2009,2015,,,FALSE,,
clint-bartram,Clint,Bartram,Melbourne,,38,181,103,3,,2006,2012,,,FALSE,,
matthew-bate,Matthew,Bate,Melbourne,,38,192,102,6,,2006,2012,,,FALSE,,
daniel-bell,Daniel,Bell,Melbourne,,41,186,66,21,,2004,2009,,,FALSE,,
harley-bennell,Harley,Bennell,Melbourne,,33,185,88,17,,2011,2020,,,FALSE,,
darren-bennett,Darren,Bennett,Melbourne,,61,196,78,19,,1987,1993,,,FALSE,,
clint-bizzell,Clint,Bizzell,Melbourne,,49,188,163,3,,1996,2007,,,FALSE,,
angus-brayshaw,Angus,Brayshaw,Melbourne,,30,187,167,10,,2015,2023,,,FALSE,,
ben-brown,Ben,Brown,Melbourne,,33,200,175,50,,2014,2024,,,FALSE,,
mitch-brown-1990,Mitch,Brown,Melbourne,,35,196,79,38,,2011,2022,,,FALSE,,
nathan-brown-1976,Nathan,Brown,Melbourne,,49,180,146,25,,1998,2007,,,FALSE,,
tomas-bugg,Tomas,Bugg,Melbourne,,33,185,96,32,,2012,2018,,,FALSE,,
shannon-byrnes,Shannon,Byrnes,Melbourne,,42,175,131,10,,2004,2014,,,FALSE,,
des-campbell,Des,Campbell,Melbourne,,75,188,50,5,,1970,1977,,,FALSE,,
nathan-carroll,Nathan,Carroll,Melbourne,,45,191,71,41,,2003,2008,,,FALSE,,
scott-chisholm,Scott,Chisholm,Melbourne,,52,181,81,19,,1995,2000,,,FALSE,,
alastair-clarkson,Alastair,Clarkson,Melbourne,,57,177,134,23,,1987,1997,,,FALSE,,
henry-coles,Henry,Coles,Melbourne,,75,171,121,3,,1971,1980,,,FALSE,,
chris-connolly,Chris,Connolly,Melbourne,,63,175,84,22,,1982,1989,,,FALSE,,
james-cook,James,Cook,Melbourne,,52,190,77,8,,1994,2000,,,FALSE,,
daniel-cross,Daniel,Cross,Melbourne,,43,187,249,18,,2002,2015,,,FALSE,,
aaron-davey,Aaron,Davey,Melbourne,,42,177,178,36,,2004,2013,,,FALSE,,
chris-dawes,Chris,Dawes,Melbourne,,37,193,121,6,,2008,2016,,,FALSE,,
anthony-dullard,Anthony,Dullard,Melbourne,,70,192,108,28,,1973,1981,,,FALSE,,
luke-dunstan,Luke,Dunstan,Melbourne,,31,185,121,27,,2014,2022,,,FALSE,,
jamie-duursma,Jamie,Duursma,Melbourne,,62,190,59,28,,1985,1989,,,FALSE,,
phil-egan,Phil,Egan,Melbourne,,63,180,126,34,,1982,1991,,,FALSE,,
robert-elliott,Robert,Elliott,Melbourne,,72,188,103,6,,1973,1981,,,FALSE,,
craig-ellis,Craig,Ellis,Melbourne,,50,190,122,4,,1994,2002,,,FALSE,,
matthew-febey,Matthew,Febey,Melbourne,,56,184,143,20,,1992,2000,,,FALSE,,
steven-febey,Steven,Febey,Melbourne,,56,184,258,21,,1988,2001,,,FALSE,,
shane-fitzsimmons,Shane,Fitzsimmons,Melbourne,,70,182,63,23,,1973,1979,,,FALSE,,
robert-flower,Robert,Flower,Melbourne,,70,183,272,2,,1973,1987,,,FALSE,,
laurie-fowler,Laurie,Fowler,Melbourne,,74,179,189,9,,1971,1981,,,FALSE,,
colin-garland,Colin,Garland,Melbourne,,37,191,141,20,,2007,2016,,,FALSE,,
jeff-garlett,Jeff,Garlett,Melbourne,,36,180,185,36,,2009,2019,,,FALSE,,
graham-gaunt,Graham,Gaunt,Melbourne,,72,185,88,20,,1972,1982,,,FALSE,,
frank-giampaolo,Frank,Giampaolo,Melbourne,,72,173,53,22,,1973,1977,,,FALSE,,
peter-giles,Peter,Giles,Melbourne,,67,187,124,4,,1979,1987,,,FALSE,,
simon-godfrey,Simon,Godfrey,Melbourne,,45,184,105,30,,2000,2007,,,FALSE,,
andy-goodwin,Andy,Goodwin,Melbourne,,62,188,73,32,,1987,1993,,,FALSE,,
wayne-gordon,Wayne,Gordon,Melbourne,,71,189,101,13,,1974,1981,,,FALSE,,
shane-grambeau,Shane,Grambeau,Melbourne,,73,191,111,17,,1971,1979,,,FALSE,,
david-grant,David,Grant,Melbourne,,59,184,198,16,,1984,1996,,,FALSE,,
brad-green,Brad,Green,Melbourne,,45,184,254,18,,2000,2012,,,FALSE,,
jack-grimes,Jack,Grimes,Melbourne,,36,187,100,31,,2008,2016,,,FALSE,,
rod-grinter,Rod,Grinter,Melbourne,,60,182,134,14,,1985,1994,,,FALSE,,
stewart-gull,Stewart,Gull,Melbourne,,74,191,89,26,,1972,1979,,,FALSE,,
peter-hamilton,Peter,Hamilton,Melbourne,,69,194,52,30,,1976,1983,,,FALSE,,
greg-healy,Greg,Healy,Melbourne,,60,176,141,33,,1984,1993,,,FALSE,,
wayne-henwood,Wayne,Henwood,Melbourne,,63,191,79,26,,1987,1992,,,FALSE,,
michael-hibberd,Michael,Hibberd,Melbourne,,36,186,197,14,,2011,2023,,,FALSE,,
ben-holland,Ben,Holland,Melbourne,,48,198,191,4,,1996,2008,,,FALSE,,
paul-hopgood,Paul,Hopgood,Melbourne,,52,179,113,15,,1993,2000,,,FALSE,,
lachie-hunter,Lachie,Hunter,Melbourne,,31,183,199,12,,2013,2024,,,FALSE,,
paul-hurst,Paul,Hurst,Melbourne,,77,184,72,20,,1970,1977,,,FALSE,,
greg-hutchison,Greg,Hutchison,Melbourne,,68,182,96,18,,1975,1984,,,FALSE,,
stephen-icke,Stephen,Icke,Melbourne,,70,184,198,11,,1975,1987,,,FALSE,,
steven-icke,Steven,Icke,Melbourne,,70,184,198,11,,1975,1987,,,FALSE,,
anthony-ingerson,Anthony,Ingerson,Melbourne,,56,193,158,27,,1992,2001,,,FALSE,,
dean-irving,Dean,Irving,Melbourne,,59,200,66,34,,1990,1997,,,FALSE,,
ricky-jackson,Ricky,Jackson,Melbourne,,58,170,80,45,,1986,1991,,,FALSE,,
alan-jarrott,Alan,Jarrott,Melbourne,,69,182,170,47,,1977,1986,,,FALSE,,
neville-jetta,Neville,Jetta,Melbourne,,36,180,159,39,,2009,2021,,,FALSE,,
alan-johnson,Alan,Johnson,Melbourne,,69,179,135,9,,1982,1990,,,FALSE,,
matt-jones,Matt,Jones,Melbourne,,38,188,61,45,,2013,2016,,,FALSE,,
nathan-jones,Nathan,Jones,Melbourne,,38,180,302,2,,2006,2021,,,FALSE,,
peter-keenan,Peter,Keenan,Melbourne,,75,197,213,10,,1970,1982,,,FALSE,,
peter-kiel,Peter,Kiel,Melbourne,,67,175,81,29,,1982,1987,,,FALSE,,
kade-kolodjashnij,Kade,Kolodjashnij,Melbourne,,30,190,80,16,,2014,2019,,,FALSE,,
darren-kowal,Darren,Kowal,Melbourne,,53,173,105,7,,1992,1999,,,FALSE,,
andrew-leoncelli,Andrew,Leoncelli,Melbourne,,51,186,146,36,,1996,2003,,,FALSE,,
jordan-lewis,Jordan,Lewis,Melbourne,,40,186,319,6,,2005,2019,,,FALSE,,
brett-lovett,Brett,Lovett,Melbourne,,59,180,235,17,,1986,1997,,,FALSE,,
glenn-lovett,Glenn,Lovett,Melbourne,,56,180,127,6,,1987,1999,,,FALSE,,
heritier-lumumba,Heritier,Lumumba,Melbourne,,39,188,223,8,,2005,2016,,,FALSE,,
garry-lyon,Garry,Lyon,Melbourne,,58,193,226,3,,1986,1999,,,FALSE,,
joel-macdonald,Joel,Macdonald,Melbourne,,41,188,124,28,,2004,2013,,,FALSE,,
shane-mcadam,Shane,McAdam,Melbourne,Forward Flank,30,181,53,23,,2020,2024,,,FALSE,,
anthony-mcdonald,Anthony,McDonald,Melbourne,,53,182,104,35,,1997,2002,,,FALSE,,
craig-mckellar,Craig,McKellar,Melbourne,,76,196,135,10,,1971,1978,,,FALSE,,
jordie-mckenzie,Jordie,McKenzie,Melbourne,,35,186,79,13,,2009,2015,,,FALSE,,
andrew-moir,Andrew,Moir,Melbourne,,67,183,73,29,,1977,1981,,,FALSE,,
graham-molloy,Graham,Molloy,Melbourne,,78,183,67,21,,1970,1975,,,FALSE,,
gary-moorcroft,Gary,Moorcroft,Melbourne,,50,173,98,7,,1995,2003,,,FALSE,,
peter-moore,Peter,Moore,Melbourne,,69,198,249,30,,1974,1987,,,FALSE,,
shannon-motlop,Shannon,Motlop,Melbourne,,47,182,64,44,,1999,2006,,,FALSE,,
david-neitz,David,Neitz,Melbourne,,51,191,306,9,,1993,2008,,,FALSE,,
craig-nettelbeck,Craig,Nettelbeck,Melbourne,,53,193,78,18,,1990,1997,,,FALSE,,
bill-nettlefold,Bill,Nettlefold,Melbourne,,73,178,100,19,,1974,1982,,,FALSE,,
alistair-nicholson,Alistair,Nicholson,Melbourne,,48,197,110,8,,1997,2005,,,FALSE,,
andrew-obst,Andrew,Obst,Melbourne,,61,184,149,4,,1990,1997,,,FALSE,,
kelly-odonnell,Kelly,ODonnell,Melbourne,,65,173,80,23,,1979,1984,,,FALSE,,
les-parish,Les,Parish,Melbourne,,70,180,94,21,,1980,1985,,,FALSE,,
cameron-pedersen,Cameron,Pedersen,Melbourne,,39,193,80,21,,2011,2018,,,FALSE,,
michael-pickering,Michael,Pickering,Melbourne,,62,187,151,35,,1984,1993,,,FALSE,,
byron-pickett,Byron,Pickett,Melbourne,,48,178,204,33,,1997,2007,,,FALSE,,
kysaiah-pickett,Kysaiah,Pickett,Melbourne,Midfielder,24,170,106,36,,2020,2024,,,FALSE,,
phillip-read,Phillip,Read,Melbourne,,46,180,108,28,,1998,2006,,,FALSE,,
russell-richards,Russell,Richards,Melbourne,,64,188,81,20,,1983,1987,,,FALSE,,
guy-rigoni,Guy,Rigoni,Melbourne,,51,181,107,43,,1998,2005,,,FALSE,,
ken-roberts,Ken,Roberts,Melbourne,,73,185,112,6,,1970,1979,,,FALSE,,
russell-robertson,Russell,Robertson,Melbourne,,47,187,228,24,,1997,2009,,,FALSE,,
david-rodan,David,Rodan,Melbourne,,42,173,185,15,,2002,2013,,,FALSE,,
peter-rohde,Peter,Rohde,Melbourne,,61,185,163,41,,1985,1995,,,FALSE,,
josh-schache,Josh,Schache,Melbourne,,28,199,76,19,,2016,2024,,,FALSE,,
david-schwarz,David,Schwarz,Melbourne,,53,195,173,5,,1991,2002,,,FALSE,,
michael-seddon,Michael,Seddon,Melbourne,,67,187,57,17,,1980,1983,,,FALSE,,
marcus-seecamp,Marcus,Seecamp,Melbourne,,53,185,140,10,,1992,2000,,,FALSE,,
jamie-shanahan,Jamie,Shanahan,Melbourne,,58,194,162,1,,1992,1999,,,FALSE,,
ray-smith,Ray,Smith,Melbourne,,77,183,104,7,,1971,1976,,,FALSE,,
shaun-smith,Shaun,Smith,Melbourne,,56,184,109,29,,1987,1998,,,FALSE,,
steven-smith,Steven,Smith,Melbourne,,69,193,203,1,,1974,1985,,,FALSE,,
jim-stynes,Jim,Stynes,Melbourne,,60,199,264,11,,1987,1998,,,FALSE,,
xavier-tanner,Xavier,Tanner,Melbourne,,69,183,111,25,,1976,1985,,,FALSE,,
kelvin-templeton,Kelvin,Templeton,Melbourne,,69,191,177,31,,1974,1985,,,FALSE,,
john-tilbrook,John,Tilbrook,Melbourne,,79,184,53,18,,1971,1975,,,FALSE,,
stephen-tingay,Stephen,Tingay,Melbourne,,55,181,162,2,,1989,1999,,,FALSE,,
adam-tomlinson,Adam,Tomlinson,Melbourne,,32,194,185,20,,2012,2024,,,FALSE,,
craig-turley,Craig,Turley,Melbourne,,60,185,131,8,,1989,1996,,,FALSE,,
aaron-vandenberg,Aaron,Vandenberg,Melbourne,,34,191,51,22,,2015,2021,,,FALSE,,
peter-vardy,Peter,Vardy,Melbourne,,50,181,137,19,,1996,2004,,,FALSE,,
bernie-vince,Bernie,Vince,Melbourne,,40,186,229,23,,2006,2018,,,FALSE,,
todd-viney,Todd,Viney,Melbourne,,60,183,233,12,,1987,1999,,,FALSE,,
daniel-ward,Daniel,Ward,Melbourne,,48,185,136,10,,1998,2007,,,FALSE,,
paul-wheatley,Paul,Wheatley,Melbourne,,45,189,135,31,,2000,2009,,,FALSE,,
matthew-whelan,Matthew,Whelan,Melbourne,,46,180,150,45,,2000,2009,,,FALSE,,
jeff-white,Jeff,White,Melbourne,,49,195,268,34,,1995,2008,,,FALSE,,
don-whitford,Don,Whitford,Melbourne,,69,182,52,27,,1974,1981,,,FALSE,,
sean-wight,Sean,Wight,Melbourne,,62,185,150,27,,1985,1995,,,FALSE,,
david-williams,David,Williams,Melbourne,,64,182,67,15,,1983,1988,,,FALSE,,
luke-williams,Luke,Williams,Melbourne,,46,185,51,26,,1999,2005,,,FALSE,,
rodney-wright,Rodney,Wright,Melbourne,,65,181,54,19,,1980,1986,,,FALSE,,
graeme-yeats,Graeme,Yeats,Melbourne,,61,179,182,8,,1984,1995,,,FALSE,,
michael-young,Michael,Young,Melbourne,,67,187,52,5,,1977,1982,,,FALSE,,
adem-yze,Adem,Yze,Melbourne,,48,187,271,13,,1995,2008,,,FALSE,,
shane-zantuck,Shane,Zantuck,Melbourne,,70,177,149,32,,1974,1986,,,FALSE,,
winston-abraham,Winston,Abraham,North Melbourne,,51,175,110,15,,1995,2001,,,FALSE,,
david-ackerly,David,Ackerly,North Melbourne,,65,178,191,10,,1979,1989,,,FALSE,,
leigh-adams,Leigh,Adams,North Melbourne,,38,176,104,13,,2007,2014,,,FALSE,,
jed-anderson,Jed,Anderson,North Melbourne,,32,179,99,3,,2013,2022,,,FALSE,,
liam-anthony,Liam,Anthony,North Melbourne,,38,189,58,4,,2009,2014,,,FALSE,,
glenn-archer,Glenn,Archer,North Melbourne,,53,182,311,11,,1992,2007,,,FALSE,,
matt-armstrong,Matt,Armstrong,North Melbourne,,59,177,175,14,,1987,1996,,,FALSE,,
shaun-atley,Shaun,Atley,North Melbourne,,33,189,234,18,,2011,2021,,,FALSE,,
phil-baker,Phil,Baker,North Melbourne,,74,192,106,29,,1971,1979,,,FALSE,,
william-berry,William,Berry,North Melbourne,,68,196,69,34,,1975,1985,,,FALSE,,
john-blakey,John,Blakey,North Melbourne,,59,187,359,12,,1985,2002,,,FALSE,,
malcolm-blight,Malcolm,Blight,North Melbourne,,76,182,178,15,,1974,1982,,,FALSE,,
david-bourke,David,Bourke,North Melbourne,,50,194,86,25,,1995,2003,,,FALSE,,
brendan-bower,Brendan,Bower,North Melbourne,,59,188,97,37,,1986,1993,,,FALSE,,
arnold-briedis,Arnold,Briedis,North Melbourne,,70,189,161,6,,1972,1983,,,FALSE,,
kevin-bryant,Kevin,Bryant,North Melbourne,,71,189,58,9,,1979,1984,,,FALSE,,
ben-buckley,Ben,Buckley,North Melbourne,,58,185,74,14,,1986,1993,,,FALSE,,
matthew-burton,Matthew,Burton,North Melbourne,,55,210,147,22,,1995,2003,,,FALSE,,
john-byrne,John,Byrne,North Melbourne,,70,183,98,21,,1975,1982,,,FALSE,,
barry-cable,Barry,Cable,North Melbourne,,82,168,115,9,,1970,1977,,,FALSE,,
david-calthorpe,David,Calthorpe,North Melbourne,,52,179,114,17,,1992,2000,,,FALSE,,
matt-campbell,Matt,Campbell,North Melbourne,,39,170,82,33,,2007,2012,,,FALSE,,
phil-carman,Phil,Carman,North Melbourne,,75,188,100,22,,1975,1982,,,FALSE,,
brett-chandler,Brett,Chandler,North Melbourne,,50,173,72,9,,1995,2000,,,FALSE,,
jeff-chandler,Jeff,Chandler,North Melbourne,,60,179,50,30,,1987,1992,,,FALSE,,
martin-christensen,Martin,Christensen,North Melbourne,,60,180,71,21,,1985,1992,,,FALSE,,
shane-clayton,Shane,Clayton,North Melbourne,,47,186,117,23,,1996,2004,,,FALSE,,
leigh-colbert,Leigh,Colbert,North Melbourne,,50,192,209,2,,1993,2005,,,FALSE,,
gary-cowton,Gary,Cowton,North Melbourne,,73,188,199,1,,1971,1984,,,FALSE,,
darren-crocker,Darren,Crocker,North Melbourne,,59,189,165,27,,1985,1998,,,FALSE,,
ben-cunnington,Ben,Cunnington,North Melbourne,,34,185,238,10,,2010,2023,,,FALSE,,
majak-daw,Majak,Daw,North Melbourne,,35,195,54,1,,2013,2020,,,FALSE,,
mark-dawson,Mark,Dawson,North Melbourne,,72,177,59,7,,1972,1978,,,FALSE,,
richard-dennis,Richard,Dennis,North Melbourne,,59,185,70,5,,1987,1992,,,FALSE,,
gary-dhurrkay,Gary,Dhurrkay,North Melbourne,,52,181,72,19,,1995,2000,,,FALSE,,
ian-dunstan,Ian,Dunstan,North Melbourne,,71,185,178,22,,1973,1984,,,FALSE,,
david-dwyer,David,Dwyer,North Melbourne,,62,182,72,5,,1984,1991,,,FALSE,,
greg-eppelstun,Greg,Eppelstun,North Melbourne,,59,185,103,16,,1986,1993,,,FALSE,,
ian-fairley,Ian,Fairley,North Melbourne,,61,189,217,6,,1983,1996,,,FALSE,,
michael-firrito,Michael,Firrito,North Melbourne,,42,189,275,11,,2003,2016,,,FALSE,,
zac-fisher,Zac,Fisher,North Melbourne,Small Forward,27,177,125,16,,2017,2024,,,FALSE,,
michael-gallagher,Michael,Gallagher,North Melbourne,,59,196,54,31,,1987,1992,,,FALSE,,
peter-german,Peter,German,North Melbourne,,61,182,185,29,,1984,1994,,,FALSE,,
kerry-good,Kerry,Good,North Melbourne,,67,184,74,7,,1977,1983,,,FALSE,,
shannon-grant,Shannon,Grant,North Melbourne,,49,180,301,6,,1995,2008,,,FALSE,,
kasey-green,Kasey,Green,North Melbourne,,46,187,93,15,,2000,2007,,,FALSE,,
hugh-greenwood,Hugh,Greenwood,North Melbourne,,34,191,121,1,,2017,2024,,,FALSE,,
keith-greig,Keith,Greig,North Melbourne,,74,180,294,27,,1971,1985,,,FALSE,,
frank-gumbleton,Frank,Gumbleton,North Melbourne,,75,188,147,38,,1970,1979,,,FALSE,,
aaron-hall,Aaron,Hall,North Melbourne,,35,185,161,43,,2012,2023,,,FALSE,,
lachlan-hansen,Lachlan,Hansen,North Melbourne,,37,197,151,6,,2007,2017,,,FALSE,,
leigh-harding,Leigh,Harding,North Melbourne,,44,181,141,39,,2001,2010,,,FALSE,,
darren-harris,Darren,Harris,North Melbourne,,60,193,51,26,,1986,1991,,,FALSE,,
billy-hartung,Billy,Hartung,North Melbourne,,31,177,76,39,,2014,2018,,,FALSE,,
brent-harvey,Brent,Harvey,North Melbourne,,47,177,432,29,,1996,2016,,,FALSE,,
jonathan-hay,Jonathan,Hay,North Melbourne,,46,194,157,2,,1997,2006,,,FALSE,,
ross-henshaw,Ross,Henshaw,North Melbourne,,73,189,167,34,,1971,1983,,,FALSE,,
kym-hodgeman,Kym,Hodgeman,North Melbourne,,69,175,91,17,,1981,1985,,,FALSE,,
john-holt,John,Holt,North Melbourne,,63,183,71,2,,1981,1988,,,FALSE,,
daniel-howe,Daniel,Howe,North Melbourne,,30,191,107,15,,2015,2023,,,FALSE,,
nathan-hrovat,Nathan,Hrovat,North Melbourne,,31,175,69,8,,2013,2019,,,FALSE,,
ray-huppatz,Ray,Huppatz,North Melbourne,,77,170,85,2,,1974,1980,,,FALSE,,
alex-ishchenko,Alex,Ishchenko,North Melbourne,,62,201,142,26,,1987,1995,,,FALSE,,
ben-jacobs,Ben,Jacobs,North Melbourne,,34,185,90,5,,2011,2018,,,FALSE,,
peter-jonas,Peter,Jonas,North Melbourne,,66,184,82,45,,1981,1988,,,FALSE,,
corey-jones,Corey,Jones,North Melbourne,,45,188,157,21,,2001,2010,,,FALSE,,
phil-kelly,Phil,Kelly,North Melbourne,,68,184,61,14,,1981,1985,,,FALSE,,
david-king,David,King,North Melbourne,,54,183,241,34,,1994,2004,,,FALSE,,
dani-laidley,Dani,Laidley,North Melbourne,,59,184,151,7,,1987,1997,,,FALSE,,
matthew-larkin,Matthew,Larkin,North Melbourne,,61,180,172,9,,1984,1993,,,FALSE,,
john-law,John,Law,North Melbourne,,67,185,219,13,,1978,1989,,,FALSE,,
john-longmire,John,Longmire,North Melbourne,,55,194,200,35,,1988,1999,,,FALSE,,
jamie-macmillan,Jamie,Macmillan,North Melbourne,,34,188,167,34,,2010,2020,,,FALSE,,
troy-makepeace,Troy,Makepeace,North Melbourne,,47,175,139,35,,2000,2006,,,FALSE,,
stephen-mccann,Stephen,McCann,North Melbourne,,67,192,226,16,,1977,1988,,,FALSE,,
jason-mccartney,Jason,McCartney,North Melbourne,,52,191,182,5,,1991,2003,,,FALSE,,
donald-mcdonald,Donald,McDonald,North Melbourne,,63,191,155,25,,1982,1992,,,FALSE,,
corey-mckernan,Corey,McKernan,North Melbourne,,52,197,237,5,,1993,2004,,,FALSE,,
joe-mclaren,Joe,McLaren,North Melbourne,,48,187,69,8,,1996,2001,,,FALSE,,
scott-mcmahon,Scott,McMahon,North Melbourne,,39,184,124,42,,2007,2015,,,FALSE,,
graeme-melrose,Graeme,Melrose,North Melbourne,,77,177,111,17,,1975,1979,,,FALSE,,
john-mossop,John,Mossop,North Melbourne,,66,196,171,4,,1979,1988,,,FALSE,,
robin-nahas,Robin,Nahas,North Melbourne,,38,176,117,28,,2009,2016,,,FALSE,,
mick-nolan,Mick,Nolan,North Melbourne,,76,194,107,22,,1973,1980,,,FALSE,,
ricky-olarenshaw,Ricky,Olarenshaw,North Melbourne,,53,179,83,47,,1993,2001,,,FALSE,,
lance-picioane,Lance,Picioane,North Melbourne,,45,183,77,25,,1998,2005,,,FALSE,,
jasper-pittard,Jasper,Pittard,North Melbourne,,35,186,159,17,,2011,2020,,,FALSE,,
bradley-plain,Bradley,Plain,North Melbourne,,56,184,56,21,,1988,1996,,,FALSE,,
jared-polec,Jared,Polec,North Melbourne,,33,187,148,13,,2011,2022,,,FALSE,,
mark-porter,Mark,Porter,North Melbourne,,49,199,110,17,,1997,2004,,,FALSE,,
sam-power,Sam,Power,North Melbourne,,42,190,123,5,,2002,2009,,,FALSE,,
daniel-pratt,Daniel,Pratt,North Melbourne,,43,186,119,30,,2004,2011,,,FALSE,,
roy-ramsay,Roy,Ramsay,North Melbourne,,70,180,126,30,,1976,1986,,,FALSE,,
brady-rawlings,Brady,Rawlings,North Melbourne,,44,184,245,3,,1999,2011,,,FALSE,,
jade-rawlings,Jade,Rawlings,North Melbourne,,48,196,148,27,,1996,2006,,,FALSE,,
farren-ray,Farren,Ray,North Melbourne,,40,187,209,44,,2004,2016,,,FALSE,,
keenan-reynolds,Keenan,Reynolds,North Melbourne,,57,188,86,20,,1990,1996,,,FALSE,,
ben-robbins,Ben,Robbins,North Melbourne,,49,181,92,30,,1996,2003,,,FALSE,,
mark-roberts,Mark,Roberts,North Melbourne,,60,190,202,22,,1985,1999,,,FALSE,,
saverio-rocca,Saverio,Rocca,North Melbourne,,52,195,257,26,,1992,2006,,,FALSE,,
phil-ryan,Phil,Ryan,North Melbourne,,74,191,106,19,,1970,1976,,,FALSE,,
nick-santo,Nick,Santo,North Melbourne,,42,185,322,15,,2002,2016,,,FALSE,,
wayne-schimmelbusch,Wayne,Schimmelbusch,North Melbourne,,73,179,306,20,,1973,1987,,,FALSE,,
robert-scott,Robert,Scott,North Melbourne,,57,173,245,8,,1986,2000,,,FALSE,,
liam-shiels,Liam,Shiels,North Melbourne,,34,183,288,14,,2009,2024,,,FALSE,,
craig-sholl,Craig,Sholl,North Melbourne,,58,189,235,24,,1987,2000,,,FALSE,,
adam-simpson,Adam,Simpson,North Melbourne,,50,185,306,7,,1995,2009,,,FALSE,,
jess-sinclair,Jess,Sinclair,North Melbourne,,47,182,192,9,,1997,2008,,,FALSE,,
doug-smith,Doug,Smith,North Melbourne,,68,193,54,5,,1978,1983,,,FALSE,,
ross-smith,Ross,Smith,North Melbourne,,61,184,224,15,,1984,1996,,,FALSE,,
jaidyn-stephenson,Jaidyn,Stephenson,North Melbourne,,27,188,122,2,,2018,2024,,,FALSE,,
anthony-stevens,Anthony,Stevens,North Melbourne,,54,178,292,10,,1989,2004,,,FALSE,,
michael-stevens,Michael,Stevens,North Melbourne,,45,179,61,12,,1999,2005,,,FALSE,,
andrew-swallow,Andrew,Swallow,North Melbourne,,38,182,224,9,,2006,2017,,,FALSE,,
curtis-taylor,Curtis,Taylor,North Melbourne,,26,187,76,5,,2019,2024,,,FALSE,,
tarryn-thomas,Tarryn,Thomas,North Melbourne,,26,189,69,26,,2019,2023,,,FALSE,,
nathan-thompson,Nathan,Thompson,North Melbourne,,48,194,179,23,,1998,2008,,,FALSE,,
scott-thompson-1986,Scott,Thompson,North Melbourne,,39,193,241,16,,2008,2019,,,FALSE,,
kayne-turner,Kayne,Turner,North Melbourne,,30,180,130,28,,2014,2023,,,FALSE,,
dom-tyson,Dom,Tyson,North Melbourne,,32,186,113,21,,2012,2021,,,FALSE,,
jarrad-waite,Jarrad,Waite,North Melbourne,,43,194,244,30,,2003,2018,,,FALSE,,
josh-walker,Josh,Walker,North Melbourne,,33,197,139,19,,2012,2022,,,FALSE,,
shannon-watt,Shannon,Watt,North Melbourne,,45,193,155,36,,1998,2009,,,FALSE,,
marley-williams,Marley,Williams,North Melbourne,,32,181,128,2,,2012,2020,,,FALSE,,
sam-wright,Sam,Wright,North Melbourne,,35,188,136,19,,2009,2019,,,FALSE,,
jack-ziebell,Jack,Ziebell,North Melbourne,,35,188,280,7,,2009,2023,,,FALSE,,
matthew-bishop,Matthew,Bishop,Port Adelaide,,50,195,150,19,,1998,2006,,,FALSE,,
shane-bond,Shane,Bond,Port Adelaide,,50,181,91,5,,1994,2000,,,FALSE,,
shayne-breuer,Shayne,Breuer,Port Adelaide,,53,184,125,3,,1994,1999,,,FALSE,,
matthew-broadbent,Matthew,Broadbent,Port Adelaide,,35,189,171,5,,2009,2019,,,FALSE,,
david-brown,David,Brown,Port Adelaide,,56,172,91,21,,1991,1998,,,FALSE,,
peter-burgoyne,Peter,Burgoyne,Port Adelaide,,48,183,240,7,,1997,2009,,,FALSE,,
zak-butters,Zak,Butters,Port Adelaide,Midfielder,25,181,119,9,,2019,2024,,,FALSE,,
alipate-carlile,Alipate,Carlile,Port Adelaide,,38,192,167,27,,2006,2016,,,FALSE,,
josh-carr,Josh,Carr,Port Adelaide,,45,179,207,2,,2000,2010,,,FALSE,,
domenic-cassisi,Domenic,Cassisi,Port Adelaide,,43,184,228,25,,2002,2014,,,FALSE,,
brett-chalmers,Brett,Chalmers,Port Adelaide,,53,195,75,7,,1994,1999,,,FALSE,,
cameron-cloke,Cameron,Cloke,Port Adelaide,,41,196,58,47,,2004,2010,,,FALSE,,
tom-clurey,Tom,Clurey,Port Adelaide,,32,193,124,17,,2014,2023,,,FALSE,,
stuart-cochrane,Stuart,Cochrane,Port Adelaide,,47,189,104,26,,1998,2005,,,FALSE,,
che-cockatoo-collins,Che,Cockatoo-Collins,Port Adelaide,,51,181,160,12,,1994,2003,,,FALSE,,
kane-cornes,Kane,Cornes,Port Adelaide,,43,183,300,18,,2001,2015,,,FALSE,,
stephen-daniels,Stephen,Daniels,Port Adelaide,,49,193,58,28,,1997,2000,,,FALSE,,
donald-dickie,Donald,Dickie,Port Adelaide,,53,186,55,19,,1997,2000,,,FALSE,,
charlie-dixon,Charlie,Dixon,Port Adelaide,,35,200,221,22,,2011,2024,,,FALSE,,
trent-dumont,Trent,Dumont,Port Adelaide,,30,186,121,43,,2015,2022,,,FALSE,,
brad-ebert,Brad,Ebert,Port Adelaide,,36,189,260,7,,2008,2020,,,FALSE,,
brett-ebert,Brett,Ebert,Port Adelaide,,42,179,166,33,,2004,2012,,,FALSE,,
fabian-francis,Fabian,Francis,Port Adelaide,,52,177,109,8,,1991,2001,,,FALSE,,
josh-francou,Josh,Francou,Port Adelaide,,51,185,156,10,,1997,2005,,,FALSE,,
robbie-gray,Robbie,Gray,Port Adelaide,,38,183,271,9,,2007,2022,,,FALSE,,
scott-harding,Scott,Harding,Port Adelaide,,39,181,50,38,,2006,2010,,,FALSE,,
damien-hardwick,Damien,Hardwick,Port Adelaide,,53,180,207,11,,1994,2004,,,FALSE,,
hamish-hartlett,Hamish,Hartlett,Port Adelaide,,35,185,193,8,,2009,2021,,,FALSE,,
brent-heaver,Brent,Heaver,Port Adelaide,,54,173,92,12,,1990,1998,,,FALSE,,
roger-james,Roger,James,Port Adelaide,,50,177,147,38,,1997,2005,,,FALSE,,
tom-jonas,Tom,Jonas,Port Adelaide,,35,188,216,1,,2011,2023,,,FALSE,,
adam-kingsley,Adam,Kingsley,Port Adelaide,,50,183,170,29,,1997,2006,,,FALSE,,
nathan-krakouer,Nathan,Krakouer,Port Adelaide,,37,182,82,48,,2007,2016,,,FALSE,,
brendon-lade,Brendon,Lade,Port Adelaide,,49,199,234,5,,1997,2009,,,FALSE,,
bowen-lockwood,Bowen,Lockwood,Port Adelaide,,47,195,50,22,,1997,2001,,,FALSE,,
tom-logan,Tom,Logan,Port Adelaide,,40,183,117,44,,2005,2014,,,FALSE,,
nathan-lonie,Nathan,Lonie,Port Adelaide,,43,189,104,12,,2001,2008,,,FALSE,,
scott-lycett,Scott,Lycett,Port Adelaide,,33,203,146,29,,2011,2023,,,FALSE,,
brayden-lyle,Brayden,Lyle,Port Adelaide,,53,178,116,9,,1995,2001,,,FALSE,,
josh-mahoney,Josh,Mahoney,Port Adelaide,,48,180,97,22,,1997,2007,,,FALSE,,
todd-marshall,Todd,Marshall,Port Adelaide,Key Defender,27,198,116,4,,2017,2024,,,FALSE,,
sam-mayes,Sam,Mayes,Port Adelaide,,31,189,121,32,,2013,2022,,,FALSE,,
trent-mckenzie,Trent,McKenzie,Port Adelaide,,34,191,165,12,,2011,2023,,,FALSE,,
darren-mead,Darren,Mead,Port Adelaide,,55,193,122,33,,1997,2002,,,FALSE,,
angus-monfries,Angus,Monfries,Port Adelaide,,39,185,211,6,,2005,2017,,,FALSE,,
danny-morton,Danny,Morton,Port Adelaide,,52,175,50,13,,1993,2000,,,FALSE,,
daniel-motlop,Daniel,Motlop,Port Adelaide,,44,185,130,4,,2001,2011,,,FALSE,,
steven-motlop,Steven,Motlop,Port Adelaide,,35,183,217,6,,2010,2022,,,FALSE,,
chris-naish,Chris,Naish,Port Adelaide,,54,172,161,4,,1990,1999,,,FALSE,,
quinton-narkle,Quinton,Narkle,Port Adelaide,,28,181,57,42,,2018,2024,,,FALSE,,
jay-nash,Jay,Nash,Port Adelaide,,40,188,51,22,,2005,2010,,,FALSE,,
jake-neade,Jake,Neade,Port Adelaide,,31,170,66,3,,2013,2018,,,FALSE,,
stephen-paxman,Stephen,Paxman,Port Adelaide,,55,188,240,14,,1991,2003,,,FALSE,,
michael-pettigrew,Michael,Pettigrew,Port Adelaide,,41,193,103,36,,2004,2011,,,FALSE,,
jared-poulton,Jared,Poulton,Port Adelaide,,49,182,88,27,,1999,2005,,,FALSE,,
matthew-primus,Matthew,Primus,Port Adelaide,,51,198,157,1,,1996,2005,,,FALSE,,
brent-renouf,Brent,Renouf,Port Adelaide,,37,200,68,4,,2008,2014,,,FALSE,,
tom-rockliff,Tom,Rockliff,Port Adelaide,,36,185,208,11,,2009,2021,,,FALSE,,
steven-salopek,Steven,Salopek,Port Adelaide,,40,185,121,3,,2003,2011,,,FALSE,,
jay-schulz,Jay,Schulz,Port Adelaide,,41,193,194,28,,2003,2016,,,FALSE,,
aaron-shattock,Aaron,Shattock,Port Adelaide,,45,187,68,12,,2000,2006,,,FALSE,,
paul-stewart,Paul,Stewart,Port Adelaide,,38,191,101,14,,2008,2016,,,FALSE,,
jacob-surjan,Jacob,Surjan,Port Adelaide,,40,179,121,9,,2004,2012,,,FALSE,,
cam-sutcliffe,Cam,Sutcliffe,Port Adelaide,,33,186,113,50,,2012,2020,,,FALSE,,
lindsay-thomas,Lindsay,Thomas,Port Adelaide,,38,180,212,48,,2007,2018,,,FALSE,,
toby-thurstans,Toby,Thurstans,Port Adelaide,,45,196,110,28,,2003,2009,,,FALSE,,
warren-tredrea,Warren,Tredrea,Port Adelaide,,47,194,255,16,,1997,2010,,,FALSE,,
jack-trengove,Jack,Trengove,Port Adelaide,,34,185,89,19,,2010,2018,,,FALSE,,
darryl-wakelin,Darryl,Wakelin,Port Adelaide,,51,192,261,2,,1995,2007,,,FALSE,,
peter-walsh,Peter,Walsh,Port Adelaide,,49,180,139,42,,1999,2006,,,FALSE,,
gavin-wanganeen,Gavin,Wanganeen,Port Adelaide,,52,181,300,4,,1991,2006,,,FALSE,,
jack-watts,Jack,Watts,Port Adelaide,,35,196,174,23,,2009,2019,,,FALSE,,
justin-westhoff,Justin,Westhoff,Port Adelaide,,39,199,280,39,,2007,2020,,,FALSE,,
damon-white,Damon,White,Port Adelaide,,42,192,55,24,,2004,2008,,,FALSE,,
matt-white,Matt,White,Port Adelaide,,39,180,153,19,,2006,2017,,,FALSE,,
michael-wilson,Michael,Wilson,Port Adelaide,,49,181,192,21,,1997,2008,,,FALSE,,
brandon-zerk-thatcher,Brandon,Zerk-Thatcher,Port Adelaide,Key Defender,27,195,77,25,,2019,2024,,,FALSE,,
david-astbury,David,Astbury,Richmond,,35,195,155,12,,2010,2021,,,FALSE,,
ian-baker,Ian,Baker,Richmond,,70,185,53,26,,1976,1980,,,FALSE,,
jason-baldwin,Jason,Baldwin,Richmond,,56,180,127,32,,1989,1997,,,FALSE,,
neil-balme,Neil,Balme,Richmond,,74,194,159,21,,1970,1979,,,FALSE,,
noah-balta,Noah,Balta,Richmond,Key Defender,26,194,104,21,,2019,2024,,,FALSE,,
jake-batchelor,Jake,Batchelor,Richmond,,34,188,84,11,,2011,2017,,,FALSE,,
craig-biddiscombe,Craig,Biddiscombe,Richmond,,49,185,78,22,,1995,2003,,,FALSE,,
justin-blumfield,Justin,Blumfield,Richmond,,48,188,148,13,,1996,2004,,,FALSE,,
joel-bowden,Joel,Bowden,Richmond,,47,188,265,11,,1996,2009,,,FALSE,,
patrick-bowden,Patrick,Bowden,Richmond,,44,191,75,16,,2001,2007,,,FALSE,,
nathan-bower,Nathan,Bower,Richmond,,53,185,74,22,,1991,1998,,,FALSE,,
ray-boyanich,Ray,Boyanich,Richmond,,79,193,66,19,,1970,1976,,,FALSE,,
ross-brewer,Ross,Brewer,Richmond,,72,188,174,26,,1972,1983,,,FALSE,,
paul-broderick,Paul,Broderick,Richmond,,56,178,262,17,,1988,2001,,,FALSE,,
nathan-brown-1978,Nathan,Brown,Richmond,,48,181,219,7,,1997,2009,,,FALSE,,
paul-bulluss,Paul,Bulluss,Richmond,,56,194,97,21,,1993,1998,,,FALSE,,
chris-burton,Chris,Burton,Richmond,,64,180,117,2,,1980,1988,,,FALSE,,
josh-caddy,Josh,Caddy,Richmond,,33,186,174,22,,2011,2021,,,FALSE,,
leon-cameron,Leon,Cameron,Richmond,,53,185,256,15,,1990,2003,,,FALSE,,
wayne-campbell,Wayne,Campbell,Richmond,,53,189,297,9,,1991,2005,,,FALSE,,
noel-carter,Noel,Carter,Richmond,,71,177,50,7,,1973,1977,,,FALSE,,
jason-castagna,Jason,Castagna,Richmond,,29,181,134,11,,2016,2022,,,FALSE,,
mark-chaffey,Mark,Chaffey,Richmond,,48,178,166,6,,1997,2006,,,FALSE,,
troy-chaplin,Troy,Chaplin,Richmond,,40,195,215,25,,2004,2016,,,FALSE,,
justin-charles,Justin,Charles,Richmond,,55,196,90,15,,1989,1998,,,FALSE,,
david-cloke,David,Cloke,Richmond,,71,196,333,16,,1974,1991,,,FALSE,,
dennis-collins,Dennis,Collins,Richmond,,72,178,147,28,,1972,1980,,,FALSE,,
trent-cotchin,Trent,Cotchin,Richmond,,36,185,306,9,,2008,2023,,,FALSE,,
mark-coughlan,Mark,Coughlan,Richmond,,44,185,92,24,,2001,2009,,,FALSE,,
ben-cousins,Ben,Cousins,Richmond,,47,179,270,32,,1996,2010,,,FALSE,,
darryl-cowie,Darryl,Cowie,Richmond,,65,196,63,26,,1982,1987,,,FALSE,,
andrew-cross,Andrew,Cross,Richmond,,65,178,51,55,,1979,1986,,,FALSE,,
greg-dear,Greg,Dear,Richmond,,63,198,190,14,,1985,1996,,,FALSE,,
matthew-dundas,Matthew,Dundas,Richmond,,54,178,87,2,,1990,1995,,,FALSE,,
jeff-dunne,Jeff,Dunne,Richmond,,69,176,102,27,,1977,1984,,,FALSE,,
aaron-edwards,Aaron,Edwards,Richmond,,42,184,94,27,,2005,2014,,,FALSE,,
shane-edwards,Shane,Edwards,Richmond,,37,182,303,10,,2007,2022,,,FALSE,,
simon-eishold,Simon,Eishold,Richmond,,59,186,82,23,,1986,1993,,,FALSE,,
paul-feltham,Paul,Feltham,Richmond,,77,175,135,3,,1970,1978,,,FALSE,,
simon-fletcher,Simon,Fletcher,Richmond,,47,188,90,34,,1999,2004,,,FALSE,,
nathan-foley,Nathan,Foley,Richmond,,40,178,154,41,,2005,2014,,,FALSE,,
gary-frangalas,Gary,Frangalas,Richmond,,62,183,68,9,,1983,1989,,,FALSE,,
tony-free,Tony,Free,Richmond,,56,178,133,30,,1987,1996,,,FALSE,,
brendon-gale,Brendon,Gale,Richmond,,57,198,244,25,,1990,2001,,,FALSE,,
michael-gale,Michael,Gale,Richmond,,59,188,196,1,,1986,1998,,,FALSE,,
darren-gaspar,Darren,Gaspar,Richmond,,49,192,228,2,,1994,2007,,,FALSE,,
mark-graham,Mark,Graham,Richmond,,53,190,243,34,,1993,2005,,,FALSE,,
ben-griffiths,Ben,Griffiths,Richmond,,34,200,63,24,,2010,2017,,,FALSE,,
shaun-grigg,Shaun,Grigg,Richmond,,38,190,214,6,,2007,2018,,,FALSE,,
dylan-grimes,Dylan,Grimes,Richmond,,34,193,234,2,,2010,2024,,,FALSE,,
barry-grinter,Barry,Grinter,Richmond,,74,191,84,28,,1971,1978,,,FALSE,,
ray-hall,Ray,Hall,Richmond,,45,196,99,20,,1999,2006,,,FALSE,,
shaun-hampson,Shaun,Hampson,Richmond,,38,201,98,16,,2007,2016,,,FALSE,,
bob-heard,Bob,Heard,Richmond,,77,202,160,15,,1970,1979,,,FALSE,,
ian-herman,Ian,Herman,Richmond,,60,182,62,36,,1987,1993,,,FALSE,,
rory-hilton,Rory,Hilton,Richmond,,47,186,91,1,,1998,2005,,,FALSE,,
david-honybun,David,Honybun,Richmond,,64,195,60,42,,1984,1992,,,FALSE,,
bachar-houli,Bachar,Houli,Richmond,,37,180,232,14,,2007,2021,,,FALSE,,
adam-houlihan,Adam,Houlihan,Richmond,,48,185,94,44,,1997,2004,,,FALSE,,
john-howat,John,Howat,Richmond,,55,187,65,31,,1989,1996,,,FALSE,,
paul-hudson,Paul,Hudson,Richmond,,55,185,245,17,,1990,2002,,,FALSE,,
taylor-hunt,Taylor,Hunt,Richmond,,35,184,105,28,,2010,2017,,,FALSE,,
chris-hyde,Chris,Hyde,Richmond,,43,186,93,31,,2002,2008,,,FALSE,,
daniel-jackson,Daniel,Jackson,Richmond,,40,188,156,23,,2004,2014,,,FALSE,,
stevan-jackson,Stevan,Jackson,Richmond,,56,190,59,16,,1989,1993,,,FALSE,,
stephen-james,Stephen,James,Richmond,,61,188,77,40,,1985,1990,,,FALSE,,
jim-jess,Jim,Jess,Richmond,,71,189,223,20,,1976,1988,,,FALSE,,
kane-johnson,Kane,Johnson,Richmond,,48,187,220,17,,1996,2008,,,FALSE,,
merv-keane,Merv,Keane,Richmond,,72,185,238,18,,1972,1984,,,FALSE,,
andrew-kellaway,Andrew,Kellaway,Richmond,,50,190,172,39,,1998,2006,,,FALSE,,
duncan-kellaway,Duncan,Kellaway,Richmond,,53,186,180,3,,1993,2004,,,FALSE,,
clinton-king,Clinton,King,Richmond,,48,179,89,21,,1996,2003,,,FALSE,,
jake-king,Jake,King,Richmond,,42,178,107,28,,2007,2014,,,FALSE,,
kent-kingsley,Kent,Kingsley,Richmond,,47,193,125,18,,1999,2007,,,FALSE,,
chris-knights,Chris,Knights,Richmond,,39,184,102,15,,2005,2015,,,FALSE,,
matthew-knights,Matthew,Knights,Richmond,,55,178,279,33,,1988,2002,,,FALSE,,
trent-knobel,Trent,Knobel,Richmond,,45,204,75,13,,2000,2006,,,FALSE,,
jacob-koschitzke,Jacob,Koschitzke,Richmond,,25,196,62,20,,2021,2024,,,FALSE,,
kane-lambert,Kane,Lambert,Richmond,,34,178,135,23,,2015,2022,,,FALSE,,
mark-lee,Mark,Lee,Richmond,,67,199,233,1,,1977,1991,,,FALSE,,
eric-leech,Eric,Leech,Richmond,,74,189,79,25,,1970,1979,,,FALSE,,
brian-leys,Brian,Leys,Richmond,,58,190,110,26,,1988,1994,,,FALSE,,
sam-lonergan,Sam,Lonergan,Richmond,,39,182,81,22,,2006,2013,,,FALSE,,
mick-malthouse,Mick,Malthouse,Richmond,,72,180,174,7,,1972,1983,,,FALSE,,
john-manton,John,Manton,Richmond,,63,191,59,11,,1984,1989,,,FALSE,,
ivan-maric,Ivan,Maric,Richmond,,40,200,157,20,,2006,2016,,,FALSE,,
ben-marsh,Ben,Marsh,Richmond,,49,201,55,15,,1998,2004,,,FALSE,,
alan-martello,Alan,Martello,Richmond,,73,193,255,15,,1970,1983,,,FALSE,,
dustin-martin,Dustin,Martin,Richmond,,34,187,302,4,,2010,2024,,,FALSE,,
michael-mckenna,Michael,McKenna,Richmond,,65,171,102,30,,1979,1985,,,FALSE,,
jordan-mcmahon,Jordan,McMahon,Richmond,,42,186,148,13,,2001,2009,,,FALSE,,
brad-miller,Brad,Miller,Richmond,,42,194,157,13,,2002,2012,,,FALSE,,
michael-mitchell,Michael,Mitchell,Richmond,,64,172,81,7,,1987,1991,,,FALSE,,
bruce-monteath,Bruce,Monteath,Richmond,,70,188,118,11,,1975,1980,,,FALSE,,
andrew-moore,Andrew,Moore,Richmond,,34,189,60,15,,2010,2016,,,FALSE,,
kelvin-moore-1984,Kelvin,Moore,Richmond,,42,190,87,40,,2004,2012,,,FALSE,,
steven-morris,Steven,Morris,Richmond,,37,185,87,38,,2012,2017,,,FALSE,,
richard-murrie,Richard,Murrie,Richmond,,70,189,111,33,,1975,1983,,,FALSE,,
mark-neeld,Mark,Neeld,Richmond,,54,188,74,19,,1990,1996,,,FALSE,,
chris-newman,Chris,Newman,Richmond,,43,183,268,1,,2002,2015,,,FALSE,,
trent-nichols,Trent,Nichols,Richmond,,57,173,112,26,,1988,1998,,,FALSE,,
rod-oborne,Rod,Oborne,Richmond,,72,183,92,23,,1972,1981,,,FALSE,,
steven-odwyer,Steven,ODwyer,Richmond,,60,201,89,1,,1987,1992,,,FALSE,,
david-palm,David,Palm,Richmond,,67,179,104,6,,1983,1988,,,FALSE,,
gary-parkes,Gary,Parkes,Richmond,,74,185,103,32,,1970,1979,,,FALSE,,
neil-peart,Neil,Peart,Richmond,,67,188,62,24,,1982,1987,,,FALSE,,
ricky-petterd,Ricky,Petterd,Richmond,,37,185,84,13,,2007,2015,,,FALSE,,
kayne-pettifer,Kayne,Pettifer,Richmond,,44,183,113,15,,2001,2009,,,FALSE,,
justin-pickering,Justin,Pickering,Richmond,,58,185,59,9,,1988,1991,,,FALSE,,
marlion-pickett,Marlion,Pickett,Richmond,,34,184,91,50,,2019,2024,,,FALSE,,
graham-polak,Graham,Polak,Richmond,,41,194,111,6,,2002,2010,,,FALSE,,
dion-prestia,Dion,Prestia,Richmond,Midfielder,33,175,225,3,,2011,2024,,,FALSE,,
hugo-ralphsmith,Hugo,Ralphsmith,Richmond,Midfielder,24,186,50,13,,2021,2024,,,FALSE,,
alex-rance,Alex,Rance,Richmond,,36,194,200,18,,2009,2019,,,FALSE,,
matthew-richardson,Matthew,Richardson,Richmond,,51,197,282,12,,1993,2009,,,FALSE,,
jack-riewoldt,Jack,Riewoldt,Richmond,,37,193,347,8,,2007,2023,,,FALSE,,
maurice-rioli,Maurice,Rioli,Richmond,Small Forward,68,175,118,27,,1982,1987,,,FALSE,,
michael-roach,Michael,Roach,Richmond,,67,193,200,8,,1977,1989,,,FALSE,,
graeme-robertson,Graeme,Robertson,Richmond,,73,197,60,24,,1974,1981,,,FALSE,,
matthew-rogers,Matthew,Rogers,Richmond,,52,185,197,4,,1994,2004,,,FALSE,,
barry-rowlings,Barry,Rowlings,Richmond,,75,178,234,22,,1975,1986,,,FALSE,,
des-ryan,Des,Ryan,Richmond,,58,192,56,32,,1986,1992,,,FALSE,,
clay-sampson,Clay,Sampson,Richmond,,50,178,64,24,,1995,2000,,,FALSE,,
paul-sarah,Paul,Sarah,Richmond,,72,177,165,11,,1972,1983,,,FALSE,,
ian-sartori,Ian,Sartori,Richmond,,67,183,65,25,,1978,1985,,,FALSE,,
ian-scrimshaw,Ian,Scrimshaw,Richmond,,71,185,59,36,,1974,1981,,,FALSE,,
troy-simmonds,Troy,Simmonds,Richmond,,47,197,197,5,,1999,2010,,,FALSE,,
craig-smith,Craig,Smith,Richmond,,59,186,72,17,,1986,1993,,,FALSE,,
terry-smith,Terry,Smith,Richmond,,67,185,100,12,,1980,1986,,,FALSE,,
greg-stafford,Greg,Stafford,Richmond,,51,204,204,10,,1993,2006,,,FALSE,,
craig-stewart,Craig,Stewart,Richmond,,69,193,150,32,,1978,1986,,,FALSE,,
greg-strachan,Greg,Strachan,Richmond,,67,188,154,19,,1978,1987,,,FALSE,,
steven-sziller,Steven,Sziller,Richmond,,53,176,156,19,,1995,2002,,,FALSE,,
robbie-tarrant,Robbie,Tarrant,Richmond,,37,196,194,6,,2010,2022,,,FALSE,,
bruce-tempany,Bruce,Tempany,Richmond,,67,189,87,14,,1977,1983,,,FALSE,,
matt-thomas,Matt,Thomas,Richmond,,39,186,102,19,,2006,2015,,,FALSE,,
michael-thomson,Michael,Thomson,Richmond,,64,187,88,15,,1981,1990,,,FALSE,,
will-thursfield,Will,Thursfield,Richmond,,40,191,77,2,,2005,2011,,,FALSE,,
greg-tivendale,Greg,Tivendale,Richmond,,47,185,188,32,,1998,2008,,,FALSE,,
shane-tuck,Shane,Tuck,Richmond,,44,189,173,21,,2004,2013,,,FALSE,,
scott-turner,Scott,Turner,Richmond,,55,198,144,41,,1991,1999,,,FALSE,,
matthew-wall,Matthew,Wall,Richmond,,66,180,60,12,,1980,1985,,,FALSE,,
dale-weightman,Dale,Weightman,Richmond,,66,170,274,3,,1978,1993,,,FALSE,,
maverick-weller,Maverick,Weller,Richmond,,34,182,123,16,,2011,2019,,,FALSE,,
peter-welsh,Peter,Welsh,Richmond,,72,180,125,31,,1973,1984,,,FALSE,,
stuart-wigney,Stuart,Wigney,Richmond,,57,191,72,36,,1988,1996,,,FALSE,,
geoff-ablett,Geoff,Ablett,St Kilda,,71,180,229,15,,1973,1985,,,FALSE,,
ian-aitken,Ian,Aitken,St Kilda,,58,192,66,34,,1987,1993,,,FALSE,,
dean-anderson,Dean,Anderson,St Kilda,,58,190,150,11,,1988,1996,,,FALSE,,
mark-arceri,Mark,Arceri,St Kilda,,61,170,92,16,,1984,1993,,,FALSE,,
david-armitage,David,Armitage,St Kilda,,37,185,169,20,,2007,2019,,,FALSE,,
steven-baker,Steven,Baker,St Kilda,,45,181,203,10,,1999,2011,,,FALSE,,
kristian-bardsley,Kristian,Bardsley,St Kilda,,53,172,58,14,,1992,1998,,,FALSE,,
trevor-barker,Trevor,Barker,St Kilda,,69,183,230,1,,1975,1989,,,FALSE,,
luke-beveridge,Luke,Beveridge,St Kilda,,55,173,118,27,,1989,1999,,,FALSE,,
shane-birss,Shane,Birss,St Kilda,,43,183,71,22,,2002,2008,,,FALSE,,
jason-blake,Jason,Blake,St Kilda,,45,189,219,27,,2000,2013,,,FALSE,,
riley-bonner,Riley,Bonner,St Kilda,,29,190,112,36,,2016,2024,,,FALSE,,
brett-bowey,Brett,Bowey,St Kilda,,56,168,85,18,,1988,1994,,,FALSE,,
nathan-brown-1988,Nathan,Brown,St Kilda,,37,196,183,22,,2008,2019,,,FALSE,,
peter-brown-1958,Peter,Brown,St Kilda,,67,184,55,35,,1976,1982,,,FALSE,,
tony-brown,Tony,Brown,St Kilda,,48,175,108,2,,1995,2000,,,FALSE,,
nathan-burke,Nathan,Burke,St Kilda,,56,180,323,3,,1987,2003,,,FALSE,,
greg-burns,Greg,Burns,St Kilda,,68,183,169,11,,1978,1989,,,FALSE,,
dan-butler,Dan,Butler,St Kilda,,29,182,145,16,,2017,2024,,,FALSE,,
craig-callaghan,Craig,Callaghan,St Kilda,,50,172,124,11,,1995,2002,,,FALSE,,
tom-campbell,Tom,Campbell,St Kilda,,34,200,58,38,,2012,2024,,,FALSE,,
mathew-capuano,Mathew,Capuano,St Kilda,,50,198,107,16,,1994,2003,,,FALSE,,
jake-carlisle,Jake,Carlisle,St Kilda,,34,201,151,2,,2010,2021,,,FALSE,,
sean-charles,Sean,Charles,St Kilda,,50,175,56,14,,1992,2000,,,FALSE,,
steven-clark,Steven,Clark,St Kilda,,64,173,80,19,,1985,1992,,,FALSE,,
matthew-clarke,Matthew,Clarke,St Kilda,,52,200,258,28,,1993,2007,,,FALSE,,
raphael-clarke,Raphael,Clarke,St Kilda,,40,188,85,8,,2004,2012,,,FALSE,,
frank-coghlan,Frank,Coghlan,St Kilda,,63,183,109,15,,1986,1992,,,FALSE,,
jason-cripps,Jason,Cripps,St Kilda,,49,183,60,18,,1996,2002,,,FALSE,,
brad-crouch,Brad,Crouch,St Kilda,,32,186,161,5,,2013,2024,,,FALSE,,
geoff-cunningham,Geoff,Cunningham,St Kilda,,67,183,224,5,,1977,1989,,,FALSE,,
jayson-daniels,Jayson,Daniels,St Kilda,,55,183,173,34,,1988,1998,,,FALSE,,
luke-delaney,Luke,Delaney,St Kilda,,36,194,63,21,,2011,2016,,,FALSE,,
tony-delaney,Tony,Delaney,St Kilda,,50,183,76,6,,1993,2001,,,FALSE,,
sean-dempster,Sean,Dempster,St Kilda,,42,191,222,24,,2005,2016,,,FALSE,,
paddy-dow,Paddy,Dow,St Kilda,Midfielder,26,187,83,15,,2018,2024,,,FALSE,,
jamie-elliott-1973,Jamie,Elliott,St Kilda,,53,185,58,28,,1991,1996,,,FALSE,,
robert-elphinstone,Robert,Elphinstone,St Kilda,,65,191,157,33,,1980,1989,,,FALSE,,
aaron-fiora,Aaron,Fiora,St Kilda,,45,186,140,17,,2000,2008,,,FALSE,,
leigh-fisher,Leigh,Fisher,St Kilda,,42,188,55,6,,2003,2008,,,FALSE,,
sam-fisher,Sam,Fisher,St Kilda,,43,191,228,25,,2004,2016,,,FALSE,,
darren-flanigan,Darren,Flanigan,St Kilda,,64,200,138,10,,1981,1992,,,FALSE,,
gordon-fode,Gordon,Fode,St Kilda,,54,182,52,36,,1988,1995,,,FALSE,,
michael-ford,Michael,Ford,St Kilda,,63,183,98,45,,1985,1992,,,FALSE,,
silvio-foschini,Silvio,Foschini,St Kilda,,62,175,107,21,,1981,1988,,,FALSE,,
tony-francis,Tony,Francis,St Kilda,,57,171,161,14,,1990,1999,,,FALSE,,
danny-frawley,Danny,Frawley,St Kilda,,62,191,240,2,,1984,1995,,,FALSE,,
james-frawley,James,Frawley,St Kilda,,37,193,241,24,,2007,2021,,,FALSE,,
mark-gale,Mark,Gale,St Kilda,,49,190,84,37,,1995,2001,,,FALSE,,
charlie-gardiner,Charlie,Gardiner,St Kilda,,43,190,63,28,,2002,2008,,,FALSE,,
michael-gardiner,Michael,Gardiner,St Kilda,,46,199,181,15,,1997,2011,,,FALSE,,
jarryn-geary,Jarryn,Geary,St Kilda,,37,183,207,14,,2008,2021,,,FALSE,,
fraser-gehrig,Fraser,Gehrig,St Kilda,,50,195,260,9,,1995,2008,,,FALSE,,
sam-gilbert,Sam,Gilbert,St Kilda,,39,194,208,19,,2006,2018,,,FALSE,,
bradley-gotch,Bradley,Gotch,St Kilda,,63,166,96,16,,1982,1990,,,FALSE,,
jason-gram,Jason,Gram,St Kilda,,41,186,156,1,,2003,2012,,,FALSE,,
troy-gray,Troy,Gray,St Kilda,,53,188,60,21,,1992,1997,,,FALSE,,
aaron-hamill,Aaron,Hamill,St Kilda,,48,184,190,2,,1996,2006,,,FALSE,,
dan-hannebery,Dan,Hannebery,St Kilda,,35,181,226,10,,2009,2022,,,FALSE,,
bernie-harris,Bernie,Harris,St Kilda,,63,175,107,47,,1984,1990,,,FALSE,,
robert-harvey,Robert,Harvey,St Kilda,,54,181,383,35,,1988,2008,,,FALSE,,
lenny-hayes,Lenny,Hayes,St Kilda,,46,186,297,7,,1999,2014,,,FALSE,,
jason-heatley,Jason,Heatley,St Kilda,,54,189,63,24,,1995,2000,,,FALSE,,
liam-henry,Liam,Henry,St Kilda,Small Forward,24,179,55,23,,2020,2024,,,FALSE,,
dougal-howard,Dougal,Howard,St Kilda,Key Defender,30,199,135,20,,2016,2024,,,FALSE,,
max-hudghton,Max,Hudghton,St Kilda,,49,191,234,8,,1997,2009,,,FALSE,,
austinn-jones,Austinn,Jones,St Kilda,,49,176,226,5,,1995,2005,,,FALSE,,
clinton-jones,Clinton,Jones,St Kilda,,42,183,149,4,,2007,2014,,,FALSE,,
warren-jones,Warren,Jones,St Kilda,,72,200,123,10,,1978,1988,,,FALSE,,
wayne-judson,Wayne,Judson,St Kilda,,73,182,124,42,,1971,1977,,,FALSE,,
dean-kent,Dean,Kent,St Kilda,,32,180,100,25,,2013,2022,,,FALSE,,
rod-keogh,Rod,Keogh,St Kilda,,55,180,82,17,,1990,1998,,,FALSE,,
max-king,Max,King,St Kilda,Key Forward,25,202,83,12,,2020,2024,,,FALSE,,
steven-king,Steven,King,St Kilda,,47,201,240,2,,1996,2010,,,FALSE,,
rene-kink,Rene,Kink,St Kilda,,69,183,181,23,,1973,1986,,,FALSE,,
justin-koschitzke,Justin,Koschitzke,St Kilda,,43,197,200,23,,2001,2013,,,FALSE,,
spiro-kourkoumelis,Spiro,Kourkoumelis,St Kilda,,62,183,97,28,,1981,1990,,,FALSE,,
jim-krakouer,Jim,Krakouer,St Kilda,,67,167,147,3,,1982,1991,,,FALSE,,
steven-lawrence,Steven,Lawrence,St Kilda,,49,177,120,15,,1995,2003,,,FALSE,,
grant-lawrie,Grant,Lawrie,St Kilda,,67,192,168,32,,1978,1990,,,FALSE,,
stewart-loewe,Stewart,Loewe,St Kilda,,57,194,321,23,,1986,2002,,,FALSE,,
gary-lofts,Gary,Lofts,St Kilda,,74,183,60,2,,1976,1981,,,FALSE,,
billy-longer,Billy,Longer,St Kilda,,32,202,66,18,,2012,2019,,,FALSE,,
jack-lonie,Jack,Lonie,St Kilda,,29,175,87,13,,2015,2021,,,FALSE,,
alex-marcou,Alex,Marcou,St Kilda,,67,178,158,8,,1979,1988,,,FALSE,,
peter-mcconville,Peter,McConville,St Kilda,,67,185,194,12,,1978,1989,,,FALSE,,
john-mcintosh,John,McIntosh,St Kilda,,82,191,51,9,,1970,1972,,,FALSE,,
daniel-mckenzie,Daniel,McKenzie,St Kilda,,29,185,73,36,,2015,2022,,,FALSE,,
shaun-mckernan,Shaun,McKernan,St Kilda,,35,196,91,27,,2009,2021,,,FALSE,,
simon-meehan,Simon,Meehan,St Kilda,,64,180,55,28,,1980,1984,,,FALSE,,
glenn-middlemiss,Glenn,Middlemiss,St Kilda,,69,188,50,51,,1979,1984,,,FALSE,,
bill-mildenhall,Bill,Mildenhall,St Kilda,,73,180,77,39,,1974,1982,,,FALSE,,
stephen-milne,Stephen,Milne,St Kilda,,46,176,275,44,,2001,2013,,,FALSE,,
gavin-mitchell,Gavin,Mitchell,St Kilda,,53,171,88,11,,1996,2000,,,FALSE,,
damian-monkhorst,Damian,Monkhorst,St Kilda,,56,202,215,9,,1988,2000,,,FALSE,,
leigh-montagna,Leigh,Montagna,St Kilda,,42,178,287,11,,2002,2017,,,FALSE,,
russell-morris,Russell,Morris,St Kilda,,63,191,159,12,,1984,1994,,,FALSE,,
robert-muir,Robert,Muir,St Kilda,,72,185,68,32,,1974,1984,,,FALSE,,
robert-neal,Robert,Neal,St Kilda,,69,178,220,35,,1974,1988,,,FALSE,,
stephen-newport,Stephen,Newport,St Kilda,,60,182,140,1,,1985,1993,,,FALSE,,
gary-odgers,Gary,Odgers,St Kilda,,66,178,91,29,,1981,1987,,,FALSE,,
adam-pattison,Adam,Pattison,St Kilda,,40,198,66,34,,2005,2010,,,FALSE,,
brett-peake,Brett,Peake,St Kilda,,42,186,118,30,,2005,2012,,,FALSE,,
justin-peckett,Justin,Peckett,St Kilda,,53,182,252,1,,1992,2006,,,FALSE,,
tim-pekin,Tim,Pekin,St Kilda,,61,185,219,41,,1984,1995,,,FALSE,,
luke-penny,Luke,Penny,St Kilda,,45,193,80,19,,2000,2005,,,FALSE,,
dean-polo,Dean,Polo,St Kilda,,39,187,77,34,,2006,2012,,,FALSE,,
robert-powell,Robert,Powell,St Kilda,,50,180,66,26,,1996,2001,,,FALSE,,
stephen-powell,Stephen,Powell,St Kilda,,49,181,142,17,,1997,2006,,,FALSE,,
russell-reynolds,Russell,Reynolds,St Kilda,,75,182,68,21,,1973,1976,,,FALSE,,
nick-riewoldt,Nick,Riewoldt,St Kilda,,43,193,336,12,,2001,2017,,,FALSE,,
dylan-roberton,Dylan,Roberton,St Kilda,,34,194,129,17,,2010,2020,,,FALSE,,
sebastian-ross,Sebastian,Ross,St Kilda,,32,188,211,6,,2012,2024,,,FALSE,,
sam-rowe,Sam,Rowe,St Kilda,,38,199,100,47,,2013,2019,,,FALSE,,
peter-russo,Peter,Russo,St Kilda,,66,177,195,8,,1978,1990,,,FALSE,,
damien-ryan,Damien,Ryan,St Kilda,,48,188,60,28,,1996,2001,,,FALSE,,
paddy-ryder,Paddy,Ryder,St Kilda,,38,197,281,18,,2006,2022,,,FALSE,,
jeff-sarau,Jeff,Sarau,St Kilda,,72,191,226,31,,1973,1983,,,FALSE,,
shane-savage,Shane,Savage,St Kilda,,35,187,165,5,,2009,2020,,,FALSE,,
adam-schneider,Adam,Schneider,St Kilda,,41,175,228,13,,2003,2015,,,FALSE,,
troy-schwarze,Troy,Schwarze,St Kilda,,44,190,71,40,,2000,2006,,,FALSE,,
ken-sheldon,Ken,Sheldon,St Kilda,,66,178,185,3,,1977,1989,,,FALSE,,
alby-smedts,Alby,Smedts,St Kilda,,74,184,61,23,,1976,1981,,,FALSE,,
koby-stevens,Koby,Stevens,St Kilda,,34,189,91,25,,2010,2018,,,FALSE,,
david-strooper,David,Strooper,St Kilda,,58,191,81,15,,1987,1994,,,FALSE,,
kain-taylor,Kain,Taylor,St Kilda,,58,180,76,26,,1986,1994,,,FALSE,,
paul-temay,Paul,Temay,St Kilda,,64,185,52,40,,1980,1986,,,FALSE,,
andrew-thompson,Andrew,Thompson,St Kilda,,53,180,221,4,,1997,2007,,,FALSE,,
jason-traianidis,Jason,Traianidis,St Kilda,,51,188,62,32,,1996,2001,,,FALSE,,
lazar-vidovic,Lazar,Vidovic,St Kilda,,61,200,80,9,,1989,1997,,,FALSE,,
brett-voss,Brett,Voss,St Kilda,,48,181,170,13,,1997,2007,,,FALSE,,
brian-wilson,Brian,Wilson,St Kilda,,64,180,209,17,,1978,1991,,,FALSE,,
chris-wittman,Chris,Wittman,St Kilda,,60,180,98,17,,1986,1993,,,FALSE,,
george-young,George,Young,St Kilda,,77,185,108,27,,1973,1978,,,FALSE,,
matthew-young,Matthew,Young,St Kilda,,53,183,118,20,,1994,2001,,,FALSE,,
luke-ablett,Luke,Ablett,Sydney,,43,184,133,20,,2002,2009,,,FALSE,,
robert-ahmat,Robert,AhMat,Sydney,,48,175,67,9,,1995,2001,,,FALSE,,
brett-allison,Brett,Allison,Sydney,,57,182,228,15,,1987,2000,,,FALSE,,
garry-baker,Garry,Baker,Sydney,,73,193,147,1,,1972,1983,,,FALSE,,
jason-ball,Jason,Ball,Sydney,,53,201,193,27,,1992,2005,,,FALSE,,
leo-barry,Leo,Barry,Sydney,,48,184,237,21,,1995,2009,,,FALSE,,
adrian-battiston,Adrian,Battiston,Sydney,,62,175,105,34,,1982,1989,,,FALSE,,
mark-bayes,Mark,Bayes,Sydney,,59,190,246,30,,1985,1998,,,FALSE,,
barry-beecroft,Barry,Beecroft,Sydney,,71,191,71,20,,1973,1982,,,FALSE,,
paul-bevan,Paul,Bevan,Sydney,,41,183,129,42,,2004,2011,,,FALSE,,
craig-bolton,Craig,Bolton,Sydney,,45,190,199,6,,2000,2010,,,FALSE,,
david-bolton,David,Bolton,Sydney,,65,176,123,16,,1984,1991,,,FALSE,,
jude-bolton,Jude,Bolton,Sydney,,46,182,325,24,,1999,2013,,,FALSE,,
maurice-boyse,Maurice,Boyse,Sydney,,70,183,75,20,,1975,1983,,,FALSE,,
craig-braddy,Craig,Braddy,Sydney,,67,192,64,12,,1980,1985,,,FALSE,,
daniel-bradshaw,Daniel,Bradshaw,Sydney,,47,191,231,19,,1996,2010,,,FALSE,,
gary-brice,Gary,Brice,Sydney,,77,180,171,7,,1970,1979,,,FALSE,,
peter-brown-1952,Peter,Brown,Sydney,,73,191,77,32,,1971,1976,,,FALSE,,
mark-browning,Mark,Browning,Sydney,,69,180,251,11,,1975,1987,,,FALSE,,
neil-brunton,Neil,Brunton,Sydney,,57,183,71,13,,1991,1995,,,FALSE,,
paul-bryce,Paul,Bryce,Sydney,,57,194,91,21,,1987,1993,,,FALSE,,
michael-byrne,Michael,Byrne,Sydney,,67,200,167,14,,1977,1989,,,FALSE,,
paul-callery,Paul,Callery,Sydney,,76,165,182,49,,1970,1980,,,FALSE,,
warwick-capper,Warwick,Capper,Sydney,,62,190,124,39,,1983,1991,,,FALSE,,
dennis-carroll,Dennis,Carroll,Sydney,,65,187,219,7,,1981,1993,,,FALSE,,
wayne-carroll,Wayne,Carroll,Sydney,,68,183,56,18,,1979,1985,,,FALSE,,
rod-carter,Rod,Carter,Sydney,,71,191,293,13,,1974,1990,,,FALSE,,
vin-catoggio,Vin,Catoggio,Sydney,,71,179,88,2,,1973,1983,,,FALSE,,
wade-chapman,Wade,Chapman,Sydney,,50,178,51,27,,1994,1999,,,FALSE,,
ryan-clarke,Ryan,Clarke,Sydney,,28,186,97,4,,2016,2023,,,FALSE,,
ed-considine,Ed,Considine,Sydney,,57,186,77,12,,1986,1995,,,FALSE,,
david-cordner,David,Cordner,Sydney,,63,192,58,11,,1982,1988,,,FALSE,,
neil-cordy,Neil,Cordy,Sydney,,67,188,235,29,,1979,1993,,,FALSE,,
daryn-cresswell,Daryn,Cresswell,Sydney,,54,183,244,8,,1992,2003,,,FALSE,,
jared-crouch,Jared,Crouch,Sydney,,48,173,223,28,,1998,2009,,,FALSE,,
daryl-cumming,Daryl,Cumming,Sydney,,74,175,109,9,,1971,1979,,,FALSE,,
harry-cunningham,Harry,Cunningham,Sydney,Small Defender,32,181,208,7,,2012,2024,,,FALSE,,
nick-daffy,Nick,Daffy,Sydney,,52,183,166,3,,1992,2002,,,FALSE,,
craig-davis,Craig,Davis,Sydney,,71,183,163,60,,1973,1988,,,FALSE,,
nick-davis,Nick,Davis,Sydney,,46,184,168,2,,1999,2008,,,FALSE,,
graham-dempster,Graham,Dempster,Sydney,,71,192,64,13,,1972,1979,,,FALSE,,
scott-direen,Scott,Direen,Sydney,,53,180,52,18,,1993,1997,,,FALSE,,
andrew-dunkley,Andrew,Dunkley,Sydney,,57,192,217,6,,1992,2002,,,FALSE,,
kevin-dyson,Kevin,Dyson,Sydney,,58,180,105,12,,1991,1997,,,FALSE,,
mark-eustice,Mark,Eustice,Sydney,,63,183,137,6,,1980,1991,,,FALSE,,
peter-everitt,Peter,Everitt,Sydney,,51,203,291,10,,1993,2008,,,FALSE,,
peter-filandia,Peter,Filandia,Sydney,,55,168,83,10,,1991,2000,,,FALSE,,
nic-fosdike,Nic,Fosdike,Sydney,,46,179,164,12,,1999,2008,,,FALSE,,
robbie-fox,Robbie,Fox,Sydney,,33,185,105,42,,2017,2024,,,FALSE,,
aaron-francis,Aaron,Francis,Sydney,,28,192,74,10,,2016,2024,,,FALSE,,
lance-franklin,Lance,Franklin,Sydney,,39,199,354,23,,2005,2023,,,FALSE,,
reg-gleeson,Reg,Gleeson,Sydney,,75,183,128,27,,1970,1976,,,FALSE,,
adam-goodes,Adam,Goodes,Sydney,,46,191,372,37,,1999,2015,,,FALSE,,
sam-gray,Sam,Gray,Sydney,,34,176,103,15,,2014,2020,,,FALSE,,
heath-grundy,Heath,Grundy,Sydney,,39,192,256,39,,2006,2019,,,FALSE,,
errol-gulden,Errol,Gulden,Sydney,Midfielder,23,175,93,21,,2021,2024,,,FALSE,,
paul-hawke,Paul,Hawke,Sydney,,61,182,114,1,,1984,1991,,,FALSE,,
gerard-healy,Gerard,Healy,Sydney,,65,184,211,3,,1979,1990,,,FALSE,,
mark-hepburn,Mark,Hepburn,Sydney,,57,195,76,21,,1987,1994,,,FALSE,,
tom-hickey,Tom,Hickey,Sydney,,35,201,151,31,,2011,2023,,,FALSE,,
craig-holden,Craig,Holden,Sydney,,68,178,109,22,,1982,1988,,,FALSE,,
colin-hounsell,Colin,Hounsell,Sydney,,70,173,122,23,,1975,1985,,,FALSE,,
kieren-jack,Kieren,Jack,Sydney,,38,178,256,15,,2007,2019,,,FALSE,,
francis-jackson,Francis,Jackson,Sydney,,71,184,106,31,,1973,1983,,,FALSE,,
max-james,Max,James,Sydney,,74,186,54,27,,1978,1982,,,FALSE,,
noel-jenkinson,Noel,Jenkinson,Sydney,,69,191,63,3,,1975,1981,,,FALSE,,
mark-kellett,Mark,Kellett,Sydney,,65,188,155,46,,1979,1990,,,FALSE,,
paul-kelly,Paul,Kelly,Sydney,,56,179,234,14,,1990,2002,,,FALSE,,
josh-kennedy-1988,Josh,Kennedy,Sydney,,37,189,290,12,,2008,2022,,,FALSE,,
michael-kennedy,Michael,Kennedy,Sydney,,62,178,74,14,,1984,1990,,,FALSE,,
tadhg-kennelly,Tadhg,Kennelly,Sydney,,44,190,197,17,,2001,2011,,,FALSE,,
derek-kickett,Derek,Kickett,Sydney,,63,180,152,24,,1989,1996,,,FALSE,,
brett-kirk,Brett,Kirk,Sydney,,49,184,241,31,,1999,2010,,,FALSE,,
max-kruse,Max,Kruse,Sydney,,67,188,88,3,,1979,1985,,,FALSE,,
jeremy-laidler,Jeremy,Laidler,Sydney,,36,190,87,11,,2009,2017,,,FALSE,,
robert-lamb,Robert,Lamb,Sydney,,71,185,65,24,,1973,1979,,,FALSE,,
jamie-lawson,Jamie,Lawson,Sydney,,54,168,61,1,,1991,1994,,,FALSE,,
dale-lewis,Dale,Lewis,Sydney,,56,188,182,3,,1990,2001,,,FALSE,,
tony-lockett,Tony,Lockett,Sydney,,60,191,281,46,,1983,2002,,,FALSE,,
jason-love,Jason,Love,Sydney,,60,182,68,32,,1986,1992,,,FALSE,,
troy-luff,Troy,Luff,Sydney,,56,191,155,34,,1990,2001,,,FALSE,,
ben-mathews,Ben,Mathews,Sydney,,47,181,198,4,,1997,2008,,,FALSE,,
martin-mattner,Martin,Mattner,Sydney,,43,189,222,29,,2002,2013,,,FALSE,,
stuart-maxfield,Stuart,Maxfield,Sydney,,54,178,289,11,,1990,2005,,,FALSE,,
paddy-mccartin,Paddy,McCartin,Sydney,,30,194,63,39,,2015,2023,,,FALSE,,
logan-mcdonald,Logan,McDonald,Sydney,Key Forward,24,196,70,6,,2021,2024,,,FALSE,,
ben-mcglynn,Ben,McGlynn,Sydney,,40,172,171,21,,2006,2016,,,FALSE,,
warren-mckenzie,Warren,McKenzie,Sydney,,61,190,88,45,,1985,1992,,,FALSE,,
daniel-mcpherson,Daniel,McPherson,Sydney,,50,182,111,13,,1994,2003,,,FALSE,,
dean-mcrae,Dean,McRae,Sydney,,57,186,141,2,,1987,1996,,,FALSE,,
jarrad-mcveigh,Jarrad,McVeigh,Sydney,,41,184,325,3,,2004,2019,,,FALSE,,
daniel-menzel,Daniel,Menzel,Sydney,,34,190,80,2,,2010,2019,,,FALSE,,
greg-miller,Greg,Miller,Sydney,,72,188,52,1,,1972,1976,,,FALSE,,
callum-mills,Callum,Mills,Sydney,Half Back,29,189,162,14,,2016,2024,,,FALSE,,
jarred-moore,Jarred,Moore,Sydney,,40,177,68,33,,2005,2011,,,FALSE,,
peter-morrison,Peter,Morrison,Sydney,,70,180,91,35,,1974,1981,,,FALSE,,
mitch-morton,Mitch,Morton,Sydney,,39,184,83,10,,2005,2013,,,FALSE,,
tony-morwood,Tony,Morwood,Sydney,,65,185,229,21,,1978,1989,,,FALSE,,
david-murphy,David,Murphy,Sydney,,63,179,156,35,,1984,1993,,,FALSE,,
john-murphy,John,Murphy,Sydney,,81,183,58,6,,1970,1973,,,FALSE,,
merv-neagle,Merv,Neagle,Sydney,,68,181,203,4,,1977,1990,,,FALSE,,
matthew-nicks,Matthew,Nicks,Sydney,,50,187,175,23,,1996,2005,,,FALSE,,
craig-obrien,Craig,OBrien,Sydney,,56,174,114,5,,1989,2000,,,FALSE,,
ryan-oconnor,Ryan,OConnor,Sydney,,51,192,87,16,,1994,2000,,,FALSE,,
ryan-okeefe,Ryan,OKeefe,Sydney,,45,187,286,5,,2000,2014,,,FALSE,,
michael-oloughlin,Michael,OLoughlin,Sydney,,49,189,303,19,,1995,2009,,,FALSE,,
henry-playfair,Henry,Playfair,Sydney,,43,198,68,26,,2003,2010,,,FALSE,,
jim-prentice,Jim,Prentice,Sydney,,76,187,58,19,,1971,1974,,,FALSE,,
mike-pyke,Mike,Pyke,Sydney,,42,201,110,38,,2009,2015,,,FALSE,,
ricky-quade,Ricky,Quade,Sydney,,75,185,164,16,,1970,1980,,,FALSE,,
john-reid,John,Reid,Sydney,,73,185,91,22,,1972,1983,,,FALSE,,
sam-reid-1991,Sam,Reid,Sydney,,34,196,181,20,,2010,2022,,,FALSE,,
ted-richards,Ted,Richards,Sydney,,43,192,261,25,,2002,2016,,,FALSE,,
brian-roberts,Brian,Roberts,Sydney,,80,199,93,25,,1971,1975,,,FALSE,,
ian-roberts,Ian,Roberts,Sydney,,69,180,157,5,,1979,1991,,,FALSE,,
john-roberts,John,Roberts,Sydney,,69,186,50,10,,1980,1982,,,FALSE,,
lewis-roberts-thomson,Lewis,Roberts-Thomson,Sydney,,42,194,179,30,,2003,2014,,,FALSE,,
max-robertson,Max,Robertson,Sydney,,71,185,70,23,,1972,1977,,,FALSE,,
paul-roos,Paul,Roos,Sydney,,62,188,356,1,,1982,1998,,,FALSE,,
gavin-rose,Gavin,Rose,Sydney,,56,194,55,22,,1992,1996,,,FALSE,,
scott-russell,Scott,Russell,Sydney,,55,180,198,25,,1990,1999,,,FALSE,,
andrew-schauble,Andrew,Schauble,Sydney,,49,193,167,25,,1995,2005,,,FALSE,,
wayne-schwass,Wayne,Schwass,Sydney,,57,180,282,2,,1988,2002,,,FALSE,,
brett-scott,Brett,Scott,Sydney,,64,178,59,38,,1981,1989,,,FALSE,,
mark-seaby,Mark,Seaby,Sydney,,41,199,120,1,,2004,2012,,,FALSE,,
brad-seymour,Brad,Seymour,Sydney,,49,186,133,7,,1994,2003,,,FALSE,,
rhyce-shaw,Rhyce,Shaw,Sydney,,44,182,237,2,,2000,2015,,,FALSE,,
callum-sinclair,Callum,Sinclair,Sydney,,36,200,118,18,,2013,2021,,,FALSE,,
nick-smith,Nick,Smith,Sydney,,37,183,211,40,,2008,2018,,,FALSE,,
david-spriggs,David,Spriggs,Sydney,,45,175,69,8,,2000,2005,,,FALSE,,
john-stevens,John,Stevens,Sydney,,54,187,78,20,,1997,2001,,,FALSE,,
darryl-sutton,Darryl,Sutton,Sydney,,73,183,111,35,,1973,1983,,,FALSE,,
steven-taubert,Steven,Taubert,Sydney,,72,193,123,24,,1974,1984,,,FALSE,,
lewis-taylor,Lewis,Taylor,Sydney,,31,175,124,28,,2014,2022,,,FALSE,,
ian-thomson,Ian,Thomson,Sydney,,76,189,74,9,,1973,1976,,,FALSE,,
terry-thripp,Terry,Thripp,Sydney,,62,188,78,12,,1983,1992,,,FALSE,,
jackson-thurlow,Jackson,Thurlow,Sydney,,32,190,63,6,,2013,2020,,,FALSE,,
kurt-tippett,Kurt,Tippett,Sydney,,38,202,178,8,,2008,2017,,,FALSE,,
dean-towers,Dean,Towers,Sydney,,35,189,57,22,,2014,2018,,,FALSE,,
brad-tunbridge,Brad,Tunbridge,Sydney,,62,195,50,2,,1990,1993,,,FALSE,,
rowan-warfe,Rowan,Warfe,Sydney,,49,190,110,33,,1994,2004,,,FALSE,,
michael-werner,Michael,Werner,Sydney,,56,188,60,9,,1989,1994,,,FALSE,,
paul-williams,Paul,Williams,Sydney,,53,177,306,10,,1991,2006,,,FALSE,,
brian-woodman,Brian,Woodman,Sydney,,75,175,104,10,,1972,1978,,,FALSE,,
stephen-wright,Stephen,Wright,Sydney,,65,171,246,26,,1979,1992,,,FALSE,,
damien-adkins,Damien,Adkins,West Coast,,45,181,54,16,,2000,2005,,,FALSE,,
john-annear,John,Annear,West Coast,,64,178,166,2,,1981,1990,,,FALSE,,
steven-armstrong,Steven,Armstrong,West Coast,,42,180,79,35,,2002,2008,,,FALSE,,
drew-banfield,Drew,Banfield,West Coast,,52,184,265,6,,1993,2006,,,FALSE,,
jamie-bennell,Jamie,Bennell,West Coast,,35,179,87,44,,2009,2016,,,FALSE,,
michael-braun,Michael,Braun,West Coast,,48,175,228,10,,1997,2008,,,FALSE,,
michael-brennan,Michael,Brennan,West Coast,,60,187,179,14,,1987,1995,,,FALSE,,
mitch-brown-1988,Mitch,Brown,West Coast,,37,195,94,1,,2007,2016,,,FALSE,,
sam-butler,Sam,Butler,West Coast,,40,187,166,26,,2004,2017,,,FALSE,,
trent-carroll,Trent,Carroll,West Coast,,47,192,78,46,,1997,2004,,,FALSE,,
brendon-chee,Brendon,Chee,West Coast,,32,189,58,41,,2015,2021,,,FALSE,,
daniel-chick,Daniel,Chick,West Coast,,50,185,252,17,,1996,2007,,,FALSE,,
michael-collica,Michael,Collica,West Coast,,48,185,80,22,,1999,2003,,,FALSE,,
dean-cox,Dean,Cox,West Coast,,44,203,290,20,,2001,2014,,,FALSE,,
andrew-donnelly,Andrew,Donnelly,West Coast,,53,190,68,29,,1996,2000,,,FALSE,,
xavier-ellis,Xavier,Ellis,West Coast,,38,186,120,18,,2007,2016,,,FALSE,,
andrew-embley,Andrew,Embley,West Coast,,44,189,250,32,,1999,2013,,,FALSE,,
tony-evans,Tony,Evans,West Coast,,56,175,108,18,,1991,1998,,,FALSE,,
chad-fletcher,Chad,Fletcher,West Coast,,46,179,179,7,,1999,2009,,,FALSE,,
andrew-gaff,Andrew,Gaff,West Coast,,33,183,280,3,,2011,2024,,,FALSE,,
jonathan-giles,Jonathan,Giles,West Coast,,38,201,63,22,,2012,2017,,,FALSE,,
darren-glass,Darren,Glass,West Coast,,44,192,270,23,,2000,2014,,,FALSE,,
ross-glendinning,Ross,Glendinning,West Coast,,69,188,230,4,,1978,1988,,,FALSE,,
ashley-hansen,Ashley,Hansen,West Coast,,43,198,78,29,,2004,2010,,,FALSE,,
greg-harding,Greg,Harding,West Coast,,49,185,78,12,,1996,2001,,,FALSE,,
paul-harding,Paul,Harding,West Coast,,61,193,116,23,,1987,1994,,,FALSE,,
david-hart,David,Hart,West Coast,,62,176,184,36,,1987,1997,,,FALSE,,
brett-heady,Brett,Heady,West Coast,,56,183,156,1,,1990,1999,,,FALSE,,
josh-hill,Josh,Hill,West Coast,,37,186,173,33,,2007,2017,,,FALSE,,
adam-hunter,Adam,Hunter,West Coast,,44,190,151,39,,2000,2009,,,FALSE,,
shannon-hurn,Shannon,Hurn,West Coast,,38,187,333,25,,2006,2023,,,FALSE,,
mark-hutchings,Mark,Hutchings,West Coast,,34,182,120,34,,2013,2021,,,FALSE,,
glen-jakovich,Glen,Jakovich,West Coast,,53,193,276,27,,1991,2004,,,FALSE,,
lewis-jetta,Lewis,Jetta,West Coast,,36,182,202,23,,2010,2020,,,FALSE,,
brett-jones,Brett,Jones,West Coast,,43,189,102,38,,2004,2010,,,FALSE,,
jamaine-jones,Jamaine,Jones,West Coast,,27,180,66,31,,2018,2024,,,FALSE,,
rowan-jones,Rowan,Jones,West Coast,,46,187,158,18,,1998,2007,,,FALSE,,
dean-kemp,Dean,Kemp,West Coast,,57,182,243,2,,1990,2001,,,FALSE,,
josh-kennedy-1987,Josh,Kennedy,West Coast,,38,196,293,17,,2006,2022,,,FALSE,,
daniel-kerr,Daniel,Kerr,West Coast,,42,178,220,4,,2001,2013,,,FALSE,,
dwayne-lamb,Dwayne,Lamb,West Coast,,64,180,151,5,,1987,1994,,,FALSE,,
karl-langdon,Karl,Langdon,West Coast,,58,191,100,19,,1988,1995,,,FALSE,,
zac-langdon,Zac,Langdon,West Coast,,30,177,56,7,,2018,2022,,,FALSE,,
mark-lecras,Mark,LeCras,West Coast,,39,184,219,2,,2005,2018,,,FALSE,,
chris-lewis,Chris,Lewis,West Coast,,57,186,215,28,,1987,2000,,,FALSE,,
andrew-lockyer,Andrew,Lockyer,West Coast,,60,190,78,45,,1987,1992,,,FALSE,,
andy-lovell,Andy,Lovell,West Coast,,55,180,164,5,,1988,1998,,,FALSE,,
eric-mackenzie,Eric,Mackenzie,West Coast,,37,197,147,16,,2007,2017,,,FALSE,,
chris-mainwaring,Chris,Mainwaring,West Coast,,60,177,201,3,,1987,1999,,,FALSE,,
stephen-malaxos,Stephen,Malaxos,West Coast,,64,177,75,8,,1985,1990,,,FALSE,,
chris-masten,Chris,Masten,West Coast,,36,180,215,7,,2008,2019,,,FALSE,,
peter-matera,Peter,Matera,West Coast,,57,183,253,30,,1990,2002,,,FALSE,,
phillip-matera,Phillip,Matera,West Coast,,50,171,179,33,,1996,2005,,,FALSE,,
patrick-mcginnity,Patrick,McGinnity,West Coast,,37,183,93,35,,2009,2016,,,FALSE,,
craig-mcgrath,Craig,McGrath,West Coast,,62,190,73,21,,1984,1991,,,FALSE,,
ashley-mcintosh,Ashley,McIntosh,West Coast,,53,192,242,11,,1991,2003,,,FALSE,,
guy-mckenna,Guy,McKenna,West Coast,,56,184,267,17,,1988,2000,,,FALSE,,
mark-merenda,Mark,Merenda,West Coast,,50,181,101,21,,1994,2002,,,FALSE,,
sam-mitchell,Sam,Mitchell,West Coast,,43,180,329,1,,2002,2017,,,FALSE,,
cale-morton,Cale,Morton,West Coast,,36,192,76,40,,2008,2013,,,FALSE,,
nic-naitanui,Nic,Naitanui,West Coast,,35,201,213,9,,2009,2022,,,FALSE,,
phil-narkle,Phil,Narkle,West Coast,,65,178,66,41,,1984,1990,,,FALSE,,
jackson-nelson,Jackson,Nelson,West Coast,,30,187,102,30,,2015,2022,,,FALSE,,
mark-nicoski,Mark,Nicoski,West Coast,,42,188,112,6,,2004,2011,,,FALSE,,
paul-peos,Paul,Peos,West Coast,,58,183,88,32,,1987,1995,,,FALSE,,
sam-petrevski-seton,Sam,Petrevski-Seton,West Coast,,28,182,121,10,,2017,2023,,,FALSE,,
drew-petrie,Drew,Petrie,West Coast,,43,197,332,21,,2001,2017,,,FALSE,,
matt-priddis,Matt,Priddis,West Coast,,41,184,240,11,,2006,2017,,,FALSE,,
michael-prior,Michael,Prior,West Coast,,52,182,90,16,,1994,2002,,,FALSE,,
don-pyke,Don,Pyke,West Coast,,57,178,132,10,,1989,1996,,,FALSE,,
murray-rance,Murray,Rance,West Coast,,64,191,97,23,,1986,1990,,,FALSE,,
jack-redden,Jack,Redden,West Coast,,35,190,263,8,,2009,2022,,,FALSE,,
josh-rotham,Josh,Rotham,West Coast,,28,193,72,35,,2019,2024,,,FALSE,,
ashley-sampi,Ashley,Sampi,West Coast,,42,177,78,28,,2002,2006,,,FALSE,,
will-schofield,Will,Schofield,West Coast,,37,196,194,31,,2007,2020,,,FALSE,,
phil-scott,Phil,Scott,West Coast,,65,193,66,12,,1987,1990,,,FALSE,,
adam-selwood,Adam,Selwood,West Coast,,41,189,187,37,,2003,2013,,,FALSE,,
dom-sheed,Dom,Sheed,West Coast,,31,185,165,4,,2014,2024,,,FALSE,,
brad-sheppard,Brad,Sheppard,West Coast,,34,187,216,5,,2010,2021,,,FALSE,,
luke-shuey,Luke,Shuey,West Coast,,35,183,248,13,,2010,2023,,,FALSE,,
david-sierakowski,David,Sierakowski,West Coast,,51,193,103,25,,1994,2003,,,FALSE,,
tyson-stenglein,Tyson,Stenglein,West Coast,,45,189,208,5,,1999,2009,,,FALSE,,
peter-sumich,Peter,Sumich,West Coast,,58,190,150,4,,1989,1997,,,FALSE,,
paul-symmons,Paul,Symmons,West Coast,,52,189,99,16,,1994,2000,,,FALSE,,
richard-taylor,Richard,Taylor,West Coast,,52,173,140,8,,1992,2002,,,FALSE,,
ryan-turnbull,Ryan,Turnbull,West Coast,,54,195,129,50,,1991,2001,,,FALSE,,
dean-turner,Dean,Turner,West Coast,,66,178,110,10,,1984,1990,,,FALSE,,
nathan-vardy,Nathan,Vardy,West Coast,,34,200,77,19,,2011,2021,,,FALSE,,
chris-waterman,Chris,Waterman,West Coast,,57,180,177,39,,1988,1998,,,FALSE,,
beau-waters,Beau,Waters,West Coast,,40,188,120,8,,2004,2013,,,FALSE,,
sharrod-wellingham,Sharrod,Wellingham,West Coast,,37,185,171,12,,2008,2017,,,FALSE,,
robert-wiley,Robert,Wiley,West Coast,,71,178,113,2,,1979,1987,,,FALSE,,
peter-wilson,Peter,Wilson,West Coast,,62,183,171,9,,1987,1995,,,FALSE,,
david-wirrpanda,David,Wirrpanda,West Coast,,46,173,227,44,,1996,2009,,,FALSE,,
alex-witherden,Alex,Witherden,West Coast,,27,188,121,23,,2017,2024,,,FALSE,,
josh-wooden,Josh,Wooden,West Coast,,47,183,96,13,,1997,2006,,,FALSE,,
john-worsfold,John,Worsfold,West Coast,,57,180,209,24,,1987,1998,,,FALSE,,
elliot-yeo,Elliot,Yeo,West Coast,Midfielder,32,190,212,6,,2012,2024,,,FALSE,,
ross-abbey,Ross,Abbey,Western Bulldogs,,73,185,123,30,,1971,1981,,,FALSE,,
jed-adcock,Jed,Adcock,Western Bulldogs,,40,183,213,44,,2004,2016,,,FALSE,,
jason-akermanis,Jason,Akermanis,Western Bulldogs,,49,177,325,21,,1995,2010,,,FALSE,,
alan-atkinson,Alan,Atkinson,Western Bulldogs,,74,182,140,16,,1970,1980,,,FALSE,,
graeme-austin,Graeme,Austin,Western Bulldogs,,73,177,50,6,,1970,1974,,,FALSE,,
daniel-bandy,Daniel,Bandy,Western Bulldogs,,50,200,150,11,,1995,2005,,,FALSE,,
trent-bartlett,Trent,Bartlett,Western Bulldogs,,49,189,81,18,,1995,2002,,,FALSE,,
simon-beasley,Simon,Beasley,Western Bulldogs,,69,195,154,18,,1982,1989,,,FALSE,,
shane-biggs,Shane,Biggs,Western Bulldogs,,34,187,63,24,,2013,2018,,,FALSE,,
marcus-bontempelli,Marcus,Bontempelli,Western Bulldogs,Midfielder,30,193,240,4,,2014,2024,,,FALSE,,
matthew-boyd,Matthew,Boyd,Western Bulldogs,,43,184,292,5,,2003,2017,,,FALSE,,
tom-boyd,Tom,Boyd,Western Bulldogs,,30,200,61,17,,2014,2018,,,FALSE,,
josh-bruce,Josh,Bruce,Western Bulldogs,,33,197,163,17,,2012,2023,,,FALSE,,
tony-buhagiar,Tony,Buhagiar,Western Bulldogs,,70,166,108,21,,1981,1985,,,FALSE,,
tony-campbell,Tony,Campbell,Western Bulldogs,,58,189,118,21,,1986,1996,,,FALSE,,
travis-cloke,Travis,Cloke,Western Bulldogs,,39,196,256,13,,2005,2017,,,FALSE,,
nick-coffield,Nick,Coffield,Western Bulldogs,,26,191,60,17,,2018,2024,,,FALSE,,
glenn-coleman,Glenn,Coleman,Western Bulldogs,,65,193,194,20,,1980,1993,,,FALSE,,
brian-cordy,Brian,Cordy,Western Bulldogs,,65,183,124,49,,1981,1988,,,FALSE,,
richard-cousins,Richard,Cousins,Western Bulldogs,,63,196,60,2,,1987,1991,,,FALSE,,
matthew-croft,Matthew,Croft,Western Bulldogs,,53,191,186,16,,1991,2004,,,FALSE,,
phil-cronan,Phil,Cronan,Western Bulldogs,,66,183,75,17,,1984,1988,,,FALSE,,
max-crow,Max,Crow,Western Bulldogs,,70,194,188,6,,1974,1986,,,FALSE,,
hayden-crozier,Hayden,Crozier,Western Bulldogs,,32,185,142,9,,2012,2023,,,FALSE,,
todd-curley,Todd,Curley,Western Bulldogs,,53,188,118,11,,1994,2001,,,FALSE,,
luke-darcy,Luke,Darcy,Western Bulldogs,,50,197,226,14,,1994,2007,,,FALSE,,
stan-davidson,Stan,Davidson,Western Bulldogs,,71,177,62,9,,1980,1983,,,FALSE,,
danny-del-re,Danny,Del-Re,Western Bulldogs,,58,188,62,26,,1990,1994,,,FALSE,,
colin-dell,Colin,Dell,Western Bulldogs,,73,180,66,12,,1971,1977,,,FALSE,,
tory-dickson,Tory,Dickson,Western Bulldogs,,38,184,114,29,,2012,2020,,,FALSE,,
paul-dimattina,Paul,Dimattina,Western Bulldogs,,51,180,131,28,,1995,2003,,,FALSE,,
emmett-dunne,Emmett,Dunne,Western Bulldogs,,69,197,129,16,,1976,1985,,,FALSE,,
bruce-duperouzel,Bruce,Duperouzel,Western Bulldogs,,76,174,164,38,,1974,1984,,,FALSE,,
nathan-eagleton,Nathan,Eagleton,Western Bulldogs,,47,180,277,10,,1997,2010,,,FALSE,,
allan-edwards,Allan,Edwards,Western Bulldogs,,68,188,113,30,,1975,1984,,,FALSE,,
mick-egan,Mick,Egan,Western Bulldogs,,68,173,128,10,,1978,1987,,,FALSE,,
peter-foster,Peter,Foster,Western Bulldogs,,65,189,170,32,,1980,1993,,,FALSE,,
ryan-gardner,Ryan,Gardner,Western Bulldogs,Key Defender,28,197,53,43,,2019,2023,,,FALSE,,
simon-garlick,Simon,Garlick,Western Bulldogs,,51,177,181,4,,1994,2004,,,FALSE,,
tim-gepp,Tim,Gepp,Western Bulldogs,,66,182,71,12,,1983,1986,,,FALSE,,
daniel-giansiracusa,Daniel,Giansiracusa,Western Bulldogs,,44,182,265,13,,2001,2014,,,FALSE,,
lindsay-gilbee,Lindsay,Gilbee,Western Bulldogs,,44,180,206,9,,2001,2012,,,FALSE,,
chris-grant,Chris,Grant,Western Bulldogs,,53,193,341,3,,1990,2007,,,FALSE,,
robert-groenewegen,Robert,Groenewegen,Western Bulldogs,,65,193,79,14,,1978,1986,,,FALSE,,
mitch-hahn,Mitch,Hahn,Western Bulldogs,,44,188,181,8,,2000,2010,,,FALSE,,
barry-hall,Barry,Hall,Western Bulldogs,,49,194,289,28,,1996,2011,,,FALSE,,
mitch-hannan,Mitch,Hannan,Western Bulldogs,,32,189,80,29,,2017,2023,,,FALSE,,
chris-hansen,Chris,Hansen,Western Bulldogs,,69,196,129,17,,1977,1984,,,FALSE,,
ryan-hargrave,Ryan,Hargrave,Western Bulldogs,,44,190,203,25,,2002,2012,,,FALSE,,
ben-harrison,Ben,Harrison,Western Bulldogs,,51,191,161,22,,1995,2005,,,FALSE,,
peter-hickmott,Peter,Hickmott,Western Bulldogs,,72,184,69,24,,1972,1980,,,FALSE,,
mark-hunter,Mark,Hunter,Western Bulldogs,,60,181,130,10,,1988,1996,,,FALSE,,
allen-jakovich,Allen,Jakovich,Western Bulldogs,,58,187,54,13,,1991,1996,,,FALSE,,
aaron-james,Aaron,James,Western Bulldogs,,49,194,54,26,,1994,2002,,,FALSE,,
geoff-jennings,Geoff,Jennings,Western Bulldogs,,71,178,137,25,,1974,1983,,,FALSE,,
jason-johannisen,Jason,Johannisen,Western Bulldogs,,33,180,196,39,,2012,2024,,,FALSE,,
brad-johnson,Brad,Johnson,Western Bulldogs,,49,182,364,6,,1994,2010,,,FALSE,,
lin-jong,Lin,Jong,Western Bulldogs,,32,188,65,46,,2012,2021,,,FALSE,,
alex-keath,Alex,Keath,Western Bulldogs,,34,197,109,42,,2017,2024,,,FALSE,,
nigel-kellett,Nigel,Kellett,Western Bulldogs,,56,180,101,4,,1989,1997,,,FALSE,,
mick-kelly,Mick,Kelly,Western Bulldogs,,73,173,57,11,,1976,1980,,,FALSE,,
rick-kennedy,Rick,Kennedy,Western Bulldogs,,65,188,158,8,,1981,1991,,,FALSE,,
robbert-klomp,Robbert,Klomp,Western Bulldogs,,70,183,93,21,,1979,1984,,,FALSE,,
steven-kolyniuk,Steven,Kolyniuk,Western Bulldogs,,55,174,177,2,,1987,2000,,,FALSE,,
steven-koops,Steven,Koops,Western Bulldogs,,47,187,89,51,,1996,2004,,,FALSE,,
phil-krakouer,Phil,Krakouer,Western Bulldogs,,66,178,148,31,,1982,1991,,,FALSE,,
steven-kretiuk,Steven,Kretiuk,Western Bulldogs,,53,184,170,35,,1992,2003,,,FALSE,,
tony-liberatore,Tony,Liberatore,Western Bulldogs,,60,163,283,39,,1986,2002,,,FALSE,,
sam-lloyd,Sam,Lloyd,Western Bulldogs,,36,180,89,22,,2014,2020,,,FALSE,,
nick-lower,Nick,Lower,Western Bulldogs,,38,189,55,33,,2006,2013,,,FALSE,,
stephen-lunn,Stephen,Lunn,Western Bulldogs,,70,180,69,38,,1980,1984,,,FALSE,,
stephen-macpherson,Stephen,Macpherson,Western Bulldogs,,61,178,188,27,,1982,1995,,,FALSE,,
stefan-martin,Stefan,Martin,Western Bulldogs,,39,199,203,8,,2008,2022,,,FALSE,,
phil-maylin,Phil,Maylin,Western Bulldogs,,70,175,122,17,,1980,1986,,,FALSE,,
toby-mclean,Toby,McLean,Western Bulldogs,,30,180,102,16,,2015,2023,,,FALSE,,
will-minson,Will,Minson,Western Bulldogs,,41,199,191,27,,2004,2016,,,FALSE,,
simon-minton-connell,Simon,Minton-Connell,Western Bulldogs,,56,194,112,1,,1989,1998,,,FALSE,,
brett-montgomery,Brett,Montgomery,Western Bulldogs,,52,180,204,43,,1997,2007,,,FALSE,,
dale-morris,Dale,Morris,Western Bulldogs,,43,190,253,38,,2005,2019,,,FALSE,,
john-moylan,John,Moylan,Western Bulldogs,,73,183,51,9,,1974,1980,,,FALSE,,
robert-murphy,Robert,Murphy,Western Bulldogs,,43,187,312,2,,2000,2017,,,FALSE,,
tim-obrien,Tim,OBrien,Western Bulldogs,,32,193,115,22,,2014,2023,,,FALSE,,
angelo-petraglia,Angelo,Petraglia,Western Bulldogs,,62,172,54,38,,1984,1989,,,FALSE,,
liam-picken,Liam,Picken,Western Bulldogs,,39,184,198,42,,2009,2017,,,FALSE,,
andy-preston,Andy,Preston,Western Bulldogs,,68,180,78,20,,1977,1986,,,FALSE,,
andrew-purser,Andrew,Purser,Western Bulldogs,,67,193,112,1,,1983,1987,,,FALSE,,
peter-quill,Peter,Quill,Western Bulldogs,,56,182,67,22,,1993,1997,,,FALSE,,
matthew-robbins,Matthew,Robbins,Western Bulldogs,,48,178,146,30,,1996,2007,,,FALSE,,
fletcher-roberts,Fletcher,Roberts,Western Bulldogs,,32,196,51,18,,2012,2019,,,FALSE,,
jose-romero,Jose,Romero,Western Bulldogs,,54,173,211,36,,1988,2001,,,FALSE,,
brian-royal,Brian,Royal,Western Bulldogs,,64,175,199,33,,1983,1993,,,FALSE,,
ian-salmon,Ian,Salmon,Western Bulldogs,,73,192,113,18,,1970,1976,,,FALSE,,
anthony-scott,Anthony,Scott,Western Bulldogs,,31,180,59,28,,2021,2024,,,FALSE,,
jim-sewell,Jim,Sewell,Western Bulldogs,,71,188,76,2,,1983,1986,,,FALSE,,
justin-sherman,Justin,Sherman,Western Bulldogs,,39,183,138,11,,2005,2012,,,FALSE,,
clay-smith,Clay,Smith,Western Bulldogs,,32,181,55,14,,2012,2017,,,FALSE,,
rohan-smith,Rohan,Smith,Western Bulldogs,,52,184,300,5,,1992,2006,,,FALSE,,
daniel-southern,Daniel,Southern,Western Bulldogs,,51,188,103,8,,1994,2000,,,FALSE,,
peter-street,Peter,Street,Western Bulldogs,,45,211,78,11,,2001,2008,,,FALSE,,
matt-suckling,Matt,Suckling,Western Bulldogs,,37,187,178,1,,2009,2020,,,FALSE,,
bernard-toohey,Bernard,Toohey,Western Bulldogs,,63,188,263,8,,1981,1993,,,FALSE,,
greg-towns,Greg,Towns,Western Bulldogs,,72,180,89,17,,1974,1982,,,FALSE,,
adam-treloar,Adam,Treloar,Western Bulldogs,Midfielder,33,182,254,1,,2012,2024,,,FALSE,,
jackson-trengove,Jackson,Trengove,Western Bulldogs,,35,197,186,8,,2010,2020,,,FALSE,,
russell-tweeddale,Russell,Tweeddale,Western Bulldogs,,71,185,51,23,,1977,1980,,,FALSE,,
jamarra-ugle-hagan,Jamarra,Ugle-Hagan,Western Bulldogs,,24,194,67,2,,2021,2024,,,FALSE,,
terry-wallace,Terry,Wallace,Western Bulldogs,,67,183,254,16,,1978,1991,,,FALSE,,
mitch-wallis,Mitch,Wallis,Western Bulldogs,,33,186,162,3,,2011,2022,,,FALSE,,
stephen-wallis,Stephen,Wallis,Western Bulldogs,,61,183,261,24,,1983,1996,,,FALSE,,
jason-watts,Jason,Watts,Western Bulldogs,,54,185,57,25,,1994,1998,,,FALSE,,
cody-weightman,Cody,Weightman,Western Bulldogs,Small Forward,25,177,76,3,,2020,2024,,,FALSE,,
scott-welsh,Scott,Welsh,Western Bulldogs,,47,188,205,28,,1996,2009,,,FALSE,,
scott-west,Scott,West,Western Bulldogs,,51,178,324,7,,1993,2008,,,FALSE,,
terry-wheeler,Terry,Wheeler,Western Bulldogs,,71,178,157,35,,1974,1983,,,FALSE,,
ted-whitten,Ted,Whitten,Western Bulldogs,,69,178,144,22,,1974,1982,,,FALSE,,
shane-williams,Shane,Williams,Western Bulldogs,,66,184,61,6,,1979,1988,,,FALSE,,
tom-williams,Tom,Williams,Western Bulldogs,,39,196,85,12,,2007,2014,,,FALSE,,
andrew-wills,Andrew,Wills,Western Bulldogs,,54,184,148,1,,1991,2000,,,FALSE,,
nicky-winmar,Nicky,Winmar,Western Bulldogs,,60,183,251,1,,1987,1999,,,FALSE,,
easton-wood,Easton,Wood,Western Bulldogs,,36,187,188,10,,2009,2021,,,FALSE,,
scott-wynd,Scott,Wynd,Western Bulldogs,,56,201,237,15,,1988,2000,,,FALSE,,
