firstName,lastName,team_from_file,team_from_afl,jumperNumber,heightCm,DOB,gamesPlayed,debutYear,finalYear,active,position,draftType,draftPosition,matched_afl
Brent,Harvey,NorthMelbourne,,29,177,1978-05-14,432,1996,2016,False,,,,no
Scott,Pendlebury,Collingwood,Collingwood,10,191,1988-01-07,431,2006,2026,True,MIDFIELDER,nationalDraft,5,yes
Michael,Tuck,Hawthorn,,17,188,1953-06-24,426,1972,1991,False,,,,no
Kevin,Bartlett,Richmond,,29,177,1947-03-06,403,1965,1983,False,,,,no
Dustin,Fletcher,Essendon,,31,198,1975-05-07,400,1993,2015,False,,,,no
Travis,Boak,PortAdelaide,,10,183,1988-08-01,387,2007,2025,False,,,,no
Robert,Harvey,Stkilda,,35,181,1971-08-21,383,1988,2008,False,,,,no
Simon,Madden,Essendon,,27,198,1957-12-30,378,1974,1992,False,,,,no
David,Mundy,Fremantle.xlsx,,16,193,1985-07-20,376,2005,2022,False,,,,no
Craig,Bradley,Carlton,,21,180,1963-10-23,375,1986,2002,False,,,,no
Adam,Goodes,Sydney,,37,191,1980-01-08,372,1999,2015,False,,,,no
Brad,Johnson,WesternBulldogs,,6,182,1976-07-18,364,1994,2010,False,,,,no
Steele,Sidebottom,Collingwood,Collingwood,22,184,1991-01-02,360,2009,2026,True,MIDFIELDER,nationalDraft,11,yes
Tom,Hawkins,Geelong,,26,198,1988-07-21,359,2007,2024,False,,,,no
Bruce,Doull,Carlton,,11,185,1950-09-11,356,1969,1986,False,,,,no
Joel,Selwood,Geelong,,14,183,1988-05-26,355,2007,2022,False,,,,no
Matthew,Pavlich,Fremantle.xlsx,,29,192,1981-12-31,353,2000,2016,False,,,,no
Jack,Riewoldt,Richmond,,8,193,1988-10-31,347,2007,2023,False,,,,no
Kade,Simpson,Carlton,,6,183,1984-05-05,342,2003,2020,False,,,,no
Chris,Grant,WesternBulldogs,,3,193,1972-12-13,341,1990,2007,False,,,,no
Andrew,McLeod,Adelaide,,23,181,1976-08-04,340,1995,2010,False,,,,no
Nick,Riewoldt,Stkilda,,12,193,1982-10-17,336,2001,2017,False,,,,no
Shannon,Hurn,WestCoast,,25,187,1987-09-04,333,2006,2023,False,,,,no
Kevin,Murray,Fitzroy,,1,178,1938-06-18,333,1955,1974,False,,,,no
Corey,Enright,Geelong,,44,187,1981-09-14,332,2001,2016,False,,,,no
Leigh,Matthews,Hawthorn,,3,178,1952-03-01,332,1969,1985,False,,,,no
Doug,Hawkins,WesternBulldogs,,7,180,1960-05-05,329,1978,1994,False,,,,no
John,Nicholls,Carlton,,2,189,1939-08-13,328,1957,1974,False,,,,no
Jude,Bolton,Sydney,,24,182,1980-03-15,325,1999,2013,False,,,,no
Jarrad,McVeigh,Sydney,,3,184,1985-04-07,325,2004,2019,False,,,,no
Ian,Nankervis,Geelong,,40,183,1948-01-03,325,1967,1983,False,,,,no
Scott,West,WesternBulldogs,,7,178,1974-11-14,324,1993,2008,False,,,,no
Nathan,Burke,Stkilda,,3,180,1970-02-06,323,1987,2003,False,,,,no
Simon,Black,Brisbane,,20,186,1979-04-03,322,1998,2013,False,,,,no
Tyson,Edwards,Adelaide,,9,178,1976-08-06,321,1995,2010,False,,,,no
Stewart,Loewe,Stkilda,,23,194,1968-05-23,321,1986,2002,False,,,,no
Dick,Reynolds,Essendon,,3,179,1915-06-20,320,1933,1951,False,,,,no
Tony,Shaw,Collingwood,,22,170,1960-07-23,313,1978,1994,False,,,,no
Robert,Murphy,WesternBulldogs,,2,187,1982-06-09,312,2000,2017,False,,,,no
Mark,Ricciuto,Adelaide,,32,184,1975-06-08,312,1993,2007,False,,,,no
Stephen,Silvagni,Carlton,,1,194,1967-05-31,312,1985,2001,False,,,,no
Glenn,Archer,NorthMelbourne,,11,182,1973-03-24,311,1992,2007,False,,,,no
Ben,Hart,Adelaide,,34,190,1974-07-09,311,1992,2006,False,,,,no
Dayne,Zorko,Brisbane,Brisbane Lions,15,175,1989-02-09,309,2012,2026,True,MEDIUM_DEFENDER,other,NA,yes
Luke,Breust,Hawthorn,,22,184,1990-11-11,308,2011,2025,False,,,,no
Taylor,Walker,Adelaide,Adelaide,13,193,1990-04-25,307,2009,2026,True,KEY_FORWARD,other,75,yes
Tim,Watson,Essendon,,32,185,1961-07-13,307,1977,1994,False,,,,no
Trent,Cotchin,Richmond,,9,185,1990-04-07,306,2008,2023,False,,,,no
Gordon,Coventry,Collingwood,,7,183,1901-09-25,306,1920,1937,False,,,,no
David,Neitz,Melbourne,,9,191,1975-01-22,306,1993,2008,False,,,,no
Wayne,Schimmelbusch,NorthMelbourne,,20,179,1953-01-19,306,1973,1987,False,,,,no
Adam,Simpson,NorthMelbourne,,7,185,1976-02-16,306,1995,2009,False,,,,no
Jimmy,Bartel,Geelong,,3,187,1983-12-04,305,2002,2016,False,,,,no
Shane,Crawford,Hawthorn,,9,174,1974-09-09,305,1993,2008,False,,,,no
Mitch,Duncan,Geelong,,22,188,1991-06-10,305,2010,2025,False,,,,no
Shane,Edwards,Richmond,,10,182,1988-10-25,303,2007,2022,False,,,,no
Chris,Langford,Hawthorn,,24,193,1963-01-02,303,1983,1997,False,,,,no
Michael,OLoughlin,Sydney,,19,189,1977-02-20,303,1995,2009,False,,,,no
Nathan,Jones,Melbourne,,2,180,1988-01-20,302,2006,2021,False,,,,no
Dustin,Martin,Richmond,,4,187,1991-06-26,302,2010,2024,False,,,,no
Don,Scott,Hawthorn,,23,190,1947-12-20,302,1967,1981,False,,,,no
Mark,Blicavs,Geelong,Geelong,46,198,1991-03-28,301,2013,2026,True,RUCK,rookieElevation,NA,yes
Francis,Bourke,Richmond,,30,185,1947-04-02,300,1967,1981,False,,,,no
Barry,Breen,Stkilda,,4,191,1948-01-07,300,1965,1982,False,,,,no
Kane,Cornes,PortAdelaide,,18,183,1983-01-05,300,2001,2015,False,,,,no
Garry,Foulds,Essendon,,10,188,1956-05-13,300,1974,1989,False,,,,no
Marc,Murphy,Carlton,,3,180,1987-07-19,300,2006,2021,False,,,,no
Sam,Newman,Geelong,,17,189,1945-12-22,300,1964,1980,False,,,,no
Rohan,Smith,WesternBulldogs,,5,184,1973-05-31,300,1992,2006,False,,,,no
Wayne,Campbell,Richmond,,9,189,1972-09-23,297,1991,2005,False,,,,no
Lenny,Hayes,Stkilda,,7,186,1980-01-14,297,1999,2014,False,,,,no
Terry,Daniher,Essendon,,5,188,1957-08-15,294,1978,1992,False,,,,no
Keith,Greig,NorthMelbourne,,27,180,1951-10-23,294,1971,1985,False,,,,no
Jack,Titus,Richmond,,12,175,1908-03-09,294,1926,1943,False,,,,no
Matthew,Boyd,WesternBulldogs,,5,184,1982-08-27,292,2003,2017,False,,,,no
Darren,Milburn,Geelong,,39,189,1977-04-15,292,1997,2011,False,,,,no
Anthony,Stevens,NorthMelbourne,,10,178,1971-07-02,292,1989,2004,False,,,,no
Dean,Cox,WestCoast,,20,203,1981-08-01,290,2001,2014,False,,,,no
Bill,Hutchison,Essendon,,7,174,1923-04-28,290,1942,1957,False,,,,no
Peter,Riccardi,Geelong,,15,183,1972-12-17,288,1992,2006,False,,,,no
Justin,Madden,Carlton,,44,206,1961-05-31,287,1983,1996,False,,,,no
Leigh,Montagna,Stkilda,,11,178,1983-11-02,287,2002,2017,False,,,,no
Ryan,OKeefe,Sydney,,5,187,1981-01-24,286,2000,2014,False,,,,no
Matthew,Scarlett,Geelong,,30,192,1979-06-05,284,1998,2012,False,,,,no
Tony,Liberatore,WesternBulldogs,,39,163,1966-02-11,283,1986,2002,False,,,,no
Jarryd,Roughead,Hawthorn,,2,193,1987-01-23,283,2005,2019,False,,,,no
Matthew,Richardson,Richmond,,12,197,1975-03-19,282,1993,2009,False,,,,no
Andrew,Gaff,WestCoast,,3,183,1992-06-16,280,2011,2024,False,,,,no
Andrew,Mackie,Geelong,,4,193,1984-08-07,280,2004,2017,False,,,,no
Harry,Taylor,Geelong,,7,195,1986-06-12,280,2008,2020,False,,,,no
Justin,Westhoff,PortAdelaide,,39,199,1986-10-01,280,2007,2020,False,,,,no
Jack,Ziebell,NorthMelbourne,,7,188,1991-02-28,280,2009,2023,False,,,,no
Matthew,Knights,Richmond,,33,178,1970-10-05,279,1988,2002,False,,,,no
Anthony,Koutoufides,Carlton,,43,191,1973-01-18,278,1992,2007,False,,,,no
Jake,Lloyd,Sydney,Sydney,44,181,1993-09-20,278,2014,2026,True,MEDIUM_FORWARD,NA,NA,yes
Dane,Rampe,Sydney,Sydney,24,187,1990-06-02,278,2013,2026,True,KEY_DEFENDER,NA,NA,yes
Nigel,Smart,Adelaide,,7,188,1969-05-21,278,1991,2004,False,,,,no
Josh,Kennedy,Sydney,,12,189,1988-06-20,277,2010,2022,False,,,,no
Wayne,Richardson,Collingwood,,1,179,1946-12-08,277,1966,1978,False,,,,no
Ollie,Wines,PortAdelaide,Port Adelaide,16,190,1994-10-07,277,2013,2026,True,MIDFIELDER,nationalDraft,7,yes
Joel,Corey,Geelong,,11,191,1982-02-17,276,2000,2013,False,,,,no
Glen,Jakovich,WestCoast,,27,193,1973-03-24,276,1991,2004,False,,,,no
David,Dench,NorthMelbourne,,23,191,1951-08-23,275,1969,1984,False,,,,no
Michael,Firrito,NorthMelbourne,,11,189,1983-11-27,275,2003,2016,False,,,,no
Simon,Goodwin,Adelaide,,36,185,1976-12-26,275,1997,2010,False,,,,no
Stephen,Milne,Stkilda,,44,176,1980-03-08,275,2001,2013,False,,,,no
Daniel,Rich,Brisbane,,10,183,1990-06-07,275,2009,2023,False,,,,no
Garry,Hocking,Geelong,,32,182,1968-10-08,274,1987,2001,False,,,,no
Rory,Laird,Adelaide,Adelaide,29,177,1993-12-29,274,2013,2026,True,MEDIUM_DEFENDER,rookieElevation,86,yes
Dale,Weightman,Richmond,,3,170,1959-10-03,274,1978,1993,False,,,,no
Brodie,Smith,Adelaide,,33,189,1992-01-14,273,2011,2025,False,,,,no
Mark,Bickley,Adelaide,,26,178,1969-08-04,272,1991,2003,False,,,,no
Robert,Flower,Melbourne,,2,183,1955-08-05,272,1973,1987,False,,,,no
Arthur,Olliver,WesternBulldogs,,3,189,1916-12-10,272,1935,1950,False,,,,no
Robbie,Gray,PortAdelaide,,9,183,1988-03-30,271,2007,2022,False,,,,no
Aaron,Sandilands,Fremantle.xlsx,,31,211,1982-12-06,271,2003,2019,False,,,,no
Adem,Yze,Melbourne,,13,187,1977-09-21,271,1995,2008,False,,,,no
Darren,Glass,WestCoast,,23,192,1981-05-14,270,2000,2014,False,,,,no
Matthew,Lloyd,Essendon,,18,192,1978-04-16,270,1995,2009,False,,,,no
Scott,Lucas,Essendon,,25,192,1977-12-30,270,1996,2009,False,,,,no
Gary,Ayres,Hawthorn,,7,187,1960-09-28,269,1978,1993,False,,,,no
Jason,Dunstall,Hawthorn,,19,188,1964-08-14,269,1985,1998,False,,,,no
Toby,Greene,GWS,GWS,4,182,1993-09-25,268,2012,2026,True,MIDFIELDER,nationalDraft,11,yes
Chris,Newman,Richmond,,1,183,1982-05-18,268,2002,2015,False,,,,no
Geoff,Southby,Carlton,,20,188,1950-10-27,268,1971,1984,False,,,,no
Garry,Wilson,Fitzroy,,29,178,1953-07-17,268,1971,1984,False,,,,no
Guy,McKenna,WestCoast,,17,184,1969-05-11,267,1988,2000,False,,,,no
Callan,Ward,GWS,,8,187,1990-04-10,267,2012,2025,False,,,,no
Don,McKenzie,Essendon,,24,188,1939-03-23,266,1960,1974,False,,,,no
Drew,Banfield,WestCoast,,6,184,1974-02-27,265,1993,2006,False,,,,no
Marcus,Bontempelli,WesternBulldogs,Western Bulldogs,4,193,1995-11-24,265,2014,2026,True,MIDFIELDER,NA,NA,yes
Joel,Bowden,Richmond,,11,188,1978-06-21,265,1996,2009,False,,,,no
Gary,Colling,Stkilda,,12,188,1950-03-17,265,1968,1981,False,,,,no
Daniel,Giansiracusa,WesternBulldogs,,13,182,1982-03-11,265,2001,2014,False,,,,no
Scott,Burns,Collingwood,,17,181,1974-12-23,264,1995,2008,False,,,,no
Ken,Fletcher,Essendon,,21,184,1948-01-21,264,1967,1980,False,,,,no
Peter,Knights,Hawthorn,,24,188,1952-03-30,264,1969,1985,False,,,,no
Jim,Stynes,Melbourne,,11,199,1966-04-23,264,1987,1998,False,,,,no
Lachie,Whitfield,GWS,GWS,6,187,1994-07-18,264,2013,2026,True,MEDIUM_DEFENDER,nationalDraft,1,yes
Perce,Bentley,Richmond,,1,183,1906-12-13,263,1925,1940,False,,,,no
Jack,Clarke,Essendon,,1,175,1933-07-14,263,1951,1967,False,,,,no
Jack,Crisp,Collingwood,Collingwood,25,190,1993-10-02,263,2015,2026,True,MIDFIELDER,rookieElevation,86,yes
David,McKay,Carlton,,43,191,1949-11-05,263,1969,1981,False,,,,no
Vic,Thorp,Richmond,,5,178,1890-10-25,263,1910,1925,False,,,,no
Jamie,Cripps,WestCoast,West Coast,15,183,1992-04-23,261,2013,2026,True,MEDIUM_FORWARD,nationalDraft,24,yes
Tom,Liberatore,WesternBulldogs,Western Bulldogs,21,183,1992-05-16,261,2011,2026,True,MIDFIELDER,NA,NA,yes
Jock,McHale,Collingwood,,17,180,1882-12-12,261,1903,1920,False,,,,no
Nick,Vlastuin,Richmond,Richmond,1,187,1994-04-19,261,2013,2026,True,MEDIUM_DEFENDER,NA,NA,yes
Stephen,Wallis,WesternBulldogs,,24,183,1964-10-27,261,1983,1996,False,,,,no
Nathan,Buckley,Collingwood,,5,186,1972-07-26,260,1994,2007,False,,,,no
John,Rantall,Sydney,,5,182,1943-12-09,260,1963,1979,False,,,,no
Paul,Couch,Geelong,,7,180,1964-07-19,259,1985,1997,False,,,,no
Steven,Febey,Melbourne,,21,184,1969-08-19,258,1988,2001,False,,,,no
Jack,Gunston,Hawthorn,Hawthorn,19,193,1991-10-16,258,2012,2026,True,KEY_FORWARD,NA,NA,yes
Zach,Merrett,Essendon,Essendon,7,180,1995-10-03,258,2014,2026,True,MIDFIELDER,nationalDraft,26,yes
John,Platten,Hawthorn,,44,170,1963-03-17,258,1986,1997,False,,,,no
Dane,Swan,Collingwood,,36,185,1984-02-25,258,2003,2016,False,,,,no
Jonathan,Brown,Brisbane,,16,195,1981-10-29,256,2000,2014,False,,,,no
Heath,Grundy,Sydney,,39,192,1986-06-02,256,2006,2019,False,,,,no
Kieren,Jack,Sydney,,15,178,1987-06-28,256,2007,2019,False,,,,no
Kevin,Neale,Stkilda,,18,189,1945-07-18,256,1965,1977,False,,,,no
Brett,Ratten,Carlton,,7,184,1971-07-11,255,1990,2003,False,,,,no
Rory,Sloane,Adelaide,,9,182,1990-03-17,255,2009,2023,False,,,,no
Brent,Stanton,Essendon,,5,183,1986-05-01,255,2004,2017,False,,,,no
Warren,Tredrea,PortAdelaide,,16,194,1978-12-24,255,1997,2010,False,,,,no
Gavin,Brown,Collingwood,,26,184,1967-09-25,254,1987,2000,False,,,,no
Max,Gawn,Melbourne,Melbourne,11,208,1991-12-30,254,2011,2026,True,RUCK,NA,NA,yes
Brad,Green,Melbourne,,18,184,1981-03-13,254,2000,2012,False,,,,no
Harry,Collier,Collingwood,,1,173,1907-10-01,253,1926,1940,False,,,,no
Dyson,Heppell,Essendon,,21,189,1992-05-14,253,2011,2024,False,,,,no
James,Hird,Essendon,,5,188,1973-02-04,253,1992,2007,False,,,,no
Peter,Matera,WestCoast,,30,183,1969-04-03,253,1990,2002,False,,,,no
Dale,Morris,WesternBulldogs,,38,190,1982-12-29,253,2005,2019,False,,,,no
Bruce,Nankervis,Geelong,,33,179,1950-08-14,253,1970,1983,False,,,,no
Brian,Dixon,Melbourne,,9,175,1936-05-20,252,1954,1968,False,,,,no
Tom,McDonald,Melbourne,Melbourne,25,194,1992-09-18,252,2011,2026,True,KEY_DEFENDER,NA,NA,yes
Justin,Peckett,Stkilda,,1,182,1972-10-05,252,1992,2006,False,,,,no
Mark,Browning,Sydney,,11,180,1956-11-30,251,1975,1987,False,,,,no
Stephen,Kernahan,Carlton,,4,196,1963-09-01,251,1986,1997,False,,,,no
Kevin,Sheedy,Richmond,,10,180,1947-12-24,251,1967,1979,False,,,,no
Shaun,Burgoyne,Hawthorn,,9,186,1982-10-21,250,2010,2021,False,,,,no
Peter,Daicos,Collingwood,,35,184,1961-09-20,250,1979,1993,False,,,,no
Andrew,Embley,WestCoast,,32,189,1981-06-27,250,1999,2013,False,,,,no
Lou,Richards,Collingwood,,21,170,1923-03-15,250,1941,1955,False,,,,no
Frank,Curcio,Fitzroy,,18,185,1912-11-25,249,1932,1948,False,,,,no
Peter,Jones,Carlton,,28,198,1946-10-20,249,1966,1979,False,,,,no
David,Swallow,Goldcoast,,24,185,1992-11-19,249,2011,2025,False,,,,no
Peter,Dean,Carlton,,35,188,1965-03-09,248,1984,1998,False,,,,no
John,Dugdale,NorthMelbourne,,6,182,1936-03-08,248,1955,1970,False,,,,no
Nat,Fyfe,Fremantle.xlsx,,7,192,1991-09-18,248,2010,2025,False,,,,no
Bill,Goggin,Geelong,,35,175,1941-01-04,248,1958,1971,False,,,,no
David,Mackay,Adelaide,,14,181,1988-07-25,248,2008,2021,False,,,,no
Luke,Shuey,WestCoast,,13,183,1990-06-02,248,2010,2023,False,,,,no
Gary,Ablett,Geelong,,29,182,1984-05-14,247,2002,2020,False,,,,no
Mark,Bayes,Sydney,,30,190,1967-03-15,246,1985,1998,False,,,,no
Gavin,Crosisca,Collingwood,,28,188,1968-09-15,246,1987,2000,False,,,,no
Richard,Douglas,Adelaide,,26,181,1987-02-06,246,2006,2019,False,,,,no
Cameron,Ling,Geelong,,45,189,1981-02-27,246,2000,2011,False,,,,no
Stephen,Wright,Sydney,,26,171,1961-03-06,246,1979,1992,False,,,,no
Roger,Dean,Richmond,,3,175,1940-04-30,245,1957,1973,False,,,,no
Reg,Hickey,Geelong,,18,185,1906-03-27,245,1926,1940,False,,,,no
Phonse,Kyne,Collingwood,,1,188,1915-10-29,245,1934,1950,False,,,,no
Brady,Rawlings,NorthMelbourne,,3,184,1981-06-10,245,1999,2011,False,,,,no
Michael,Turner,Geelong,,9,183,1954-12-06,245,1974,1988,False,,,,no
Daryn,Cresswell,Sydney,,8,183,1971-05-22,244,1992,2003,False,,,,no
Brendon,Gale,Richmond,,25,198,1968-07-18,244,1990,2001,False,,,,no
Michael,Johnson,Fremantle.xlsx,,37,195,1984-10-20,244,2005,2018,False,,,,no
Andrew,McKay,Carlton,,5,185,1970-07-14,244,1993,2003,False,,,,no
Luke,McPharlin,Fremantle.xlsx,,18,192,1981-12-01,244,2002,2015,False,,,,no
Harris,Andrews,Brisbane,Brisbane Lions,31,201,1996-12-11,243,2015,2026,True,KEY_DEFENDER,nationalDraft,61,yes
Shannon,Grant,NorthMelbourne,,6,180,1977-04-19,243,1998,2008,False,,,,no
Dean,Kemp,WestCoast,,2,182,1969-02-17,243,1990,2001,False,,,,no
Mark,Maclure,Carlton,,36,188,1955-07-14,243,1974,1986,False,,,,no
Gary,ODonnell,Essendon,,10,181,1965-05-12,243,1987,1998,False,,,,no
Ashley,McIntosh,WestCoast,,11,192,1972-10-20,242,1991,2003,False,,,,no
John,Kennedy,Hawthorn,,34,190,1959-11-22,241,1979,1991,False,,,,no
David,King,NorthMelbourne,,34,183,1972-03-07,241,1994,2004,False,,,,no
Brett,Kirk,Sydney,,31,184,1976-10-25,241,1999,2010,False,,,,no
Barry,Stoneham,Geelong,,26,194,1968-02-09,241,1986,2000,False,,,,no
Scott,Thompson,NorthMelbourne,,16,193,1986-05-09,241,2008,2019,False,,,,no
Peter,Burgoyne,PortAdelaide,,7,183,1978-01-29,240,1997,2009,False,,,,no
Robert,DiPierdomenico,Hawthorn,,9,185,1958-05-05,240,1975,1991,False,,,,no
Danny,Frawley,Stkilda,,2,191,1963-09-08,240,1984,1995,False,,,,no
Cameron,Guthrie,Geelong,,29,187,1992-08-19,240,2011,2024,False,,,,no
Ryan,Lester,Brisbane,Brisbane Lions,35,192,1992-08-26,240,2011,2026,True,KEY_DEFENDER,rookieElevation,15,yes
Matt,Priddis,WestCoast,,11,184,1985-03-21,240,2006,2017,False,,,,no
Sergio,Silvagni,Carlton,,1,183,1938-06-28,239,1958,1971,False,,,,no
Michael,Walters,Fremantle.xlsx,,10,178,1991-01-07,239,2009,2024,False,,,,no
Darren,Bewick,Essendon,,8,178,1967-08-21,238,1988,2000,False,,,,no
Ben,Cunnington,NorthMelbourne,,10,185,1991-06-30,238,2010,2023,False,,,,no
Merv,Keane,Richmond,,18,185,1953-07-29,238,1972,1984,False,,,,no
Shane,Parker,Fremantle.xlsx,,23,187,1973-02-18,238,1995,2007,False,,,,no
Leo,Barry,Sydney,,21,184,1977-05-19,237,1995,2009,False,,,,no
Patrick,Cripps,Carlton,Carlton,9,195,1995-03-18,237,2014,2026,True,MIDFIELDER,nationalDraft,13,yes
Bob,Skilton,Sydney,,14,171,1938-11-08,237,1956,1971,False,,,,no
Jack,Viney,Melbourne,Melbourne,7,178,1994-04-13,237,2013,2025,False,MIDFIELDER,NA,NA,yes
Scott,Wynd,WesternBulldogs,,15,201,1970-01-25,237,1988,2000,False,,,,no
Rodney,Ashman,Carlton,,14,175,1954-12-03,236,1973,1986,False,,,,no
Brayden,Maynard,Collingwood,Collingwood,37,189,1996-09-20,236,2015,2026,True,KEY_DEFENDER,nationalDraft,30,yes
Rod,McGregor,Carlton,,11,178,1882-10-19,236,1905,1920,False,,,,no
Joe,Misiti,Essendon,,24,186,1974-11-09,236,1992,2004,False,,,,no
Jeff,White,Melbourne,,34,195,1977-02-19,236,1998,2008,False,,,,no
Ben,Johnson,Collingwood,,26,183,1981-04-05,235,2000,2013,False,,,,no
Brett,Lovett,Melbourne,,17,180,1966-05-20,235,1986,1997,False,,,,no
Craig,Sholl,NorthMelbourne,,24,189,1967-12-30,235,1987,2000,False,,,,no
Shaun,Atley,NorthMelbourne,,18,189,1992-09-13,234,2011,2021,False,,,,no
Dylan,Grimes,Richmond,,2,193,1991-07-16,234,2010,2024,False,,,,no
Max,Hudghton,Stkilda,,8,191,1976-09-02,234,1997,2009,False,,,,no
Paul,Kelly,Sydney,,14,179,1969-07-28,234,1990,2002,False,,,,no
Brendon,Lade,PortAdelaide,,5,199,1976-07-10,234,1997,2009,False,,,,no
Stephen,Coniglio,GWS,GWS,3,182,1993-12-15,233,2012,2026,True,MIDFIELDER_FORWARD,nationalDraft,2,yes
Mark,Lee,Richmond,,1,199,1959-03-29,233,1977,1991,False,,,,no
Simon,Prestigiacomo,Collingwood,,35,193,1978-01-31,233,1996,2010,False,,,,no
Todd,Viney,Melbourne,,12,183,1966-03-30,233,1987,1999,False,,,,no
Graham,Arthur,Hawthorn,,2,180,1936-06-09,232,1955,1968,False,,,,no
Mark,McVeigh,Essendon,,10,184,1981-01-26,232,1999,2012,False,,,,no
George,Todd,Geelong,,19,185,1903-01-10,232,1922,1934,False,,,,no
Ron,Clegg,Sydney,,23,183,1927-11-17,231,1945,1960,False,,,,no
Michael,Doughty,Adelaide,,11,177,1979-08-05,231,2000,2012,False,,,,no
Trevor,Barker,Stkilda,,1,183,1956-10-07,230,1975,1989,False,,,,no
Josh,Kelly,GWS,GWS,22,184,1995-02-12,230,2014,2025,False,MIDFIELDER,nationalDraft,2,yes
Dick,Lee,Collingwood,,13,175,1889-03-19,230,1906,1922,False,,,,no
Chris,Mew,Hawthorn,,2,189,1961-05-07,230,1980,1992,False,,,,no
Rodney,Eade,Hawthorn,,26,183,1958-04-04,229,1976,1987,False,,,,no
Isaac,Heeney,Sydney,Sydney,5,186,1996-05-05,229,2015,2026,True,MIDFIELDER,NA,NA,yes
Tony,Morwood,Sydney,,21,185,1960-05-17,229,1978,1989,False,,,,no
Ben,Rutten,Adelaide,,25,190,1983-05-28,229,2003,2014,False,,,,no
Michael,Braun,WestCoast,,10,175,1978-03-24,228,1997,2008,False,,,,no
Darcy,Byrne-Jones,PortAdelaide,Port Adelaide,33,181,1995-09-20,228,2016,2026,True,MEDIUM_DEFENDER,nationalDraft,52,yes
Domenic,Cassisi,PortAdelaide,,25,184,1982-09-22,228,2002,2014,False,,,,no
Sam,Fisher,Stkilda,,25,191,1982-07-10,228,2004,2016,False,,,,no
Norm,Johnstone,Fitzroy,,17,183,1927-01-16,228,1944,1957,False,,,,no
Shaun,McManus,Fremantle.xlsx,,8,179,1976-02-09,228,1995,2008,False,,,,no
Ted,Richards,Sydney,,25,192,1983-01-11,228,2006,2016,False,,,,no
Russell,Robertson,Melbourne,,24,187,1978-11-24,228,1997,2009,False,,,,no
Graham,Johncock,Adelaide,,18,178,1982-10-21,227,2002,2013,False,,,,no
Tarkyn,Lockyer,Collingwood,,24,178,1979-10-30,227,1999,2010,False,,,,no
Shane,OBree,Collingwood,,11,182,1979-03-15,227,2000,2010,False,,,,no
David,Wirrpanda,WestCoast,,44,173,1979-08-03,227,1996,2009,False,,,,no
Vic,Belcher,Sydney,,2,180,1888-08-24,226,1907,1920,False,,,,no
Luke,Darcy,WesternBulldogs,,14,197,1975-07-12,226,1994,2007,False,,,,no
Jamie,Elliott,Collingwood,Collingwood,5,178,1992-08-21,226,2012,2026,True,MEDIUM_FORWARD,other,NA,yes
Austinn,Jones,Stkilda,,5,176,1976-09-28,226,1995,2005,False,,,,no
Garry,Lyon,Melbourne,,3,193,1967-09-13,226,1986,1999,False,,,,no
Stephen,McCann,NorthMelbourne,,16,192,1958-05-31,226,1977,1988,False,,,,no
Jeff,Sarau,Stkilda,,31,191,1954-01-25,226,1973,1983,False,,,,no
David,Zaharakis,Essendon,,11,180,1990-02-21,226,2009,2021,False,,,,no
Leon,Davis,Collingwood,,1,177,1981-06-17,225,2000,2011,False,,,,no
Les,Hughes,Collingwood,,7,188,1884-04-18,225,1908,1922,False,,,,no
Luke,McDonald,NorthMelbourne,North Melbourne,11,189,1995-02-09,225,2014,2026,True,MEDIUM_DEFENDER,fatherSon,8,yes
John,Blakey,NorthMelbourne,,12,187,1966-07-24,224,1993,2002,False,,,,no
Geoff,Cunningham,Stkilda,,5,183,1959-01-07,224,1977,1989,False,,,,no
Hugh,Mitchell,Essendon,,31,183,1934-11-22,224,1953,1967,False,,,,no
Michael,Moncrieff,Hawthorn,,6,191,1952-08-19,224,1971,1983,False,,,,no
Alby,Morrison,WesternBulldogs,,7,183,1909-01-29,224,1928,1946,False,,,,no
Paul,Salmon,Essendon,,3,205,1965-01-20,224,1983,2002,False,,,,no
Ross,Smith,NorthMelbourne,,15,184,1965-02-03,224,1984,1996,False,,,,no
Andrew,Swallow,NorthMelbourne,,9,182,1987-06-02,224,2006,2017,False,,,,no
Neville,Bruns,Geelong,,19,176,1958-10-03,223,1978,1992,False,,,,no
Jared,Crouch,Sydney,,28,173,1978-03-05,223,1998,2009,False,,,,no
Harry,Cunningham,Sydney,Sydney,7,181,1993-12-06,223,2012,2026,True,MEDIUM_FORWARD,NA,NA,yes
Jim,Jess,Richmond,,20,189,1955-01-25,223,1976,1988,False,,,,no
Jim,Cleary,Sydney,,20,183,1914-07-13,222,1934,1948,False,,,,no
Alan,Ruthven,Fitzroy,,7,173,1922-04-17,222,1940,1954,False,,,,no
Ed,Curnow,Carlton,,35,180,1989-11-07,221,2011,2023,False,,,,no
Nathan,Eagleton,WesternBulldogs,,10,180,1978-11-10,221,2000,2010,False,,,,no
Touk,Miller,Goldcoast,Gold Coast,11,178,1996-02-22,221,2015,2026,True,MIDFIELDER_FORWARD,NA,NA,yes
Andrew,Thompson,Stkilda,,4,180,1972-10-21,221,1997,2007,False,,,,no
Rod,Austin,Carlton,,21,180,1953-01-26,220,1972,1985,False,,,,no
Allen,Aylett,NorthMelbourne,,17,174,1934-04-24,220,1952,1964,False,,,,no
Bill,Eason,Geelong,,15,178,1881-12-15,220,1902,1915,False,,,,no
Daniel,Kerr,WestCoast,,4,178,1983-05-16,220,2001,2013,False,,,,no
Anthony,Rocca,Collingwood,,23,195,1977-08-15,220,1997,2009,False,,,,no
Jobe,Watson,Essendon,,4,191,1985-02-08,220,2003,2017,False,,,,no
Jason,Blake,Stkilda,,27,189,1981-03-15,219,2000,2013,False,,,,no
Terry,Bright,Geelong,,4,188,1958-02-12,219,1976,1987,False,,,,no
Dennis,Carroll,Sydney,,7,187,1960-11-07,219,1981,1993,False,,,,no
David,Cloke,Richmond,,33,196,1955-01-28,219,1974,1991,False,,,,no
Ben,Graham,Geelong,,7,196,1973-11-02,219,1993,2004,False,,,,no
Gary,Hardeman,Melbourne,,33,187,1950-02-26,219,1967,1981,False,,,,no
Cale,Hooker,Essendon,,26,198,1988-10-13,219,2008,2021,False,,,,no
John,Law,NorthMelbourne,,13,185,1959-01-08,219,1978,1989,False,,,,no
Mark,LeCras,WestCoast,,2,184,1986-08-30,219,2005,2018,False,,,,no
Tim,McGrath,Geelong,,17,190,1970-10-07,219,1992,2002,False,,,,no
Tom,Alvin,Carlton,,31,183,1962-04-21,218,1984,1994,False,,,,no
Eddie,Betts,Carlton,,19,174,1986-11-26,218,2005,2021,False,,,,no
Alan,Didak,Collingwood,,4,184,1983-02-15,218,2001,2013,False,,,,no
Stephen,Hill,Fremantle.xlsx,,32,183,1990-05-01,218,2009,2020,False,,,,no
Nigel,Lappin,Brisbane,,44,188,1976-06-21,218,1997,2008,False,,,,no
Harry,Lever,Stkilda,,1,178,1886-01-05,218,1905,1922,False,,,,no
David,McMahon,Fitzroy,,19,180,1951-10-19,218,1973,1984,False,,,,no
Robert,Walls,Carlton,,42,193,1950-07-21,218,1967,1978,False,,,,no
Rod,Carter,Sydney,,13,191,1954-10-29,217,1980,1990,False,,,,no
Andrew,Dunkley,Sydney,,6,192,1968-06-29,217,1992,2002,False,,,,no
Ian,Fairley,NorthMelbourne,,6,189,1964-09-18,217,1983,1996,False,,,,no
Jack,Sinclair,Stkilda,St Kilda,35,181,1995-02-12,217,2015,2026,True,MEDIUM_DEFENDER,NA,NA,yes
Tom,Jonas,PortAdelaide,,42,188,1991-01-09,216,2011,2023,False,,,,no
Jack,Mueller,Melbourne,,12,188,1915-09-09,216,1934,1950,False,,,,no
Brad,Sheppard,WestCoast,,5,187,1991-05-23,216,2010,2021,False,,,,no
Lance,Whitnall,Carlton,,8,192,1979-08-23,216,1997,2007,False,,,,no
Chris,Lewis,WestCoast,,28,186,1969-03-17,215,1987,2000,False,,,,no
Chris,Masten,WestCoast,,7,180,1989-05-02,215,2008,2019,False,,,,no
Heath,Scotland,Carlton,,29,182,1980-07-21,215,2004,2014,False,,,,no
Ashley,McGrath,Brisbane,,9,183,1983-05-20,214,2001,2014,False,,,,no
Percy,Beames,Melbourne,,24,165,1911-07-27,213,1931,1944,False,,,,no
Dick,Clay,Richmond,,8,185,1945-03-06,213,1966,1976,False,,,,no
Ross,Dunne,Collingwood,,12,193,1948-02-25,213,1967,1978,False,,,,no
Alan,Gale,Fitzroy,,33,185,1930-09-08,213,1948,1961,False,,,,no
Warwick,Irwin,Fitzroy,,7,182,1952-06-03,213,1970,1983,False,,,,no
Hugh,McCluggage,Brisbane,Brisbane Lions,6,187,1998-03-03,213,2017,2026,True,MIDFIELDER,nationalDraft,3,yes
Kamdyn,McIntosh,Richmond,,33,191,1994-04-03,213,2015,2025,False,,,,no
David,McLeish,Sydney,,29,180,1950-02-21,213,1969,1980,False,,,,no
Nic,Naitanui,WestCoast,,9,201,1990-05-04,213,2009,2022,False,,,,no
John,Peck,Hawthorn,,23,188,1937-08-07,213,1954,1966,False,,,,no
Jason,Johannisen,WesternBulldogs,,39,180,1992-11-08,212,2012,2025,False,,,,no
Bill,Picken,Collingwood,,25,185,1956-06-07,212,1974,1986,False,,,,no
Ken,Hands,Carlton,,1,185,1926-10-26,211,1945,1957,False,,,,no
David,Parkin,Hawthorn,,27,180,1942-09-12,211,1961,1974,False,,,,no
Darrin,Pritchard,Hawthorn,,18,178,1966-03-21,211,1987,1997,False,,,,no
Max,Richardson,Collingwood,,18,183,1948-12-24,211,1969,1978,False,,,,no
Sebastian,Ross,Stkilda,,6,188,1993-05-07,211,2012,2024,False,,,,no
Nick,Smith,Sydney,,40,183,1988-06-12,211,2008,2018,False,,,,no
Nathan,Bassett,Adelaide,,8,190,1976-12-07,210,1998,2008,False,,,,no
Mick,Conlan,Fitzroy,,12,178,1958-02-20,210,1977,1989,False,,,,no
Cameron,Mooney,Geelong,,21,195,1979-09-26,210,2000,2011,False,,,,no
Brian,Mynott,Stkilda,,2,193,1944-01-29,210,1964,1975,False,,,,no
Norm,Smith,Melbourne,,4,183,1915-11-21,210,1935,1948,False,,,,no
Michael,Voss,Brisbane,,3,183,1975-07-07,210,1997,2006,False,,,,no
Jacob,Weitering,Carlton,Carlton,23,196,1997-11-23,210,2016,2026,True,KEY_DEFENDER,nationalDraft,1,yes
Patrick,Dangerfield,Geelong,Geelong,35,189,1990-04-05,209,2016,2026,True,MEDIUM_FORWARD,nationalDraft,10,yes
Wayne,Johnston,Carlton,,7,180,1957-12-19,209,1979,1990,False,,,,no
Tom,Lonergan,Geelong,,13,197,1984-05-17,209,2005,2017,False,,,,no
Kevin,ONeill,Richmond,,16,175,1908-03-20,209,1930,1941,False,,,,no
John,Worsfold,WestCoast,,24,180,1968-09-25,209,1987,1998,False,,,,no
Sam,Gilbert,Stkilda,,19,194,1986-08-19,208,2006,2018,False,,,,no
Paul,Hasleby,Fremantle.xlsx,,4,182,1981-06-12,208,2000,2010,False,,,,no
Harry,Himmelberg,GWS,GWS,27,194,1996-05-08,208,2016,2026,True,MEDIUM_DEFENDER,nationalDraft,16,yes
Trevor,Keogh,Carlton,,8,175,1949-07-26,208,1970,1981,False,,,,no
Nick,Maxwell,Collingwood,,5,193,1983-06-03,208,2004,2014,False,,,,no
Tim,Notting,Brisbane,,8,188,1978-10-21,208,1998,2009,False,,,,no
Liam,Duggan,WestCoast,West Coast,14,184,1996-12-11,207,2015,2026,True,MEDIUM_DEFENDER,nationalDraft,11,yes
Darren,Gaspar,Richmond,,2,192,1976-05-20,207,1996,2007,False,,,,no
Jarryn,Geary,Stkilda,,14,183,1988-06-23,207,2008,2021,False,,,,no
Mark,Mercuri,Essendon,,2,178,1974-02-21,207,1992,2004,False,,,,no
Mark,Tandy,Sydney,,27,173,1892-09-03,207,1911,1926,False,,,,no
Lindsay,Gilbee,WesternBulldogs,,9,180,1981-07-08,206,2001,2012,False,,,,no
Mark,Harvey,Essendon,,1,184,1965-06-11,206,1984,1997,False,,,,no
Bachar,Houli,Richmond,,14,180,1988-05-12,206,2011,2021,False,,,,no
Albert,Collier,Collingwood,,7,180,1909-07-09,205,1925,1939,False,,,,no
Wally,Donald,WesternBulldogs,,22,178,1927-05-27,205,1946,1958,False,,,,no
Frank,Gill,Carlton,,21,183,1908-12-10,205,1929,1942,False,,,,no
Blake,Hardwick,Hawthorn,Hawthorn,15,181,1997-02-05,205,2016,2026,True,MEDIUM_DEFENDER,NA,NA,yes
Don,Williams,Melbourne,,25,182,1935-11-03,205,1953,1968,False,,,,no
Nathan,van Berlo,Adelaide,,7,184,1986-06-06,205,2005,2016,False,,,,no
Barry,Armstrong,Carlton,,12,181,1950-09-22,204,1969,1981,False,,,,no
Christian,Salem,Melbourne,Melbourne,3,183,1995-07-15,204,2014,2026,True,MEDIUM_DEFENDER,NA,NA,yes
Harry,Vallence,Carlton,,22,183,1905-06-04,204,1926,1938,False,,,,no
Steven,Baker,Stkilda,,10,181,1980-05-22,203,1999,2011,False,,,,no
Ben,Dixon,Hawthorn,,19,188,1977-06-14,203,1997,2007,False,,,,no
Ryan,Hargrave,WesternBulldogs,,25,190,1981-07-26,203,2002,2012,False,,,,no
Tom,Papley,Sydney,Sydney,11,178,1996-07-13,203,2016,2026,True,MEDIUM_FORWARD,NA,NA,yes
Brent,Reilly,Adelaide,,3,183,1983-11-12,203,2002,2014,False,,,,no
Steven,Smith,Melbourne,,35,193,1956-05-22,203,1974,1985,False,,,,no
David,Wojcinski,Geelong,,40,180,1980-09-18,203,1999,2012,False,,,,no
Antoni,Grover,Fremantle.xlsx,,14,189,1980-03-11,202,1999,2012,False,,,,no
Tassie,Johnson,Melbourne,,8,189,1937-12-02,202,1959,1969,False,,,,no
Ben,Stratton,Hawthorn,,24,189,1989-03-01,202,2010,2020,False,,,,no
Mark,Thompson,Essendon,,26,177,1963-11-19,202,1983,1996,False,,,,no
Andrew,Walker,Carlton,,1,190,1986-05-18,202,2004,2016,False,,,,no
Laurie,Dwyer,NorthMelbourne,,27,173,1938-11-06,201,1956,1970,False,,,,no
Ryan,Houlihan,Carlton,,33,187,1982-01-21,201,2000,2011,False,,,,no
Chris,Mainwaring,WestCoast,,3,177,1965-12-27,201,1987,1999,False,,,,no
Russell,Renfrey,Geelong,,8,183,1923-08-11,201,1946,1956,False,,,,no
Paul,Vander Haar,Essendon,,18,192,1958-03-07,201,1977,1990,False,,,,no
Graham,Wright,Collingwood,,19,178,1968-06-06,201,1988,1998,False,,,,no
Jake,Kolodjashnij,Geelong,Geelong,8,193,1995-08-09,200,2015,2026,True,KEY_DEFENDER,nationalDraft,41,yes
Justin,Koschitzke,Stkilda,,23,197,1982-09-20,200,2001,2013,False,,,,no
John,Longmire,NorthMelbourne,,35,194,1970-12-31,200,1988,1999,False,,,,no
Stuart,Maxfield,Sydney,,11,178,1972-04-09,200,1996,2005,False,,,,no
Basil,McCormack,Richmond,,9,180,1904-08-03,200,1925,1936,False,,,,no
Daniel,Merrett,Brisbane,,21,195,1984-12-12,200,2005,2016,False,,,,no
Ted,Pool,Hawthorn,,19,165,1905-11-09,200,1926,1938,False,,,,no
Alex,Rance,Richmond,,18,194,1989-10-09,200,2009,2019,False,,,,no
Michael,Roach,Richmond,,8,193,1958-10-09,200,1977,1989,False,,,,no
Brad,Sewell,Hawthorn,,12,181,1984-02-02,200,2004,2014,False,,,,no
Michael,Sexton,Carlton,,14,192,1971-03-05,200,1990,2000,False,,,,no
Daniel,Talia,Adelaide,,12,197,1991-10-02,200,2011,2020,False,,,,no
Norm,Ware,WesternBulldogs,,4,193,1911-03-05,200,1932,1946,False,,,,no
Eric,Hipwood,Brisbane,Brisbane Lions,30,204,1997-09-13,199,2016,2025,False,KEY_FORWARD,nationalDraft,14,yes
Steve,Hocking,Geelong,,1,184,1965-01-18,199,1984,1994,False,,,,no
Brian,Royal,WesternBulldogs,,33,175,1961-12-12,199,1983,1993,False,,,,no
Brenton,Sanderson,Geelong,,27,185,1974-02-27,199,1995,2005,False,,,,no
Bill,Brownless,Geelong,,16,192,1967-01-28,198,1986,1997,False,,,,no
Ken,Fraser,Essendon,,23,187,1940-02-17,198,1958,1968,False,,,,no
Ben,Mathews,Sydney,,4,181,1978-11-29,198,1997,2008,False,,,,no
Des,Meagher,Hawthorn,,30,185,1944-03-07,198,1966,1976,False,,,,no
Ken,Newland,Geelong,,3,187,1949-05-04,198,1965,1978,False,,,,no
Liam,Picken,WesternBulldogs,,42,184,1986-08-01,198,2009,2017,False,,,,no
Tom,Stewart,Geelong,Geelong,44,190,1993-03-15,198,2017,2026,True,MEDIUM_DEFENDER,nationalDraft,40,yes
Wels,Eicke,Stkilda,,11,177,1893-09-27,197,1909,1926,False,,,,no
Fred,Elliott,Carlton,,1,177,1879-04-07,197,1900,1911,False,,,,no
Tom,Harley,Geelong,,2,193,1978-07-18,197,1999,2009,False,,,,no
John,Hendrie,Hawthorn,,25,188,1953-06-11,197,1972,1982,False,,,,no
David,Hille,Essendon,,19,202,1981-06-02,197,2001,2013,False,,,,no
Tadhg,Kennelly,Sydney,,17,190,1981-07-01,197,2001,2011,False,,,,no
Jeremy,McGovern,WestCoast,,20,196,1992-04-15,197,2014,2025,False,,,,no
Harvey,Merrigan,Fitzroy,,36,189,1949-12-04,197,1969,1981,False,,,,no
Matthew,Rogers,Richmond,,4,185,1973-11-25,197,1994,2004,False,,,,no
Dick,Harris,Richmond,,20,171,1911-10-21,196,1934,1944,False,,,,no
Matthew,Lappin,Carlton,,12,184,1976-02-17,196,1999,2007,False,,,,no
Corey,McKernan,NorthMelbourne,,31,197,1973-12-19,196,1993,2004,False,,,,no
Bert,Mills,Hawthorn,,12,180,1910-02-16,196,1930,1942,False,,,,no
Darcy,Moore,Collingwood,Collingwood,30,203,1996-01-25,196,2015,2026,True,KEY_DEFENDER,fatherSon,9,yes
Paul,Puopolo,Hawthorn,,28,173,1987-12-02,196,2011,2020,False,,,,no
Jack,Regan,Collingwood,,18,185,1912-09-12,196,1930,1946,False,,,,no
Jayden,Short,Richmond,Richmond,15,178,1996-01-24,196,2016,2026,True,MEDIUM_DEFENDER,NA,NA,yes
Chris,Tarrant,Collingwood,,20,193,1980-09-18,196,1998,2012,False,,,,no
Mark,Bos,Geelong,,24,185,1960-07-28,195,1979,1989,False,,,,no
John,James,Carlton,,10,175,1934-01-18,195,1953,1963,False,,,,no
Bill,Mohr,Stkilda,,10,182,1909-06-29,195,1929,1941,False,,,,no
Shane,Morwood,Collingwood,,7,191,1961-12-01,195,1983,1993,False,,,,no
Percy,Parratt,Fitzroy,,20,178,1887-02-27,195,1909,1923,False,,,,no
Roy,Wright,Richmond,,2,188,1929-02-23,195,1946,1959,False,,,,no
Andrew,Carrazzo,Carlton,,44,187,1983-12-15,194,2004,2015,False,,,,no
Dick,Grigg,Geelong,,8,180,1885-06-08,194,1904,1921,False,,,,no
Michael,Hurley,Essendon,,18,192,1990-06-01,194,2009,2022,False,,,,no
Ray,Jencke,Hawthorn,,1,185,1966-03-25,194,1986,1997,False,,,,no
Will,Schofield,WestCoast,,31,196,1989-01-24,194,2007,2020,False,,,,no
John,Birt,Essendon,,11,174,1937-01-29,193,1957,1967,False,,,,no
Hamish,Hartlett,PortAdelaide,,8,185,1990-08-14,193,2009,2021,False,,,,no
Barry,Round,Sydney,,25,193,1950-01-26,193,1976,1985,False,,,,no
Jarrod,Harbrow,Goldcoast,,5,178,1988-07-18,192,2011,2021,False,,,,no
Barney,Herbert,Richmond,,1,188,1889-02-20,192,1909,1921,False,,,,no
Roy,Simmonds,Hawthorn,,27,175,1928-12-29,192,1950,1961,False,,,,no
Michael,Wilson,PortAdelaide,,15,181,1976-11-21,192,1997,2008,False,,,,no
Wayne,Closter,Geelong,,1,180,1945-02-26,191,1964,1975,False,,,,no
Geoff,Leek,Essendon,,30,194,1932-02-18,191,1951,1962,False,,,,no
Will,Minson,WesternBulldogs,,27,199,1985-04-11,191,2004,2016,False,,,,no
Tony,Sullivan,Melbourne,,4,180,1949-01-18,191,1967,1979,False,,,,no
Jarrod,Berry,Brisbane,Brisbane Lions,7,193,1998-02-05,190,2017,2026,True,MIDFIELDER,nationalDraft,17,yes
Mil,Hanna,Carlton,,13,184,1966-04-05,190,1986,1997,False,,,,no
Will,Hoskin-Elliott,Collingwood,,32,186,1993-09-02,190,2017,2025,False,,,,no
Wally,Johnson,Fitzroy,,14,183,1887-09-01,190,1907,1919,False,,,,no
Michael,Long,Essendon,,13,178,1969-10-01,190,1989,2001,False,,,,no
Elliot,Yeo,WestCoast,West Coast,6,190,1993-10-01,190,2014,2026,True,MIDFIELDER_FORWARD,nationalDraft,30,yes
Luke,Brown,Adelaide,,16,181,1992-09-22,189,2012,2022,False,,,,no
Bob,Davis,Geelong,,4,183,1928-06-12,189,1948,1958,False,,,,no
John,Jillard,WesternBulldogs,,25,183,1941-03-28,189,1958,1970,False,,,,no
Matthew,Kreuzer,Carlton,,8,200,1989-05-13,189,2008,2020,False,,,,no
Ken,Montgomery,NorthMelbourne,,12,184,1951-01-05,189,1968,1981,False,,,,no
Bernie,Quinlan,Fitzroy,,5,193,1951-07-21,189,1978,1986,False,,,,no
Cyril,Rioli,Hawthorn,,33,177,1989-07-14,189,2008,2018,False,,,,no
Ted,Rowell,Collingwood,,22,178,1876-06-15,189,1901,1915,False,,,,no
Bill,Twomey,Collingwood,,26,179,1927-09-28,189,1945,1958,False,,,,no
Wally,Buttsworth,Essendon,,15,185,1917-01-21,188,1939,1949,False,,,,no
Charlie,Cameron,Brisbane,Brisbane Lions,23,181,1994-07-05,188,2018,2026,True,MEDIUM_FORWARD,rookieElevation,NA,yes
Bruce,Comben,Carlton,,15,173,1930-10-23,188,1950,1961,False,,,,no
Hughie,James,Richmond,,4,185,1890-05-04,188,1909,1923,False,,,,no
Stephen,Macpherson,WesternBulldogs,,27,178,1964-12-02,188,1982,1995,False,,,,no
Greg,Tivendale,Richmond,,32,185,1979-04-19,188,1998,2008,False,,,,no
Easton,Wood,WesternBulldogs,,10,187,1989-09-04,188,2009,2021,False,,,,no
Jordan,de Goey,Collingwood,Collingwood,2,188,1996-03-15,188,2015,2026,True,MIDFIELDER_FORWARD,nationalDraft,5,yes
Bob,Green,Carlton,,32,179,1911-01-05,187,1933,1945,False,,,,no
Billy,Griffith,Essendon,,8,175,1880-12-26,187,1899,1913,False,,,,no
Royce,Hart,Richmond,,4,187,1948-02-10,187,1967,1977,False,,,,no
Andrew,McGrath,Essendon,Essendon,1,178,1998-06-02,187,2017,2026,True,MEDIUM_DEFENDER,nationalDraft,1,yes
Adam,Selwood,WestCoast,,37,189,1984-05-01,187,2003,2013,False,,,,no
Matthew,Croft,WesternBulldogs,,16,191,1973-02-26,186,1991,2004,False,,,,no
Leon,Harris,Fitzroy,,38,173,1958-11-09,186,1979,1989,False,,,,no
Alex,Sexton,Goldcoast,,6,186,1993-12-03,186,2012,2025,False,,,,no
Ronnie,Wearmouth,Collingwood,,5,175,1950-07-17,186,1969,1981,False,,,,no
Martin,Bolger,Richmond,,9,177,1906-08-19,185,1930,1939,False,,,,no
Len,Bowe,Essendon,,4,175,1885-10-27,185,1907,1920,False,,,,no
Bailey,Dale,WesternBulldogs,Western Bulldogs,31,183,1996-07-22,185,2015,2026,True,MEDIUM_DEFENDER,NA,NA,yes
Darcy,Gardiner,Brisbane,Brisbane Lions,27,193,1995-09-22,185,2014,2026,True,KEY_DEFENDER,nationalDraft,22,yes
Peter,German,NorthMelbourne,,29,182,1965-02-02,185,1984,1994,False,,,,no
Arthur,Hiskins,Sydney,,8,178,1886-09-09,185,1908,1923,False,,,,no
Max,Oppy,Richmond,,14,175,1924-10-14,185,1942,1954,False,,,,no
Luke,Ryan,Fremantle.xlsx,Fremantle,13,187,1996-02-06,185,2017,2026,True,MEDIUM_DEFENDER,nationalDraft,66,yes
James,Sicily,Hawthorn,Hawthorn,6,186,1995-01-06,185,2015,2026,True,KEY_DEFENDER,NA,NA,yes
Neil,Trezise,Geelong,,28,170,1931-02-08,185,1949,1959,False,,,,no
Bill,Wilson,Richmond,,32,173,1924-10-18,185,1944,1954,False,,,,no
Steven,Alessio,Essendon,,27,203,1971-11-08,184,1992,2003,False,,,,no
Trent,Croad,Hawthorn,,24,190,1980-03-09,184,1998,2008,False,,,,no
Brad,Ebert,PortAdelaide,,7,189,1990-04-02,184,2012,2020,False,,,,no
Alan,Ezard,Essendon,,15,173,1963-04-15,184,1983,1993,False,,,,no
Russell,Greene,Hawthorn,,29,185,1957-05-30,184,1980,1988,False,,,,no
David,Hart,WestCoast,,36,176,1964-03-03,184,1987,1997,False,,,,no
Jason,Johnson,Essendon,,14,181,1978-01-25,184,1997,2008,False,,,,no
Charlie,Payne,Essendon,,7,187,1944-11-13,184,1962,1972,False,,,,no
Mickey,Crisp,Carlton,,12,173,1908-05-12,183,1931,1941,False,,,,no
Allan,Geddes,Richmond,,8,173,1903-11-04,183,1925,1935,False,,,,no
Justin,Leppitsch,Brisbane,,23,191,1975-10-01,183,1997,2006,False,,,,no
Bernie,Smith,Geelong,,11,178,1927-12-19,183,1948,1958,False,,,,no
Jack,Hawkins,Geelong,,26,188,1954-05-21,182,1973,1981,False,,,,no
Ern,Jenkins,Fitzroy,,,178,1879-10-04,182,1897,1910,False,,,,no
Dale,Lewis,Sydney,,3,188,1969-05-04,182,1990,2001,False,,,,no
Paul,Licuria,Collingwood,,18,179,1978-01-04,182,1999,2007,False,,,,no
Ted,Potter,Collingwood,,15,187,1944-11-11,182,1963,1972,False,,,,no
Des,Tuddenham,Collingwood,,1,180,1943-01-29,182,1962,1977,False,,,,no
Graeme,Yeats,Melbourne,,8,179,1964-09-21,182,1984,1995,False,,,,no
Norm,Brown,Fitzroy,,23,191,1943-08-06,181,1962,1973,False,,,,no
George,Bruce,Carlton,,8,174,1879-08-05,181,1903,1913,False,,,,no
Mitch,Hahn,WesternBulldogs,,8,188,1981-05-10,181,2000,2010,False,,,,no
Callum,Mills,Sydney,Sydney,14,189,1997-04-02,181,2016,2026,True,MEDIUM_DEFENDER,NA,NA,yes
Sam,Reid,Sydney,,20,196,1991-12-27,181,2010,2022,False,,,,no
Bailey,Williams,WesternBulldogs,Western Bulldogs,34,187,1997-10-10,181,2016,2026,True,MIDFIELDER,NA,NA,yes
Jim,Adamson,NorthMelbourne,,8,178,1905-08-01,180,1929,1941,False,,,,no
Alec,Epis,Essendon,,28,182,1937-08-27,180,1958,1968,False,,,,no
Duncan,Kellaway,Richmond,,3,186,1973-02-17,180,1993,2004,False,,,,no
Angelo,Lekkas,Hawthorn,,37,185,1976-06-29,180,1996,2005,False,,,,no
Thorold,Merrett,Collingwood,,17,168,1933-09-30,180,1950,1960,False,,,,no
Joe,Murdoch,Richmond,,13,183,1908-10-30,180,1927,1936,False,,,,no
Teddy,Rankin,Geelong,,,178,1872-03-11,180,1897,1910,False,,,,no
Joe,Sellwood,Geelong,,21,184,1911-01-24,180,1930,1945,False,,,,no
Jy,Simpkin,NorthMelbourne,North Melbourne,12,182,1998-03-05,180,2017,2026,True,MIDFIELDER,nationalDraft,12,yes
Jimmy,Webster,Stkilda,,29,188,1993-06-28,180,2013,2025,False,,,,no
Murray,Weideman,Collingwood,,27,187,1936-02-16,180,1953,1963,False,,,,no
Michael,Brennan,WestCoast,,14,187,1965-06-29,179,1987,1995,False,,,,no
Chad,Fletcher,WestCoast,,7,179,1979-08-30,179,1999,2009,False,,,,no
Fred,Gilby,Carlton,,6,175,1907-11-06,179,1926,1937,False,,,,no
Nick,Holland,Hawthorn,,2,195,1974-07-29,179,1994,2005,False,,,,no
Neil,Mann,Collingwood,,16,188,1924-08-26,179,1945,1956,False,,,,no
Phillip,Matera,WestCoast,,33,171,1975-11-27,179,1996,2005,False,,,,no
Lewis,Roberts-Thomson,Sydney,,30,194,1983-09-08,179,2003,2014,False,,,,no
Malcolm,Blight,NorthMelbourne,,15,182,1950-02-16,178,1974,1982,False,,,,no
Aaron,Davey,Melbourne,,36,177,1983-06-10,178,2004,2013,False,,,,no
Hassa,Mann,Melbourne,,29,177,1940-10-10,178,1959,1968,False,,,,no
Noel,Teasdale,NorthMelbourne,,2,188,1938-01-02,178,1956,1967,False,,,,no
Sean,Wellman,Essendon,,6,193,1974-09-20,178,1996,2004,False,,,,no
Darryl,White,Brisbane,,33,189,1973-06-12,178,1997,2005,False,,,,no
Chance,Bateman,Hawthorn,,10,175,1981-06-21,177,2000,2012,False,,,,no
Andrew,Brayshaw,Fremantle.xlsx,Fremantle,8,184,1999-11-08,177,2018,2026,True,MIDFIELDER,nationalDraft,2,yes
Fraser,Brown,Carlton,,20,181,1970-08-18,177,1989,2000,False,,,,no
Brett,Burton,Adelaide,,24,185,1978-05-04,177,1999,2010,False,,,,no
Bayley,Fritsch,Melbourne,Melbourne,31,188,1996-12-06,177,2018,2026,True,MEDIUM_FORWARD,NA,NA,yes
Garrick,Ibbotson,Fremantle.xlsx,,5,186,1988-03-15,177,2007,2017,False,,,,no
Steven,Kolyniuk,WesternBulldogs,,21,174,1970-07-05,177,1987,2000,False,,,,no
Peter,Lucas,Collingwood,,3,183,1929-11-23,177,1949,1959,False,,,,no
Stephen,Power,WesternBulldogs,,21,179,1950-10-07,177,1969,1979,False,,,,no
David,Shaw,Essendon,,5,183,1938-10-29,177,1959,1968,False,,,,no
Chris,Waterman,WestCoast,,39,180,1968-09-19,177,1988,1998,False,,,,no
John,Beckwith,Melbourne,,30,180,1932-09-16,176,1951,1960,False,,,,no
Allan,Belcher,Essendon,,1,179,1884-12-02,176,1906,1919,False,,,,no
Rod,Blake,Geelong,,16,199,1952-06-15,176,1971,1983,False,,,,no
Nathan,Broad,Richmond,Richmond,35,192,1993-04-15,176,2016,2026,True,MEDIUM_DEFENDER,NA,NA,yes
Peter,Crimmins,Hawthorn,,5,173,1948-07-08,176,1966,1975,False,,,,no
Adrian,Gleeson,Carlton,,12,178,1967-04-30,176,1986,1996,False,,,,no
Jeremy,Howe,Collingwood,Collingwood,38,190,1990-06-29,176,2016,2026,True,KEY_DEFENDER,nationalDraft,33,yes
Les,Armstrong,Geelong,,1,180,1887-06-16,175,1908,1920,False,,,,no
Jed,Bews,Geelong,Geelong,24,186,1993-12-14,175,2014,2025,False,MEDIUM_DEFENDER,fatherSon,86,yes
Barry,Bourke,Melbourne,,14,179,1943-09-14,175,1963,1973,False,,,,no
Jack,Jones,Essendon,,24,185,1924-11-07,175,1946,1954,False,,,,no
Noel,McMahen,Melbourne,,35,184,1926-10-30,175,1946,1956,False,,,,no
Matthew,Nicks,Sydney,,23,187,1975-05-13,175,1996,2005,False,,,,no
Des,Rowe,Richmond,,15,182,1925-11-19,175,1946,1957,False,,,,no
Phil,Davis,GWS,,1,197,1990-08-30,174,2012,2022,False,,,,no
Jimmy,Freake,Fitzroy,,9,178,1889-01-27,174,1912,1924,False,,,,no
Lloyd,Hagger,Geelong,,14,183,1898-12-07,174,1917,1929,False,,,,no
Harry,Hickey,WesternBulldogs,,7,175,1917-07-19,174,1937,1948,False,,,,no
Gary,Merrington,WesternBulldogs,,19,187,1946-11-19,174,1966,1975,False,,,,no
Cam,Rayner,Brisbane,Brisbane Lions,16,187,1999-10-21,174,2018,2026,True,MEDIUM_FORWARD,nationalDraft,1,yes
Norm,Beckton,Essendon,,3,189,1898-05-04,173,1921,1930,False,,,,no
David,Glascott,Carlton,,32,183,1961-04-27,173,1981,1991,False,,,,no
Ron,Kingston,Collingwood,,9,179,1931-10-10,173,1950,1959,False,,,,no
Arthur,Leach,Collingwood,,,185,1876-03-02,173,1898,1908,False,,,,no
Aaron,Naughton,WesternBulldogs,Western Bulldogs,33,195,1999-11-30,173,2018,2026,True,KEY_FORWARD,NA,NA,yes
David,Schwarz,Melbourne,,5,195,1972-07-24,173,1991,2002,False,,,,no
Charlie,Sutton,WesternBulldogs,,6,169,1924-04-03,173,1942,1956,False,,,,no
Hugh,Torney,Essendon,,20,191,1909-11-14,173,1933,1943,False,,,,no
Shane,Tuck,Richmond,,21,189,1981-12-24,173,2004,2013,False,,,,no
Gavin,Wanganeen,PortAdelaide,,4,181,1973-06-18,173,1997,2006,False,,,,no
Marcus,Whelan,Collingwood,,28,175,1914-06-27,173,1933,1947,False,,,,no
Zac,Bailey,Brisbane,Brisbane Lions,33,182,1999-09-23,172,2018,2026,True,MIDFIELDER_FORWARD,nationalDraft,15,yes
Bill,Brittingham,Essendon,,23,183,1923-09-05,172,1943,1952,False,,,,no
Lance,Franklin,Sydney,,23,199,1987-01-30,172,2014,2023,False,,,,no
Andrew,Kellaway,Richmond,,39,190,1975-11-23,172,1998,2006,False,,,,no
Matthew,Larkin,NorthMelbourne,,9,180,1964-08-19,172,1984,1993,False,,,,no
Gary,Malarkey,Geelong,,5,185,1953-05-23,172,1977,1986,False,,,,no
Darcy,Parish,Essendon,Essendon,3,181,1997-07-25,172,2016,2026,True,MIDFIELDER,nationalDraft,5,yes
Jarrod,Witts,Goldcoast,Gold Coast,28,209,1992-09-13,172,2017,2026,True,RUCK,NA,NA,yes
Hayden,Ballantyne,Fremantle.xlsx,,1,175,1987-07-16,171,2009,2019,False,,,,no
Gary,Brice,Sydney,,7,180,1948-10-07,171,1970,1979,False,,,,no
Matthew,Broadbent,PortAdelaide,,5,189,1990-08-01,171,2009,2019,False,,,,no
Sam,Docherty,Carlton,,15,187,1993-10-17,171,2014,2025,False,,,,no
Paul,Duffield,Fremantle.xlsx,,41,188,1985-02-05,171,2006,2015,False,,,,no
Shaun,Grigg,Richmond,,6,190,1988-04-19,171,2011,2018,False,,,,no
Shaun,Hart,Brisbane,,32,175,1971-05-17,171,1997,2004,False,,,,no
Gordon,Hocking,Collingwood,,10,178,1919-08-12,171,1938,1952,False,,,,no
Bryan,Kenneally,Melbourne,,22,180,1942-03-26,171,1959,1969,False,,,,no
Allan,La Fontaine,Melbourne,,17,175,1910-12-15,171,1934,1945,False,,,,no
Harold,Rumney,Collingwood,,22,171,1907-05-16,171,1927,1937,False,,,,no
Peter,Schwab,Hawthorn,,30,180,1960-09-22,171,1980,1991,False,,,,no
Bill,Sewart,Essendon,,17,175,1881-11-12,171,1905,1915,False,,,,no
Greg,Sewell,Essendon,,9,179,1933-06-30,171,1952,1961,False,,,,no
Rhys,Stanley,Geelong,Geelong,1,200,1990-12-01,171,2015,2025,False,RUCK,nationalDraft,47,yes
Ray,Biffin,Melbourne,,19,182,1949-05-06,170,1968,1979,False,,,,no
Craig,Bolton,Sydney,,6,190,1980-05-31,170,2003,2010,False,,,,no
Ron,Branton,Richmond,,29,170,1933-06-10,170,1953,1962,False,,,,no
Adam,Kingsley,PortAdelaide,,29,183,1975-08-20,170,1997,2006,False,,,,no
Steven,Kretiuk,WesternBulldogs,,35,184,1972-07-04,170,1992,2003,False,,,,no
Leo,Merrett,Richmond,,22,178,1920-04-05,170,1940,1949,False,,,,no
Ray,Poulter,Richmond,,24,183,1929-03-10,170,1946,1956,False,,,,no
Ken,Turner,Collingwood,,11,178,1935-06-30,170,1956,1965,False,,,,no
David,Armitage,Stkilda,,20,185,1988-06-16,169,2007,2019,False,,,,no
Paul,Broderick,Richmond,,17,178,1970-01-03,169,1994,2001,False,,,,no
Greg,Burns,Stkilda,,11,183,1958-02-21,169,1978,1989,False,,,,no
Kevin,Hall,Carlton,,3,191,1944-05-21,169,1963,1973,False,,,,no
Wayne,Harmes,Carlton,,37,177,1960-02-09,169,1977,1988,False,,,,no
Jack,Henry,Geelong,Geelong,38,191,1998-08-29,169,2018,2026,True,KEY_DEFENDER,rookieElevation,16,yes
Horrie,Jenkin,Fitzroy,,4,178,1893-02-14,169,1916,1928,False,,,,no
Kyle,Langford,Essendon,Essendon,4,191,1996-12-01,169,2015,2026,True,MEDIUM_FORWARD,nationalDraft,17,yes
Toby,Nankervis,Richmond,Richmond,25,199,1994-08-12,169,2017,2026,True,RUCK,NA,NA,yes
Neil,Roberts,Stkilda,,10,185,1933-06-15,169,1952,1962,False,,,,no
Brad,Sholl,Geelong,,12,184,1972-11-10,169,1995,2002,False,,,,no
Frank,Davis,Melbourne,,6,178,1944-08-25,168,1964,1973,False,,,,no
Sean,Dempster,Stkilda,,24,191,1984-01-20,168,2008,2016,False,,,,no
Bill,Findlay,NorthMelbourne,,9,168,1913-10-29,168,1935,1945,False,,,,no
Darryl,Gerlach,Essendon,,17,180,1944-01-25,168,1963,1972,False,,,,no
Geoff,Gosper,Essendon,,6,175,1940-05-11,168,1960,1970,False,,,,no
Shane,Heard,Essendon,,9,177,1958-07-28,168,1977,1991,False,,,,no
Michael,Osborne,Hawthorn,,7,178,1982-07-29,168,2001,2013,False,,,,no
Tommy,Quinn,Geelong,,16,169,1908-08-11,168,1931,1940,False,,,,no
Zach,Tuohy,Geelong,,2,187,1989-12-10,168,2017,2024,False,,,,no
Angus,Brayshaw,Melbourne,,10,187,1996-01-09,167,2015,2023,False,,,,no
Alipate,Carlile,PortAdelaide,,27,192,1987-04-30,167,2006,2016,False,,,,no
Ross,Henshaw,NorthMelbourne,,34,189,1952-08-13,167,1971,1983,False,,,,no
Greg,Lambert,Sydney,,33,178,1947-03-01,167,1966,1979,False,,,,no
Wes,Lofts,Carlton,,20,188,1942-11-15,167,1960,1970,False,,,,no
Jamie,Macmillan,NorthMelbourne,,34,188,1991-09-23,167,2010,2020,False,,,,no
Jock,McCorkell,NorthMelbourne,,18,183,1918-07-02,167,1940,1953,False,,,,no
Jim,ODea,Stkilda,,14,185,1949-02-02,167,1967,1980,False,,,,no
Bryan,Quirk,Carlton,,32,184,1946-12-26,167,1965,1975,False,,,,no
Bill,Ryan,Geelong,,26,188,1944-11-26,167,1963,1972,False,,,,no
Joe,Ryan,WesternBulldogs,,10,170,1917-09-27,167,1937,1948,False,,,,no
Henry,Young,Geelong,,,191,1873-05-16,167,1897,1910,False,,,,no
Marcus,Ashcroft,Brisbane,,10,184,1971-09-25,166,1997,2003,False,,,,no
Denis,Banks,Collingwood,,12,185,1959-06-16,166,1979,1991,False,,,,no
Mark,Chaffey,Richmond,,6,178,1977-05-06,166,1997,2006,False,,,,no
Don,Cordner,Melbourne,,21,188,1922-01-21,166,1941,1950,False,,,,no
Brett,Ebert,PortAdelaide,,33,179,1983-11-18,166,2004,2012,False,,,,no
Les,Gardiner,Essendon,,18,173,1923-01-25,166,1943,1953,False,,,,no
Lachie,Neale,Brisbane,Brisbane Lions,9,177,1993-05-24,166,2019,2026,True,MIDFIELDER,nationalDraft,58,yes
Darren,Crocker,NorthMelbourne,,27,189,1967-03-26,165,1985,1998,False,,,,no
Tyson,Goldsack,Collingwood,,6,193,1987-05-22,165,2007,2018,False,,,,no
George,Holden,Fitzroy,,30,173,1889-04-15,165,1908,1919,False,,,,no
Oscar,McInerney,Brisbane,,46,205,1994-07-10,165,2018,2025,False,,,,no
Dom,Sheed,WestCoast,,4,185,1995-04-10,165,2014,2024,False,,,,no
Col,Williamson,Stkilda,,4,185,1913-12-31,165,1937,1946,False,,,,no
Frank,Adams,Melbourne,,6,168,1935-06-12,164,1953,1964,False,,,,no
Jim,Buckley,Carlton,,16,175,1959-11-27,164,1976,1990,False,,,,no
Russell,Cook,Sydney,,17,185,1947-09-23,164,1966,1975,False,,,,no
Matt,Crouch,Adelaide,,5,182,1995-04-21,164,2014,2025,False,,,,no
Nic,Fosdike,Sydney,,12,179,1980-02-26,164,1999,2008,False,,,,no
Fred,Hughson,Fitzroy,,6,183,1914-05-22,164,1938,1947,False,,,,no
Roger,Merrett,Brisbane,,24,195,1960-04-19,164,1988,1996,False,,,,no
David,Polkinghorne,Hawthorn,,10,182,1956-02-01,164,1975,1984,False,,,,no
Ricky,Quade,Sydney,,16,185,1950-08-26,164,1970,1980,False,,,,no
Matthew,Rendell,Fitzroy,,9,200,1959-04-18,164,1981,1991,False,,,,no
Steven,Stretch,Melbourne,,18,184,1964-01-05,164,1986,1993,False,,,,no
Dick,Taylor,Melbourne,,35,178,1900-11-28,164,1922,1935,False,,,,no
Peter,Bell,Fremantle.xlsx,,32,175,1976-03-01,163,1995,2008,False,,,,no
Fred,Flanagan,Geelong,,10,187,1924-03-28,163,1946,1955,False,,,,no
Peter,Foster,WesternBulldogs,,32,189,1960-06-02,163,1983,1993,False,,,,no
Alan,Morrow,Stkilda,,8,183,1936-11-29,163,1957,1966,False,,,,no
Chris,Smith,Fitzroy,,8,189,1955-09-29,163,1973,1982,False,,,,no
Rayden,Tallis,Hawthorn,,29,184,1975-06-09,163,1994,2004,False,,,,no
Terry,Waters,Collingwood,,5,188,1943-12-14,163,1963,1972,False,,,,no
Jim,Francis,Carlton,,10,184,1910-12-12,162,1934,1943,False,,,,no
Rowan,Marshall,Stkilda,St Kilda,19,201,1995-11-24,162,2017,2026,True,RUCK,NA,NA,yes
Bill,Stephen,Fitzroy,,8,178,1928-04-01,162,1947,1957,False,,,,no
Stephen,Tingay,Melbourne,,2,181,1970-08-13,162,1989,1999,False,,,,no
Mitch,Wallis,WesternBulldogs,,3,186,1992-10-24,162,2011,2022,False,,,,no
Kevin,Walsh,Essendon,,30,193,1962-02-09,162,1981,1991,False,,,,no
Andrew,Welsh,Essendon,,12,188,1983-02-11,162,2002,2011,False,,,,no
Callum,Wilkie,Stkilda,St Kilda,44,191,1996-03-10,162,2019,2026,True,KEY_DEFENDER,NA,NA,yes
Arnold,Briedis,NorthMelbourne,,6,189,1955-08-20,161,1972,1983,False,,,,no
Jim,Clark,Carlton,,26,178,1925-03-24,161,1943,1951,False,,,,no
Ian,Collins,Carlton,,19,175,1942-10-24,161,1961,1971,False,,,,no
Bob,Corbett,Melbourne,,12,178,1895-11-23,161,1920,1929,False,,,,no
Ben,McEvoy,Hawthorn,,7,200,1989-07-11,161,2014,2022,False,,,,no
Percy,Ogden,Essendon,,16,170,1886-02-24,161,1910,1921,False,,,,no
Tom,Atkins,Geelong,Geelong,30,180,1995-09-18,160,2019,2026,True,MIDFIELDER,rookieElevation,11,yes
Ian,Bryant,WesternBulldogs,,5,178,1942-06-11,160,1960,1969,False,,,,no
Scott,Clayton,Fitzroy,,40,185,1959-11-13,160,1981,1990,False,,,,no
Ray,Gabelich,Collingwood,,13,193,1933-07-03,160,1955,1966,False,,,,no
Josh,Gibson,Hawthorn,,6,189,1984-03-13,160,2010,2017,False,,,,no
Peter,Hardiman,Geelong,,27,182,1905-02-20,160,1927,1938,False,,,,no
Gryan,Miers,Geelong,Geelong,32,178,1999-03-30,160,2019,2026,True,MEDIUM_FORWARD,nationalDraft,57,yes
Jack,Murphy,Collingwood,,16,183,1918-02-01,160,1937,1947,False,,,,no
David,OHalloran,Hawthorn,,8,185,1955-09-08,160,1976,1985,False,,,,no
William,Roberts,Stkilda,,21,178,1908-12-04,160,1928,1937,False,,,,no
Chris,Scott,Brisbane,,22,182,1976-05-03,160,1997,2007,False,,,,no
Peter,Somerville,Essendon,,19,195,1968-07-08,160,1988,1999,False,,,,no
Jamie,Turner,Collingwood,,24,183,1962-08-12,160,1984,1993,False,,,,no
Neil,Balme,Richmond,,21,194,1952-01-15,159,1970,1979,False,,,,no
Ken,Dean,NorthMelbourne,,9,178,1938-08-10,159,1956,1967,False,,,,no
Clen,Denning,Fitzroy,,32,179,1911-02-28,159,1938,1947,False,,,,no
Donald,Don,Richmond,,17,175,1900-08-17,159,1917,1928,False,,,,no
Brent,Guerra,Hawthorn,,18,182,1982-05-29,159,2006,2013,False,,,,no
Verdun,Howell,Stkilda,,16,179,1937-06-16,159,1958,1968,False,,,,no
Noel,Jarvis,Fitzroy,,27,170,1924-12-12,159,1944,1952,False,,,,no
Neville,Jetta,Melbourne,,39,180,1990-02-12,159,2009,2021,False,,,,no
Ray,Martin,Richmond,,7,173,1909-11-18,159,1930,1940,False,,,,no
Tom,McCartin,Sydney,Sydney,30,193,1999-12-30,159,2018,2026,True,KEY_DEFENDER,NA,NA,yes
Barry,Padley,Fitzroy,,14,178,1949-10-22,159,1968,1978,False,,,,no
Kevin,Rose,Collingwood,,29,184,1939-06-04,159,1958,1967,False,,,,no
Alan,Toovey,Collingwood,,34,189,1987-03-23,159,2007,2016,False,,,,no
Peter,Walker,Geelong,,34,183,1942-06-12,159,1960,1971,False,,,,no
Nick,Blakey,Sydney,Sydney,22,195,2000-02-27,158,2019,2026,True,MEDIUM_DEFENDER,NA,NA,yes
Ian,Bremner,Hawthorn,,20,180,1947-04-11,158,1967,1976,False,,,,no
Russell,Crow,Fitzroy,,32,191,1941-09-17,158,1960,1973,False,,,,no
Josh,Daicos,Collingwood,Collingwood,7,178,1998-11-26,158,2017,2026,True,MEDIUM_DEFENDER,fatherSon,57,yes
Gordon,Dangerfield,Stkilda,,8,182,1885-09-27,158,1905,1919,False,,,,no
Tim,English,WesternBulldogs,Western Bulldogs,44,205,1997-08-10,158,2017,2026,True,RUCK,NA,NA,yes
Rowan,Jones,WestCoast,,18,187,1979-11-19,158,1998,2007,False,,,,no
Rick,Kennedy,WesternBulldogs,,8,188,1960-12-11,158,1981,1991,False,,,,no
Paul,Meldrum,Carlton,,23,182,1960-09-13,158,1982,1992,False,,,,no
David,Mensch,Geelong,,31,191,1972-08-14,158,1992,2002,False,,,,no
Sam,Powell-Pepper,PortAdelaide,Port Adelaide,2,187,1998-01-08,158,2017,2025,False,MEDIUM_FORWARD,nationalDraft,18,yes
Barry,Price,Collingwood,,5,175,1949-03-08,158,1966,1979,False,,,,no
Shane,Wakelin,Collingwood,,14,191,1974-08-12,158,2001,2008,False,,,,no
George,Angus,Collingwood,,,180,1875-04-15,157,1902,1911,False,,,,no
Jarryd,Blair,Collingwood,,11,174,1990-04-14,157,2010,2018,False,,,,no
Garnet,Campbell,Essendon,,17,175,1903-07-31,157,1923,1933,False,,,,no
Bert,Clay,Fitzroy,,31,193,1915-05-07,157,1940,1951,False,,,,no
Robert,Elphinstone,Stkilda,,33,191,1960-11-22,157,1980,1989,False,,,,no
Vin,Gardiner,Carlton,,13,167,1885-10-23,157,1907,1917,False,,,,no
Percy,Gibb,Collingwood,,4,178,1881-12-06,157,1905,1914,False,,,,no
Corey,Jones,NorthMelbourne,,21,188,1981-02-26,157,2001,2010,False,,,,no
Bob,Makeham,Collingwood,,15,185,1901-11-06,157,1923,1932,False,,,,no
Glenn,Manton,Carlton,,22,185,1973-06-01,157,1995,2003,False,,,,no
Jack,Moriarty,Fitzroy,,6,178,1901-04-30,157,1924,1933,False,,,,no
Ian,Roberts,Sydney,,5,180,1957-04-03,157,1979,1991,False,,,,no
Michael,Twomey,Collingwood,,25,185,1931-09-25,157,1951,1961,False,,,,no
Terry,Wheeler,WesternBulldogs,,35,178,1955-03-13,157,1974,1983,False,,,,no
Harold,Bray,Stkilda,,12,178,1920-07-05,156,1941,1952,False,,,,no
Charlie,Dixon,PortAdelaide,,22,200,1990-09-23,156,2016,2024,False,,,,no
Josh,Francou,PortAdelaide,,10,185,1974-08-07,156,1997,2005,False,,,,no
Johnny,Gregory,NorthMelbourne,,9,175,1905-02-16,156,1926,1935,False,,,,no
Brett,Heady,WestCoast,,1,183,1970-01-04,156,1990,1999,False,,,,no
Daniel,Jackson,Richmond,,23,188,1986-04-25,156,2004,2014,False,,,,no
Craig,McRae,Brisbane,,4,176,1973-09-22,156,1997,2004,False,,,,no
David,Murphy,Sydney,,35,179,1962-08-23,156,1984,1993,False,,,,no
Peter,Reville,Sydney,,25,183,1904-10-05,156,1925,1934,False,,,,no
Nick,Suban,Fremantle.xlsx,,8,182,1990-05-09,156,2009,2017,False,,,,no
Frank,Anderson,Carlton,,1,183,1913-10-23,155,1934,1944,False,,,,no
David,Astbury,Richmond,,12,195,1991-02-26,155,2010,2021,False,,,,no
Jim,Caldwell,Sydney,,2,173,1888-08-11,155,1909,1919,False,,,,no
Syd,Dyer,NorthMelbourne,,5,170,1916-05-25,155,1937,1947,False,,,,no
Troy,Luff,Sydney,,34,191,1969-11-22,155,1990,2001,False,,,,no
Donald,McDonald,NorthMelbourne,,25,191,1962-05-10,155,1982,1992,False,,,,no
Jeff,Moran,Stkilda,,15,179,1947-01-07,155,1965,1974,False,,,,no
Ian,Paton,Hawthorn,,42,193,1957-02-21,155,1976,1985,False,,,,no
Shannon,Watt,NorthMelbourne,,36,193,1980-11-26,155,1998,2009,False,,,,no
Bill,Woodcock,Stkilda,,24,182,1888-06-29,155,1908,1921,False,,,,no
Fred,Baring,Essendon,,5,185,1890-12-15,154,1910,1924,False,,,,no
Simon,Beasley,WesternBulldogs,,18,195,1956-07-26,154,1982,1989,False,,,,no
Percy,Bowyer,Collingwood,,4,179,1909-09-06,154,1928,1938,False,,,,no
Gary,Buckenara,Hawthorn,,11,184,1958-07-03,154,1982,1990,False,,,,no
Harry,Chesswas,Collingwood,,9,173,1901-06-18,154,1922,1931,False,,,,no
Jack,Collins,WesternBulldogs,,2,183,1930-01-03,154,1950,1958,False,,,,no
Nathan,Foley,Richmond,,41,178,1985-09-08,154,2005,2014,False,,,,no
Jason,Gram,Stkilda,,1,186,1984-04-27,154,2004,2012,False,,,,no
Charlie,Hammond,Carlton,,16,178,1886-03-19,154,1905,1918,False,,,,no
Alastair,Lynch,Brisbane,,11,193,1968-06-19,154,1997,2004,False,,,,no
Ed,Richards,WesternBulldogs,Western Bulldogs,20,185,1999-07-03,154,2018,2026,True,MIDFIELDER,NA,NA,yes
Greg,Strachan,Richmond,,19,188,1958-09-05,154,1978,1987,False,,,,no
Ian,Synman,Stkilda,,9,188,1938-09-28,154,1958,1969,False,,,,no
Mark,Yeates,Geelong,,21,185,1960-05-10,154,1980,1990,False,,,,no
Ken,Baxter,Carlton,,21,183,1917-08-20,153,1938,1950,False,,,,no
John,Heriot,Sydney,,21,191,1940-01-06,153,1958,1968,False,,,,no
Jarman,Impey,Hawthorn,Hawthorn,4,178,1995-07-09,153,2018,2026,True,MEDIUM_DEFENDER,NA,NA,yes
Rod,Jameson,Adelaide,,35,185,1970-06-30,153,1991,1999,False,,,,no
Adam,Kennedy,GWS,,40,182,1992-07-12,153,2012,2023,False,,,,no
Laurie,Mithen,Melbourne,,11,183,1934-04-15,153,1954,1962,False,,,,no
Len,Mortimer,Sydney,,16,178,1886-04-24,153,1906,1915,False,,,,no
Bob,Murray,Stkilda,,6,183,1942-04-05,153,1963,1974,False,,,,no
Cliff,Rankin,Geelong,,6,175,1896-12-04,153,1915,1928,False,,,,no
Jock,Spencer,NorthMelbourne,,7,185,1928-12-15,153,1948,1957,False,,,,no
Jim,Taylor,Sydney,,20,191,1932-01-06,153,1949,1961,False,,,,no
John,Townsend,Melbourne,,16,171,1943-06-16,153,1962,1972,False,,,,no
Vin,Waite,Carlton,,30,192,1949-02-26,153,1966,1975,False,,,,no
Denis,Cordner,Melbourne,,1,191,1924-06-28,152,1943,1956,False,,,,no
Vin,Coutie,Melbourne,,,,1881-10-28,152,1901,1911,False,,,,no
Michael,Gaudion,NorthMelbourne,,29,174,1938-06-20,152,1957,1967,False,,,,no
Bert,Howson,Sydney,,,170,1872-08-11,152,1897,1908,False,,,,no
Ken,McGregor,Adelaide,,16,195,1981-01-29,152,1999,2008,False,,,,no
Hec,McKay,Sydney,,10,180,1904-12-15,152,1926,1935,False,,,,no
Mark,OConnor,Geelong,Geelong,42,191,1997-01-17,152,2017,2026,True,MIDFIELDER,other,NA,yes
Michael,Patterson,Richmond,,25,193,1941-01-07,152,1959,1969,False,,,,no
Joe,Pearce,Melbourne,,19,184,1885-01-28,152,1904,1913,False,,,,no
Ben,Reid,Collingwood,,20,196,1989-04-29,152,2007,2020,False,,,,no
Bob,Rose,Collingwood,,22,178,1928-08-07,152,1946,1955,False,,,,no
Barry,Rowlings,Richmond,,22,178,1950-08-21,152,1979,1986,False,,,,no
Connor,Rozee,PortAdelaide,Port Adelaide,20,185,2000-01-22,152,2019,2026,True,MIDFIELDER,nationalDraft,5,yes
Heath,Shaw,GWS,,23,183,1985-11-27,152,2014,2020,False,,,,no
Ricky,Barham,Collingwood,,1,183,1958-11-28,151,1977,1986,False,,,,no
Graham,Campbell,Fitzroy,,20,177,1936-07-22,151,1956,1964,False,,,,no
Ang,Christou,Carlton,,39,190,1972-01-16,151,1991,2002,False,,,,no
Gary,Cowton,NorthMelbourne,,13,188,1952-12-30,151,1971,1984,False,,,,no
Billy,Deans,Melbourne,,5,170,1922-12-02,151,1942,1950,False,,,,no
Jim,Gallagher,WesternBulldogs,,24,180,1931-03-16,151,1951,1960,False,,,,no
Lachlan,Hansen,NorthMelbourne,,6,197,1988-08-17,151,2007,2017,False,,,,no
Allan,Hopkins,WesternBulldogs,,1,175,1904-05-24,151,1925,1934,False,,,,no
Adam,Hunter,WestCoast,,39,190,1981-06-18,151,2000,2009,False,,,,no
Dwayne,Lamb,WestCoast,,5,180,1961-12-20,151,1987,1994,False,,,,no
Robert,Shirley,Adelaide,,12,185,1980-06-09,151,2000,2009,False,,,,no
James,Walker,Fremantle.xlsx,,19,178,1979-01-15,151,1998,2007,False,,,,no
Jack,Cassin,Essendon,,19,183,1915-07-01,150,1936,1947,False,,,,no
Troy,Cook,Fremantle.xlsx,,10,176,1976-08-12,150,2000,2007,False,,,,no
Neville,Crowe,Richmond,,5,193,1937-06-01,150,1957,1967,False,,,,no
Jack,Davis,Stkilda,,26,189,1908-07-16,150,1930,1938,False,,,,no
Alec,Eason,Geelong,,2,175,1889-11-08,150,1909,1921,False,,,,no
Mike,Fitzpatrick,Carlton,,3,191,1953-01-28,150,1975,1983,False,,,,no
Clarrie,Hall,Richmond,,22,160,1890-01-18,150,1912,1924,False,,,,no
Michael,Jamison,Carlton,,40,193,1986-06-11,150,2007,2016,False,,,,no
Ernest,Newling,Geelong,,,188,1876-06-26,150,1900,1910,False,,,,no
Wilfred,Smallhorn,Fitzroy,,21,173,1911-02-25,150,1930,1940,False,,,,no
Peter,Sumich,WestCoast,,4,190,1968-01-11,150,1989,1997,False,,,,no
Matthew,Whelan,Melbourne,,45,180,1979-11-13,150,2000,2009,False,,,,no
Sean,Wight,Melbourne,,27,185,1964-03-15,150,1985,1995,False,,,,no
Cameron,Zurhaar,NorthMelbourne,North Melbourne,44,189,1998-05-22,150,2017,2026,True,MEDIUM_FORWARD,rookieElevation,11,yes
Lance,Arnold,Melbourne,,29,185,1926-05-06,149,1946,1954,False,,,,no
Kevin,Dynon,NorthMelbourne,,2,179,1925-08-11,149,1943,1954,False,,,,no
Eddie,Goodger,Fitzroy,,15,188,1929-03-10,149,1949,1958,False,,,,no
Des,Healey,Collingwood,,12,168,1927-09-05,149,1948,1955,False,,,,no
Clinton,Jones,Stkilda,,4,183,1984-02-02,149,2007,2014,False,,,,no
Laurie,Kerr,Carlton,,11,178,1928-06-25,149,1950,1959,False,,,,no
Sean,Lemmens,Goldcoast,,23,184,1994-11-02,149,2014,2025,False,,,,no
Chris,Lethbridge,Fitzroy,,12,183,1890-05-24,149,1913,1922,False,,,,no
Percy,Martini,Geelong,,11,183,1888-06-04,149,1909,1920,False,,,,no
Andrew,Obst,Melbourne,,29,184,1964-08-19,149,1990,1997,False,,,,no
George,Smeaton,Richmond,,24,183,1917-05-27,149,1935,1946,False,,,,no
Jack,Beveridge,Collingwood,,1,177,1907-05-08,148,1926,1934,False,,,,no
Doug,Bigelow,Essendon,,19,184,1928-07-17,148,1947,1956,False,,,,no
Gary,Crane,Carlton,,6,178,1944-08-25,148,1964,1976,False,,,,no
Fred,Froude,Collingwood,,13,174,1910-07-03,148,1930,1939,False,,,,no
Bernie,McCarthy,NorthMelbourne,,1,191,1943-08-21,148,1962,1971,False,,,,no
Bill,Perkins,Richmond,,9,185,1920-02-10,148,1940,1949,False,,,,no
Dion,Prestia,Richmond,Richmond,3,175,1992-10-12,148,2017,2026,True,MIDFIELDER_FORWARD,NA,NA,yes
Joe,Scanlan,Sydney,,18,178,1900-03-19,148,1923,1931,False,,,,no
Dave,Bryden,WesternBulldogs,,18,187,1927-06-23,147,1947,1955,False,,,,no
Bob,Chitty,Carlton,,6,174,1916-07-04,147,1937,1946,False,,,,no
Harry,Clarke,Sydney,,6,175,1905-09-15,147,1926,1935,False,,,,no
Robin,Close,Essendon,,19,187,1949-11-03,147,1968,1978,False,,,,no
Horrie,Clover,Carlton,,1,185,1895-03-20,147,1920,1931,False,,,,no
Frank,Gumbleton,NorthMelbourne,,38,188,1951-03-06,147,1970,1979,False,,,,no
Ken,Hunter,Carlton,,9,183,1957-04-28,147,1981,1989,False,,,,no
Roger,James,PortAdelaide,,38,177,1975-10-21,147,1997,2005,False,,,,no
Charlie,Laxton,Collingwood,,14,170,1890-04-09,147,1912,1921,False,,,,no
Eric,Mackenzie,WestCoast,,16,197,1988-05-19,147,2007,2017,False,,,,no
Darren,Millane,Collingwood,,42,188,1965-08-09,147,1984,1991,False,,,,no
Reilly,OBrien,Adelaide,Adelaide,43,202,1995-08-20,147,2016,2026,True,RUCK,rookieElevation,NA,yes
Mitch,Robinson,Brisbane,,5,184,1989-06-07,147,2015,2022,False,,,,no
Geoff,Rosenow,Geelong,,27,188,1942-02-01,147,1962,1970,False,,,,no
James,Rowbottom,Sydney,Sydney,8,186,2000-09-19,147,2019,2026,True,MIDFIELDER,NA,NA,yes
Geoff,Spring,Richmond,,19,170,1925-04-20,147,1948,1957,False,,,,no
Mark,Bairstow,Geelong,,3,180,1963-07-24,146,1987,1994,False,,,,no
Zak,Butters,PortAdelaide,Port Adelaide,9,181,2000-09-08,146,2019,2026,True,MIDFIELDER,nationalDraft,12,yes
James,Clement,Collingwood,,8,190,1976-09-04,146,2001,2007,False,,,,no
Mike,Green,Richmond,,37,193,1948-05-14,146,1966,1975,False,,,,no
Paddy,Guinane,Richmond,,1,191,1939-01-31,146,1958,1968,False,,,,no
Stephen,Lawrence,Hawthorn,,12,200,1969-04-22,146,1988,1998,False,,,,no
Andrew,Leoncelli,Melbourne,,36,186,1974-07-17,146,1996,2003,False,,,,no
Andy,McDonald,Carlton,,3,165,1885-12-27,146,1910,1919,False,,,,no
Harry,McKay,Carlton,Carlton,10,204,1997-12-24,146,2017,2026,True,KEY_FORWARD,nationalDraft,10,yes
Ian,McLean,Melbourne,,5,175,1929-08-27,146,1951,1960,False,,,,no
Graham,Osborne,Melbourne,,7,187,1947-06-30,146,1966,1977,False,,,,no
Brad,Scott,Brisbane,,5,181,1976-05-03,146,1998,2006,False,,,,no
Laurie,Serafini,Fitzroy,,10,192,1958-11-01,146,1977,1985,False,,,,no
Ray,Shaw,Collingwood,,23,175,1954-04-27,146,1974,1981,False,,,,no
Fred,Swift,Richmond,,15,183,1938-07-06,146,1958,1967,False,,,,no
Ross,Thornton,Fitzroy,,4,179,1956-10-23,146,1980,1989,False,,,,no
Darryl,Wakelin,PortAdelaide,,2,192,1974-08-11,146,2001,2007,False,,,,no
Ivor,Warne-Smith,Melbourne,,14,182,1897-10-29,146,1919,1932,False,,,,no
Dennis,Armfield,Carlton,,27,182,1986-12-22,145,2008,2017,False,,,,no
Arthur,Coghlan,Geelong,,13,180,1902-08-16,145,1922,1932,False,,,,no
Anthony,Condon,Hawthorn,,3,186,1967-12-06,145,1987,1997,False,,,,no
Fraser,Gehrig,Stkilda,,9,195,1976-03-03,145,2001,2008,False,,,,no
Chris,Judd,Carlton,,5,189,1983-09-08,145,2008,2015,False,,,,no
Nathan,Lovett-Murray,Essendon,,42,190,1982-11-18,145,2004,2013,False,,,,no
Frank,Murphy,Collingwood,,21,180,1905-02-20,145,1925,1934,False,,,,no
Alex,Pearce,Fremantle.xlsx,Fremantle,25,201,1995-06-09,145,2015,2026,True,KEY_DEFENDER,nationalDraft,37,yes
Mason,Redman,Essendon,Essendon,27,187,1997-08-26,145,2016,2026,True,MEDIUM_DEFENDER,nationalDraft,30,yes
Richard,Vandenberg,Hawthorn,,21,178,1977-01-14,145,1998,2007,False,,,,no
Len,Webster,Essendon,,32,180,1906-12-26,145,1927,1938,False,,,,no
Roy,Bence,Stkilda,,12,163,1900-04-01,144,1925,1933,False,,,,no
Clyde,Donaldson,Essendon,,2,185,1894-06-09,144,1913,1926,False,,,,no
John,Henderson,Collingwood,,10,187,1938-08-31,144,1957,1966,False,,,,no
Jeff,Hogg,Richmond,,34,190,1966-10-15,144,1986,1993,False,,,,no
Alec,Mutch,Collingwood,,14,179,1889-03-31,144,1911,1921,False,,,,no
Damien,Peverill,Essendon,,11,183,1979-07-12,144,2001,2008,False,,,,no
Scott,Turner,Richmond,,41,198,1970-05-31,144,1991,1999,False,,,,no
Ted,Whitten,WesternBulldogs,,22,178,1957-03-15,144,1974,1982,False,,,,no
Ken,Beck,Hawthorn,,4,198,1940-08-04,143,1962,1972,False,,,,no
Robert,Copeland,Brisbane,,30,187,1981-05-26,143,2001,2008,False,,,,no
Charlie,Davey,Carlton,,17,192,1908-05-11,143,1927,1937,False,,,,no
Matthew,Febey,Melbourne,,20,184,1969-08-19,143,1992,2000,False,,,,no
Len,McCankie,WesternBulldogs,,27,180,1924-11-08,143,1941,1950,False,,,,no
Ron,Richards,Collingwood,,20,170,1928-05-11,143,1947,1956,False,,,,no
Rhyce,Shaw,Sydney,,2,182,1981-10-16,143,2009,2015,False,,,,no
Stan,Spinks,Hawthorn,,8,171,1912-10-16,143,1931,1941,False,,,,no
Leo,Wescott,Collingwood,,26,170,1900-07-08,143,1922,1932,False,,,,no
Bill,Allen,Melbourne,,1,188,1889-07-07,142,1910,1923,False,,,,no
Percy,Bushby,Essendon,,35,189,1919-05-27,142,1936,1948,False,,,,no
Sam,Collins,Goldcoast,Gold Coast,25,194,1994-06-15,142,2019,2026,True,KEY_DEFENDER,NA,NA,yes
Sean,Denham,Essendon,,38,177,1969-04-29,142,1992,2000,False,,,,no
Michael,Gayfer,Collingwood,,3,186,1965-08-17,142,1986,1993,False,,,,no
Tom,OHalloran,Richmond,,18,185,1904-12-24,142,1925,1934,False,,,,no
Bob,Rush,Collingwood,,,177,1880-10-09,142,1899,1908,False,,,,no
Paddy,Shea,Essendon,,18,175,1886-03-17,142,1908,1918,False,,,,no
Jess,Sinclair,NorthMelbourne,,9,182,1978-08-26,142,2001,2008,False,,,,no
Tony,Woods,Hawthorn,,30,185,1969-07-02,142,1995,2002,False,,,,no
Alex,Duncan,Carlton,,32,183,1900-02-26,141,1921,1930,False,,,,no
Colin,Garland,Melbourne,,20,191,1988-04-28,141,2007,2016,False,,,,no
Leigh,Harding,NorthMelbourne,,39,181,1981-04-26,141,2001,2010,False,,,,no
Greg,Healy,Melbourne,,33,176,1965-09-16,141,1984,1993,False,,,,no
Ron,Hovey,Geelong,,12,179,1932-08-25,141,1951,1960,False,,,,no
Shane,Kerrison,Collingwood,,44,180,1965-03-28,141,1986,1995,False,,,,no
Ed,Langdon,Melbourne,Melbourne,15,182,1996-02-01,141,2020,2026,True,MIDFIELDER,NA,NA,yes
Nick,Larkey,NorthMelbourne,North Melbourne,20,198,1998-06-06,141,2017,2026,True,KEY_FORWARD,nationalDraft,73,yes
Elton,Plummer,Essendon,,8,175,1914-07-31,141,1934,1944,False,,,,no
Mark,Richardson,Collingwood,,3,196,1972-10-31,141,1991,2002,False,,,,no
Shane,Watson,Collingwood,,14,186,1974-02-17,141,1992,2000,False,,,,no
Rowley,Watt,Essendon,,10,163,1898-07-17,141,1922,1931,False,,,,no
John,Austin,Sydney,,3,175,1910-12-09,140,1930,1938,False,,,,no
Paul,Barnard,Essendon,,16,189,1973-02-13,140,1996,2003,False,,,,no
Brennan,Cox,Fremantle.xlsx,Fremantle,36,195,1998-08-13,140,2017,2026,True,KEY_DEFENDER,nationalDraft,41,yes
Horrie,Dawson,Fitzroy,,30,183,1910-04-23,140,1931,1940,False,,,,no
Neville,Fields,Essendon,,1,180,1951-11-21,140,1969,1982,False,,,,no
Laurie,Fowler,Melbourne,,9,179,1951-12-29,140,1975,1981,False,,,,no
Bob,Johnson,Melbourne,,16,198,1935-06-03,140,1954,1961,False,,,,no
Wally,Lock,Melbourne,,18,180,1917-01-22,140,1936,1949,False,,,,no
Bill,Morris,Richmond,,5,188,1921-04-24,140,1942,1951,False,,,,no
Isaac,Quaynor,Collingwood,Collingwood,3,180,2000-01-15,140,2019,2026,True,MEDIUM_DEFENDER,nationalDraft,13,yes
Sam,Walsh,Carlton,Carlton,18,184,2000-07-02,140,2019,2026,True,MIDFIELDER,nationalDraft,1,yes
Kevin,Wright,Fitzroy,,13,178,1933-02-19,140,1952,1961,False,,,,no
George,Ferry,Carlton,,25,179,1931-08-08,139,1952,1961,False,,,,no
Justin,Longmuir,Fremantle.xlsx,,20,196,1981-01-21,139,1999,2007,False,,,,no
Troy,Makepeace,NorthMelbourne,,35,175,1979-03-06,139,2000,2006,False,,,,no
George,McLaren,WesternBulldogs,,21,170,1925-03-22,139,1944,1951,False,,,,no
Matthew,Robbins,WesternBulldogs,,30,178,1977-05-08,139,1999,2007,False,,,,no
Jim,Ross,Stkilda,,20,185,1927-10-18,139,1946,1954,False,,,,no
Charlie,Ballard,Goldcoast,Gold Coast,10,195,1999-07-23,138,2018,2026,True,MEDIUM_DEFENDER,NA,NA,yes
Heath,Black,Fremantle.xlsx,,21,176,1979-05-28,138,1997,2008,False,,,,no
Garry,Farrant,NorthMelbourne,,7,183,1946-09-07,138,1967,1975,False,,,,no
Alan,Goad,Hawthorn,,19,179,1954-09-22,138,1972,1982,False,,,,no
Nick,Holman,Goldcoast,Gold Coast,7,189,1995-05-29,138,2018,2025,False,MIDFIELDER,NA,NA,yes
Ben,Keays,Adelaide,Adelaide,2,185,1997-02-23,138,2020,2026,True,MEDIUM_FORWARD,rookieElevation,7,yes
Luke,McCabe,Hawthorn,,7,183,1976-08-10,138,1995,2004,False,,,,no
Col,McLean,Melbourne,,25,178,1920-08-05,138,1940,1949,False,,,,no
Stephen,Paxman,PortAdelaide,,14,188,1970-12-04,138,1997,2003,False,,,,no
Tony,Polinelli,Geelong,,36,170,1943-02-18,138,1961,1971,False,,,,no
Alan,Thompson,Fitzroy,,21,185,1951-11-20,138,1970,1979,False,,,,no
Tom,Arklay,Geelong,,8,179,1914-03-26,137,1933,1944,False,,,,no
Wally,Carter,NorthMelbourne,,17,175,1909-02-04,137,1929,1940,False,,,,no
Jimmy,Davidson,Melbourne,,29,165,1904-08-13,137,1924,1932,False,,,,no
Luke,Davies-Uniacke,NorthMelbourne,North Melbourne,9,188,1999-06-08,137,2018,2026,True,MIDFIELDER,nationalDraft,4,yes
Willem,Drew,PortAdelaide,Port Adelaide,28,188,1998-10-01,137,2019,2026,True,MIDFIELDER,nationalDraft,33,yes
Rowley,Fischer,Melbourne,,8,185,1910-02-24,137,1933,1941,False,,,,no
Simon,Garlick,WesternBulldogs,,4,177,1975-04-10,137,1998,2004,False,,,,no
Ollie,Grieve,Carlton,,27,183,1920-10-30,137,1942,1952,False,,,,no
Bob,Henderson,Fitzroy,,23,183,1934-01-27,137,1953,1962,False,,,,no
Ron,Hillis,Sydney,,4,183,1906-02-19,137,1929,1937,False,,,,no
Jack,Howell,Carlton,,13,193,1924-08-31,137,1942,1954,False,,,,no
Geoff,Jennings,WesternBulldogs,,25,178,1955-04-04,137,1974,1983,False,,,,no
Joe,Kelly,Carlton,,7,175,1907-06-07,137,1926,1934,False,,,,no
Chris,Lambert,Essendon,,14,170,1920-03-12,137,1939,1951,False,,,,no
Jake,Lever,Melbourne,Melbourne,8,195,1996-03-05,137,2018,2026,True,KEY_DEFENDER,NA,NA,yes
Frank,Maher,Essendon,,24,170,1895-09-22,137,1921,1928,False,,,,no
Horrie,Mason,Stkilda,,18,177,1903-04-30,137,1922,1931,False,,,,no
Dally,OBrien,NorthMelbourne,,28,182,1918-10-31,137,1938,1949,False,,,,no
Wil,Powell,Goldcoast,Gold Coast,27,185,1999-08-26,137,2018,2026,True,MIDFIELDER,NA,NA,yes
Matthew,Primus,PortAdelaide,,1,198,1975-01-12,137,1997,2005,False,,,,no
Geoff,Pryor,Essendon,,35,191,1945-11-21,137,1965,1974,False,,,,no
Stan,Thomas,Geelong,,21,180,1892-05-09,137,1915,1925,False,,,,no
Jim,Wynd,Fitzroy,,8,177,1964-11-11,137,1986,1994,False,,,,no
Jim,Anderson,Essendon,,,179,1869-11-17,136,1897,1905,False,,,,no
Tom,Bellchambers,Essendon,,2,202,1989-07-09,136,2008,2020,False,,,,no
Don,Furness,Fitzroy,,30,178,1930-11-09,136,1949,1959,False,,,,no
Syd,Jackson,Carlton,,5,173,1944-07-01,136,1969,1976,False,,,,no
Billy,King,Sydney,,12,178,1920-08-17,136,1940,1948,False,,,,no
Richard,Loveridge,Hawthorn,,22,178,1963-01-15,136,1982,1989,False,,,,no
Harold,Matthews,Stkilda,,8,179,1902-12-07,136,1925,1932,False,,,,no
Jake,Melksham,Melbourne,Melbourne,18,186,1991-08-29,136,2017,2026,True,MEDIUM_FORWARD,NA,NA,yes
John,ONeill,Geelong,,17,174,1935-08-30,136,1954,1962,False,,,,no
Daniel,Ward,Melbourne,,10,185,1977-07-09,136,1998,2007,False,,,,no
Tommy,Williams,Fitzroy,,14,174,1909-09-12,136,1928,1937,False,,,,no
Bob,Williams,Hawthorn,,3,175,1913-04-14,136,1932,1944,False,,,,no
Sam,Wright,NorthMelbourne,,19,188,1990-07-15,136,2009,2019,False,,,,no
Geoff,Ainsworth,Geelong,,25,178,1946-05-27,135,1967,1974,False,,,,no
Noah,Anderson,Goldcoast,Gold Coast,15,188,2001-02-17,135,2020,2026,True,MIDFIELDER,NA,NA,yes
Neil,Clarke,Essendon,,8,177,1957-08-28,135,1977,1987,False,,,,no
Jack,Conley,Carlton,,35,173,1920-10-18,135,1944,1952,False,,,,no
Keith,Drinan,Stkilda,,25,182,1924-11-13,135,1946,1957,False,,,,no
Ian,Gillett,Sydney,,28,188,1928-09-20,135,1951,1958,False,,,,no
Zach,Guthrie,Geelong,Geelong,39,187,1998-06-30,135,2017,2026,True,MEDIUM_DEFENDER,rookieElevation,33,yes
Les,Hardiman,Geelong,,25,185,1911-04-01,135,1929,1937,False,,,,no
Bradley,Hill,Stkilda,St Kilda,8,179,1993-07-09,135,2020,2026,True,MIDFIELDER,NA,NA,yes
Alan,Johnson,Melbourne,,9,179,1956-11-20,135,1982,1990,False,,,,no
Dale,Kickett,Fremantle.xlsx,,11,179,1968-05-04,135,1995,2002,False,,,,no
Kane,Lambert,Richmond,,23,178,1991-11-26,135,2015,2022,False,,,,no
Harry,Lampe,Sydney,,,185,1874-09-14,135,1899,1907,False,,,,no
Roy,McConnell,Essendon,,25,188,1927-08-21,135,1949,1956,False,,,,no
Daryl,OBrien,NorthMelbourne,,12,179,1941-09-10,135,1960,1969,False,,,,no
Max,Rooke,Geelong,,33,189,1981-12-19,135,2002,2010,False,,,,no
Jim,Sadler,Collingwood,,21,168,1886-07-28,135,1908,1917,False,,,,no
Harry,Saunders,Collingwood,,23,175,1898-05-21,135,1916,1926,False,,,,no
Brett,Voss,Stkilda,,13,181,1978-02-22,135,2001,2007,False,,,,no
Paul,Wheatley,Melbourne,,31,189,1981-04-12,135,2000,2009,False,,,,no
Len,Wigraft,Fitzroy,,10,180,1897-01-28,135,1917,1927,False,,,,no
Colin,Youren,Hawthorn,,30,180,1939-06-03,135,1958,1965,False,,,,no
Mark,Baguley,Essendon,,12,178,1987-05-21,134,2012,2019,False,,,,no
Tammy,Beauchamp,Fitzroy,,,171,1878-08-12,134,1899,1908,False,,,,no
Rhett,Biglands,Adelaide,,35,200,1977-09-04,134,2000,2006,False,,,,no
Matthew,Carr,Fremantle.xlsx,,9,190,1978-12-29,134,2001,2008,False,,,,no
Jason,Castagna,Richmond,,11,181,1996-07-12,134,2016,2022,False,,,,no
George,Clayden,Collingwood,,11,187,1903-08-14,134,1924,1933,False,,,,no
Percy,Daykin,Carlton,,2,174,1890-07-07,134,1914,1921,False,,,,no
Rod,Grinter,Melbourne,,14,182,1965-05-26,134,1985,1994,False,,,,no
Adrian,Hickmott,Carlton,,9,182,1972-03-30,134,1996,2003,False,,,,no
Harold,McLennan,Fitzroy,,19,178,1888-07-26,134,1907,1919,False,,,,no
George,Moodie,Melbourne,,,,1872-10-22,134,1897,1905,False,,,,no
Ken,Mulhall,Stkilda,,4,185,1927-09-22,134,1946,1957,False,,,,no
Gordon,Ogden,Melbourne,,32,177,1909-02-14,134,1928,1937,False,,,,no
Fred,Phillips,Stkilda,,3,183,1905-05-27,134,1924,1932,False,,,,no
Adam,Ramanauskas,Essendon,,9,183,1980-11-19,134,1999,2008,False,,,,no
Jack,Redden,WestCoast,,8,190,1990-12-09,134,2016,2022,False,,,,no
Caleb,Serong,Fremantle.xlsx,Fremantle,3,178,2001-02-09,134,2020,2026,True,MIDFIELDER,nationalDraft,8,yes
Stephen,Theodore,Stkilda,,23,178,1950-12-18,134,1969,1976,False,,,,no
Ken,Timms,Essendon,,25,188,1938-07-23,134,1957,1965,False,,,,no
Luke,Ablett,Sydney,,20,184,1982-11-22,133,2002,2009,False,,,,no
Ron,Alexander,Fitzroy,,6,196,1950-12-10,133,1976,1981,False,,,,no
Ron,Baggott,Melbourne,,15,183,1917-01-16,133,1935,1945,False,,,,no
David,Darcy,WesternBulldogs,,15,188,1943-08-11,133,1963,1971,False,,,,no
Courtenay,Dempsey,Essendon,,15,185,1987-08-28,133,2006,2016,False,,,,no
Terry,Farman,Geelong,,15,183,1946-01-04,133,1965,1973,False,,,,no
Bert,Foster,Richmond,,11,185,1906-08-19,133,1928,1936,False,,,,no
Tony,Free,Richmond,,30,178,1969-06-27,133,1987,1996,False,,,,no
Maurie,Gibb,Melbourne,,10,183,1914-02-07,133,1934,1943,False,,,,no
Stan,Judkins,Richmond,,6,166,1907-10-04,133,1928,1936,False,,,,no
Jack,Leith,Melbourne,,,177,1872-08-12,133,1897,1912,False,,,,no
Anthony,McDonald-Tipungwuti,Essendon,,43,171,1993-04-22,133,2016,2023,False,,,,no
Neil,Pearson,Hawthorn,,7,175,1925-09-09,133,1945,1954,False,,,,no
Kysaiah,Pickett,Melbourne,Melbourne,36,170,2001-06-02,133,2020,2026,True,MIDFIELDER,NA,NA,yes
Leon,Rice,Hawthorn,,13,184,1951-08-23,133,1970,1979,False,,,,no
Brad,Seymour,Sydney,,7,186,1976-05-03,133,1994,2003,False,,,,no
Brett,Stephens,Fitzroy,,33,190,1961-02-20,133,1987,1993,False,,,,no
Charlie,Streeter,Melbourne,,9,170,1895-08-15,133,1920,1928,False,,,,no
Owen,Abrahams,Fitzroy,,16,180,1933-07-25,132,1954,1962,False,,,,no
Lachie,Ash,GWS,GWS,7,186,2001-06-21,132,2020,2026,True,MEDIUM_DEFENDER,nationalDraft,4,yes
Matthew,Bishop,PortAdelaide,,19,195,1975-07-11,132,2000,2006,False,,,,no
Brad,Close,Geelong,Geelong,45,181,1998-07-30,132,2020,2026,True,MEDIUM_FORWARD,rookieElevation,14,yes
Tom,Cole,WestCoast,West Coast,28,186,1997-05-28,132,2016,2026,True,MEDIUM_DEFENDER,nationalDraft,36,yes
Sean,Darcy,Fremantle.xlsx,Fremantle,4,202,1998-06-12,132,2017,2026,True,RUCK,nationalDraft,38,yes
Jon,Dorotich,Carlton,,6,193,1962-04-27,132,1986,1993,False,,,,no
Barry,Gill,Carlton,,21,184,1945-01-21,132,1964,1972,False,,,,no
Bob,Keddie,Hawthorn,,2,183,1946-05-10,132,1965,1972,False,,,,no
Gary,Lazarus,Fitzroy,,31,188,1945-09-21,132,1963,1970,False,,,,no
Charlie,Lilley,Melbourne,,8,178,1892-07-03,132,1913,1925,False,,,,no
John,Lord,Melbourne,,4,188,1937-04-02,132,1957,1965,False,,,,no
Stuart,Magee,WesternBulldogs,,23,174,1943-10-13,132,1968,1975,False,,,,no
Dylan,Moore,Hawthorn,Hawthorn,13,176,1999-08-04,132,2019,2026,True,MEDIUM_FORWARD,NA,NA,yes
Leo,Murphy,Hawthorn,,16,185,1909-08-07,132,1930,1940,False,,,,no
Don,Pyke,WestCoast,,10,178,1968-12-05,132,1989,1996,False,,,,no
Bert,Rankin,Geelong,,13,178,1893-02-17,132,1912,1923,False,,,,no
Michael,Rischitelli,Goldcoast,,35,185,1986-01-08,132,2011,2019,False,,,,no
Jimmy,Smith,Richmond,,10,178,1899-01-25,132,1917,1926,False,,,,no
Brandon,Starcevich,Brisbane,West Coast,37,188,1999-07-24,132,2018,2025,False,MEDIUM_DEFENDER,nationalDraft,18,yes
Paul,Vinar,Geelong,,8,188,1940-03-24,132,1959,1966,False,,,,no
John,Waddington,NorthMelbourne,,32,183,1938-05-24,132,1958,1966,False,,,,no
David,Wall,Fitzroy,,33,193,1947-09-03,132,1967,1976,False,,,,no
Fred,Wooller,Geelong,,3,187,1938-10-21,132,1956,1964,False,,,,no
Son,Barry,Essendon,,,171,1877-03-08,131,1897,1905,False,,,,no
Jim,Bohan,Hawthorn,,15,179,1919-07-21,131,1938,1946,False,,,,no
Gerald,Brosnan,Fitzroy,,,175,1877-08-14,131,1900,1909,False,,,,no
Michael,Christian,Collingwood,,21,191,1964-08-21,131,1987,1995,False,,,,no
Don,Condon,NorthMelbourne,,16,171,1923-03-12,131,1944,1951,False,,,,no
Paul,Dimattina,WesternBulldogs,,28,180,1974-11-22,131,1995,2003,False,,,,no
Jeff,Farmer,Fremantle.xlsx,,33,174,1977-06-24,131,2002,2008,False,,,,no
Peter,Keenan,Melbourne,,8,197,1951-04-07,131,1970,1982,False,,,,no
Roy,Laing,Essendon,,15,170,1893-04-04,131,1913,1925,False,,,,no
Scott,Maginness,Hawthorn,,20,190,1966-08-02,131,1988,1996,False,,,,no
Tony,Ongarello,Fitzroy,,5,185,1932-12-22,131,1952,1960,False,,,,no
David,Pittman,Adelaide,,15,201,1969-02-23,131,1992,1999,False,,,,no
Alby,Rodda,Melbourne,,30,166,1920-09-08,131,1939,1950,False,,,,no
Doug,Searl,Fitzroy,,34,192,1947-03-22,131,1968,1976,False,,,,no
Sam,Taylor,GWS,GWS,15,196,1999-05-05,131,2018,2025,False,KEY_DEFENDER,nationalDraft,28,yes
Frank,Tuck,Collingwood,,24,183,1931-07-24,131,1950,1959,False,,,,no
Jim,Abernethy,Melbourne,,4,175,1902-11-04,130,1923,1932,False,,,,no
Jim,Baird,Carlton,,25,179,1920-11-09,130,1941,1951,False,,,,no
Billy,Brown,Richmond,,40,171,1942-10-09,130,1963,1971,False,,,,no
Barney,Carr,Stkilda,,13,175,1897-08-27,130,1921,1929,False,,,,no
Reg,Garvin,Stkilda,,19,182,1912-09-19,130,1937,1946,False,,,,no
Herb,Henderson,WesternBulldogs,,25,188,1930-09-13,130,1950,1958,False,,,,no
Mark,Hunter,WesternBulldogs,,10,181,1965-09-03,130,1988,1996,False,,,,no
Ted,Jarrard,NorthMelbourne,,4,180,1922-04-15,130,1944,1953,False,,,,no
Keith,McKenzie,NorthMelbourne,,20,178,1922-04-26,130,1944,1951,False,,,,no
Wayne,Milera,Adelaide,Adelaide,30,184,1997-09-14,130,2016,2026,True,MEDIUM_DEFENDER,nationalDraft,11,yes
Bruce,Morrison,Geelong,,1,180,1923-06-19,130,1948,1954,False,,,,no
Brandan,Parfitt,Geelong,,3,180,1998-04-27,130,2017,2024,False,,,,no
Jason,Porplyzia,Adelaide,,40,177,1984-11-27,130,2006,2014,False,,,,no
Ian,Ridley,Melbourne,,24,166,1934-02-15,130,1954,1961,False,,,,no
Matthew,Robran,Adelaide,,10,194,1971-03-19,130,1993,2001,False,,,,no
Adam,Schneider,Stkilda,,13,175,1984-05-12,130,2008,2015,False,,,,no
Stuart,Stewart,Hawthorn,,9,185,1907-04-26,130,1926,1935,False,,,,no
Leo,Turner,Geelong,,9,179,1928-05-15,130,1947,1954,False,,,,no
Kayne,Turner,NorthMelbourne,,28,180,1995-12-31,130,2014,2023,False,,,,no
Allan,Woodley,Hawthorn,,24,191,1935-08-22,130,1954,1963,False,,,,no
Jack,Wrout,Carlton,,28,179,1911-10-08,130,1936,1944,False,,,,no
Doug,Beasy,Carlton,,17,178,1930-04-16,129,1951,1959,False,,,,no
Paul,Bevan,Sydney,,42,183,1984-09-27,129,2004,2011,False,,,,no
Jamie,Charman,Brisbane,,19,197,1982-07-16,129,2001,2009,False,,,,no
Ted,Fletcher,Hawthorn,,23,187,1925-12-13,129,1944,1954,False,,,,no
Darcy,Fogarty,Adelaide,Adelaide,32,193,1999-09-25,129,2018,2026,True,KEY_FORWARD,nationalDraft,12,yes
Cyril,Gambetta,Stkilda,,7,180,1899-08-01,129,1922,1931,False,,,,no
Brendon,Goddard,Essendon,,9,193,1985-05-20,129,2013,2018,False,,,,no
Peter,Hudson,Hawthorn,,26,189,1946-02-19,129,1967,1977,False,,,,no
Bert,Hyde,Hawthorn,,20,180,1907-06-03,129,1925,1935,False,,,,no
Denis,OCallaghan,Collingwood,,29,178,1949-02-07,129,1968,1975,False,,,,no
Ken,Ross,Fitzroy,,22,188,1927-08-27,129,1948,1960,False,,,,no
Don,Ross,WesternBulldogs,,9,180,1934-02-20,129,1952,1958,False,,,,no
Byron,Schammer,Fremantle.xlsx,,3,176,1985-06-21,129,2003,2011,False,,,,no
Lardie,Tulloch,Collingwood,,,179,1871-04-15,129,1897,1904,False,,,,no
Ryan,Turnbull,WestCoast,,50,195,1971-09-23,129,1991,2001,False,,,,no
Jason,Winderlich,Essendon,,8,188,1984-10-10,129,2003,2015,False,,,,no
Bill,Windley,Sydney,,,175,1868-11-28,129,1897,1905,False,,,,no
Charlie,Young,Melbourne,,,,1877-12-07,129,1897,1904,False,,,,no
George,Coates,Fitzroy,,2,175,1923-07-03,128,1947,1954,False,,,,no
Bob,Crowe,Carlton,,14,185,1936-05-27,128,1954,1964,False,,,,no
Mick,Egan,WesternBulldogs,,10,173,1958-02-18,128,1978,1987,False,,,,no
Ted,Fordham,Essendon,,20,185,1940-05-03,128,1961,1969,False,,,,no
Reg,Gleeson,Sydney,,27,183,1950-05-01,128,1970,1976,False,,,,no
Roger,Hayden,Fremantle.xlsx,,43,182,1980-12-09,128,2002,2011,False,,,,no
Maurie,Hearn,Fitzroy,,23,183,1912-12-05,128,1934,1944,False,,,,no
Kevin,Higgins,Geelong,,39,183,1951-02-20,128,1970,1978,False,,,,no
Max,Hislop,Richmond,,29,178,1895-08-25,128,1917,1927,False,,,,no
Harry,Marsham,Geelong,,10,185,1890-07-19,128,1909,1919,False,,,,no
Steven,May,Melbourne,Melbourne,1,193,1992-01-10,128,2019,2025,False,KEY_DEFENDER,NA,NA,yes
Percy,Maybury,Richmond,,3,175,1891-09-24,128,1910,1919,False,,,,no
Lincoln,McCarthy,Brisbane,Brisbane Lions,11,176,1993-10-22,128,2019,2026,True,MEDIUM_FORWARD,rookieElevation,14,yes
Norm,McDonald,Essendon,,4,180,1925-12-10,128,1947,1953,False,,,,no
Rod,McLean,Carlton,,14,182,1915-10-22,128,1935,1946,False,,,,no
Jason,Norrish,Fremantle.xlsx,,25,179,1972-01-26,128,1995,2002,False,,,,no
Jim,Park,Carlton,,26,183,1910-02-14,128,1932,1940,False,,,,no
Simon,Atkins,WesternBulldogs,,23,180,1968-12-23,127,1987,1994,False,,,,no
Ron,Harvey,Fitzroy,,19,192,1935-11-11,127,1954,1963,False,,,,no
Errol,Hutchesson,Collingwood,,12,175,1939-09-07,127,1958,1967,False,,,,no
Ben,King,Goldcoast,Gold Coast,34,202,2000-07-07,127,2019,2026,True,KEY_FORWARD,NA,NA,yes
Glenn,Lovett,Melbourne,,6,180,1969-07-23,127,1987,1999,False,,,,no
Ross,Lyon,Fitzroy,,29,183,1966-11-08,127,1985,1994,False,,,,no
Ben,McGlynn,Sydney,,21,172,1985-08-06,127,2010,2016,False,,,,no
Conor,Nash,Hawthorn,Hawthorn,11,197,1998-07-28,127,2018,2026,True,MIDFIELDER,NA,NA,yes
Billy,Payne,Carlton,,2,177,1881-12-25,127,1904,1912,False,,,,no
Travis,Payze,Stkilda,,20,185,1946-07-02,127,1966,1974,False,,,,no
Dean,Wallis,Essendon,,21,190,1969-08-27,127,1987,2001,False,,,,no
George,Bickford,Melbourne,,16,182,1927-01-09,126,1945,1952,False,,,,no
Darcy,Cameron,Collingwood,Collingwood,14,204,1995-07-18,126,2020,2026,True,RUCK,nationalDraft,48,yes
Norman,Clark,Carlton,,3,170,1878-11-12,126,1905,1912,False,,,,no
Vic,Cumberland,Stkilda,,6,182,1877-07-04,126,1903,1920,False,,,,no
Bill,Duckworth,Essendon,,22,187,1959-02-21,126,1982,1990,False,,,,no
Heath,Hocking,Essendon,,39,184,1987-12-27,126,2007,2017,False,,,,no
Barry,Lawrence,Stkilda,,5,183,1946-02-13,126,1969,1976,False,,,,no
Bill,McSpeerin,Fitzroy,,,171,1874-09-25,126,1897,1904,False,,,,no
Les,Millis,Fitzroy,,,,1881-06-18,126,1903,1909,False,,,,no
Jim,Mooring,Carlton,,16,170,1917-10-14,126,1940,1949,False,,,,no
Tom,Simpson,Richmond,,11,174,1933-04-06,126,1956,1963,False,,,,no
Peter,Steward,NorthMelbourne,,15,191,1942-01-27,126,1962,1970,False,,,,no
Ernie,Wilson,Collingwood,,26,170,1900-10-15,126,1919,1928,False,,,,no
Russell,Blew,Essendon,,14,178,1941-11-07,125,1960,1968,False,,,,no
Gordon,Casey,WesternBulldogs,,10,180,1950-03-25,125,1969,1975,False,,,,no
Wally,Culpitt,Hawthorn,,2,178,1918-01-14,125,1940,1948,False,,,,no
Fred,Davies,Carlton,,28,187,1921-08-14,125,1941,1952,False,,,,no
Ernie,Jamieson,Carlton,,15,178,1888-06-04,125,1909,1922,False,,,,no
Clark,Keating,Brisbane,,27,197,1976-03-19,125,1997,2006,False,,,,no
Rick,Ladson,Hawthorn,,4,179,1984-02-18,125,2003,2011,False,,,,no
Bobby,Monk,Melbourne,,9,,1885-10-22,125,1907,1914,False,,,,no
Harry,Morrison,Hawthorn,Hawthorn,1,180,1998-11-12,125,2017,2026,True,MIDFIELDER,NA,NA,yes
Brian,Pert,Fitzroy,,3,182,1936-01-28,125,1954,1965,False,,,,no
Lachie,Plowman,Carlton,,20,193,1994-09-11,125,2016,2023,False,,,,no
Barry,Richardson,Richmond,,17,191,1946-01-22,125,1965,1974,False,,,,no
Trent,Rivers,Melbourne,Melbourne,24,188,2001-07-30,125,2020,2026,True,MEDIUM_DEFENDER,NA,NA,yes
Mark,Roberts,NorthMelbourne,,22,190,1965-06-28,125,1991,1999,False,,,,no
Ian,Robertson,Carlton,,34,185,1946-01-25,125,1966,1974,False,,,,no
Matthew,Taberner,Fremantle.xlsx,,20,198,1993-06-17,125,2013,2024,False,,,,no
George,Topping,Carlton,,18,166,1881-08-27,125,1902,1916,False,,,,no
Charles,Utting,Collingwood,,30,170,1923-03-12,125,1943,1950,False,,,,no
Ray,Wartman,Melbourne,,23,180,1915-01-29,125,1935,1942,False,,,,no
Mark,Bolton,Essendon,,23,195,1979-04-03,124,1998,2007,False,,,,no
Reg,Burgess,Essendon,,18,175,1934-08-06,124,1954,1960,False,,,,no
Josh,Carr,PortAdelaide,,9,179,1980-04-29,124,2000,2010,False,,,,no
Tom,Clurey,PortAdelaide,,17,193,1994-03-23,124,2014,2023,False,,,,no
Brian,Cordy,WesternBulldogs,,49,183,1961-01-14,124,1981,1988,False,,,,no
Chris,Daniher,Essendon,,7,183,1966-03-31,124,1987,1997,False,,,,no
Don,Fraser,Richmond,,21,183,1922-10-24,124,1945,1952,False,,,,no
Ted,Freyer,Essendon,,26,185,1910-05-20,124,1929,1937,False,,,,no
Peter,Giles,Melbourne,,4,187,1958-06-10,124,1979,1987,False,,,,no
Norm,Glenister,Geelong,,23,180,1915-08-23,124,1934,1946,False,,,,no
Edward,Greeves,Geelong,,20,175,1903-11-01,124,1923,1933,False,,,,no
Jack,Hale,Carlton,,11,175,1913-01-02,124,1933,1941,False,,,,no
Ben,Howlett,Essendon,,40,180,1988-10-21,124,2010,2017,False,,,,no
Connor,Idun,GWS,GWS,39,191,2000-07-29,124,2019,2026,True,MEDIUM_DEFENDER,nationalDraft,61,yes
Wayne,Judson,Stkilda,,42,182,1952-07-11,124,1971,1977,False,,,,no
Clyde,Laidlaw,Melbourne,,35,183,1933-11-27,124,1954,1962,False,,,,no
Martin,Mattner,Sydney,,29,189,1982-08-06,124,2008,2013,False,,,,no
Scott,McMahon,NorthMelbourne,,42,184,1986-06-02,124,2007,2015,False,,,,no
Jack,Mills,Carlton,,9,170,1930-03-30,124,1950,1957,False,,,,no
Havel,Rowe,Richmond,,3,178,1928-05-08,124,1948,1957,False,,,,no
Jack,Scrimshaw,Hawthorn,Hawthorn,14,193,1998-09-04,124,2019,2026,True,KEY_DEFENDER,NA,NA,yes
Tom,Sparrow,Melbourne,Melbourne,32,183,2000-05-31,124,2019,2026,True,MIDFIELDER,NA,NA,yes
Craig,Starcevich,Collingwood,,27,193,1967-05-16,124,1987,1993,False,,,,no
William,Williams,Sydney,,4,168,1925-09-13,124,1945,1951,False,,,,no
Ross,Abbey,WesternBulldogs,,30,185,1953-01-21,123,1971,1981,False,,,,no
Noah,Balta,Richmond,Richmond,21,194,1999-10-23,123,2019,2026,True,KEY_DEFENDER,NA,NA,yes
Geoff,Case,Melbourne,,7,183,1935-09-15,123,1953,1962,False,,,,no
Paul,Dear,Hawthorn,,13,188,1966-12-28,123,1987,1996,False,,,,no
Daryl,Griffiths,Stkilda,,25,183,1945-11-06,123,1963,1970,False,,,,no
Matt,Guelfi,Essendon,Essendon,35,184,1997-08-14,123,2018,2026,True,MEDIUM_FORWARD,nationalDraft,76,yes
Chris,Heffernan,Essendon,,26,186,1979-01-29,123,1997,2007,False,,,,no
Ryan,Lonie,Collingwood,,37,190,1983-03-04,123,2001,2008,False,,,,no
Ron,McKeown,Collingwood,,25,188,1967-05-10,123,1984,1993,False,,,,no
David,Myers,Essendon,,23,191,1989-06-30,123,2008,2019,False,,,,no
Roy,Ramsay,NorthMelbourne,,30,180,1956-01-03,123,1976,1986,False,,,,no
Jay,Schulz,PortAdelaide,,28,193,1985-04-18,123,2010,2016,False,,,,no
Josh,Thomas,Collingwood,,24,178,1991-10-01,123,2013,2021,False,,,,no
Harry,Curtis,Collingwood,,3,189,1892-10-03,122,1914,1923,False,,,,no
Gary,Dempsey,NorthMelbourne,,24,197,1948-11-22,122,1979,1984,False,,,,no
Bert,Edwards,Richmond,,2,173,1914-12-22,122,1938,1945,False,,,,no
Joe,Hammond,Essendon,,20,180,1902-07-10,122,1925,1932,False,,,,no
Colin,Hounsell,Sydney,,23,173,1955-09-04,122,1975,1985,False,,,,no
Craig,Kelly,Collingwood,,23,190,1966-06-16,122,1989,1996,False,,,,no
Tim,Kelly,WestCoast,West Coast,11,182,1994-07-26,122,2020,2026,True,MIDFIELDER,nationalDraft,24,yes
Alistair,Lord,Geelong,,4,180,1940-04-09,122,1959,1966,False,,,,no
Phil,Manassa,Collingwood,,31,178,1956-01-29,122,1973,1979,False,,,,no
Dave,McNamara,Stkilda,,2,193,1887-01-22,122,1905,1923,False,,,,no
Darren,Mead,PortAdelaide,,33,193,1971-03-29,122,1997,2002,False,,,,no
Ron,Reeves,Collingwood,,16,175,1938-12-06,122,1957,1965,False,,,,no
Jose,Romero,WesternBulldogs,,36,173,1971-08-01,122,1995,2001,False,,,,no
Cec,Ruddell,Essendon,,21,182,1917-05-23,122,1940,1949,False,,,,no
Stuart,Spencer,Melbourne,,12,178,1932-02-03,122,1950,1956,False,,,,no
Aliir,Aliir,PortAdelaide,Port Adelaide,21,195,1994-09-05,121,2021,2026,True,KEY_DEFENDER,nationalDraft,44,yes
George,Dougherty,Geelong,,6,191,1913-12-09,121,1936,1945,False,,,,no
Gerald,Eastmure,NorthMelbourne,,14,177,1935-02-20,121,1954,1961,False,,,,no
Kane,Farrell,PortAdelaide,Port Adelaide,6,182,1999-03-17,121,2018,2026,True,MEDIUM_DEFENDER,nationalDraft,51,yes
Don,Gross,Essendon,,15,173,1947-04-01,121,1965,1974,False,,,,no
Ken,Hinkley,Geelong,,29,185,1966-09-30,121,1989,1995,False,,,,no
Anthony,Ingerson,Melbourne,,27,193,1969-10-13,121,1996,2001,False,,,,no
Darren,Jarman,Adelaide,,3,186,1967-01-28,121,1996,2001,False,,,,no
Vic,Lawrence,NorthMelbourne,,19,188,1928-01-02,121,1948,1955,False,,,,no
Mick,Malthouse,Richmond,,7,180,1953-08-17,121,1976,1983,False,,,,no
Ron,Nalder,Hawthorn,,3,178,1939-09-08,121,1959,1966,False,,,,no
Peter,Pianto,Geelong,,6,170,1929-11-25,121,1951,1957,False,,,,no
Steven,Salopek,PortAdelaide,,3,185,1985-06-21,121,2003,2011,False,,,,no
Ryan,Schoenmakers,Hawthorn,,25,195,1990-11-08,121,2009,2018,False,,,,no
Percy,Scown,Geelong,,10,178,1883-07-13,121,1906,1914,False,,,,no
Maurie,Sheahan,Richmond,,4,180,1905-12-24,121,1929,1936,False,,,,no
Ray,Slocum,Fitzroy,,27,170,1936-08-16,121,1957,1965,False,,,,no
Jacob,Surjan,PortAdelaide,,9,179,1985-08-15,121,2004,2012,False,,,,no
Lachie,Weller,Goldcoast,Gold Coast,14,181,1996-02-23,121,2018,2026,True,MIDFIELDER,NA,NA,yes
Geoff,Williams,Geelong,,21,183,1930-11-18,121,1952,1959,False,,,,no
Murray,Witcombe,Geelong,,18,182,1956-11-01,121,1976,1986,False,,,,no
George,Bell,Essendon,,12,174,1912-05-07,120,1933,1942,False,,,,no
Norm,Cockram,Fitzroy,,12,178,1899-08-27,120,1922,1933,False,,,,no
Arthur,Edwards,WesternBulldogs,,11,185,1934-06-04,120,1951,1960,False,,,,no
Mark,Hutchings,WestCoast,,34,182,1991-05-25,120,2013,2021,False,,,,no
Glenn,Kilpatrick,Geelong,,13,184,1972-08-29,120,1996,2002,False,,,,no
James,Manson,Collingwood,,30,194,1966-11-02,120,1985,1992,False,,,,no
Todd,Marshall,PortAdelaide,Port Adelaide,4,198,1998-10-08,120,2017,2026,True,KEY_DEFENDER,nationalDraft,16,yes
Tom,Morrow,Geelong,,22,193,1923-10-08,120,1946,1952,False,,,,no
Lachlan,Murphy,Adelaide,,4,176,1998-12-04,120,2018,2025,False,,,,no
Lee,Spurr,Fremantle.xlsx,,34,182,1987-07-27,120,2012,2017,False,,,,no
Jim,Thoms,WesternBulldogs,,1,173,1918-05-25,120,1937,1946,False,,,,no
Ernie,Walton,Carlton,,,173,1875-04-07,120,1897,1904,False,,,,no
Beau,Waters,WestCoast,,8,188,1986-03-30,120,2004,2013,False,,,,no
Doug,Williams,Carlton,,12,175,1923-02-03,120,1944,1951,False,,,,no
Darrel,Baldock,Stkilda,,4,179,1938-09-29,119,1962,1968,False,,,,no
Fred,Bamford,Fitzroy,,8,175,1887-04-10,119,1911,1919,False,,,,no
Dayne,Beams,Collingwood,,17,187,1990-02-12,119,2009,2019,False,,,,no
Jack,Bennett,Carlton,,3,184,1920-06-21,119,1940,1947,False,,,,no
Haydn,Bunton,Fitzroy,,7,179,1911-07-05,119,1931,1942,False,,,,no
John,Chick,Carlton,,23,175,1932-08-25,119,1952,1960,False,,,,no
Fred,Goldsmith,Sydney,,2,183,1932-08-20,119,1951,1959,False,,,,no
Jack,Grant,Geelong,,14,183,1915-09-24,119,1935,1946,False,,,,no
Paul,Harrison,Sydney,,18,187,1944-07-26,119,1963,1970,False,,,,no
Brodie,Holland,Collingwood,,6,180,1980-01-03,119,2001,2008,False,,,,no
Kevin,McMahon,NorthMelbourne,,21,170,1930-05-17,119,1949,1959,False,,,,no
Leo,Ryan,WesternBulldogs,,17,175,1913-08-26,119,1934,1941,False,,,,no
Scott,Stevens,Adelaide,,27,194,1982-01-15,119,2004,2011,False,,,,no
Rod,Vernon,Fitzroy,,9,191,1934-04-03,119,1954,1963,False,,,,no
Jake,Waterman,WestCoast,West Coast,2,191,1998-05-06,119,2018,2026,True,KEY_FORWARD,fatherSon,77,yes
Chris,Yarran,Carlton,,13,180,1990-12-19,119,2009,2015,False,,,,no
Bailey,Banfield,Fremantle.xlsx,Fremantle,41,190,1998-02-26,118,2018,2025,False,MEDIUM_DEFENDER,rookieElevation,22,yes
John,Brady,NorthMelbourne,,20,185,1932-02-20,118,1952,1959,False,,,,no
Ray,Brew,Carlton,,26,175,1903-01-14,118,1923,1931,False,,,,no
Fred,Burge,Richmond,,10,174,1923-09-06,118,1942,1950,False,,,,no
Barry,Capuano,Essendon,,12,175,1940-11-26,118,1959,1966,False,,,,no
Ernie,Coward,Essendon,,1,170,1916-01-27,118,1939,1945,False,,,,no
Anthony,Daniher,Essendon,,6,191,1963-01-21,118,1987,1994,False,,,,no
John,Devine,Geelong,,9,180,1940-06-22,118,1960,1966,False,,,,no
Alf,Dummett,Collingwood,,,177,1880-12-08,118,1901,1910,False,,,,no
Trevor,Johnson,Melbourne,,14,185,1935-01-25,118,1955,1962,False,,,,no
Brian,McGowan,Sydney,,3,165,1938-01-01,118,1955,1963,False,,,,no
Bruce,Monteath,Richmond,,11,188,1955-09-20,118,1975,1980,False,,,,no
John,Northey,Richmond,,9,175,1943-06-29,118,1963,1970,False,,,,no
Dean,Rice,Carlton,,23,180,1968-03-17,118,1994,2001,False,,,,no
Vin,Brown,Carlton,,15,178,1922-02-05,117,1941,1948,False,,,,no
Jim,Cameron,Sydney,,,,1881-10-23,117,1903,1911,False,,,,no
Roger,Duffy,WesternBulldogs,,7,180,1931-09-26,117,1952,1958,False,,,,no
Allan,Everett,Geelong,,10,177,1913-04-12,117,1934,1940,False,,,,no
Bill,Faul,Sydney,,14,179,1909-06-08,117,1932,1938,False,,,,no
Jack,Garrick,Sydney,,29,185,1926-07-22,117,1948,1955,False,,,,no
Stan,Lloyd,Stkilda,,20,183,1911-11-06,117,1934,1942,False,,,,no
Harry,Long,Melbourne,,20,182,1910-02-13,117,1929,1937,False,,,,no
John,Manzie,Stkilda,,26,179,1947-12-08,117,1967,1975,False,,,,no
Chris,McDermott,Adelaide,,10,182,1963-11-04,117,1991,1996,False,,,,no
Charlie,McInnes,Carlton,,31,174,1916-08-21,117,1938,1946,False,,,,no
Sam,Menegola,Geelong,,27,189,1992-03-07,117,2016,2023,False,,,,no
Roy,Millen,Fitzroy,,26,173,1893-10-12,117,1913,1923,False,,,,no
Reg,Richards,Sydney,,14,173,1917-12-14,117,1936,1947,False,,,,no
Peter,Rohde,Melbourne,,41,185,1964-11-19,117,1988,1995,False,,,,no
Arthur,Sanger,Carlton,,18,177,1918-03-26,117,1938,1947,False,,,,no
George,Shaw,Fitzroy,,17,164,1886-04-01,117,1911,1920,False,,,,no
Arthur,Sowden,Melbourne,,,170,1878-04-06,117,1899,1906,False,,,,no
Geoff,Tunbridge,Melbourne,,23,178,1932-04-07,117,1957,1962,False,,,,no
Lindsay,White,Geelong,,7,185,1922-01-05,117,1941,1950,False,,,,no
Bob,Wilkie,Stkilda,,9,165,1920-07-03,117,1940,1951,False,,,,no
Paul,Williams,Sydney,,10,177,1973-04-03,117,2001,2006,False,,,,no
Peter,Wilson,WestCoast,,9,183,1963-11-15,117,1990,1995,False,,,,no
Tom,Brownlees,Geelong,,3,180,1891-10-20,116,1913,1922,False,,,,no
Brian,Buckley,Carlton,,4,185,1935-08-03,116,1956,1965,False,,,,no
Robert,Campbell,Hawthorn,,39,199,1982-06-02,116,2002,2009,False,,,,no
Allan,Cooke,Richmond,,7,185,1930-04-09,116,1949,1958,False,,,,no
Adrian,Dullard,Melbourne,,28,185,1918-01-12,116,1940,1949,False,,,,no
Matthew,Fell,Collingwood,,,180,1875-08-23,116,1898,1905,False,,,,no
Jack,Garden,Essendon,,28,170,1895-03-03,116,1915,1926,False,,,,no
Kane,Johnson,Richmond,,17,187,1978-03-15,116,2003,2008,False,,,,no
Matthew,Liptak,Adelaide,,27,178,1970-04-30,116,1991,1999,False,,,,no
Justin,McInerney,Sydney,Sydney,27,187,2000-08-18,116,2019,2026,True,MIDFIELDER,NA,NA,yes
Hugh,McLaughlin,Sydney,,25,178,1935-10-13,116,1955,1964,False,,,,no
Shane,Mumford,GWS,,41,197,1986-07-05,116,2014,2021,False,,,,no
John,Newnham,Fitzroy,,20,170,1942-10-25,116,1964,1971,False,,,,no
Rod,Olsson,Hawthorn,,25,187,1942-04-23,116,1962,1969,False,,,,no
Brad,Ottens,Geelong,,6,202,1980-01-25,116,2005,2011,False,,,,no
Ian,Perrie,Adelaide,,22,194,1979-04-09,116,1998,2007,False,,,,no
Daniel,Pratt,NorthMelbourne,,30,186,1983-03-21,116,2005,2011,False,,,,no
Les,Reeves,NorthMelbourne,,24,179,1923-06-22,116,1946,1953,False,,,,no
Colin,Robertson,Hawthorn,,32,182,1957-06-19,116,1980,1986,False,,,,no
Gordon,Strang,Richmond,,23,185,1908-02-10,116,1931,1938,False,,,,no
Bob,Syme,Essendon,,26,188,1924-11-30,116,1944,1953,False,,,,no
Viv,Valentine,Carlton,,4,168,1887-12-03,116,1911,1918,False,,,,no
Simon,Wiggins,Carlton,,34,187,1982-09-11,116,2001,2009,False,,,,no
Lance,Wilkinson,Hawthorn,,16,170,1931-03-14,116,1949,1956,False,,,,no
Ryan,Burton,PortAdelaide,,3,191,1997-01-31,115,2019,2025,False,,,,no
Barry,Cable,NorthMelbourne,,9,168,1943-09-22,115,1970,1977,False,,,,no
Jeremy,Cameron,Geelong,Geelong,5,196,1993-04-01,115,2021,2026,True,KEY_FORWARD,other,NA,yes
Harry,Coy,Melbourne,,19,178,1900-02-04,115,1921,1928,False,,,,no
Todd,Curley,WesternBulldogs,,11,188,1973-01-14,115,1996,2001,False,,,,no
Jayson,Daniels,Stkilda,,34,183,1971-02-19,115,1988,1998,False,,,,no
Vin,English,Carlton,,14,185,1929-04-03,115,1950,1956,False,,,,no
Tom,Green,GWS,GWS,12,188,2001-01-23,115,2020,2025,False,MIDFIELDER,nationalDraft,10,yes
Jim,Marchbank,Carlton,,15,188,1878-08-17,115,1903,1913,False,,,,no
Angie,Muller,Geelong,,28,175,1912-11-13,115,1933,1941,False,,,,no
Bruce,Phillips,Stkilda,,14,188,1929-05-02,115,1947,1955,False,,,,no
Barrie,Vagg,Melbourne,,32,182,1943-01-21,115,1962,1969,False,,,,no
Paddy,Walsh,Essendon,,28,184,1906-08-21,115,1927,1936,False,,,,no
Chad,Warner,Sydney,Sydney,1,181,2001-05-19,115,2020,2026,True,MIDFIELDER_FORWARD,NA,NA,yes
Alan,Williams,Collingwood,,28,188,1917-12-17,115,1938,1945,False,,,,no
Bill,Wood,WesternBulldogs,,28,183,1921-11-09,115,1944,1951,False,,,,no
Ernie,Cameron,Essendon,,6,173,1888-02-20,114,1905,1912,False,,,,no
Hunter,Clark,Stkilda,St Kilda,11,187,1999-03-26,114,2018,2026,True,MEDIUM_DEFENDER,NA,NA,yes
Brent,Daniels,GWS,GWS,16,170,1999-03-09,114,2018,2026,True,MEDIUM_FORWARD,nationalDraft,27,yes
Tory,Dickson,WesternBulldogs,,29,184,1987-09-26,114,2012,2020,False,,,,no
Ricky,Dyson,Essendon,,2,183,1985-09-28,114,2004,2012,False,,,,no
Jack,Edwards,NorthMelbourne,,35,180,1931-02-26,114,1951,1959,False,,,,no
Graham,Gilchrist,Carlton,,28,180,1932-08-14,114,1952,1961,False,,,,no
George,Gniel,Geelong,,17,183,1919-04-06,114,1939,1947,False,,,,no
Frank,Harley,Richmond,,16,178,1895-06-29,114,1915,1925,False,,,,no
Des,Headland,Fremantle.xlsx,,11,186,1981-01-21,114,2003,2010,False,,,,no
Laurie,Hill,Collingwood,,13,180,1942-07-18,114,1962,1969,False,,,,no
Matthew,Hogg,Carlton,,33,175,1968-12-21,114,1992,1999,False,,,,no
Tom,Logan,PortAdelaide,,44,183,1985-07-02,114,2006,2014,False,,,,no
Bill,Mahoney,Richmond,,10,163,1885-01-01,114,1908,1920,False,,,,no
Billy,McCarter,Geelong,,24,170,1888-10-23,114,1913,1924,False,,,,no
Alan,Richardson,Collingwood,,13,180,1965-05-17,114,1987,1996,False,,,,no
Matt,Rowell,Goldcoast,Gold Coast,18,178,2001-07-01,114,2020,2026,True,MIDFIELDER,NA,NA,yes
Sean,Simpson,Geelong,,37,188,1970-04-16,114,1991,1998,False,,,,no
Charles,Skinner,NorthMelbourne,,7,170,1912-01-02,114,1933,1942,False,,,,no
John,Barker,Hawthorn,,27,194,1975-02-19,113,1998,2006,False,,,,no
Jack,Barker,Hawthorn,,6,185,1917-12-23,113,1937,1945,False,,,,no
Norm,Bussell,Hawthorn,,16,193,1945-01-06,113,1968,1973,False,,,,no
Denis,Clark,Melbourne,,17,174,1950-04-22,113,1968,1975,False,,,,no
Murray,Exelby,Essendon,,4,173,1912-10-11,113,1935,1944,False,,,,no
John,Gastev,Brisbane,,4,180,1964-08-11,113,1989,1994,False,,,,no
Jim,Guyatt,Stkilda,,27,179,1939-09-05,113,1957,1964,False,,,,no
Harry,Haughton,Carlton,,5,182,1886-01-02,113,1912,1919,False,,,,no
Michael,Hibberd,Melbourne,,14,186,1990-01-03,113,2017,2023,False,,,,no
Paul,Hopgood,Melbourne,,15,179,1973-07-21,113,1993,2000,False,,,,no
Jack,McDonald,Stkilda,,2,180,1930-01-28,113,1948,1956,False,,,,no
Tony,McGuinness,Adelaide,,11,176,1964-05-06,113,1991,1996,False,,,,no
Kayne,Pettifer,Richmond,,15,183,1982-01-22,113,2001,2009,False,,,,no
Ian,Salmon,WesternBulldogs,,18,192,1952-11-04,113,1970,1976,False,,,,no
Robert,Scott,NorthMelbourne,,8,173,1969-03-01,113,1995,2000,False,,,,no
Bailey,Scott,NorthMelbourne,North Melbourne,8,186,2000-07-09,113,2019,2025,False,MIDFIELDER,fatherSon,49,yes
Jim,Atkinson,Fitzroy,,17,175,1896-04-04,112,1917,1925,False,,,,no
Dick,Casey,Sydney,,22,168,,112,1905,1912,False,,,,no
Hugh,Gavin,Essendon,,,180,1878-10-25,112,1897,1904,False,,,,no
David,Grenvold,Essendon,,29,180,1966-03-06,112,1989,1996,False,,,,no
Percy,Hunt,Geelong,,25,178,1922-11-12,112,1945,1950,False,,,,no
Alan,Mannix,WesternBulldogs,,8,182,1947-05-09,112,1965,1972,False,,,,no
Mark,Nicoski,WestCoast,,6,188,1983-11-24,112,2004,2011,False,,,,no
John,OMahoney,Hawthorn,,3,179,1931-12-07,112,1951,1960,False,,,,no
Billy,Orchard,Geelong,,11,180,1888-08-09,112,1906,1915,False,,,,no
Tim,Pekin,Stkilda,,41,185,1965-01-22,112,1990,1995,False,,,,no
Clive,Philp,Hawthorn,,8,178,1926-02-28,112,1948,1955,False,,,,no
Andrew,Purser,WesternBulldogs,,1,193,1958-10-31,112,1983,1987,False,,,,no
Sam,Switkowski,Fremantle.xlsx,Fremantle,39,179,1996-11-20,112,2018,2026,True,MEDIUM_FORWARD,nationalDraft,73,yes
Andrew,Wilson,Essendon,,33,179,1951-09-25,112,1971,1977,False,,,,no
Harry,Baker,WesternBulldogs,,9,183,1907-11-30,111,1926,1934,False,,,,no
Bob,Deas,Sydney,,8,180,1886-09-17,111,1909,1917,False,,,,no
Charlie,Fisher,Carlton,,7,178,1892-11-17,111,1914,1921,False,,,,no
Fred,Fontaine,Fitzroy,,,179,1878-01-30,111,1898,1907,False,,,,no
Des,Fothergill,Collingwood,,8,178,1920-07-15,111,1937,1947,False,,,,no
Brian,Gray,Collingwood,,4,175,1938-02-21,111,1956,1965,False,,,,no
Jack,Hacker,Sydney,,29,173,1914-04-19,111,1937,1944,False,,,,no
Ian,Hampshire,WesternBulldogs,,1,196,1948-05-09,111,1976,1982,False,,,,no
Rupe,McDonald,Geelong,,6,184,1910-03-17,111,1929,1935,False,,,,no
Daniel,McPherson,Sydney,,13,182,1975-07-05,111,1994,2003,False,,,,no
Graeme,Melrose,NorthMelbourne,,17,177,1949-04-20,111,1975,1979,False,,,,no
Stan,Molan,Fitzroy,,2,183,1893-09-26,111,1918,1924,False,,,,no
John,OConnell,Carlton,,19,183,1951-04-22,111,1970,1976,False,,,,no
Keith,Rawle,Essendon,,2,169,1924-10-29,111,1942,1949,False,,,,no
Ron,Savage,Carlton,,24,187,1917-04-22,111,1938,1945,False,,,,no
Mick,Sibun,Sydney,,7,173,1929-04-12,111,1950,1956,False,,,,no
Jack,Symons,Richmond,,19,185,1912-05-11,111,1934,1944,False,,,,no
Kevin,Wade,Collingwood,,31,180,1922-06-30,111,1942,1949,False,,,,no
Brendan,Whitecross,Hawthorn,,37,183,1990-01-25,111,2009,2018,False,,,,no
Wayne,Blackwell,Carlton,,8,179,1960-08-30,110,1984,1990,False,,,,no
Con,Britt,Collingwood,,27,179,1947-08-10,110,1966,1973,False,,,,no
Dan,Butler,Stkilda,St Kilda,16,182,1996-06-03,110,2020,2026,True,MEDIUM_FORWARD,NA,NA,yes
Ray,Card,Geelong,,20,185,1957-04-04,110,1977,1987,False,,,,no
Darren,Hulme,Carlton,,27,175,1977-07-10,110,1997,2004,False,,,,no
Andrew,Ireland,Collingwood,,24,191,1953-03-07,110,1975,1980,False,,,,no
Andrew,Jarman,Adelaide,,2,177,1966-01-14,110,1991,1996,False,,,,no
Liam,Jones,WesternBulldogs,,19,199,1991-02-24,110,2010,2025,False,,,,no
Brian,Leys,Richmond,,26,190,1968-02-07,110,1988,1994,False,,,,no
Len,Metherell,Geelong,,3,183,1908-11-17,110,1930,1936,False,,,,no
Alistair,Nicholson,Melbourne,,8,197,1978-03-04,110,1997,2005,False,,,,no
Des,Nisbet,Stkilda,,50,180,1921-10-29,110,1944,1952,False,,,,no
Mike,Pyke,Sydney,,38,201,1984-03-24,110,2009,2015,False,,,,no
Syd,Reeves,Richmond,,11,177,1891-08-29,110,1910,1919,False,,,,no
Maurie,Sheehy,Collingwood,,22,175,1893-06-12,110,1914,1922,False,,,,no
Toby,Thurstans,PortAdelaide,,28,196,1980-08-14,110,2003,2009,False,,,,no
Bervin,Woods,Collingwood,,25,180,1910-01-09,110,1935,1940,False,,,,no
Denis,Zeunert,Carlton,,19,180,1931-07-12,110,1954,1960,False,,,,no
Frank,Coghlan,Stkilda,,15,183,1962-10-31,109,1986,1992,False,,,,no
Peter,Curran,Hawthorn,,25,192,1962-07-15,109,1983,1990,False,,,,no
Brendan,Edwards,Hawthorn,,9,178,1936-03-18,109,1956,1963,False,,,,no
Reg,Evenden,WesternBulldogs,,19,183,1919-01-25,109,1938,1948,False,,,,no
George,Hastings,Essendon,,,169,1877-01-13,109,1897,1904,False,,,,no
Jack,Higgins,Stkilda,St Kilda,22,177,1999-03-19,109,2021,2026,True,MEDIUM_FORWARD,NA,NA,yes
Max,Holmes,Geelong,Geelong,9,189,2002-08-29,109,2021,2026,True,MIDFIELDER,nationalDraft,20,yes
Harry,Hunter,Essendon,,7,184,1902-02-24,109,1921,1929,False,,,,no
Clarrie,Lonsdale,Hawthorn,,4,180,1906-09-13,109,1927,1937,False,,,,no
Gordon,McCracken,Fitzroy,,24,191,1898-03-22,109,1920,1927,False,,,,no
Jai,Newcombe,Hawthorn,Hawthorn,3,186,2001-08-02,109,2021,2026,True,MIDFIELDER,NA,NA,yes
Peter,ODonohue,Hawthorn,,14,179,1923-06-14,109,1942,1952,False,,,,no
Howard,Okey,Essendon,,2,177,1906-02-12,109,1928,1934,False,,,,no
Andy,Otten,Adelaide,,22,194,1989-05-15,109,2008,2019,False,,,,no
Mick,Pleass,Sydney,,,180,1874-11-12,109,1897,1904,False,,,,no
Charlie,Priestley,Richmond,,11,180,1916-06-22,109,1938,1947,False,,,,no
Jack,Purse,Melbourne,,,179,1879-06-28,109,1900,1908,False,,,,no
Ian,Rowland,Stkilda,,26,173,1941-03-04,109,1960,1966,False,,,,no
Shane,Savage,Stkilda,,5,187,1991-01-05,109,2014,2020,False,,,,no
Michael,Symons,Essendon,,12,182,1971-09-16,109,1992,1999,False,,,,no
Percy,Trotter,Fitzroy,,,168,1883-09-01,109,1901,1906,False,,,,no
Ken,Walker,Stkilda,,21,183,1919-10-17,109,1938,1945,False,,,,no
Greg,Williams,Carlton,,2,176,1963-09-30,109,1992,1997,False,,,,no
Darren,Williams,Essendon,,13,176,1960-10-13,109,1979,1989,False,,,,no
Stan,Wittman,Melbourne,,1,178,1901-06-01,109,1924,1931,False,,,,no
Miles,Bergman,PortAdelaide,Port Adelaide,14,186,2001-10-18,108,2021,2026,True,MEDIUM_DEFENDER,nationalDraft,14,yes
Tony,Brown,Stkilda,,2,175,1977-05-28,108,1995,2000,False,,,,no
Vic,Chanter,Fitzroy,,24,183,1921-01-26,108,1946,1952,False,,,,no
Anthony,Dullard,Melbourne,,28,192,1955-07-13,108,1973,1981,False,,,,no
Tony,Evans,WestCoast,,18,175,1969-06-14,108,1991,1998,False,,,,no
John,Goold,Carlton,,11,187,1941-06-27,108,1963,1970,False,,,,no
David,Hale,Hawthorn,,20,201,1984-05-22,108,2011,2015,False,,,,no
George,Hams,Collingwood,,7,173,1928-07-29,108,1948,1955,False,,,,no
John,Hyde,Geelong,,16,184,1930-04-11,108,1948,1954,False,,,,no
Tom,Lynch,Richmond,Richmond,19,199,1992-10-31,108,2019,2026,True,KEY_FORWARD,NA,NA,yes
Ken,McCormack,Sydney,,36,170,1933-01-18,108,1954,1961,False,,,,no
Sel,Murray,NorthMelbourne,,26,185,1917-11-23,108,1937,1948,False,,,,no
Bill,Proudfoot,Collingwood,,,184,1868-06-11,108,1897,1906,False,,,,no
Alex,Ruscuklic,Fitzroy,,13,191,1948-09-21,108,1966,1974,False,,,,no
Adam,Saad,Carlton,Carlton,42,178,1994-07-23,108,2021,2026,True,MEDIUM_DEFENDER,rookieElevation,NA,yes
Wally,Scott,Stkilda,,,168,1884-06-28,108,1904,1911,False,,,,no
Joe,Slater,Geelong,,19,179,1888-11-29,108,1906,1914,False,,,,no
Alan,Squire,Stkilda,,7,188,1927-02-09,108,1948,1954,False,,,,no
Roy,West,Geelong,,31,185,1941-03-31,108,1961,1967,False,,,,no
George,Young,Stkilda,,27,185,1949-02-03,108,1973,1978,False,,,,no
Garry,Young,Hawthorn,,31,183,1939-07-10,108,1956,1965,False,,,,no
Lou,Armstrong,Essendon,,2,170,1885-02-08,107,1908,1914,False,,,,no
Bob,Bawden,Richmond,,23,191,1917-02-28,107,1939,1945,False,,,,no
Peter,Box,WesternBulldogs,,5,180,1932-03-22,107,1951,1957,False,,,,no
Bob,Brooker,NorthMelbourne,,28,188,1926-10-17,107,1949,1956,False,,,,no
Charlie,Brown,Collingwood,,1,178,1896-04-30,107,1916,1923,False,,,,no
Tommy,Corrigan,Fitzroy,,27,178,1903-02-24,107,1922,1928,False,,,,no
John,Greening,Collingwood,,22,185,1950-12-25,107,1968,1976,False,,,,no
Phil,Hay,Hawthorn,,22,180,1938-02-07,107,1960,1966,False,,,,no
Josh,Hill,WestCoast,,33,186,1989-01-19,107,2012,2017,False,,,,no
Ethan,Hughes,Fremantle.xlsx,,15,188,1994-12-07,107,2015,2024,False,,,,no
Alf,Hughes,Hawthorn,,12,178,1930-06-25,107,1953,1959,False,,,,no
Ian,Hull,Richmond,,27,183,1916-06-20,107,1936,1945,False,,,,no
Graham,Ion,WesternBulldogs,,17,178,1940-10-12,107,1958,1965,False,,,,no
Jake,King,Richmond,,28,178,1984-03-26,107,2007,2014,False,,,,no
Ted,Kinnear,Essendon,,,180,1874-10-27,107,1897,1903,False,,,,no
Martin,Leslie,Brisbane,,17,187,1962-11-17,107,1989,1995,False,,,,no
Albert,Mantello,NorthMelbourne,,32,180,1934-04-30,107,1954,1962,False,,,,no
Jason,McCartney,NorthMelbourne,,5,191,1974-03-14,107,1998,2003,False,,,,no
Fraser,Murphy,Carlton,,30,169,1963-01-02,107,1984,1991,False,,,,no
Nic,Newman,Carlton,Carlton,24,187,1993-01-15,107,2019,2026,True,MEDIUM_DEFENDER,rookieElevation,NA,yes
Mick,Nolan,NorthMelbourne,,22,194,1949-11-09,107,1973,1980,False,,,,no
Lance,Oswald,Stkilda,,24,179,1937-02-14,107,1957,1963,False,,,,no
Harry,Petty,Melbourne,,35,197,1999-11-12,107,2018,2026,True,,,,no
Guy,Rigoni,Melbourne,,43,181,1974-07-27,107,1998,2005,False,,,,no
Tom,Allison,NorthMelbourne,,18,175,1944-02-29,106,1963,1970,False,,,,no
Bud,Annand,Stkilda,,20,189,1933-06-18,106,1956,1962,False,,,,no
Ted,Bryce,Essendon,,9,168,1912-12-21,106,1935,1942,False,,,,no
Bert,Deacon,Carlton,,23,180,1922-11-08,106,1942,1951,False,,,,no
Graham,Donaldson,Carlton,,13,192,1935-06-20,106,1955,1962,False,,,,no
Martin,Gotz,Carlton,,12,179,1883-02-26,106,1906,1913,False,,,,no
Ted,Kennedy,Carlton,,,170,1877-09-07,106,1904,1909,False,,,,no
George,Lambert,Fitzroy,,15,170,1887-09-09,106,1909,1917,False,,,,no
Ian,Law,Hawthorn,,7,175,1938-09-27,106,1960,1968,False,,,,no
Allen,Lynch,Fitzroy,,11,191,1938-07-30,106,1959,1966,False,,,,no
Geoff,Moriarty,Fitzroy,,,175,1871-10-28,106,1897,1907,False,,,,no
James,Morrissey,Hawthorn,,35,184,1964-10-04,106,1984,1993,False,,,,no
Charlie,Norris,Fitzroy,,22,178,1881-07-23,106,1911,1918,False,,,,no
Martin,Pike,Brisbane,,13,189,1972-11-14,106,2001,2005,False,,,,no
David,Rhys-Jones,Carlton,,26,187,1962-06-16,106,1985,1992,False,,,,no
Jordan,Ridley,Essendon,Essendon,14,192,1998-10-20,106,2018,2026,True,MEDIUM_DEFENDER,nationalDraft,22,yes
Kevin,Roberts,Stkilda,,23,179,1939-04-11,106,1960,1969,False,,,,no
Phil,Ryan,NorthMelbourne,,19,191,1951-05-14,106,1970,1976,False,,,,no
John,Somerville,Essendon,,19,188,1939-12-08,106,1960,1967,False,,,,no
Greg,Stockdale,Essendon,,25,178,1899-07-30,106,1920,1928,False,,,,no
Rory,Thompson,Goldcoast,,16,200,1991-03-12,106,2011,2022,False,,,,no
Simon,Tregenza,Adelaide,,12,182,1971-03-09,106,1991,1998,False,,,,no
Clive,Waterhouse,Fremantle.xlsx,,26,184,1974-06-23,106,1996,2004,False,,,,no
Vic,Barwick,Stkilda,,29,177,1879-06-17,105,1903,1913,False,,,,no
Paul,Callery,Stkilda,,35,165,1950-04-18,105,1974,1980,False,,,,no
Stephen,Carey,Essendon,,17,180,1959-10-14,105,1980,1986,False,,,,no
Wally,Clark,Fitzroy,,7,168,1936-05-25,105,1955,1962,False,,,,no
Larry,Donohue,Geelong,,23,196,1955-04-22,105,1973,1980,False,,,,no
Roy,Dowsing,Melbourne,,2,170,1915-10-23,105,1939,1946,False,,,,no
Eric,Fleming,Geelong,,11,191,1903-03-16,105,1922,1928,False,,,,no
Robbie,Fox,Sydney,,42,185,1993-04-16,105,2017,2024,False,,,,no
Anthony,Franchina,Carlton,,45,176,1977-10-11,105,1997,2003,False,,,,no
Brian,Gilmore,WesternBulldogs,,34,193,1933-07-08,105,1952,1958,False,,,,no
Simon,Godfrey,Melbourne,,30,184,1980-10-18,105,2000,2007,False,,,,no
Errol,Gulden,Sydney,Sydney,21,175,2002-07-18,105,2021,2026,True,MIDFIELDER_FORWARD,NA,NA,yes
Paul,Hamilton,Essendon,,16,189,1967-06-19,105,1986,1992,False,,,,no
Darren,Kowal,Melbourne,,7,173,1972-06-18,105,1992,1999,False,,,,no
Alex,Lang,Carlton,,18,175,1888-03-12,105,1906,1917,False,,,,no
Graeme,MacKenzie,Fitzroy,,29,175,1935-03-08,105,1956,1962,False,,,,no
Alan,Martin,WesternBulldogs,,19,180,1928-03-13,105,1949,1954,False,,,,no
Haydn,McAuliffe,Sydney,,25,175,1946-05-15,105,1965,1973,False,,,,no
Geoff,McGivern,Melbourne,,17,189,1930-12-27,105,1950,1956,False,,,,no
Lewis,Melican,Sydney,Sydney,43,195,1996-11-04,105,2017,2026,True,KEY_DEFENDER,NA,NA,yes
Ted,Ohlson,Richmond,,2,177,1886-10-15,105,1908,1915,False,,,,no
Archie,Perkins,Essendon,Essendon,16,185,2002-03-26,105,2021,2026,True,MEDIUM_FORWARD,nationalDraft,9,yes
Edward,Stevenson,Geelong,,15,166,1901-04-11,105,1922,1929,False,,,,no
Francis,Vine,Melbourne,,23,188,1904-10-01,105,1926,1934,False,,,,no
Ray,Wilson,Hawthorn,,10,180,1945-01-21,105,1966,1972,False,,,,no
Leigh,Adams,NorthMelbourne,,13,176,1988-04-06,104,2007,2014,False,,,,no
James,Aish,Fremantle.xlsx,,11,183,1995-11-08,104,2020,2025,False,,,,no
George,Anderson,Collingwood,,1,168,1885-06-03,104,1911,1917,False,,,,no
Allan,Cations,Richmond,,33,185,1932-10-10,104,1952,1959,False,,,,no
Charles,Chapman,Fitzroy,,20,180,1905-01-11,104,1924,1931,False,,,,no
Leigh,Colbert,NorthMelbourne,,2,192,1975-06-07,104,2000,2005,False,,,,no
Harry,Comte,Stkilda,,9,175,1909-03-10,104,1930,1937,False,,,,no
Clarrie,Curyer,Stkilda,,11,177,1912-12-11,104,1935,1941,False,,,,no
Ron,De Iulio,Carlton,,34,180,1972-04-15,104,1992,1999,False,,,,no
Des,English,Carlton,,27,178,1957-10-09,104,1980,1986,False,,,,no
Fred,Fanning,Melbourne,,6,193,1921-11-05,104,1940,1947,False,,,,no
Michael,Frederick,Fremantle.xlsx,Fremantle,32,183,2000-05-17,104,2020,2026,True,MEDIUM_FORWARD,nationalDraft,61,yes
Bill,Gunn,Sydney,,8,183,1932-03-04,104,1952,1959,False,,,,no
Frank,Hailwood,Collingwood,,,184,1873-04-03,104,1897,1904,False,,,,no
Pat,Kelly,NorthMelbourne,,22,178,1923-05-10,104,1945,1955,False,,,,no
Anthony,McDonald,Melbourne,,35,182,1972-06-13,104,1997,2002,False,,,,no
Mitch,McGovern,Carlton,Carlton,11,191,1994-10-11,104,2019,2026,True,KEY_FORWARD,nationalDraft,43,yes
Cam,McPherson,Hawthorn,,26,180,1940-05-24,104,1959,1966,False,,,,no
David,Palm,Richmond,,6,179,1958-07-07,104,1983,1988,False,,,,no
Danyle,Pearce,Fremantle.xlsx,,6,178,1986-04-07,104,2013,2018,False,,,,no
Noel,Price,Fitzroy,,22,179,1917-12-27,104,1939,1947,False,,,,no
Mickey,Sharp,Fitzroy,,27,173,1914-11-14,104,1932,1941,False,,,,no
Nick,Stevens,Carlton,,24,182,1980-01-03,104,2004,2009,False,,,,no
Brian,Woodman,Sydney,,10,175,1950-10-10,104,1972,1978,False,,,,no
Clint,Bartram,Melbourne,,3,181,1988-02-16,103,2006,2012,False,,,,no
Rohan,Bewick,Brisbane,,8,184,1989-10-10,103,2011,2018,False,,,,no
Bill,Busbridge,Essendon,,21,183,1885-01-31,103,1904,1912,False,,,,no
Daniel,Chick,WestCoast,,17,185,1976-02-10,103,2003,2007,False,,,,no
Thomas,Clarke,Essendon,,23,170,1906-11-21,103,1927,1934,False,,,,no
Neil,Doolan,NorthMelbourne,,12,178,1933-01-27,103,1951,1960,False,,,,no
Les,Kaine,Hawthorn,,1,185,1936-08-08,103,1956,1962,False,,,,no
Beau,McCreery,Collingwood,Collingwood,31,186,2001-04-19,103,2021,2026,True,MEDIUM_FORWARD,nationalDraft,44,yes
Michael,Pettigrew,PortAdelaide,,36,193,1985-03-16,103,2004,2011,False,,,,no
Albert,Prior,Hawthorn,,24,185,1921-01-15,103,1941,1950,False,,,,no
Daniel,Southern,WesternBulldogs,,8,188,1975-01-01,103,1994,2000,False,,,,no
Kris,Barlow,Hawthorn,,33,188,1973-07-15,102,1999,2004,False,,,,no
Matthew,Bate,Melbourne,,6,192,1987-05-24,102,2006,2012,False,,,,no
Stan,Booth,Essendon,,2,173,1933-12-03,102,1952,1959,False,,,,no
Damian,Bourke,Geelong,,30,199,1965-01-19,102,1983,1992,False,,,,no
Jeff,Clifton,Collingwood,,21,193,1949-02-21,102,1969,1974,False,,,,no
Berkeley,Cox,Carlton,,9,175,1935-05-03,102,1958,1965,False,,,,no
Len,Crane,Hawthorn,,14,179,1928-02-07,102,1951,1957,False,,,,no
Len,Dockett,Melbourne,,32,175,1920-03-05,102,1946,1951,False,,,,no
Jim,Dorgan,Sydney,,11,173,1930-11-26,102,1951,1958,False,,,,no
Wes,Fellowes,Collingwood,,15,200,1961-03-07,102,1981,1989,False,,,,no
Dick,Grimmond,Richmond,,19,179,1938-07-06,102,1959,1964,False,,,,no
Danny,Guinane,Richmond,,22,179,1911-05-18,102,1934,1943,False,,,,no
Fred,Hawking,Geelong,,17,180,1909-09-22,102,1932,1941,False,,,,no
Brett,Jones,WestCoast,,38,189,1982-08-06,102,2004,2010,False,,,,no
Chris,Kiernan,Fitzroy,,,,1878-03-23,102,1897,1911,False,,,,no
Jarryd,Lyons,Brisbane,,17,184,1992-07-22,102,2019,2024,False,,,,no
Jim,Malone,NorthMelbourne,,11,173,1925-11-13,102,1945,1952,False,,,,no
Toby,McLean,WesternBulldogs,,16,180,1996-01-31,102,2015,2023,False,,,,no
Jackson,Nelson,WestCoast,,30,187,1996-03-15,102,2015,2022,False,,,,no
Liam,Pickering,Geelong,,23,184,1968-09-09,102,1993,1999,False,,,,no
John,Reeves,NorthMelbourne,,6,185,1929-09-02,102,1948,1955,False,,,,no
Col,Saddington,Richmond,,26,180,1937-06-26,102,1956,1962,False,,,,no
Keith,Schaefer,Sydney,,22,180,1928-12-20,102,1947,1953,False,,,,no
Mal,Seddon,Collingwood,,26,182,1888-05-31,102,1911,1921,False,,,,no
Kevin,Sheehan,Geelong,,8,177,1953-08-01,102,1974,1982,False,,,,no
Earl,Spalding,Carlton,,11,198,1965-03-11,102,1992,1997,False,,,,no
Fred,Stafford,Carlton,,10,173,1926-08-03,102,1947,1952,False,,,,no
Tyson,Stenglein,WestCoast,,5,189,1980-07-16,102,2005,2009,False,,,,no
Eric,Zschech,Richmond,,25,174,1909-06-19,102,1930,1935,False,,,,no
Jordan,Clark,Fremantle.xlsx,Fremantle,6,185,2000-10-16,101,2022,2026,True,MEDIUM_DEFENDER,nationalDraft,15,yes
Nick,Daicos,Collingwood,Collingwood,35,184,2003-01-03,101,2022,2026,True,MIDFIELDER,fatherSon,4,yes
Steven,Dodd,Fremantle.xlsx,,25,191,1983-06-20,101,2004,2010,False,,,,no
Taylor,Duryea,WesternBulldogs,,15,179,1991-04-24,101,2019,2025,False,,,,no
Graham,Farmer,Geelong,,5,191,1935-03-10,101,1962,1967,False,,,,no
Nigel,Kellett,WesternBulldogs,,4,180,1969-12-18,101,1989,1997,False,,,,no
Daniel,Lloyd,GWS,,38,187,1992-02-18,101,2017,2023,False,,,,no
Roy,McKay,WesternBulldogs,,15,185,1909-03-25,101,1930,1935,False,,,,no
Mick,Price,Carlton,,30,174,1914-04-30,101,1936,1946,False,,,,no
Arthur,Rademacher,Sydney,,20,175,1889-11-27,101,1913,1920,False,,,,no
Arthur,Rayson,Geelong,,28,170,1901-12-01,101,1924,1931,False,,,,no
Saverio,Rocca,NorthMelbourne,,26,195,1973-11-20,101,2001,2006,False,,,,no
Norm,Scott,Geelong,,29,182,1921-06-06,101,1946,1952,False,,,,no
Mark,Stevens,Adelaide,,19,194,1975-10-25,101,1998,2005,False,,,,no
Paul,Stewart,PortAdelaide,,14,191,1987-07-10,101,2008,2016,False,,,,no
Dale,Thomas,Carlton,,39,185,1987-06-21,101,2014,2019,False,,,,no
Tom,Tribe,WesternBulldogs,,25,178,1919-02-04,101,1939,1946,False,,,,no
Ernest,Utting,Hawthorn,,28,166,1897-10-31,101,1925,1932,False,,,,no
Jack,Vosti,Essendon,,5,185,1903-04-25,101,1925,1935,False,,,,no
Rupe,Brownlees,Geelong,,9,178,1888-04-26,100,1908,1919,False,,,,no
Vic,Castles,Sydney,,8,173,1918-01-04,100,1942,1947,False,,,,no
Peter,Daniel,Essendon,,28,188,1947-09-17,100,1968,1974,False,,,,no
Billy,Dick,Carlton,,1,179,1889-07-16,100,1911,1918,False,,,,no
Bill,Dolphin,Sydney,,,178,1881-11-05,100,1905,1911,False,,,,no
George,Dower,Hawthorn,,25,183,1913-07-11,100,1933,1940,False,,,,no
Frank,Dunell,Essendon,,7,185,1958-03-17,100,1979,1986,False,,,,no
Terry,Gleeson,Melbourne,,28,193,1933-10-16,100,1953,1962,False,,,,no
Jack,Grimes,Melbourne,,16,187,1989-05-11,100,2008,2016,False,,,,no
Fred,Heifner,Richmond,,33,180,1909-08-23,100,1929,1935,False,,,,no
Francis,Jackson,Sydney,,31,184,1954-08-24,100,1975,1983,False,,,,no
Chayce,Jones,Adelaide,Adelaide,1,180,2000-01-14,100,2019,2026,True,MEDIUM_DEFENDER,nationalDraft,9,yes
Karl,Langdon,WestCoast,,19,191,1968-03-28,100,1988,1995,False,,,,no
Don,McIntyre,Carlton,,2,179,1915-03-05,100,1935,1942,False,,,,no
Bill,Pavey,Hawthorn,,19,179,1913-09-26,100,1937,1945,False,,,,no
Clancee,Pearce,Fremantle.xlsx,,46,182,1990-10-23,100,2009,2016,False,,,,no
Doug,Rayment,Stkilda,,12,165,1910-12-13,100,1934,1940,False,,,,no
Dean,Rioli,Essendon,,43,180,1978-05-20,100,1999,2006,False,,,,no
Charlie,Roland,Carlton,,,174,1876-01-29,100,1900,1908,False,,,,no
Jack,Ross,Richmond,Richmond,5,187,2000-09-03,100,2019,2026,True,MIDFIELDER,NA,NA,yes
Brian,Sampson,Essendon,,34,192,1941-02-15,100,1959,1966,False,,,,no
Maurice,Sankey,Carlton,,16,193,1940-02-09,100,1959,1965,False,,,,no
Cheynee,Stiller,Brisbane,,32,187,1986-05-03,100,2006,2012,False,,,,no
Bernie,Vince,Melbourne,,23,186,1985-10-02,100,2014,2018,False,,,,no
Dick,Wearmouth,WesternBulldogs,,33,173,1926-05-12,100,1944,1952,False,,,,no
Mark,Blake,Geelong,,24,200,1985-09-09,99,2005,2010,False,,,,no
Roy,Cazaly,Sydney,,11,180,1893-01-13,99,1921,1927,False,,,,no
Shane,Clayton,NorthMelbourne,,23,186,1978-10-24,99,1999,2004,False,,,,no
Alan,Collins,WesternBulldogs,,2,170,1919-11-04,99,1939,1946,False,,,,no
Neil,Crompton,Melbourne,,5,178,1937-08-16,99,1957,1966,False,,,,no
Brad,Fisher,Carlton,,14,192,1984-04-09,99,2003,2010,False,,,,no
Bert,Franks,Sydney,,9,180,1880-03-11,99,1906,1913,False,,,,no
Mitch,Georgiades,PortAdelaide,Port Adelaide,19,191,2001-09-28,99,2020,2026,True,KEY_FORWARD,nationalDraft,18,yes
Les,Griggs,Essendon,,33,180,1914-05-06,99,1933,1944,False,,,,no
Ray,Hall,Richmond,,20,196,1980-10-27,99,1999,2006,False,,,,no
Don,Kemp,NorthMelbourne,,22,180,1914-07-21,99,1936,1947,False,,,,no
Dani,Laidley,NorthMelbourne,,7,184,1967-03-27,99,1993,1997,False,,,,no
Harold,Lambert,Essendon,,17,175,1922-05-16,99,1940,1951,False,,,,no
Peter,Marquis,Melbourne,,3,183,1932-03-13,99,1953,1958,False,,,,no
Bernie,Massey,Melbourne,,37,184,1939-08-12,99,1960,1967,False,,,,no
Michael,McCarthy,Hawthorn,,20,193,1957-10-10,99,1978,1986,False,,,,no
Laurie,Nash,Sydney,,25,179,1910-05-02,99,1933,1945,False,,,,no
Dave,Ryan,Collingwood,,17,178,1885-01-23,99,1907,1912,False,,,,no
Dylan,Shiel,Essendon,,9,182,1993-03-09,99,2019,2025,False,,,,no
Paul,Symmons,WestCoast,,16,189,1973-09-02,99,1994,2000,False,,,,no
John,Byrne,NorthMelbourne,,21,183,1956-02-24,98,1975,1982,False,,,,no
John,Coleman,Essendon,,10,185,1928-11-23,98,1949,1954,False,,,,no
Maurie,Collins,Essendon,,,175,1876-07-21,98,1897,1904,False,,,,no
Mick,Dowdle,NorthMelbourne,,11,173,1947-07-03,98,1964,1971,False,,,,no
Sam,Durham,Essendon,Essendon,22,185,2001-07-09,98,2021,2026,True,MIDFIELDER_FORWARD,other,9,yes
Aaron,Hamill,Stkilda,,2,184,1977-08-20,98,2001,2006,False,,,,no
Tony,Lockett,Sydney,,4,191,1966-03-09,98,1995,2002,False,,,,no
Hayden,McLean,Sydney,Sydney,2,197,1999-01-20,98,2019,2025,False,KEY_FORWARD,NA,NA,yes
Tom,Powell,NorthMelbourne,North Melbourne,24,183,2002-03-02,98,2021,2026,True,MEDIUM_FORWARD,nationalDraft,13,yes
Gary,Rohan,Geelong,,23,189,1991-06-07,98,2019,2024,False,,,,no
Wayne,Schwass,Sydney,,2,180,1968-11-27,98,1998,2002,False,,,,no
Bob,Sellers,Hawthorn,,8,182,1905-02-23,98,1925,1934,False,,,,no
Bill,Spurling,WesternBulldogs,,14,179,1907-10-28,98,1928,1935,False,,,,no
Mason,Wood,Stkilda,St Kilda,32,192,1993-09-13,98,2021,2026,True,MIDFIELDER,NA,NA,yes
Bruce,Anderson,Essendon,,16,180,1907-02-20,97,1931,1937,False,,,,no
Phil,Baker,NorthMelbourne,,29,192,1952-03-22,97,1971,1979,False,,,,no
Paul,Bulluss,Richmond,,21,194,1970-01-23,97,1993,1998,False,,,,no
Nick,Davis,Sydney,,2,184,1980-03-30,97,2003,2008,False,,,,no
Jordan,Dawson,Adelaide,Adelaide,12,192,1997-04-09,97,2022,2026,True,MIDFIELDER,nationalDraft,56,yes
Alle,De Wolde,Hawthorn,,27,182,1955-12-27,97,1975,1982,False,,,,no
Ken,Emselle,Melbourne,,10,174,1944-06-17,97,1962,1969,False,,,,no
Martin,Gleeson,Essendon,,8,191,1994-08-25,97,2014,2021,False,,,,no
Doug,Gott,Collingwood,,34,191,1950-06-30,97,1969,1977,False,,,,no
Jesse,Hogan,GWS,GWS,23,195,1995-02-12,97,2021,2026,True,KEY_FORWARD,other,2,yes
Connor,Macdonald,Hawthorn,Hawthorn,31,184,2003-01-13,97,2022,2026,True,MEDIUM_FORWARD,NA,NA,yes
Darcy,Macpherson,Goldcoast,,44,174,1997-10-29,97,2016,2024,False,,,,no
Xavier,OHalloran,GWS,GWS,33,186,2000-07-11,97,2020,2026,True,MIDFIELDER_FORWARD,nationalDraft,22,yes
Val,Perovic,Carlton,,15,192,1953-09-25,97,1980,1985,False,,,,no
Colin,Rice,Geelong,,15,170,1938-07-16,97,1957,1963,False,,,,no
Brian,Taylor,Collingwood,,9,191,1962-04-10,97,1985,1990,False,,,,no
Peter,Webster,Carlton,,3,183,1932-08-06,97,1953,1959,False,,,,no
Maurie,Wood,NorthMelbourne,,25,179,1944-06-30,97,1963,1971,False,,,,no
Artie,Wood,Sydney,,28,163,1898-06-24,97,1917,1923,False,,,,no
Matthew,Young,Stkilda,,20,183,1972-09-17,97,1996,2001,False,,,,no
Lee,Adamson,Collingwood,,33,185,1946-06-27,96,1966,1973,False,,,,no
Barry,Cameron,Richmond,,30,184,1939-06-06,96,1959,1966,False,,,,no
Syd,Carman,Essendon,,11,173,1901-12-15,96,1926,1933,False,,,,no
Tim,Clarke,Hawthorn,,25,176,1982-04-02,96,2001,2008,False,,,,no
Matthew,Connell,Adelaide,,14,181,1972-08-03,96,1995,2000,False,,,,no
Neil,Cordy,Sydney,,29,188,1959-04-08,96,1987,1993,False,,,,no
Joe,Daniher,Brisbane,,3,200,1994-03-04,96,2021,2024,False,,,,no
George,Doull,Geelong,,,174,1879-12-25,96,1904,1911,False,,,,no
Eddie,Drohan,Collingwood,,,171,1876-07-17,96,1903,1908,False,,,,no
Len,Fitzgerald,Collingwood,,5,183,1929-05-07,96,1945,1950,False,,,,no
Fred,Fitzgibbon,Carlton,,8,169,1917-10-22,96,1942,1948,False,,,,no
Greg,Hutchison,Melbourne,,43,182,1957-06-13,96,1975,1984,False,,,,no
Eddie,Lane,Sydney,,27,168,1929-06-25,96,1951,1956,False,,,,no
Stan,Magro,Collingwood,,3,177,1954-07-28,96,1977,1982,False,,,,no
Leo,Maguire,Richmond,,31,188,1920-06-23,96,1941,1948,False,,,,no
Stephen,Patterson,Collingwood,,6,177,1971-01-04,96,1995,2000,False,,,,no
Percy,Rowe,Collingwood,,22,183,1896-01-04,96,1920,1928,False,,,,no
Henry,Slattery,Essendon,,20,185,1986-01-22,96,2005,2012,False,,,,no
Harry,Weidner,Richmond,,7,175,1907-03-03,96,1926,1932,False,,,,no
Josh,Wooden,WestCoast,,13,183,1978-11-14,96,1997,2006,False,,,,no
David,Bolton,Sydney,,16,176,1960-07-13,95,1986,1991,False,,,,no
Les,Borrack,Geelong,,14,180,1933-04-25,95,1953,1960,False,,,,no
Ted,Brown,Carlton,,9,173,1891-10-18,95,1914,1920,False,,,,no
Gordon,Collis,Carlton,,17,187,1940-11-06,95,1961,1967,False,,,,no
Dougal,Howard,Stkilda,St Kilda,20,199,1996-03-25,95,2020,2026,True,KEY_DEFENDER,NA,NA,yes
Kym,Koster,Adelaide,,5,182,1973-02-01,95,1996,2000,False,,,,no
Bernie,Lee,WesternBulldogs,,29,182,1937-03-20,95,1957,1963,False,,,,no
Jim,Martin,Essendon,,12,173,1884-08-20,95,1907,1913,False,,,,no
Dave,Moffatt,Richmond,,14,188,1892-05-18,95,1912,1920,False,,,,no
John,Nix,Richmond,,1,178,1931-12-25,95,1949,1956,False,,,,no
Harry,Pears,Collingwood,,,170,1877-07-28,95,1902,1908,False,,,,no
Jake,Riccardi,GWS,GWS,26,195,1999-11-07,95,2020,2026,True,KEY_FORWARD,nationalDraft,51,yes
Howard,Smith,Stkilda,,,166,1878-03-07,95,1898,1904,False,,,,no
Ricky,Watt,Collingwood,,23,183,1946-10-04,95,1963,1970,False,,,,no
Kevin,Worthington,Collingwood,,27,189,1953-05-25,95,1977,1982,False,,,,no
Braeden,Campbell,Sydney,Sydney,16,181,2002-02-04,94,2021,2025,False,MEDIUM_FORWARD,NA,NA,yes
Josh,Drummond,Brisbane,,39,189,1983-04-19,94,2005,2012,False,,,,no
Sam,Frost,Hawthorn,,8,194,1993-08-28,94,2020,2025,False,,,,no
Ted,Langridge,Richmond,,28,171,1936-10-22,94,1955,1962,False,,,,no
Wally,May,Essendon,,12,185,1926-09-11,94,1947,1952,False,,,,no
Len,Pabst,Hawthorn,,15,173,1917-03-28,94,1939,1948,False,,,,no
Mal,Pascoe,Essendon,,34,180,1933-03-31,94,1953,1958,False,,,,no
John,Sharrock,Geelong,,10,185,1944-02-16,94,1963,1968,False,,,,no
Sam,Wicks,Sydney,Sydney,15,181,1999-09-14,94,2020,2026,True,MEDIUM_DEFENDER,NA,NA,yes
William,Young,Stkilda,,15,179,1931-06-06,94,1956,1961,False,,,,no
Ian,Cooper,Collingwood,,10,183,1954-06-12,93,1972,1982,False,,,,no
Peter,Featherby,Geelong,,11,183,1951-12-12,93,1979,1983,False,,,,no
Don,Grossman,Sydney,,17,182,1920-12-27,93,1940,1947,False,,,,no
Eric,Guy,Stkilda,,19,183,1932-08-18,93,1957,1962,False,,,,no
Tony,Haenen,Sydney,,8,191,1946-04-24,93,1966,1971,False,,,,no
Rodger,Head,Stkilda,,1,175,1939-06-20,93,1959,1967,False,,,,no
Chris,Hyde,Richmond,,31,186,1982-08-09,93,2002,2008,False,,,,no
Leroy,Jetta,Essendon,,7,177,1988-07-06,93,2007,2014,False,,,,no
Patrick,McGinnity,WestCoast,,35,183,1989-02-18,93,2009,2016,False,,,,no
Troy,Simmonds,Richmond,,5,197,1978-07-13,93,2005,2010,False,,,,no
Keith,Smith,Sydney,,15,178,1914-05-31,93,1936,1945,False,,,,no
Sam,Snell,Stkilda,,3,185,1911-05-08,93,1936,1945,False,,,,no
Tyson,Stengle,Geelong,Geelong,18,172,1998-10-19,93,2022,2025,False,MEDIUM_FORWARD,other,NA,yes
Ray,Stokes,Richmond,,27,180,1924-05-21,93,1946,1951,False,,,,no
Ian,Thorogood,Melbourne,,26,183,1936-08-25,93,1957,1962,False,,,,no
Nasiah,Wanganeen-Milera,Stkilda,St Kilda,7,187,2003-02-22,93,2022,2026,True,MIDFIELDER,NA,NA,yes
Colin,Watson,Stkilda,,31,180,1900-10-12,93,1920,1935,False,,,,no
Peter,Wright,Essendon,Essendon,20,203,1996-09-08,93,2021,2026,True,RUCK,nationalDraft,8,yes
George,Bennett,Hawthorn,,27,184,1911-09-22,92,1930,1944,False,,,,no
Jack,Burns,Collingwood,,3,170,1918-10-06,92,1941,1947,False,,,,no
Mark,Coughlan,Richmond,,24,185,1982-04-20,92,2001,2009,False,,,,no
Richie,Emselle,Melbourne,,9,175,1917-09-24,92,1937,1943,False,,,,no
Alex,Gardiner,WesternBulldogs,,12,175,1935-01-03,92,1955,1962,False,,,,no
Ray,Groom,Melbourne,,31,187,1944-09-03,92,1963,1968,False,,,,no
Jack,Harrison,NorthMelbourne,,10,183,1915-10-17,92,1939,1947,False,,,,no
Clarrie,Hearn,Essendon,,4,183,1905-11-13,92,1929,1935,False,,,,no
Peter,Johnston,Geelong,,3,192,1957-11-13,92,1979,1986,False,,,,no
Brian,Kelly,Sydney,,5,178,1917-07-28,92,1939,1945,False,,,,no
Patrick,Lipinski,Collingwood,Collingwood,1,187,1998-07-17,92,2022,2026,True,MIDFIELDER_FORWARD,nationalDraft,28,yes
Gerald,Marchesi,NorthMelbourne,,3,178,1928-12-04,92,1947,1954,False,,,,no
Ron,McDonald,Richmond,,14,189,1933-08-12,92,1955,1960,False,,,,no
Marty,McDonnell,WesternBulldogs,,32,183,1920-12-28,92,1939,1950,False,,,,no
Ron,McGowan,WesternBulldogs,,22,185,1945-11-30,92,1965,1972,False,,,,no
Darren,Morgan,Geelong,,11,180,1965-04-10,92,1984,1990,False,,,,no
Dylan,Roberton,Stkilda,,17,194,1991-06-21,92,2013,2020,False,,,,no
Keith,Rosewarne,Stkilda,,10,173,1924-07-18,92,1946,1951,False,,,,no
Michael,Taylor,Collingwood,,28,183,1953-12-30,92,1981,1984,False,,,,no
Bob,Troughton,Geelong,,11,175,1904-06-17,92,1930,1935,False,,,,no
Colin,Tully,Collingwood,,9,179,1945-05-20,92,1965,1970,False,,,,no
Max,Urquhart,Collingwood,,19,182,1942-01-07,92,1963,1969,False,,,,no
Travis,Varcoe,Collingwood,,18,180,1988-04-10,92,2015,2020,False,,,,no
Hayden,Young,Fremantle.xlsx,Fremantle,26,188,2001-04-11,92,2020,2026,True,MIDFIELDER,nationalDraft,7,yes
Noah,Answerth,Brisbane,Brisbane Lions,43,182,1999-08-06,91,2019,2026,True,MEDIUM_DEFENDER,nationalDraft,55,yes
Gerry,Balme,Stkilda,,3,173,1885-04-27,91,1902,1915,False,,,,no
Jack,Buckley,GWS,GWS,44,193,1997-12-17,91,2020,2026,True,KEY_DEFENDER,other,NA,yes
Tod,Collins,Essendon,,,179,1876-01-30,91,1897,1903,False,,,,no
Sam,De Koning,Geelong,Geelong,16,200,2001-02-26,91,2021,2026,True,KEY_DEFENDER,nationalDraft,19,yes
Brian,Douge,Hawthorn,,11,182,1951-03-02,91,1969,1976,False,,,,no
Michael,Gale,Richmond,,1,188,1966-12-21,91,1994,1998,False,,,,no
Kym,Hodgeman,NorthMelbourne,,17,175,1956-07-30,91,1981,1985,False,,,,no
Alan,Jarrott,Melbourne,,47,182,1956-08-17,91,1982,1986,False,,,,no
Paul,Jeffreys,Geelong,,22,189,1959-03-10,91,1977,1985,False,,,,no
Bob,Kingston,Sydney,,23,191,1944-06-17,91,1961,1967,False,,,,no
Beau,McDonald,Brisbane,,43,203,1979-11-03,91,1998,2007,False,,,,no
David,Norman,Collingwood,,26,175,1942-04-01,91,1961,1966,False,,,,no
Gary,Odgers,Stkilda,,29,178,1959-12-15,91,1981,1987,False,,,,no
Marlion,Pickett,Richmond,,50,184,1992-01-06,91,2019,2024,False,,,,no
Michael,Schulze,Geelong,,23,193,1962-10-30,91,1985,1991,False,,,,no
Ian,Shelton,Essendon,,10,185,1940-02-24,91,1959,1965,False,,,,no
Bill,Tymms,Melbourne,,26,183,1903-08-16,91,1925,1933,False,,,,no
Jim,Watson,Carlton,,33,180,1896-02-17,91,1921,1929,False,,,,no
Dave,Adamson,Sydney,,,180,1874-06-14,90,1897,1903,False,,,,no
Jason,Ball,Sydney,,27,201,1972-11-21,90,2000,2005,False,,,,no
Jack,Bisset,Sydney,,1,180,1900-09-01,90,1932,1936,False,,,,no
Jordon,Butts,Adelaide,Adelaide,41,198,1999-12-31,90,2020,2026,True,KEY_DEFENDER,rookieElevation,39,yes
Warwick,Capper,Sydney,,39,190,1963-06-12,90,1983,1991,False,,,,no
Graham,Cooper,Hawthorn,,10,188,1938-04-24,90,1959,1965,False,,,,no
Jeff,Gamble,Essendon,,22,191,1935-05-24,90,1953,1960,False,,,,no
Doug,Gillespie,Carlton,,30,177,1887-12-13,90,1906,1912,False,,,,no
Clarrie,Hindson,Stkilda,,29,173,1907-10-06,90,1930,1936,False,,,,no
George,Johnson,Carlton,,,179,1879-05-31,90,1905,1909,False,,,,no
Brayden,Lyle,PortAdelaide,,9,178,1973-03-06,90,1997,2001,False,,,,no
Bob,McClure,Essendon,,31,188,1925-06-05,90,1946,1951,False,,,,no
Bill,Milroy,Carlton,,2,189,1929-10-24,90,1951,1956,False,,,,no
Peter,Morrison,Sydney,,35,180,1956-04-17,90,1976,1981,False,,,,no
Jack,Petruccelle,WestCoast,,21,185,1999-04-12,90,2018,2025,False,,,,no
James,Rahilly,Geelong,,34,187,1979-06-15,90,1998,2005,False,,,,no
Jake,Soligo,Adelaide,Adelaide,14,180,2003-01-25,90,2022,2026,True,MIDFIELDER,nationalDraft,36,yes
Jimmy,Sullivan,Essendon,,8,168,1896-04-08,90,1918,1925,False,,,,no
Darcy,Wilmot,Brisbane,Brisbane Lions,44,183,2003-12-31,90,2022,2026,True,MEDIUM_DEFENDER,nationalDraft,16,yes
Jed,Anderson,NorthMelbourne,,3,179,1994-02-02,89,2016,2022,False,,,,no
John,Coffey,Stkilda,,14,182,1929-03-09,89,1948,1959,False,,,,no
Brian,Davie,Richmond,,35,183,1934-08-31,89,1953,1959,False,,,,no
Zac,Dawson,Fremantle.xlsx,,3,197,1986-02-22,89,2012,2017,False,,,,no
Graeme,Gahan,Richmond,,10,185,1942-01-10,89,1959,1966,False,,,,no
Harry,Gregory,Essendon,,12,173,1902-11-12,89,1924,1930,False,,,,no
Lachie,Henderson,Geelong,,25,196,1989-12-14,89,2016,2021,False,,,,no
Jack,Kelly,Stkilda,,7,174,1916-07-15,89,1937,1944,False,,,,no
Tom,Langdon,Collingwood,,8,190,1994-06-09,89,2014,2019,False,,,,no
Frank,Langley,Melbourne,,,177,1882-10-13,89,1900,1906,False,,,,no
Mel,Morris,Richmond,,11,178,1895-06-08,89,1921,1926,False,,,,no
Peter,Morris,Richmond,,38,178,1933-07-26,89,1955,1960,False,,,,no
Rex,Ritchie,Sydney,,4,177,1914-12-24,89,1936,1947,False,,,,no
Jim,Robison,Hawthorn,,12,180,1927-12-22,89,1947,1953,False,,,,no
Marcus,Seecamp,Melbourne,,10,185,1972-07-27,89,1995,2000,False,,,,no
Callum,Sinclair,Sydney,,18,200,1989-09-23,89,2016,2021,False,,,,no
Patrick,Ambrose,Essendon,,29,191,1991-09-01,88,2014,2021,False,,,,no
John,Benetti,Carlton,,8,177,1937-06-17,88,1958,1965,False,,,,no
Clint,Bizzell,Melbourne,,3,188,1976-06-28,88,2002,2007,False,,,,no
Geoff,Collins,Melbourne,,3,178,1926-08-10,88,1948,1954,False,,,,no
Jock,Cordner,NorthMelbourne,,6,175,1910-06-09,88,1935,1941,False,,,,no
Harold,Craven,Geelong,,4,174,1895-04-26,88,1915,1924,False,,,,no
Kevin,Dillon,Richmond,,31,175,1924-12-23,88,1949,1955,False,,,,no
Gus,Dobrigh,Collingwood,,7,175,1893-02-11,88,1914,1921,False,,,,no
Bill,Fraser,Sydney,,,,1867-03-29,88,1897,1904,False,,,,no
John,Gill,Carlton,,12,182,1941-10-26,88,1962,1967,False,,,,no
Matt,Goggin,Geelong,,1,180,1936-07-21,88,1955,1961,False,,,,no
Max,Kruse,Sydney,,34,188,1958-10-29,88,1979,1985,False,,,,no
Andrew,Lovett,Essendon,,13,183,1982-11-11,88,2005,2009,False,,,,no
Kris,Massie,Adelaide,,3,189,1980-05-30,88,2002,2008,False,,,,no
Bob,Nash,Collingwood,,,178,1884-04-22,88,1904,1909,False,,,,no
Bernie,OBrien,WesternBulldogs,,8,169,1909-05-14,88,1929,1938,False,,,,no
Jared,Poulton,PortAdelaide,,27,182,1977-04-21,88,1999,2005,False,,,,no
Brian,Roet,Melbourne,,18,187,1939-11-02,88,1961,1968,False,,,,no
Andrew,Schauble,Sydney,,25,193,1976-11-17,88,2000,2005,False,,,,no
Norm,Sharp,Geelong,,26,185,1934-06-23,88,1952,1957,False,,,,no
Trevor,Steer,Collingwood,,9,188,1938-10-11,88,1961,1966,False,,,,no
Bill,Stephenson,Stkilda,,11,191,1937-02-14,88,1957,1963,False,,,,no
Hugh,Strahan,Geelong,,28,185,1945-06-24,88,1967,1972,False,,,,no
Geoff,Strang,Richmond,,28,185,1944-05-09,88,1965,1971,False,,,,no
Scott,Thornton,Fremantle.xlsx,,22,194,1982-09-11,88,2002,2009,False,,,,no
Wayne,Walsh,Richmond,,7,178,1946-05-07,88,1968,1978,False,,,,no
Rhylee,West,WesternBulldogs,Western Bulldogs,14,181,2000-07-12,88,2019,2026,True,MEDIUM_FORWARD,NA,NA,yes
Shane,Zantuck,Melbourne,,32,177,1955-05-20,88,1981,1986,False,,,,no
Jack,Blackman,Hawthorn,,17,177,1920-01-29,87,1939,1946,False,,,,no
John,Bonney,Stkilda,,1,177,1946-05-21,87,1967,1976,False,,,,no
Frank,Brew,Sydney,,3,171,1927-09-19,87,1947,1953,False,,,,no
Mark,Browne,Geelong,,12,179,1954-11-19,87,1974,1978,False,,,,no
Gerald,Burke,Carlton,,5,187,1930-12-02,87,1953,1960,False,,,,no
Bill,Hendrie,Melbourne,,5,179,1884-01-22,87,1910,1915,False,,,,no
Mitch,Hinge,Adelaide,,20,190,1998-06-26,87,2021,2026,True,,,,no
Austin,Lewis,Melbourne,,,174,1870-05-26,87,1897,1903,False,,,,no
Jack,Lonie,Stkilda,,13,175,1996-08-13,87,2015,2021,False,,,,no
Frank,Martin,Carlton,,25,174,1895-06-30,87,1917,1923,False,,,,no
Alec,McKenzie,Geelong,,,179,1882-07-04,87,1902,1908,False,,,,no
Kelvin,Moore,Richmond,,40,190,1984-03-25,87,2004,2012,False,,,,no
Steven,Morris,Richmond,,38,185,1988-12-31,87,2012,2017,False,,,,no
Pen,Reynolds,Collingwood,,21,173,1892-05-04,87,1913,1919,False,,,,no
Paul,Roos,Sydney,,1,188,1963-06-27,87,1995,1998,False,,,,no
Lerrel,Sharp,Collingwood,,29,178,1933-06-06,87,1953,1959,False,,,,no
Bruce,Tempany,Richmond,,14,189,1958-12-22,87,1977,1983,False,,,,no
John,Towner,Essendon,,33,183,1933-11-19,87,1953,1959,False,,,,no
Josh,Treacy,Fremantle.xlsx,Fremantle,35,193,2002-08-04,87,2021,2026,True,KEY_FORWARD,rookieElevation,7,yes
Laitham,Vandermeer,WesternBulldogs,Western Bulldogs,23,180,1999-02-03,87,2020,2025,False,MEDIUM_FORWARD,NA,NA,yes
Simon,White,Carlton,,43,190,1988-06-17,87,2010,2017,False,,,,no
Leon,Baker,Essendon,,4,183,1956-08-17,86,1984,1988,False,,,,no
Jack,Butcher,Geelong,,31,175,1914-10-28,86,1938,1945,False,,,,no
Kade,Chandler,Melbourne,Melbourne,37,174,2000-01-13,86,2019,2026,True,MEDIUM_FORWARD,NA,NA,yes
Fabian,Francis,PortAdelaide,,8,177,1973-10-24,86,1997,2001,False,,,,no
Levi,Greenwood,Collingwood,,19,181,1989-02-19,86,2015,2021,False,,,,no
George,Hewett,Carlton,Carlton,29,187,1995-12-29,86,2022,2026,True,MIDFIELDER,nationalDraft,32,yes
Neville,Huggins,NorthMelbourne,,13,180,1906-09-11,86,1931,1935,False,,,,no
Don,Keyter,Sydney,,1,185,1931-09-13,86,1953,1958,False,,,,no
Scott,Lee,Adelaide,,13,178,1963-06-05,86,1991,1995,False,,,,no
Phil,OBrien,Hawthorn,,15,175,1930-12-31,86,1951,1958,False,,,,no
Frank,Roberts,Melbourne,,19,175,1912-02-27,86,1936,1941,False,,,,no
Jack,Scott,Richmond,,6,188,1915-10-27,86,1939,1945,False,,,,no
Paul,Sproule,Richmond,,6,179,1944-12-16,86,1972,1975,False,,,,no
John,Sudholz,Sydney,,20,192,1946-05-01,86,1966,1971,False,,,,no
Adam,Treloar,WesternBulldogs,Western Bulldogs,1,182,1993-03-09,86,2021,2026,True,MIDFIELDER,NA,NA,yes
Clarrie,Vontom,Stkilda,,15,171,1914-06-10,86,1939,1945,False,,,,no
Harry,Wright,Essendon,,,177,1870-04-13,86,1897,1903,False,,,,no
John,Yeates,Geelong,,40,196,1938-08-30,86,1959,1965,False,,,,no
Paul,Abbott,Hawthorn,,39,195,1964-10-25,85,1984,1991,False,,,,no
Rupert,Betheras,Collingwood,,10,181,1975-11-23,85,1999,2003,False,,,,no
Brett,Bowey,Stkilda,,18,168,1969-05-31,85,1988,1994,False,,,,no
Jye,Caldwell,Essendon,Essendon,6,183,2000-09-28,85,2021,2026,True,MIDFIELDER,nationalDraft,11,yes
Raphael,Clarke,Stkilda,,16,188,1985-09-24,85,2004,2012,False,,,,no
Kevin,Curran,Hawthorn,,25,183,1920-12-19,85,1940,1951,False,,,,no
Paul,Curtis,NorthMelbourne,North Melbourne,25,185,2003-03-04,85,2022,2026,True,MEDIUM_FORWARD,nationalDraft,35,yes
Harold,Davies,Stkilda,,12,179,1932-11-18,85,1953,1959,False,,,,no
Ross,Dillon,Melbourne,,24,187,1947-12-10,85,1966,1972,False,,,,no
Josh,Dunkley,Brisbane,Brisbane Lions,5,190,1997-01-09,85,2023,2026,True,MIDFIELDER,nationalDraft,25,yes
Dan,Feehan,Stkilda,,,177,1880-02-07,85,1904,1910,False,,,,no
Ray,Garby,Carlton,,20,179,1923-01-16,85,1946,1950,False,,,,no
Tom,Grimshaw,Sydney,,10,179,1889-12-09,85,1908,1912,False,,,,no
Syd,Hall,Geelong,,4,173,1902-06-08,85,1922,1930,False,,,,no
Ben,Harrison,WesternBulldogs,,22,191,1975-01-17,85,2001,2005,False,,,,no
Col,Hebbard,Essendon,,4,177,1936-11-10,85,1957,1961,False,,,,no
Reg,Hede,Richmond,,6,173,1894-10-09,85,1914,1921,False,,,,no
John,Ibrahim,NorthMelbourne,,3,178,1944-01-08,85,1962,1968,False,,,,no
Fred,Leach,Collingwood,,,183,1878-03-06,85,1897,1903,False,,,,no
Mitch,Lewis,Hawthorn,Hawthorn,2,198,1998-10-14,85,2018,2026,True,KEY_FORWARD,NA,NA,yes
Colin,Martyn,Carlton,,2,178,1903-01-27,85,1928,1932,False,,,,no
Harry,Parkin,Melbourne,,,179,1879-06-21,85,1900,1906,False,,,,no
Syd,Tate,Geelong,,24,173,1925-02-13,85,1947,1951,False,,,,no
Simon,Taylor,Hawthorn,,13,200,1982-08-18,85,2005,2010,False,,,,no
Riley,Thilthorpe,Adelaide,Adelaide,7,200,2002-07-07,85,2021,2026,True,KEY_FORWARD,nationalDraft,2,yes
Max,Walker,Melbourne,,1,189,1948-09-12,85,1967,1972,False,,,,no
Tom,Williams,WesternBulldogs,,12,196,1986-07-17,85,2007,2014,False,,,,no
Matt,de Boer,GWS,,24,189,1990-03-10,85,2017,2022,False,,,,no
Jake,Batchelor,Richmond,,11,188,1992-02-13,84,2011,2017,False,,,,no
Geoff,Blethyn,Essendon,,11,183,1950-10-28,84,1968,1976,False,,,,no
Jake,Bowey,Melbourne,Melbourne,17,175,2002-09-12,84,2021,2025,False,MEDIUM_DEFENDER,NA,NA,yes
Ian,Brewer,Collingwood,,6,188,1936-06-15,84,1956,1961,False,,,,no
Paul,Brown,Geelong,,40,187,1969-05-06,84,1990,1998,False,,,,no
Leon,Cameron,Richmond,,15,185,1972-09-02,84,2000,2003,False,,,,no
Jack,Carney,Carlton,,7,160,1909-01-22,84,1936,1941,False,,,,no
Chris,Connolly,Melbourne,,22,175,1963-03-25,84,1982,1989,False,,,,no
Alf,Crump,NorthMelbourne,,4,185,1922-08-07,84,1942,1948,False,,,,no
Fred,Gallagher,Essendon,,13,183,1931-01-01,84,1952,1958,False,,,,no
Harrie,Hattam,Stkilda,,18,178,1890-07-07,84,1910,1915,False,,,,no
Ern,Henfry,Carlton,,6,183,1921-07-24,84,1944,1952,False,,,,no
Teddy,Holligan,Geelong,,,,1878-03-26,84,1897,1903,False,,,,no
Eddie,Jackson,Melbourne,,7,175,1925-03-16,84,1947,1952,False,,,,no
Denis,Marshall,Geelong,,2,183,1940-10-17,84,1964,1968,False,,,,no
Charlie,May,Essendon,,14,178,1899-02-17,84,1922,1926,False,,,,no
Fred,McGinis,Melbourne,,,175,1874-11-11,84,1897,1901,False,,,,no
Graham,Moss,Essendon,,25,196,1950-05-14,84,1973,1976,False,,,,no
Harry,Neill,Stkilda,,28,185,1907-02-11,84,1927,1933,False,,,,no
Bernie,Nolan,Melbourne,,22,182,1883-10-23,84,1904,1912,False,,,,no
Greg,Phillips,Collingwood,,3,188,1959-03-26,84,1983,1986,False,,,,no
Hugh,Purse,Melbourne,,23,182,1881-10-02,84,1904,1915,False,,,,no
Steve,Reynoldson,Geelong,,17,191,1962-09-06,84,1981,1986,False,,,,no
Noel,Voigt,Hawthorn,,17,191,1935-12-15,84,1954,1960,False,,,,no
Neville,Waller,Collingwood,,31,183,1932-09-17,84,1953,1958,False,,,,no
Rowan,Warfe,Sydney,,33,190,1976-06-23,84,1997,2004,False,,,,no
Reynolds,Webb,Collingwood,,27,170,1900-04-14,84,1921,1926,False,,,,no
Gordon,Abbott,Essendon,,25,185,1914-09-26,83,1941,1947,False,,,,no
Sam,Berry,Adelaide,Adelaide,3,181,2002-02-12,83,2021,2026,True,MIDFIELDER,nationalDraft,28,yes
Greg,Brown,Essendon,,18,183,1943-02-26,83,1963,1969,False,,,,no
Glenn,Freeborn,Collingwood,,9,183,1973-02-06,83,1999,2003,False,,,,no
Max,King,Stkilda,Sydney,12,202,2000-07-07,83,2020,2024,False,KEY_FORWARD,NA,NA,yes
Ted,Leehane,Essendon,,9,183,1923-06-02,83,1942,1950,False,,,,no
Nic,Martin,Essendon,Essendon,37,190,2001-04-03,83,2022,2025,False,MIDFIELDER_FORWARD,preseason,NA,yes
Daniel,Motlop,PortAdelaide,,4,185,1982-03-16,83,2006,2011,False,,,,no
Ambrose,Palmer,WesternBulldogs,,24,178,1910-10-16,83,1933,1943,False,,,,no
Paul,Seedsman,Adelaide,,11,190,1992-01-22,83,2016,2021,False,,,,no
Danny,Stanley,Goldcoast,,25,187,1988-02-18,83,2011,2015,False,,,,no
Bernie,Waldron,Richmond,,13,180,1920-03-20,83,1940,1945,False,,,,no
Matt,Campbell,NorthMelbourne,,33,170,1987-01-21,82,2007,2012,False,,,,no
Peter,Caven,Adelaide,,44,190,1970-05-16,82,1996,2000,False,,,,no
Neale,Daniher,Essendon,,6,188,1961-02-15,82,1979,1990,False,,,,no
Carl,Ditterich,Melbourne,,10,193,1945-10-10,82,1973,1980,False,,,,no
Paul,Doran,Essendon,,36,187,1939-11-22,82,1959,1965,False,,,,no
Neil,Ferguson,Hawthorn,,17,185,1945-11-28,82,1964,1970,False,,,,no
Ron,Fisher,Stkilda,,14,188,1911-08-07,82,1933,1938,False,,,,no
Doug,Hayes,Richmond,,20,163,1896-09-16,82,1922,1928,False,,,,no
Jim,Heenan,Essendon,,14,173,1930-05-19,82,1952,1957,False,,,,no
Rory,Hilton,Richmond,,1,186,1979-04-15,82,1999,2005,False,,,,no
Brady,Hough,WestCoast,West Coast,19,189,2003-03-05,82,2022,2026,True,MEDIUM_DEFENDER,nationalDraft,31,yes
Peter,Jonas,NorthMelbourne,,45,184,1959-10-20,82,1981,1988,False,,,,no
Anthony,Jones,Fremantle.xlsx,,38,185,1974-12-19,82,1995,2003,False,,,,no
Steve,Leehane,Carlton,,6,179,1891-10-20,82,1914,1919,False,,,,no
William,Luff,Essendon,,11,179,1909-12-25,82,1934,1940,False,,,,no
Geoff,Mahon,Geelong,,15,183,1915-04-24,82,1936,1946,False,,,,no
Herbie,Matthews,Sydney,,2,169,1943-05-10,82,1964,1969,False,,,,no
Frank,McCashney,Richmond,,19,174,1890-08-09,82,1909,1915,False,,,,no
Henry,McShane,Carlton,,,177,1873-02-09,82,1899,1904,False,,,,no
Jim,McShane,Geelong,,,179,1871-02-28,82,1897,1901,False,,,,no
Max,Mollar,Stkilda,,29,178,1929-08-29,82,1950,1955,False,,,,no
Leo,Morgan,Collingwood,,14,169,1913-05-03,82,1933,1941,False,,,,no
Steven,Motlop,PortAdelaide,,6,183,1991-03-12,82,2018,2022,False,,,,no
Paddy,Rowan,Collingwood,,20,179,1889-05-28,82,1911,1915,False,,,,no
Ray,Usher,Melbourne,,34,174,1904-10-16,82,1928,1933,False,,,,no
Marcus,Windhager,Stkilda,St Kilda,2,185,2003-05-16,82,2022,2026,True,MEDIUM_DEFENDER,NA,NA,yes
Luke,Ball,Collingwood,,12,184,1984-05-25,81,2010,2014,False,,,,no
Barry,Cheatley,NorthMelbourne,,19,187,1939-01-07,81,1959,1964,False,,,,no
Paul,Cooper,Hawthorn,,26,183,1968-04-06,81,1990,1996,False,,,,no
Jim,Fitzpatrick,Melbourne,,4,180,1886-07-21,81,1907,1913,False,,,,no
Norm,Goss,Hawthorn,,1,177,1951-03-03,81,1978,1982,False,,,,no
Ryan,Harwood,Brisbane,,2,184,1991-08-07,81,2010,2017,False,,,,no
Gerard,Healy,Sydney,,3,184,1961-03-01,81,1986,1990,False,,,,no
Charlie,Healy,NorthMelbourne,,29,174,1899-09-05,81,1925,1930,False,,,,no
Maurie,Hunter,Richmond,,20,180,1904-03-05,81,1929,1933,False,,,,no
John,Kerr,WesternBulldogs,,1,177,1934-07-15,81,1953,1958,False,,,,no
Rodney,Maynard,Adelaide,,18,188,1966-09-21,81,1991,1995,False,,,,no
Brian,McKenzie,Collingwood,,31,183,1947-03-31,81,1966,1972,False,,,,no
Adam,McPhee,Fremantle.xlsx,,9,190,1982-10-06,81,2001,2012,False,,,,no
Michael,Mitchell,Richmond,,7,172,1961-11-25,81,1987,1991,False,,,,no
Jack,Payne,Brisbane,Brisbane Lions,40,197,1999-10-15,81,2020,2025,False,KEY_DEFENDER,nationalDraft,54,yes
Malcolm,Reed,Geelong,,1,180,1958-02-11,81,1978,1985,False,,,,no
Russell,Richards,Melbourne,,20,188,1962-03-30,81,1983,1987,False,,,,no
Nick,Ries,Hawthorn,,16,182,1982-07-14,81,2002,2006,False,,,,no
Bruce,Sloss,Sydney,,21,180,1889-01-21,81,1910,1914,False,,,,no
Paul,Spargo,NorthMelbourne,,31,182,1966-10-09,81,1985,1992,False,,,,no
John,Trethowan,Sydney,,20,188,1936-10-28,81,1955,1962,False,,,,no
Fred,Way,Sydney,,30,196,1944-02-09,81,1964,1971,False,,,,no
Ray,Baxter,WesternBulldogs,,18,188,1940-02-24,80,1958,1964,False,,,,no
Morton,Browne,Hawthorn,,4,182,1939-09-11,80,1960,1967,False,,,,no
Ryan,Byrnes,Stkilda,St Kilda,13,181,2001-05-03,80,2020,2025,False,MEDIUM_DEFENDER,NA,NA,yes
Charlie,Canet,Carlton,,12,170,1895-09-08,80,1916,1921,False,,,,no
Peter,Chisnall,NorthMelbourne,,40,175,1949-01-22,80,1968,1976,False,,,,no
Mick,Donaghy,Geelong,,,193,1877-11-14,80,1900,1905,False,,,,no
Mick,Dwyer,Stkilda,,20,178,1968-11-16,80,1986,1995,False,,,,no
Craig,Holden,Sydney,,22,178,1957-08-14,80,1984,1988,False,,,,no
Ricky,Jackson,Melbourne,,45,170,1967-06-19,80,1986,1991,False,,,,no
Tony,Jewell,Richmond,,39,185,1943-12-08,80,1964,1970,False,,,,no
Alwyn,Johns,Geelong,,9,178,1894-03-17,80,1913,1920,False,,,,no
Lachie,Jones,PortAdelaide,Port Adelaide,34,188,2002-04-09,80,2021,2026,True,MEDIUM_DEFENDER,nationalDraft,16,yes
George,Kennedy,NorthMelbourne,,18,193,1919-05-05,80,1937,1948,False,,,,no
Alan,Linden,Sydney,,31,191,1917-04-27,80,1941,1947,False,,,,no
Lance,Mann,Essendon,,32,175,1930-07-12,80,1951,1959,False,,,,no
Ivan,Maric,Richmond,,20,200,1986-01-04,80,2012,2016,False,,,,no
Bill,Matthews,Stkilda,,,,1876-05-18,80,1897,1902,False,,,,no
Laurie,Moloney,Essendon,,34,184,1949-04-28,80,1971,1976,False,,,,no
Peter,Murnane,Hawthorn,,43,180,1955-02-05,80,1976,1981,False,,,,no
Frank,Nash,Essendon,,22,191,1907-03-17,80,1926,1935,False,,,,no
Kelly,ODonnell,Melbourne,,23,173,1960-11-16,80,1979,1984,False,,,,no
Max,Oaten,Sydney,,19,189,1935-01-26,80,1956,1962,False,,,,no
Evan,Rees,WesternBulldogs,,31,183,1923-08-06,80,1946,1950,False,,,,no
Shane,Robertson,Carlton,,38,179,1963-12-27,80,1983,1991,False,,,,no
Stephen,Robins,Essendon,,24,183,1957-02-25,80,1974,1980,False,,,,no
George,Rudolph,Richmond,,32,185,1901-04-29,80,1922,1928,False,,,,no
Bob,Spargo,WesternBulldogs,,8,183,1939-10-15,80,1958,1963,False,,,,no
Ray,Taylor,NorthMelbourne,,2,185,1947-05-06,80,1967,1972,False,,,,no
Lazar,Vidovic,Stkilda,,9,200,1965-04-01,80,1989,1997,False,,,,no
Malcolm,Worrall,Hawthorn,,23,173,1925-12-10,80,1944,1950,False,,,,no
Tristan,Xerri,NorthMelbourne,North Melbourne,38,201,1999-03-15,80,2020,2026,True,RUCK,nationalDraft,72,yes
Matthew,Bode,Adelaide,,10,178,1979-06-29,79,2001,2007,False,,,,no
Josh,Caddy,Richmond,,22,186,1992-09-28,79,2017,2021,False,,,,no
Aidan,Corr,NorthMelbourne,North Melbourne,4,195,1994-05-17,79,2021,2026,True,KEY_DEFENDER,nationalDraft,14,yes
Peter,Cransberg,Essendon,,23,190,1967-07-29,79,1990,1997,False,,,,no
Adrian,Fletcher,Fremantle.xlsx,,2,178,1969-10-10,79,1998,2001,False,,,,no
Jim,Greenham,WesternBulldogs,,20,183,1915-11-16,79,1937,1945,False,,,,no
Robert,Groenewegen,WesternBulldogs,,14,193,1960-08-04,79,1978,1986,False,,,,no
Mac,Holten,Collingwood,,9,180,1922-03-29,79,1942,1948,False,,,,no
David,Johnson,Geelong,,28,181,1981-10-28,79,2002,2009,False,,,,no
Alex,Keath,WesternBulldogs,,42,197,1992-01-20,79,2020,2024,False,,,,no
Lachlan,Keeffe,GWS,,25,204,1990-04-14,79,2018,2025,False,,,,no
Brian,Leahy,Melbourne,,21,185,1943-02-03,79,1960,1965,False,,,,no
Eric,Leech,Richmond,,25,189,1951-05-21,79,1970,1979,False,,,,no
Jordie,McKenzie,Melbourne,,13,186,1990-06-21,79,2009,2015,False,,,,no
Mitch,Owens,Stkilda,St Kilda,10,190,2003-09-24,79,2022,2026,True,KEY_FORWARD,NA,NA,yes
Robert,Peterson,NorthMelbourne,,8,178,1952-05-15,79,1968,1974,False,,,,no
Marc,Pittonet,Carlton,Carlton,27,202,1996-06-03,79,2020,2026,True,RUCK,nationalDraft,50,yes
Lachlan,Sholl,Adelaide,Adelaide,38,185,2000-03-07,79,2020,2025,False,MIDFIELDER,nationalDraft,64,yes
Sharrod,Wellingham,WestCoast,,12,185,1988-07-07,79,2013,2017,False,,,,no
Angus,Abbey,WesternBulldogs,,30,180,1925-11-15,78,1949,1954,False,,,,no
Jye,Amiss,Fremantle.xlsx,Fremantle,24,196,2003-07-31,78,2022,2026,True,KEY_FORWARD,nationalDraft,8,yes
Norm,Betson,Essendon,,31,193,1914-07-08,78,1940,1945,False,,,,no
Connor,Blakely,Fremantle.xlsx,,19,188,1996-03-02,78,2015,2021,False,,,,no
Finn,Callaghan,GWS,GWS,17,192,2003-04-26,78,2022,2026,True,MIDFIELDER,nationalDraft,3,yes
John,Cassin,NorthMelbourne,,3,180,1951-07-02,78,1977,1981,False,,,,no
Ted,Collins,Stkilda,,6,168,1893-09-22,78,1913,1921,False,,,,no
Leo,Francis,NorthMelbourne,,13,169,1922-12-04,78,1945,1951,False,,,,no
Jeff,Garlett,Melbourne,,36,180,1989-08-03,78,2015,2019,False,,,,no
Eric,Glass,Melbourne,,16,178,1910-02-22,78,1933,1938,False,,,,no
George,Goninon,Geelong,,18,181,1927-04-18,78,1950,1954,False,,,,no
Ashley,Hansen,WestCoast,,29,198,1983-03-03,78,2004,2010,False,,,,no
Sted,Hay,Hawthorn,,20,180,1939-06-01,78,1959,1964,False,,,,no
Kevin,Heath,Carlton,,18,188,1950-03-24,78,1976,1980,False,,,,no
Steven,Icke,Melbourne,,11,184,1956-03-07,78,1982,1987,False,,,,no
Vince,Irwin,Essendon,,18,169,1899-02-04,78,1921,1926,False,,,,no
Charlie,James,Sydney,,,179,1880-03-22,78,1899,1904,False,,,,no
Alan,Killigrew,Stkilda,,17,168,1918-01-27,78,1938,1945,False,,,,no
Jack,Knowles,Essendon,,21,183,1932-02-02,78,1952,1958,False,,,,no
Andrew,Lockyer,WestCoast,,45,190,1965-07-07,78,1987,1992,False,,,,no
Ernie,Lumsden,Collingwood,,12,175,1890-06-27,78,1910,1920,False,,,,no
Norm,McIntosh,Richmond,,3,175,1890-03-03,78,1920,1924,False,,,,no
Brett,Montgomery,WesternBulldogs,,10,180,1973-06-01,78,1997,2007,False,,,,no
Cecil,Pettiona,Sydney,,15,173,1906-03-07,78,1927,1934,False,,,,no
Michael,Porter,Hawthorn,,9,180,1945-05-04,78,1966,1972,False,,,,no
Brian,Roberts,Richmond,,15,199,1946-04-28,78,1971,1975,False,,,,no
Ashley,Sampi,WestCoast,,28,177,1984-01-21,78,2002,2006,False,,,,no
Paul,Schmidt,Carlton,,23,178,1917-04-23,78,1937,1944,False,,,,no
Barry,Smith,WesternBulldogs,,31,178,1939-01-21,78,1960,1965,False,,,,no
John,Stevens,Sydney,,20,187,1971-06-15,78,1997,2001,False,,,,no
Cliff,Stewart,Carlton,,39,178,1942-04-04,78,1962,1968,False,,,,no
Ian,Stewart,Richmond,,2,180,1943-07-14,78,1971,1975,False,,,,no
Jack,Strong,Melbourne,,24,173,1884-04-18,78,1901,1912,False,,,,no
Harry,Sullivan,Collingwood,,26,184,1932-04-08,78,1955,1960,False,,,,no
Terry,Thripp,Sydney,,12,188,1963-10-31,78,1983,1992,False,,,,no
Craig,Treleven,Hawthorn,,8,188,1970-06-14,78,1996,2000,False,,,,no
Tom,Wallis,Collingwood,,29,175,1920-07-04,78,1942,1947,False,,,,no
Bobby,Walsh,Carlton,,,,1877-06-25,78,1897,1902,False,,,,no
Nathan,Wilson,Fremantle.xlsx,,14,185,1993-01-07,78,2018,2023,False,,,,no
Jason,Akermanis,WesternBulldogs,,21,177,1977-02-24,77,2007,2010,False,,,,no
Karl,Amon,Hawthorn,Hawthorn,10,181,1995-08-19,77,2023,2026,True,MEDIUM_DEFENDER,NA,NA,yes
Peter,Barry,Carlton,,18,189,1937-10-19,77,1958,1963,False,,,,no
Terry,Benton,NorthMelbourne,,23,175,1942-07-13,77,1963,1969,False,,,,no
Matthew,Burton,NorthMelbourne,,22,210,1970-05-19,77,2000,2003,False,,,,no
Noel,Clarke,Melbourne,,26,180,1930-12-26,77,1951,1955,False,,,,no
Henry,Coles,Melbourne,,13,171,1951-03-11,77,1975,1980,False,,,,no
Alan,Crawford,NorthMelbourne,,12,187,1916-01-21,77,1936,1949,False,,,,no
Robert,Doyle,Sydney,,28,196,1951-01-14,77,1969,1975,False,,,,no
Bob,Dummett,Richmond,,17,188,1935-10-03,77,1954,1961,False,,,,no
Jim,Flynn,Carlton,,,179,1871-03-21,77,1903,1910,False,,,,no
Charlie,Gaudion,NorthMelbourne,,14,180,1904-04-14,77,1931,1937,False,,,,no
Stephen,James,Richmond,,40,188,1965-03-31,77,1985,1990,False,,,,no
Allan,Jeans,Stkilda,,14,180,1933-09-21,77,1955,1959,False,,,,no
George,Jerram,NorthMelbourne,,2,185,1904-08-15,77,1930,1935,False,,,,no
Graeme,John,Sydney,,7,188,1943-03-15,77,1964,1969,False,,,,no
Fred,Johnson,Carlton,,19,174,1896-04-24,77,1918,1924,False,,,,no
Jack,Kirby,Essendon,,11,170,1889-07-01,77,1911,1918,False,,,,no
Brent,Macaffer,Collingwood,,3,187,1988-02-29,77,2009,2016,False,,,,no
Peter,Mann,Fremantle.xlsx,,9,194,1970-09-07,77,1995,1999,False,,,,no
Ivan,Marsh,WesternBulldogs,,33,185,1943-05-24,77,1963,1969,False,,,,no
Logan,McDonald,Sydney,Sydney,6,196,2002-04-04,77,2021,2026,True,KEY_FORWARD,NA,NA,yes
Ron,McEwin,Essendon,,11,169,1928-01-01,77,1948,1952,False,,,,no
Bill,Mildenhall,Stkilda,,39,180,1953-04-10,77,1974,1982,False,,,,no
Graham,Minihan,Stkilda,,35,170,1934-09-09,77,1953,1959,False,,,,no
Peter,Moore,Melbourne,,30,198,1957-01-11,77,1983,1987,False,,,,no
Don,Nicholls,Carlton,,12,178,1936-11-23,77,1956,1961,False,,,,no
Brad,Pearce,Carlton,,19,185,1971-08-16,77,1994,1999,False,,,,no
Josh,Rachele,Adelaide,Adelaide,8,180,2003-04-11,77,2022,2026,True,MIDFIELDER,nationalDraft,6,yes
Graeme,Schultz,Essendon,,12,180,1953-05-17,77,1971,1983,False,,,,no
Cooper,Sharman,Stkilda,St Kilda,43,193,2000-07-25,77,2021,2026,True,KEY_FORWARD,NA,NA,yes
Norm,Simpson,Essendon,,19,170,1905-05-20,77,1925,1932,False,,,,no
Laurie,Slack,Geelong,,4,178,1915-03-17,77,1935,1940,False,,,,no
Will,Thursfield,Richmond,,2,191,1986-04-19,77,2005,2011,False,,,,no
Jason,Torney,Adelaide,,15,187,1977-06-16,77,2003,2007,False,,,,no
Charlie,Baker,Stkilda,,,175,1880-06-18,76,1902,1906,False,,,,no
Maurie,Beasy,Carlton,,11,185,1896-03-14,76,1920,1928,False,,,,no
Adam,Cerra,Carlton,Carlton,5,188,1999-10-07,76,2022,2026,True,MIDFIELDER,nationalDraft,5,yes
Neil,Chandler,Carlton,,22,185,1949-05-06,76,1968,1974,False,,,,no
Jason,Cloke,Collingwood,,34,189,1982-05-06,76,2002,2006,False,,,,no
Will,Day,Hawthorn,Hawthorn,12,187,2001-06-05,76,2020,2025,False,MIDFIELDER,NA,NA,yes
Laurie,Dearle,Essendon,,10,175,1919-10-16,76,1942,1947,False,,,,no
Ben,Doolan,Essendon,,22,181,1973-01-10,76,1994,1999,False,,,,no
Arthur,Gooch,Collingwood,,14,188,1931-03-20,76,1950,1956,False,,,,no
George,Green,Collingwood,,,174,1882-08-05,76,1903,1908,False,,,,no
Bert,Harper,Essendon,,8,179,1923-01-26,76,1943,1952,False,,,,no
Arthur,Hodgson,Carlton,,8,176,1926-01-08,76,1948,1952,False,,,,no
Brett,James,Adelaide,,11,176,1972-12-15,76,1997,2000,False,,,,no
Chris,Mayne,Collingwood,,16,188,1988-11-02,76,2017,2021,False,,,,no
Lachlan,McNeil,WesternBulldogs,Western Bulldogs,30,182,2001-02-09,76,2021,2026,True,MEDIUM_FORWARD,NA,NA,yes
Ben,Miller,Richmond,Richmond,46,195,1999-08-31,76,2021,2026,True,KEY_DEFENDER,NA,NA,yes
Jared,Petrenko,Adelaide,,23,178,1989-12-22,76,2009,2014,False,,,,no
Jim,Read,Stkilda,,21,175,1943-12-26,76,1962,1967,False,,,,no
Jim,Sewell,WesternBulldogs,,2,188,1955-02-03,76,1983,1986,False,,,,no
Matt,Suckling,WesternBulldogs,,1,187,1988-07-25,76,2016,2020,False,,,,no
Curtis,Taylor,NorthMelbourne,,5,187,2000-04-06,76,2019,2024,False,,,,no
Kain,Taylor,Stkilda,,26,180,1967-10-14,76,1986,1994,False,,,,no
Ron,Todd,Collingwood,,21,187,1916-10-23,76,1935,1939,False,,,,no
Jack,Walker,Geelong,,15,180,1909-08-28,76,1930,1935,False,,,,no
Cody,Weightman,WesternBulldogs,Western Bulldogs,19,177,2001-01-15,76,2020,2024,False,MEDIUM_FORWARD,NA,NA,yes
Les,Woodfield,Sydney,,29,179,1899-08-27,76,1923,1927,False,,,,no
Tony,Anderson,Melbourne,,11,183,1942-01-31,75,1963,1969,False,,,,no
Andrew,Angwin,Hawthorn,,4,174,1918-09-04,75,1938,1944,False,,,,no
Keith,Baskin,Sydney,,4,183,1945-12-15,75,1964,1973,False,,,,no
George,Bower,Sydney,,3,178,1884-06-18,75,1909,1914,False,,,,no
Jack,Caesar,Essendon,,5,165,1917-01-05,75,1938,1942,False,,,,no
Graeme,Chalmers,WesternBulldogs,,27,178,1944-06-29,75,1962,1968,False,,,,no
Troy,Chaplin,Richmond,,25,195,1986-02-23,75,2013,2016,False,,,,no
Che,Cockatoo-Collins,PortAdelaide,,12,181,1975-03-05,75,1999,2003,False,,,,no
Matthew,Cottrell,Carlton,Carlton,46,181,2000-02-29,75,2020,2026,True,MIDFIELDER_FORWARD,rookieElevation,23,yes
Brandon,Ellis,Goldcoast,,4,181,1993-08-03,75,2020,2024,False,,,,no
Jaspa,Fletcher,Brisbane,Brisbane Lions,28,183,2004-02-24,75,2023,2026,True,MEDIUM_DEFENDER,fatherSon,12,yes
Leo,Healy,Geelong,,18,170,1890-10-20,75,1911,1920,False,,,,no
Lewis,Jetta,WestCoast,,23,182,1989-05-04,75,2016,2020,False,,,,no
George,Margitich,Melbourne,,3,184,1908-11-18,75,1930,1934,False,,,,no
Gerald,McCarthy,Hawthorn,,21,191,1951-11-02,75,1972,1977,False,,,,no
Bill,McClelland,Melbourne,,,179,1875-02-09,75,1898,1904,False,,,,no
Les,Mogg,NorthMelbourne,,23,180,1929-08-27,75,1949,1954,False,,,,no
Eddie,Morcom,NorthMelbourne,,26,178,1917-05-17,75,1937,1945,False,,,,no
Herb,Naismith,Collingwood,,18,185,1915-10-09,75,1938,1946,False,,,,no
Trent,Nichols,Richmond,,22,173,1969-04-07,75,1988,1998,False,,,,no
Jim,OBrien,Stkilda,,28,177,1936-08-02,75,1957,1963,False,,,,no
Stan,Penberthy,WesternBulldogs,,17,179,1906-06-03,75,1932,1937,False,,,,no
Andrew,Rogers,Geelong,,20,188,1964-08-15,75,1989,1992,False,,,,no
Billy,Schmidt,Richmond,,18,170,1887-12-29,75,1908,1921,False,,,,no
Troy,Selwood,Brisbane,,28,187,1984-05-01,75,2005,2010,False,,,,no
Brian,Sierakowski,Stkilda,,13,188,1945-11-01,75,1964,1968,False,,,,no
Darren,Bennett,Melbourne,,19,196,1965-01-09,74,1989,1993,False,,,,no
Artie,Bettles,Richmond,,16,178,1891-03-25,74,1914,1920,False,,,,no
Bill,Bowe,Melbourne,,,179,1879-01-29,74,1900,1906,False,,,,no
Nathan,Bower,Richmond,,22,185,1972-06-08,74,1991,1998,False,,,,no
Kieren,Briggs,GWS,GWS,32,200,1999-10-06,74,2021,2026,True,RUCK,nationalDraft,34,yes
Ben,Buckley,NorthMelbourne,,14,185,1967-06-29,74,1986,1993,False,,,,no
Jack,Burke,Hawthorn,,10,180,1918-04-29,74,1939,1945,False,,,,no
Kerry,Good,NorthMelbourne,,7,184,1958-11-10,74,1977,1983,False,,,,no
Derek,Hall,Geelong,,19,189,1970-11-29,74,1995,2000,False,,,,no
Nick,Hind,Essendon,,19,180,1994-08-19,74,2021,2024,False,,,,no
Rupe,Hiskins,Carlton,,5,185,1893-10-29,74,1920,1924,False,,,,no
Merv,Hobbs,WesternBulldogs,,2,175,1942-06-16,74,1961,1965,False,,,,no
Luke,Jackson,Fremantle.xlsx,Fremantle,9,198,2001-09-29,74,2023,2026,True,RUCK,nationalDraft,3,yes
Matthew,Jaensch,Adelaide,,10,180,1989-09-18,74,2010,2015,False,,,,no
Zak,Jones,Stkilda,,3,181,1995-03-15,74,2020,2025,False,,,,no
Alex,Kerr,Sydney,,,,1880-11-13,74,1906,1911,False,,,,no
Dooley,Lilburne,Richmond,,16,182,1902-08-09,74,1926,1929,False,,,,no
Stewart,Lord,Geelong,,6,178,1940-04-09,74,1960,1964,False,,,,no
Rhyan,Mansell,Richmond,Richmond,31,180,2000-06-04,74,2021,2026,True,MEDIUM_FORWARD,NA,NA,yes
Firth,McCallum,Geelong,,,,1872-12-27,74,1897,1905,False,,,,no
Brian,McCarthy,Stkilda,,21,179,1936-01-20,74,1956,1961,False,,,,no
Russell,Middlemiss,Geelong,,2,182,1929-07-06,74,1949,1955,False,,,,no
Nick,Murray,Adelaide,Adelaide,28,195,2000-12-18,74,2021,2026,True,KEY_DEFENDER,preseason,NA,yes
Pat,OLoughlin,Essendon,,,185,1873-10-29,74,1897,1902,False,,,,no
Eric,Parkes,NorthMelbourne,,29,178,1926-09-30,74,1949,1955,False,,,,no
Arthur,Robertson,Stkilda,,2,183,1916-05-25,74,1936,1942,False,,,,no
Stan,Rule,Melbourne,,31,185,1924-01-17,74,1946,1950,False,,,,no
Harry,Sheezel,NorthMelbourne,North Melbourne,3,185,2004-10-13,74,2023,2026,True,MIDFIELDER,nationalDraft,3,yes
Zac,Smith,Goldcoast,,2,206,1990-02-22,74,2011,2021,False,,,,no
Greg,Stafford,Richmond,,10,204,1974-08-27,74,2002,2006,False,,,,no
Ian,Thomson,Sydney,,20,189,1949-09-06,74,1973,1976,False,,,,no
Kurt,Tippett,Sydney,,8,202,1987-05-08,74,2013,2017,False,,,,no
Keith,Warburton,Carlton,,7,178,1929-06-07,74,1951,1955,False,,,,no
Josh,Ward,Hawthorn,Hawthorn,25,181,2003-08-17,74,2022,2026,True,MIDFIELDER,NA,NA,yes
Athol,Webb,Melbourne,,15,180,1935-09-13,74,1955,1959,False,,,,no
Ray,Yeoman,Hawthorn,,21,174,1934-10-08,74,1955,1960,False,,,,no
Geoff,Angus,Hawthorn,,33,174,1948-08-19,73,1967,1973,False,,,,no
Martin,Brown,Sydney,,14,187,1900-02-27,73,1921,1928,False,,,,no
Wally,Chalmers,Essendon,,7,163,1890-09-16,73,1911,1918,False,,,,no
Martin,Clarke,Collingwood,,18,181,1987-11-13,73,2007,2014,False,,,,no
Keidean,Coleman,Brisbane,Brisbane Lions,18,183,2000-03-31,73,2020,2026,True,MEDIUM_DEFENDER,nationalDraft,37,yes
Hayden,Crozier,WesternBulldogs,,9,185,1993-12-24,73,2018,2023,False,,,,no
Des,Dickson,Hawthorn,,8,187,1941-01-10,73,1962,1966,False,,,,no
Frank,Goode,NorthMelbourne,,13,183,1939-12-19,73,1961,1967,False,,,,no
Ken,Greenwood,WesternBulldogs,,1,188,1941-12-15,73,1967,1972,False,,,,no
Ted,Hall,Stkilda,,,177,1876-02-08,73,1897,1902,False,,,,no
Steven,Handley,Geelong,,14,194,1970-07-23,73,1992,1996,False,,,,no
Paul,Hawke,Sydney,,34,182,1964-07-04,73,1984,1991,False,,,,no
Bernie,Jones,Hawthorn,,31,197,1953-05-03,73,1973,1980,False,,,,no
Aaron,Joseph,Carlton,,45,180,1989-07-04,73,2009,2013,False,,,,no
Jimmy,Larkin,Essendon,,,173,1874-10-27,73,1898,1903,False,,,,no
Doug,Long,Geelong,,5,193,1940-03-28,73,1957,1961,False,,,,no
Bill,Lowenthal,Essendon,,7,173,1909-09-23,73,1930,1937,False,,,,no
Bryan,Martyn,NorthMelbourne,,30,191,1930-12-27,73,1950,1958,False,,,,no
Daniel,McKenzie,Stkilda,,36,185,1996-05-17,73,2015,2022,False,,,,no
Tom,Meehan,Stkilda,,21,184,1926-03-31,73,1947,1952,False,,,,no
Max,Michalanney,Adelaide,Adelaide,16,190,2004-02-26,73,2023,2026,True,MEDIUM_DEFENDER,fatherSon,17,yes
Andrew,Moir,Melbourne,,29,183,1959-01-03,73,1977,1981,False,,,,no
Ian,Mort,Hawthorn,,14,187,1937-04-04,73,1960,1964,False,,,,no
Terry,ONeill,Sydney,,19,189,1956-06-10,73,1975,1980,False,,,,no
Viv,Randall,Hawthorn,,7,170,1914-03-07,73,1934,1938,False,,,,no
Nick,Robertson,Brisbane,,18,191,1995-06-03,73,2014,2019,False,,,,no
Luke,Russell,Goldcoast,,8,186,1992-01-24,73,2011,2016,False,,,,no
Devon,Smith,Essendon,,5,174,1993-05-20,73,2018,2022,False,,,,no
Winston,Abraham,NorthMelbourne,,15,175,1974-09-29,72,1998,2001,False,,,,no
Mac,Andrew,Goldcoast,Gold Coast,31,201,2003-12-04,72,2022,2026,True,KEY_DEFENDER,NA,NA,yes
Leo,Brereton,Carlton,,6,174,1936-11-01,72,1957,1962,False,,,,no
Clive,Brown,Geelong,,32,175,1934-05-15,72,1955,1960,False,,,,no
Jack,Chambers,Geelong,,8,185,1901-12-06,72,1924,1928,False,,,,no
Heath,Chapman,Fremantle.xlsx,Fremantle,5,193,2002-01-31,72,2021,2026,True,MEDIUM_DEFENDER,nationalDraft,14,yes
Charlie,Coles,Geelong,,,183,1878-12-26,72,1897,1904,False,,,,no
Bill,Condon,Sydney,,21,173,1901-07-14,72,1923,1927,False,,,,no
Charlie,Dow,Collingwood,,,,1874-01-12,72,1897,1902,False,,,,no
Ron,Dowling,Collingwood,,7,175,1913-06-27,72,1936,1940,False,,,,no
Maurie,Dunstan,Collingwood,,6,185,1929-03-25,72,1949,1954,False,,,,no
David,Dwyer,NorthMelbourne,,32,182,1964-03-15,72,1984,1991,False,,,,no
Ron,Grove,WesternBulldogs,,5,185,1919-06-05,72,1942,1947,False,,,,no
Jack,Hickey,Collingwood,,19,173,1930-12-13,72,1951,1956,False,,,,no
Les,James,Geelong,,6,178,1890-06-29,72,1909,1915,False,,,,no
Ken,Judge,Hawthorn,,1,183,1958-01-15,72,1983,1986,False,,,,no
Jim,Kearney,Geelong,,16,183,1893-07-04,72,1915,1921,False,,,,no
Merv,Laffey,WesternBulldogs,,12,170,1925-07-03,72,1945,1952,False,,,,no
Milton,Lamb,Geelong,,7,173,1909-07-14,72,1928,1932,False,,,,no
Ralph,Lane,Melbourne,,34,180,1930-03-16,72,1951,1956,False,,,,no
Will,Langford,Hawthorn,,29,187,1992-07-03,72,2013,2018,False,,,,no
Ted,Larsen,NorthMelbourne,,33,185,1923-07-19,72,1946,1954,False,,,,no
Robert,Mace,Stkilda,,7,178,1958-08-12,72,1982,1986,False,,,,no
Rhys,Mathieson,Brisbane,,36,188,1997-01-10,72,2016,2022,False,,,,no
Stewart,McLatchie,Carlton,,21,170,1896-08-19,72,1919,1924,False,,,,no
Frank,Mockridge,Geelong,,17,174,1903-10-21,72,1925,1931,False,,,,no
Arthur,Pincott,Geelong,,,177,1877-03-03,72,1897,1903,False,,,,no
Josh,Rotham,WestCoast,,35,193,1998-02-25,72,2019,2024,False,,,,no
Ed,Sanneman,Stkilda,,25,185,1902-06-22,72,1922,1931,False,,,,no
Bill,Scanlan,WesternBulldogs,,26,187,1925-01-06,72,1949,1953,False,,,,no
Craig,Smith,Richmond,,17,186,1967-01-27,72,1986,1993,False,,,,no
Kieran,Sporn,Essendon,,17,186,1966-08-28,72,1989,1993,False,,,,no
Harvey,Stevens,WesternBulldogs,,32,188,1930-08-08,72,1953,1957,False,,,,no
Bruce,Stevenson,Hawthorn,,34,189,1949-08-08,72,1969,1974,False,,,,no
Alan,Stoneham,Essendon,,11,185,1955-08-20,72,1980,1983,False,,,,no
Ray,Walker,WesternBulldogs,,26,175,1941-12-18,72,1959,1965,False,,,,no
Bob,Weatherill,Richmond,,15,180,1897-07-20,72,1917,1923,False,,,,no
Mike,Woods,Melbourne,,37,185,1926-08-01,72,1949,1953,False,,,,no
Graeme,Anderson,Collingwood,,21,185,1953-01-05,71,1975,1980,False,,,,no
Rohan,Bail,Melbourne,,44,183,1988-06-26,71,2009,2015,False,,,,no
Doug,Barwick,Collingwood,,17,173,1962-02-06,71,1988,1991,False,,,,no
Don,Bauer,Geelong,,19,178,1922-05-17,71,1945,1949,False,,,,no
Barry,Beecroft,Sydney,,8,191,1955-01-04,71,1973,1982,False,,,,no
Neil,Brunton,Sydney,,13,183,1969-01-03,71,1991,1995,False,,,,no
Nathan,Carroll,Melbourne,,41,191,1980-10-20,71,2003,2008,False,,,,no
Jim,Carstairs,Essendon,,20,187,1929-08-31,71,1951,1957,False,,,,no
Luke,Dahlhaus,Geelong,,40,179,1992-08-21,71,2019,2022,False,,,,no
Barry,Davis,NorthMelbourne,,32,185,1943-09-15,71,1973,1975,False,,,,no
Leo,Dwyer,NorthMelbourne,,19,172,1907-05-09,71,1925,1935,False,,,,no
Garry,English,NorthMelbourne,,4,175,1935-01-07,71,1954,1959,False,,,,no
Fred,Fleiter,Sydney,,7,183,1897-05-03,71,1919,1925,False,,,,no
Barnaby,French,Carlton,,11,200,1975-11-25,71,2003,2006,False,,,,no
Pat,Fricker,Collingwood,,7,178,1916-03-09,71,1935,1944,False,,,,no
Bob,Gazzard,Geelong,,23,183,1935-09-26,71,1954,1959,False,,,,no
Trent,Hentschel,Adelaide,,37,193,1982-12-25,71,2003,2010,False,,,,no
Oliver,Hollands,Carlton,Carlton,4,184,2004-01-16,71,2023,2026,True,MEDIUM_DEFENDER,nationalDraft,11,yes
John,Holt,NorthMelbourne,,2,183,1962-09-29,71,1981,1988,False,,,,no
John,Jenkins,NorthMelbourne,,5,196,1936-02-20,71,1959,1964,False,,,,no
Graeme,Johnston,Essendon,,16,178,1942-05-20,71,1962,1967,False,,,,no
Darren,Jolly,Collingwood,,18,200,1981-11-06,71,2010,2013,False,,,,no
Scott,Lycett,PortAdelaide,,29,203,1992-09-26,71,2019,2023,False,,,,no
Matt,Maguire,Brisbane,,36,192,1984-05-30,71,2010,2015,False,,,,no
Jim,Mathieson,Geelong,,26,183,1892-11-29,71,1920,1924,False,,,,no
George,McGrath,Geelong,,33,184,1935-11-16,71,1956,1962,False,,,,no
Ken,Melville,Melbourne,,38,179,1931-02-11,71,1953,1956,False,,,,no
Kevin,Morris,Collingwood,,14,180,1950-08-20,71,1978,1981,False,,,,no
Troy,Schwarze,Stkilda,,40,190,1981-12-23,71,2000,2006,False,,,,no
Mark,Shea,Essendon,,,173,1883-04-24,71,1905,1909,False,,,,no
George,Stuckey,Essendon,,,174,1871-07-06,71,1897,1902,False,,,,no
Hedley,Tomkins,Melbourne,,11,164,1885-06-11,71,1906,1913,False,,,,no
Chad,Wingard,Hawthorn,,20,183,1993-07-29,71,2019,2023,False,,,,no
Maurie,Young,Hawthorn,,8,188,1937-03-07,71,1956,1960,False,,,,no
Len,Ablett,Richmond,,3,184,1916-05-10,70,1939,1943,False,,,,no
Harold,Alexander,Sydney,,3,188,1902-04-21,70,1922,1926,False,,,,no
Paul,Bower,Carlton,,18,192,1988-01-09,70,2006,2012,False,,,,no
Doug,Brown,Geelong,,14,168,1923-08-30,70,1944,1950,False,,,,no
George,Challis,Carlton,,12,177,1891-02-09,70,1912,1915,False,,,,no
Ken,Christie,Melbourne,,4,185,1927-08-28,70,1951,1955,False,,,,no
Bill,Coady,Stkilda,,29,185,1939-04-07,70,1959,1963,False,,,,no
Percy,Ellin,Stkilda,,,173,1884-06-21,70,1905,1910,False,,,,no
Doug,Farrant,NorthMelbourne,,16,189,1949-04-02,70,1968,1973,False,,,,no
Peter,Filandia,Sydney,,10,168,1970-05-14,70,1994,2000,False,,,,no
Roy,Fountain,Stkilda,,6,188,1915-02-16,70,1938,1947,False,,,,no
Jack,Gardiner,Melbourne,,,165,1881-05-08,70,1903,1908,False,,,,no
Don,Gent,Hawthorn,,26,188,1933-01-27,70,1955,1959,False,,,,no
George,Gibson,Richmond,,6,178,1885-06-23,70,1908,1912,False,,,,no
Reuben,Ginbey,WestCoast,West Coast,7,191,2004-09-10,70,2023,2026,True,KEY_DEFENDER,nationalDraft,9,yes
Brian,Gleeson,Stkilda,,30,188,1934-11-03,70,1953,1957,False,,,,no
Jason,Horne-Francis,PortAdelaide,Port Adelaide,18,185,2003-06-21,70,2023,2026,True,MIDFIELDER_FORWARD,nationalDraft,1,yes
Ron,Hosking,Geelong,,11,180,1943-09-18,70,1964,1968,False,,,,no
Alex,Ishchenko,NorthMelbourne,,26,201,1964-04-20,70,1992,1995,False,,,,no
Rod,Lester-Smith,Hawthorn,,6,188,1959-07-18,70,1984,1987,False,,,,no
Ned,McHenry,Adelaide,,25,179,2000-07-13,70,2020,2024,False,,,,no
Tayte,Pears,Essendon,,16,191,1990-03-24,70,2008,2015,False,,,,no
Gary,Pert,Collingwood,,4,188,1965-05-28,70,1992,1995,False,,,,no
Max,Robertson,Sydney,,23,185,1954-09-14,70,1972,1977,False,,,,no
Alan,Rowarth,Melbourne,,2,177,1936-08-24,70,1958,1963,False,,,,no
Isaac,Smith,Geelong,,7,188,1988-12-30,70,2021,2023,False,,,,no
Greg,Tate,Essendon,,16,171,1925-10-21,70,1947,1951,False,,,,no
Herc,Vollugi,Essendon,,,170,1880-06-15,70,1901,1906,False,,,,no
Jason,Wild,Collingwood,,22,182,1976-02-10,70,1995,1999,False,,,,no
Callum,Brown,GWS,GWS,46,188,2000-08-15,69,2021,2026,True,MEDIUM_FORWARD,other,NA,yes
Newton,Chandler,Carlton,,8,175,1893-09-19,69,1919,1924,False,,,,no
Glenn,Coleman,WesternBulldogs,,20,193,1961-02-03,69,1990,1993,False,,,,no
Dave,Cuzens,Richmond,,4,182,1932-12-11,69,1957,1961,False,,,,no
Frank,Dunin,Richmond,,23,188,1935-06-29,69,1953,1959,False,,,,no
Charlie,Farrell,Essendon,,11,178,1898-06-28,69,1919,1925,False,,,,no
Lachie,Fogarty,Carlton,Carlton,8,180,1999-04-01,69,2021,2026,True,MEDIUM_FORWARD,nationalDraft,22,yes
Silvio,Foschini,Stkilda,,6,175,1963-09-18,69,1983,1988,False,,,,no
Graham,Gaunt,Melbourne,,20,185,1953-08-02,69,1978,1982,False,,,,no
Wilbur,Harris,Sydney,,33,188,1912-05-28,69,1933,1941,False,,,,no
Bill,Harwood,Geelong,,12,178,1920-09-15,69,1940,1948,False,,,,no
John,Heathcote,Carlton,,37,170,1934-01-23,69,1958,1962,False,,,,no
Allan,Hender,Stkilda,,5,175,1908-04-23,69,1934,1938,False,,,,no
Ricky,Henderson,Hawthorn,,31,188,1988-09-11,69,2017,2020,False,,,,no
Stan,Hepburn,Stkilda,,26,175,1904-07-20,69,1925,1930,False,,,,no
Arthur,Karanicolas,NorthMelbourne,,20,171,1944-07-10,69,1964,1968,False,,,,no
Nathan,Krakouer,PortAdelaide,,29,182,1988-05-05,69,2007,2016,False,,,,no
Arthur,Legge,Essendon,,,160,1881-10-05,69,1904,1909,False,,,,no
Bert,Lucas,Sydney,,37,185,1922-04-03,69,1946,1950,False,,,,no
Bill,McNamara,Carlton,,,175,1876-06-09,69,1899,1904,False,,,,no
Paul,Medhurst,Collingwood,,7,179,1981-12-11,69,2007,2010,False,,,,no
Lloyd,Meek,Hawthorn,Hawthorn,17,203,1998-04-22,69,2023,2026,True,RUCK,NA,NA,yes
Robert,Miller,Melbourne,,33,185,1941-03-12,69,1961,1965,False,,,,no
Dick,Mullaly,Sydney,,17,178,1892-06-19,69,1912,1917,False,,,,no
Keith,Robertson,NorthMelbourne,,11,180,1938-10-27,69,1957,1963,False,,,,no
Charles,Stanbridge,Sydney,,9,191,1899-01-09,69,1925,1929,False,,,,no
Bill,Strang,Sydney,,24,184,1883-10-07,69,1904,1913,False,,,,no
Grant,Tanner,Geelong,,10,184,1970-07-24,69,1994,1997,False,,,,no
Tarryn,Thomas,NorthMelbourne,,26,189,2000-03-25,69,2019,2023,False,,,,no
Terry,Wallace,WesternBulldogs,,16,183,1958-12-13,69,1988,1991,False,,,,no
Alby,Weiss,Stkilda,,8,182,1914-07-18,69,1935,1942,False,,,,no
Joel,Amartey,Sydney,Sydney,36,197,1999-09-02,68,2020,2026,True,KEY_FORWARD,NA,NA,yes
Toby,Bedford,GWS,GWS,14,178,2000-05-27,68,2023,2026,True,MEDIUM_FORWARD,nationalDraft,75,yes
Adam,Bentick,Carlton,,40,184,1985-06-13,68,2004,2008,False,,,,no
Kepler,Bradley,Fremantle.xlsx,,26,199,1985-11-13,68,2008,2013,False,,,,no
Norm,Campbell,Collingwood,,6,179,1919-03-04,68,1939,1946,False,,,,no
Bert,Chapman,Collingwood,,25,170,1942-03-14,68,1960,1966,False,,,,no
Allen,Christensen,Brisbane,,3,177,1991-05-19,68,2015,2019,False,,,,no
Andrew,Donnelly,WestCoast,,29,190,1973-03-29,68,1996,2000,False,,,,no
Les,Fairbairn,Geelong,,2,177,1889-04-25,68,1906,1914,False,,,,no
Maurie,Herring,Melbourne,,,180,1879-09-21,68,1897,1904,False,,,,no
Reg,Humphries,Sydney,,18,180,1911-08-01,68,1934,1939,False,,,,no
Jack,Incoll,Collingwood,,,174,1879-02-14,68,1902,1906,False,,,,no
Ian,Marsh,Essendon,,37,178,1955-10-23,68,1976,1980,False,,,,no
Charlie,McSwain,Carlton,,3,182,1901-10-12,68,1925,1930,False,,,,no
Jarred,Moore,Sydney,,33,177,1986-03-06,68,2005,2011,False,,,,no
Robert,Muir,Stkilda,,32,185,1953-10-08,68,1974,1984,False,,,,no
Albert,Naismith,Hawthorn,,1,183,1917-11-13,68,1938,1943,False,,,,no
Stephen,Powell,Stkilda,,17,181,1976-09-07,68,2003,2006,False,,,,no
Russell,Reynolds,Stkilda,,21,182,1951-02-04,68,1973,1976,False,,,,no
Jason,Snell,Geelong,,4,181,1977-07-27,68,1996,2001,False,,,,no
Jaidyn,Stephenson,NorthMelbourne,,2,188,1999-01-15,68,2021,2024,False,,,,no
Wayne,Weidemann,Adelaide,,33,182,1966-10-21,68,1991,1996,False,,,,no
Bob,Wiggins,Richmond,,26,185,1925-11-08,68,1944,1951,False,,,,no
Ike,Woods,Geelong,,,,1879-08-20,68,1901,1906,False,,,,no
Blake,Acres,Carlton,Carlton,13,191,1995-10-07,67,2023,2025,False,MIDFIELDER,nationalDraft,19,yes
Dean,Anderson,Stkilda,,11,190,1967-08-01,67,1993,1996,False,,,,no
Ben,Baxter,Essendon,,,174,1876-11-13,67,1902,1906,False,,,,no
Peter,Bennett,Essendon,,38,180,1956-11-08,67,1978,1981,False,,,,no
Matt,Buntine,GWS,,21,189,1993-10-19,67,2012,2021,False,,,,no
Bryan,Cousins,Geelong,,24,175,1953-12-29,67,1975,1979,False,,,,no
Ken,Duff,WesternBulldogs,,16,185,1941-12-31,67,1961,1965,False,,,,no
Bob,Giles,Sydney,,9,178,1930-05-22,67,1950,1955,False,,,,no
Fred,Green,Stkilda,,15,182,1921-03-06,67,1947,1951,False,,,,no
Bob,Greve,Collingwood,,7,179,1934-11-30,67,1955,1959,False,,,,no
Tom,Hafey,Richmond,,18,173,1931-08-05,67,1953,1958,False,,,,no
Dan,Hanley,Essendon,,10,185,1883-05-17,67,1911,1914,False,,,,no
Bailey,Humphrey,Goldcoast,Gold Coast,19,186,2004-09-11,67,2023,2026,True,MEDIUM_FORWARD,NA,NA,yes
Bohdan,Jaworskyj,Hawthorn,,1,185,1947-03-14,67,1973,1975,False,,,,no
Jack,Julian,Stkilda,,,178,1885-02-14,67,1904,1908,False,,,,no
Josh,Mahoney,PortAdelaide,,22,180,1977-10-31,67,2004,2007,False,,,,no
Spiro,Malakellis,Geelong,,12,175,1968-04-23,67,1989,1993,False,,,,no
Ivan,McAlpine,Hawthorn,,1,182,1907-07-19,67,1934,1937,False,,,,no
Graham,Molloy,Melbourne,,21,183,1947-06-26,67,1970,1975,False,,,,no
Allan,Moncrieff,WesternBulldogs,,29,185,1924-03-19,67,1943,1951,False,,,,no
Russell,Muir,Essendon,,42,180,1954-07-12,67,1977,1981,False,,,,no
George,Pattinson,Essendon,,24,185,1914-05-06,67,1934,1942,False,,,,no
Peter,Quill,WesternBulldogs,,22,182,1969-08-23,67,1993,1997,False,,,,no
Hugo,Ralphsmith,Richmond,Richmond,13,186,2001-11-09,67,2021,2026,True,MIDFIELDER,NA,NA,yes
Jack,Scanlon,Stkilda,,27,180,1911-01-11,67,1930,1936,False,,,,no
Brandon,Walker,Fremantle.xlsx,Fremantle,31,183,2002-10-17,67,2021,2026,True,MEDIUM_DEFENDER,nationalDraft,50,yes
Robert,Warnock,Carlton,,11,206,1987-01-19,67,2010,2015,False,,,,no
Josh,Weddle,Hawthorn,Hawthorn,23,191,2004-05-25,67,2023,2026,True,MIDFIELDER,NA,NA,yes
Herbert,White,Melbourne,,8,168,1907-06-06,67,1926,1929,False,,,,no
Zac,Williams,Carlton,Carlton,6,185,1994-09-20,67,2021,2026,True,MEDIUM_DEFENDER,rookieElevation,95,yes
David,Williams,Melbourne,,15,182,1961-10-26,67,1983,1988,False,,,,no
Daniel,Bell,Melbourne,,21,186,1985-04-13,66,2004,2009,False,,,,no
Bob,Bowden,Stkilda,,12,168,1887-03-29,66,1913,1919,False,,,,no
Ray,Boyanich,Richmond,,19,193,1947-02-04,66,1970,1976,False,,,,no
Jake,Carlisle,Stkilda,,2,201,1991-10-01,66,2017,2021,False,,,,no
Alan,Carr,NorthMelbourne,,10,188,1939-04-21,66,1959,1966,False,,,,no
Brad,Crouch,Stkilda,,5,186,1994-01-14,66,2021,2024,False,,,,no
Robert,Dean,Sydney,,18,189,1950-10-20,66,1976,1980,False,,,,no
Colin,Dell,WesternBulldogs,,12,180,1952-05-25,66,1971,1977,False,,,,no
David,Dickson,Carlton,,27,183,1952-05-12,66,1972,1976,False,,,,no
Graeme,Fellowes,Collingwood,,28,200,1934-01-29,66,1956,1964,False,,,,no
Pat,Hartnett,Stkilda,,6,180,1910-05-17,66,1930,1937,False,,,,no
Oliver,Henry,Geelong,Geelong,36,186,2002-07-29,66,2023,2026,True,KEY_FORWARD,nationalDraft,17,yes
Stan,Hiskins,Sydney,,15,178,1890-06-02,66,1913,1921,False,,,,no
Ben,Holland,Melbourne,,4,198,1977-05-10,66,2004,2008,False,,,,no
Ken,Hopper,Hawthorn,,3,183,1924-06-08,66,1947,1951,False,,,,no
Frank,Laird,Sydney,,12,179,1893-05-20,66,1921,1925,False,,,,no
Stephen,Malaxos,WestCoast,,8,177,1961-06-19,66,1987,1990,False,,,,no
Jackson,Mead,PortAdelaide,Port Adelaide,44,184,2001-09-30,66,2022,2026,True,MEDIUM_DEFENDER,fatherSon,25,yes
Derek,Mollison,Melbourne,,16,189,1901-10-22,66,1923,1928,False,,,,no
Arthur,Mooney,Richmond,,15,180,1924-12-14,66,1943,1948,False,,,,no
Roy,Moore,Sydney,,12,183,1914-12-22,66,1935,1941,False,,,,no
Russell,Morris,Stkilda,,12,191,1962-06-01,66,1991,1994,False,,,,no
Jake,Neade,PortAdelaide,,3,170,1994-05-29,66,2013,2018,False,,,,no
Lochie,OBrien,Carlton,,4,185,1999-09-18,66,2018,2023,False,,,,no
Brian,Peake,Geelong,,7,180,1953-12-05,66,1981,1984,False,,,,no
Jim,Quinn,Essendon,,31,187,1904-11-18,66,1925,1931,False,,,,no
Reg,Ryan,NorthMelbourne,,35,183,1920-02-23,66,1939,1950,False,,,,no
Denis,Scanlon,Essendon,,36,188,1954-04-05,66,1976,1981,False,,,,no
Phil,Scott,WestCoast,,12,193,1961-01-17,66,1987,1990,False,,,,no
Laird,Smith,Richmond,,8,170,1913-07-16,66,1939,1945,False,,,,no
Frank,Stubbs,NorthMelbourne,,21,192,1919-09-27,66,1937,1946,False,,,,no
Jack,Sullivan,Carlton,,30,175,1933-08-11,66,1955,1960,False,,,,no
George,Tribe,WesternBulldogs,,30,168,1920-10-04,66,1940,1946,False,,,,no
Chip,Turner,Sydney,,29,180,1893-06-10,66,1918,1922,False,,,,no
Bill,Walker,Essendon,,20,183,1886-08-29,66,1911,1915,False,,,,no
Jack,Wells,Carlton,,16,177,1883-01-04,66,1910,1914,False,,,,no
Graeme,Whitnall,Carlton,,7,178,1952-04-25,66,1974,1981,False,,,,no
Will,Ashcroft,Brisbane,Brisbane Lions,8,182,2004-05-06,65,2023,2026,True,MIDFIELDER,fatherSon,2,yes
Peter,Bosustow,Carlton,,4,185,1957-10-27,65,1981,1983,False,,,,no
Leigh,Brown,Collingwood,,15,194,1982-02-23,65,2009,2011,False,,,,no
Les,Charge,Sydney,,5,185,1891-07-27,65,1910,1915,False,,,,no
Kevin,Delmenico,WesternBulldogs,,18,187,1945-05-18,65,1966,1970,False,,,,no
Oliver,Dempsey,Geelong,Geelong,28,185,2003-01-07,65,2022,2026,True,MIDFIELDER,rookieElevation,15,yes
Kevin,Egan,Essendon,,29,173,1943-09-10,65,1963,1969,False,,,,no
Ted,Ellis,WesternBulldogs,,15,188,1913-02-23,65,1940,1944,False,,,,no
Mark,Fraser,Essendon,,30,183,1971-02-04,65,1995,2000,False,,,,no
Terry,Gay,Hawthorn,,28,188,1947-01-18,65,1966,1970,False,,,,no
Kyle,Hardingham,Essendon,,34,186,1988-09-01,65,2010,2014,False,,,,no
Les,Hawken,Hawthorn,,18,192,1949-06-09,65,1970,1974,False,,,,no
Kevin,Hilet,Sydney,,16,175,1929-02-06,65,1950,1954,False,,,,no
Ben,Hobbs,Essendon,,8,183,2003-09-16,65,2022,2025,False,,,,no
Frank,Jeeves,NorthMelbourne,,9,180,1927-02-15,65,1947,1954,False,,,,no
Herb,Jones,NorthMelbourne,,15,182,1915-08-28,65,1936,1944,False,,,,no
Lin,Jong,WesternBulldogs,,46,188,1993-06-04,65,2012,2021,False,,,,no
Jim,Keddie,Stkilda,,6,173,1906-05-31,65,1927,1931,False,,,,no
Rory,Lobb,WesternBulldogs,Western Bulldogs,7,206,1993-02-09,65,2023,2026,True,KEY_DEFENDER,NA,NA,yes
Mick,Madden,Essendon,,,174,1882-06-21,65,1903,1906,False,,,,no
John,McMillan,Stkilda,,2,198,1938-12-15,65,1959,1964,False,,,,no
Jack,Metherell,Geelong,,22,178,1912-11-09,65,1932,1937,False,,,,no
Frank,Moran,Geelong,,,,1883-10-03,65,1907,1911,False,,,,no
Alby,Murdoch,Essendon,,15,170,1935-01-18,65,1957,1962,False,,,,no
Wyn,Murray,Melbourne,,2,178,1908-07-04,65,1929,1934,False,,,,no
Mark,Naley,Carlton,,17,177,1961-03-11,65,1987,1990,False,,,,no
Albert,Outen,WesternBulldogs,,20,178,1902-12-06,65,1925,1930,False,,,,no
Ian,Prendergast,Carlton,,28,192,1980-09-02,65,2001,2006,False,,,,no
Tim,Taranto,Richmond,Richmond,14,187,1998-01-28,65,2023,2026,True,MIDFIELDER,NA,NA,yes
John,Thompson,Richmond,,37,185,1938-06-21,65,1959,1963,False,,,,no
Bob,Ware,WesternBulldogs,,4,189,1941-08-23,65,1959,1963,False,,,,no
Bert,Worner,Geelong,,25,178,1929-09-18,65,1951,1955,False,,,,no
Matthew,Wright,Carlton,,46,178,1989-12-14,65,2016,2018,False,,,,no
Vin,Arthur,Carlton,,30,179,1905-03-23,64,1927,1933,False,,,,no
Jack,Bowes,Geelong,Geelong,12,187,1998-01-26,64,2023,2026,True,MIDFIELDER,nationalDraft,10,yes
Jack,Carmody,Hawthorn,,11,173,1911-06-07,64,1940,1946,False,,,,no
Richard,Champion,Brisbane,,1,186,1968-04-14,64,1997,2000,False,,,,no
Graham,Dempster,Sydney,,13,192,1955-01-14,64,1972,1979,False,,,,no
Ron,Evans,Essendon,,8,188,1939-07-07,64,1958,1962,False,,,,no
Owen,Evans,Sydney,,24,183,1916-12-05,64,1935,1941,False,,,,no
Arthur,Ford,Carlton,,4,180,1881-06-12,64,1903,1912,False,,,,no
Jack,Harrington,Essendon,,23,183,1930-06-26,64,1953,1957,False,,,,no
Joe,Harrison,Essendon,,13,183,1903-01-06,64,1923,1927,False,,,,no
Dick,Hingston,Melbourne,,32,177,1915-12-16,64,1938,1946,False,,,,no
Ben,Jacobs,NorthMelbourne,,5,185,1992-01-09,64,2013,2018,False,,,,no
Keith,Johns,Geelong,,9,183,1902-02-25,64,1919,1925,False,,,,no
Len,Johnson,Essendon,,14,183,1908-07-06,64,1929,1933,False,,,,no
Frank,Johnson,Sydney,,8,189,1932-07-03,64,1960,1964,False,,,,no
Jesse,Joyce,Goldcoast,,38,191,1997-08-17,64,2016,2020,False,,,,no
Brendan,Krummel,Hawthorn,,14,185,1972-06-24,64,1996,2000,False,,,,no
Norm,Maginness,Hawthorn,,35,180,1933-04-29,64,1953,1958,False,,,,no
Steven,McKee,Collingwood,,12,199,1978-06-20,64,2000,2004,False,,,,no
Jack,McLeod,Hawthorn,,4,178,1926-02-10,64,1945,1951,False,,,,no
Ossy,Parks,NorthMelbourne,,29,179,1914-10-10,64,1938,1942,False,,,,no
Cameron,Pedersen,Melbourne,,21,193,1987-03-17,64,2013,2018,False,,,,no
Bert,Pierce,Stkilda,,12,,1886-03-08,64,1909,1913,False,,,,no
Harold,Robertson,Sydney,,23,173,1895-04-09,64,1917,1923,False,,,,no
Bob,Shearman,Essendon,,35,178,1939-09-14,64,1956,1960,False,,,,no
Charlie,Sime,Collingwood,,,170,1871-08-03,64,1897,1901,False,,,,no
Will,Snelling,Essendon,,40,175,1997-08-06,64,2019,2023,False,,,,no
Ricky,Spargo,WesternBulldogs,,7,175,1947-08-21,64,1966,1971,False,,,,no
Arthur,Stevens,WesternBulldogs,,9,188,1899-06-27,64,1927,1932,False,,,,no
Doug,Strang,Richmond,,28,185,1912-07-12,64,1931,1935,False,,,,no
Jack,Thomson,Melbourne,,33,185,1929-01-25,64,1949,1953,False,,,,no
Tim,Trevaskis,NorthMelbourne,,12,173,1902-08-23,64,1925,1929,False,,,,no
Murray,Zeuschner,WesternBulldogs,,1,191,1938-11-25,64,1962,1967,False,,,,no
Jacob,van Rooyen,Melbourne,Melbourne,2,193,2003-04-16,64,2023,2026,True,KEY_FORWARD,NA,NA,yes
Les,Bailiff,Geelong,,,,1877-08-16,63,1898,1903,False,,,,no
Jase,Burgoyne,PortAdelaide,Port Adelaide,7,186,2003-07-15,63,2022,2026,True,MIDFIELDER,fatherSon,60,yes
Harold,Carter,Carlton,,25,165,1900-03-29,63,1924,1928,False,,,,no
Damian,Drum,Geelong,,29,180,1960-07-28,63,1982,1989,False,,,,no
David,Ellard,Carlton,,46,177,1989-03-13,63,2008,2015,False,,,,no
Shane,Fitzsimmons,Melbourne,,23,182,1955-12-24,63,1973,1979,False,,,,no
Charlie,Goding,Sydney,,,170,1876-08-03,63,1899,1904,False,,,,no
Alf,Gough,Sydney,,25,170,1888-03-08,63,1908,1915,False,,,,no
Ian,Graham,Collingwood,,7,187,1943-01-05,63,1963,1969,False,,,,no
Ben,Griffiths,Richmond,,24,200,1991-09-17,63,2010,2017,False,,,,no
Wal,Gunnyon,Stkilda,,28,183,1895-05-16,63,1922,1927,False,,,,no
Pat,Hand,WesternBulldogs,,9,185,1923-10-14,63,1943,1949,False,,,,no
George,Hassell,Essendon,,6,173,1923-10-05,63,1946,1950,False,,,,no
Paul,Hills,Essendon,,11,185,1972-09-20,63,1991,1996,False,,,,no
Kevin,Hogan,Sydney,,22,171,1934-10-06,63,1954,1960,False,,,,no
Derek,Kickett,Sydney,,24,180,1962-10-06,63,1994,1996,False,,,,no
Michael,Kol,Geelong,,37,183,1962-01-01,63,1983,1989,False,,,,no
Ben,Long,Goldcoast,Gold Coast,22,184,1997-08-21,63,2023,2026,True,MEDIUM_FORWARD,NA,NA,yes
Andrew,McGovern,Fremantle.xlsx,,43,177,1968-04-07,63,1995,1998,False,,,,no
Brock,McLean,Carlton,,14,184,1986-03-11,63,2010,2014,False,,,,no
Jesse,Motlop,Carlton,Carlton,3,176,2003-11-23,63,2022,2025,False,MEDIUM_FORWARD,nationalDraft,27,yes
Greg,Perry,Essendon,,16,193,1949-01-29,63,1970,1976,False,,,,no
Izak,Rankine,Adelaide,Adelaide,23,179,2000-04-23,63,2023,2026,True,MEDIUM_FORWARD,nationalDraft,3,yes
Jordan,Roughead,Collingwood,,23,200,1990-11-03,63,2019,2022,False,,,,no
Ben,Sinclair,Collingwood,,28,183,1991-10-01,63,2011,2016,False,,,,no
Roy,Sitch,NorthMelbourne,,12,180,1915-11-03,63,1936,1940,False,,,,no
Luke,Toia,Fremantle.xlsx,,1,175,1977-11-23,63,1996,2002,False,,,,no
David,Twomey,Collingwood,,37,185,1961-02-21,63,1979,1985,False,,,,no
Walter,Ware,Hawthorn,,17,187,1906-03-19,63,1930,1934,False,,,,no
Adrian,Whitehead,Carlton,,32,178,1975-08-25,63,1994,1999,False,,,,no
Colin,Wilson,Melbourne,,33,191,1933-07-23,63,1954,1959,False,,,,no
Lewis,Young,Carlton,Carlton,33,197,1998-12-20,63,2022,2026,True,KEY_DEFENDER,nationalDraft,49,yes
Harold,Albiston,Hawthorn,,35,173,1916-04-13,62,1936,1940,False,,,,no
Michael,Bone,Collingwood,,24,168,1942-10-03,62,1962,1966,False,,,,no
Bob,Bradley,Essendon,,27,177,1924-09-10,62,1947,1950,False,,,,no
Terry,Callan,Geelong,,7,178,1938-08-30,62,1960,1964,False,,,,no
Basil,Collins,Geelong,,5,185,1891-06-11,62,1910,1921,False,,,,no
Reg,Coyle,Sydney,,28,173,1917-10-01,62,1937,1945,False,,,,no
Scott,Crow,Collingwood,,39,179,1973-12-18,62,1996,1999,False,,,,no
Nick,Dal Santo,NorthMelbourne,,15,185,1984-02-22,62,2014,2016,False,,,,no
Stan,Davidson,WesternBulldogs,,9,177,1954-04-26,62,1980,1983,False,,,,no
Danny,Del-Re,WesternBulldogs,,26,188,1968-02-12,62,1990,1994,False,,,,no
Jeremy,Finlayson,PortAdelaide,,11,196,1996-02-09,62,2022,2025,False,,,,no
Aaron,Fiora,Stkilda,,17,186,1981-04-19,62,2005,2008,False,,,,no
Keith,Fraser,Collingwood,,14,183,1913-04-17,62,1933,1936,False,,,,no
Les,Gallagher,Richmond,,23,179,1904-07-10,62,1926,1929,False,,,,no
Billy,Gent,Sydney,,,164,1879-06-19,62,1903,1908,False,,,,no
Bob,Greenwood,Essendon,,8,175,1947-03-24,62,1967,1971,False,,,,no
Matthew,Johnson,Fremantle.xlsx,Fremantle,44,193,2003-03-16,62,2023,2026,True,MIDFIELDER,nationalDraft,21,yes
Paul,Lynch,Geelong,,18,185,1973-10-18,62,1993,2000,False,,,,no
Ken,Mackie,Stkilda,,7,184,1911-02-19,62,1933,1938,False,,,,no
Dan,Moriarty,Melbourne,,,179,1875-08-18,62,1899,1903,False,,,,no
Luke,OSullivan,Carlton,,27,177,1968-03-28,62,1988,1997,False,,,,no
Ross,Oakley,Stkilda,,12,178,1942-09-30,62,1962,1966,False,,,,no
Reg,Poole,Hawthorn,,29,178,1942-01-15,62,1961,1968,False,,,,no
Frank,Ryan,Richmond,,8,175,1932-05-01,62,1951,1957,False,,,,no
Eric,Sarich,Sydney,,16,180,1941-02-22,62,1965,1971,False,,,,no
Shaun,Smith,Melbourne,,29,184,1969-06-22,62,1995,1998,False,,,,no
Jack,Smith,NorthMelbourne,,12,180,1909-08-29,62,1932,1937,False,,,,no
Jason,Traianidis,Stkilda,,32,188,1974-11-07,62,1996,2001,False,,,,no
Bruce,Williams,Carlton,,7,175,1939-04-26,62,1959,1964,False,,,,no
Alex,Witherden,WestCoast,,23,188,1998-09-10,62,2021,2024,False,,,,no
Shane,Woewodin,Collingwood,,2,185,1976-07-12,62,2003,2005,False,,,,no
Josh,Worrell,Adelaide,Adelaide,24,195,2001-04-11,62,2021,2026,True,MEDIUM_DEFENDER,nationalDraft,28,yes
David,Albiston,Hawthorn,,6,174,1944-12-22,61,1962,1966,False,,,,no
Barry,Allan,NorthMelbourne,,4,188,1942-09-26,61,1962,1967,False,,,,no
Tom,Byrne,Hawthorn,,2,185,1908-11-07,61,1935,1939,False,,,,no
Aaron,Cadman,GWS,GWS,5,195,2004-03-03,61,2023,2026,True,KEY_FORWARD,nationalDraft,1,yes
Bill,Cameron,Stkilda,,11,183,1928-08-05,61,1948,1952,False,,,,no
Bill,Casey,Carlton,,,,1872-12-18,61,1897,1900,False,,,,no
Arthur,Cleghorn,Essendon,,,,1873-12-01,61,1897,1903,False,,,,no
Reg,Harley,Sydney,,14,170,1925-04-19,61,1948,1952,False,,,,no
Frank,Harris,Melbourne,,8,,1883-06-01,61,1907,1912,False,,,,no
Bobby,Hill,Collingwood,Collingwood,23,175,2000-02-09,61,2023,2025,False,MEDIUM_FORWARD,nationalDraft,24,yes
Trent,Hotton,Carlton,,37,193,1973-12-01,61,2000,2002,False,,,,no
Gordon,Hynes,Geelong,,12,177,1944-11-06,61,1963,1969,False,,,,no
Gordon,Jones,Melbourne,,1,180,1913-11-01,61,1935,1940,False,,,,no
Matt,Jones,Melbourne,,45,188,1987-10-18,61,2013,2016,False,,,,no
Pat,Keary,Hawthorn,,23,180,1901-10-10,61,1925,1930,False,,,,no
Phil,Kelly,NorthMelbourne,,14,184,1957-08-26,61,1981,1985,False,,,,no
Jeremy,Laidler,Sydney,,11,190,1989-08-05,61,2014,2017,False,,,,no
Jamie,Lawson,Sydney,,1,168,1971-10-05,61,1991,1994,False,,,,no
Len,Martin,Geelong,,16,179,1887-04-19,61,1906,1913,False,,,,no
John,McArthur,Hawthorn,,28,183,1938-09-10,61,1958,1963,False,,,,no
Alex,McDonald,Collingwood,,27,186,1970-02-13,61,1996,1999,False,,,,no
Ray,McHugh,Stkilda,,19,187,1938-07-02,61,1960,1965,False,,,,no
Bill,McMaster,Geelong,,7,192,1930-01-30,61,1951,1954,False,,,,no
Angus,Monfries,PortAdelaide,,6,185,1987-01-19,61,2013,2017,False,,,,no
Bill,Montgomery,NorthMelbourne,,23,177,1915-03-22,61,1936,1942,False,,,,no
Tom,Ryan,Sydney,,10,173,1924-11-07,61,1948,1952,False,,,,no
Larry,Spokes,Sydney,,24,180,1920-08-30,61,1946,1950,False,,,,no
Peter,Street,WesternBulldogs,,11,211,1980-06-06,61,2004,2008,False,,,,no
Archie,Thompson,Geelong,,,,1875-08-05,61,1897,1901,False,,,,no
Neil,Tucker,Geelong,,20,178,1915-05-09,61,1935,1944,False,,,,no
Len,Wallace,Essendon,,17,180,1909-01-09,61,1934,1938,False,,,,no
Dick,Abikhair,NorthMelbourne,,1,165,1914-07-07,60,1941,1945,False,,,,no
Reg,Baker,Collingwood,,1,163,1899-09-18,60,1922,1928,False,,,,no
Les,Bartlett,WesternBulldogs,,20,188,1949-09-27,60,1968,1975,False,,,,no
Les,Beck,Carlton,,,185,1886-01-05,60,1906,1909,False,,,,no
Brian,Beers,Collingwood,,20,178,1939-01-31,60,1958,1961,False,,,,no
Ken,Boyd,Sydney,,32,188,1938-03-06,60,1957,1961,False,,,,no
Peter,Boyne,Collingwood,,8,185,1944-05-28,60,1964,1968,False,,,,no
Ted,Brewis,Carlton,,20,179,1901-10-13,60,1925,1928,False,,,,no
Graham,Burgin,Richmond,,27,187,1948-04-04,60,1965,1971,False,,,,no
Anthony,Caminiti,Stkilda,St Kilda,47,196,2003-12-09,60,2023,2026,True,KEY_DEFENDER,NA,NA,yes
Richard,Cousins,WesternBulldogs,,2,196,1962-07-13,60,1987,1991,False,,,,no
Jason,Cripps,Stkilda,,18,183,1976-10-14,60,1996,2002,False,,,,no
Bert,Dalton,Geelong,,12,180,1891-08-22,60,1909,1915,False,,,,no
Rex,De Garis,Stkilda,,14,175,1896-12-29,60,1921,1925,False,,,,no
Leo,Dean,Geelong,,1,168,1914-10-04,60,1935,1945,False,,,,no
John,Fox,Geelong,,24,188,1940-09-28,60,1960,1965,False,,,,no
Shane,Grambeau,Melbourne,,17,191,1952-10-17,60,1976,1979,False,,,,no
Wayne,Headlam,Essendon,,14,193,1948-12-22,60,1969,1973,False,,,,no
Jason,Heatley,Stkilda,,24,189,1972-02-21,60,1997,2000,False,,,,no
Bernie,Hore,Geelong,,9,183,1916-06-02,60,1936,1940,False,,,,no
Fred,Jinks,Carlton,,,180,1880-11-24,60,1906,1909,False,,,,no
Ray,Johnston,NorthMelbourne,,34,193,1945-09-16,60,1966,1970,False,,,,no
William,Jones,Collingwood,,23,178,1935-03-27,60,1954,1958,False,,,,no
Percy,Jory,Stkilda,,14,180,1888-12-21,60,1912,1920,False,,,,no
Rod,Keogh,Stkilda,,17,180,1971-03-25,60,1994,1998,False,,,,no
Gary,Lofts,Stkilda,,16,183,1951-10-05,60,1976,1981,False,,,,no
Kai,Lohmann,Brisbane,Brisbane Lions,1,185,2003-05-06,60,2022,2026,True,MEDIUM_FORWARD,nationalDraft,20,yes
Jesse,Lonergan,Goldcoast,,37,184,1994-11-14,60,2013,2018,False,,,,no
Gordon,Mackie,Carlton,,24,187,1909-07-18,60,1932,1936,False,,,,no
Finn,Maginness,Hawthorn,Hawthorn,32,187,2001-02-23,60,2020,2026,True,MEDIUM_FORWARD,NA,NA,yes
John,Mahon,Collingwood,,8,180,1940-02-12,60,1961,1965,False,,,,no
Dean,McRae,Sydney,,4,186,1968-11-12,60,1993,1996,False,,,,no
Frank,OHara,Sydney,,,178,1872-08-11,60,1897,1901,False,,,,no
Jaeger,OMeara,Fremantle.xlsx,Fremantle,2,183,1994-02-23,60,2023,2026,True,MIDFIELDER,other,1,yes
Ken,Peucker,Essendon,,27,173,1935-02-02,60,1954,1961,False,,,,no
Ken,Phillips,Sydney,,38,178,1943-09-23,60,1963,1969,False,,,,no
Tony,Pickett,Carlton,,30,178,1953-01-09,60,1976,1979,False,,,,no
Stan,Radloff,NorthMelbourne,,10,170,1919-07-31,60,1946,1950,False,,,,no
Kyle,Reimers,Essendon,,37,182,1989-01-10,60,2007,2012,False,,,,no
Michael,Richardson,Collingwood,,17,182,1959-03-16,60,1983,1986,False,,,,no
Alf,Sampson,WesternBulldogs,,28,185,1912-05-27,60,1935,1946,False,,,,no
Jack,Shorten,Collingwood,,30,183,1887-11-30,60,1909,1913,False,,,,no
Ken,Smale,Collingwood,,5,185,1933-11-05,60,1955,1958,False,,,,no
James,Stewart,Essendon,,17,199,1994-03-04,60,2017,2022,False,,,,no
Ron,Stone,Carlton,,44,187,1945-07-30,60,1965,1969,False,,,,no
Brad,Symes,Adelaide,,15,186,1985-03-07,60,2008,2012,False,,,,no
Len,Templar,NorthMelbourne,,24,168,1931-12-18,60,1954,1957,False,,,,no
Nathan,Thompson,NorthMelbourne,,23,194,1978-02-14,60,2005,2008,False,,,,no
Leigh,Tudor,Geelong,,11,176,1969-09-25,60,1993,1996,False,,,,no
Bill,Vanthoff,Melbourne,,21,180,1909-01-01,60,1930,1934,False,,,,no
Ted,Wade,Sydney,,,170,1884-12-22,60,1906,1910,False,,,,no
Jarrad,Waite,NorthMelbourne,,30,194,1983-02-04,60,2015,2018,False,,,,no
Matthew,Wall,Richmond,,12,180,1960-03-05,60,1980,1985,False,,,,no
Dick,Wardill,Melbourne,,,182,1872-07-05,60,1897,1902,False,,,,no
Paul,Weston,Essendon,,28,188,1957-04-09,60,1983,1985,False,,,,no
Marley,Williams,NorthMelbourne,,2,181,1993-07-22,60,2017,2020,False,,,,no
Jack,Williamson,Essendon,,25,185,1907-05-20,60,1929,1933,False,,,,no
Tom,Wraith,Collingwood,,25,175,1890-03-20,60,1916,1920,False,,,,no
Greg,Anderson,Adelaide,,1,188,1966-05-14,59,1993,1996,False,,,,no
Gordon,Anderson,Hawthorn,,6,185,1924-09-16,59,1947,1951,False,,,,no
Jack,Anderson,NorthMelbourne,,27,180,1908-10-29,59,1935,1939,False,,,,no
Michael,Bowden,Richmond,,11,185,1947-03-21,59,1967,1971,False,,,,no
Horrie,Bullen,Carlton,,29,185,1906-03-13,59,1932,1937,False,,,,no
Bill,Carey,Hawthorn,,14,175,1905-12-30,59,1929,1932,False,,,,no
Kevin,Coghlan,Hawthorn,,6,163,1929-10-14,59,1953,1956,False,,,,no
Travis,Colyer,Fremantle.xlsx,,33,175,1991-08-24,59,2019,2022,False,,,,no
Bill,Daly,Sydney,,9,182,1892-11-07,59,1915,1919,False,,,,no
Mark,Dawson,NorthMelbourne,,7,177,1953-08-22,59,1972,1978,False,,,,no
Ron,Durham,Richmond,,1,183,1921-06-11,59,1943,1948,False,,,,no
Matthew,Egan,Geelong,,19,196,1983-07-10,59,2005,2007,False,,,,no
Tim,Evans,Geelong,,11,189,1953-08-13,59,1971,1974,False,,,,no
John,Haygarth,Geelong,,10,177,1934-07-13,59,1955,1959,False,,,,no
Geoff,Howells,Hawthorn,,25,183,1935-09-01,59,1954,1960,False,,,,no
Joel,Jeffrey,Goldcoast,Gold Coast,40,192,2002-03-12,59,2021,2026,True,MEDIUM_DEFENDER,NA,NA,yes
Harry,Jones,Essendon,,23,194,2001-02-25,59,2021,2025,False,,,,no
Jockie,Jones,Geelong,,18,171,1898-09-22,59,1920,1926,False,,,,no
Jamaine,Jones,WestCoast,,31,180,1998-09-29,59,2020,2024,False,,,,no
Les,Jones,Richmond,,16,183,1922-10-01,59,1944,1949,False,,,,no
Dennis,Jones,Melbourne,,27,183,1936-11-13,59,1956,1962,False,,,,no
Ted,Keggin,Richmond,,18,188,1891-07-28,59,1912,1917,False,,,,no
Dinny,Kelleher,Sydney,,29,187,1902-07-22,59,1933,1936,False,,,,no
Chris,Laird,Sydney,,17,180,1893-05-20,59,1918,1922,False,,,,no
Angus,MacIsaac,Richmond,,28,187,1900-04-15,59,1922,1927,False,,,,no
John,Manton,Richmond,,38,191,1963-04-18,59,1984,1989,False,,,,no
Trent,McKenzie,PortAdelaide,,12,191,1992-04-03,59,2018,2023,False,,,,no
Bert,McTaggart,WesternBulldogs,,6,185,1916-04-20,59,1942,1945,False,,,,no
Rob,Newton,Essendon,,2,188,1953-04-17,59,1973,1978,False,,,,no
Hughie,Odgers,Melbourne,,12,180,1889-12-21,59,1909,1920,False,,,,no
Max,Papley,Sydney,,11,179,1940-07-31,59,1964,1967,False,,,,no
Jack,Parker,Collingwood,,18,178,1931-05-03,59,1951,1955,False,,,,no
Justin,Pickering,Richmond,,2,185,1967-08-02,59,1988,1991,False,,,,no
Val,Robertson,Stkilda,,,166,1879-04-11,59,1900,1904,False,,,,no
John,Ronaldson,Richmond,,2,196,1946-10-01,59,1965,1970,False,,,,no
Brett,Scott,Sydney,,38,178,1962-04-10,59,1981,1989,False,,,,no
Anthony,Scott,WesternBulldogs,,28,180,1995-02-28,59,2021,2024,False,,,,no
Liam,Stocker,Stkilda,St Kilda,14,184,2000-01-23,59,2023,2026,True,MEDIUM_DEFENDER,NA,NA,yes
Kane,Tenace,Geelong,,10,182,1985-07-04,59,2004,2009,False,,,,no
Harry,Toole,Carlton,,22,179,1897-09-07,59,1921,1925,False,,,,no
Doug,Wade,NorthMelbourne,,2,188,1941-10-16,59,1973,1975,False,,,,no
Ray,Watts,Essendon,,28,188,1917-08-13,59,1937,1941,False,,,,no
Dion,Woods,Fremantle.xlsx,,6,191,1982-01-25,59,2001,2005,False,,,,no
Jack,Allister,NorthMelbourne,,8,173,1919-03-15,58,1941,1945,False,,,,no
Tom,Allsop,Hawthorn,,4,178,1929-09-02,58,1949,1954,False,,,,no
John,Annear,WestCoast,,2,178,1961-06-17,58,1987,1990,False,,,,no
Liam,Anthony,NorthMelbourne,,4,189,1987-09-09,58,2009,2014,False,,,,no
George,Bailey,Carlton,,5,180,1919-07-05,58,1941,1948,False,,,,no
John,Barnes,Essendon,,22,193,1969-06-01,58,1987,2001,False,,,,no
Troy,Bond,Adelaide,,18,179,1973-07-14,58,1996,1999,False,,,,no
Jack,Brain,Hawthorn,,11,169,1920-06-20,58,1941,1948,False,,,,no
Kevin,Bryant,NorthMelbourne,,9,189,1955-01-08,58,1979,1984,False,,,,no
Bill,Butler,Stkilda,,2,180,1920-07-31,58,1942,1946,False,,,,no
Ron,Bywater,Sydney,,32,183,1919-01-08,58,1942,1950,False,,,,no
Keith,Carroll,Melbourne,,19,183,1931-03-25,58,1952,1958,False,,,,no
Pat,Cash,Hawthorn,,5,180,1928-09-05,58,1951,1955,False,,,,no
Harry,Caspar,Carlton,,24,185,1926-11-04,58,1950,1955,False,,,,no
Matt,Clape,Carlton,,6,187,1969-05-28,58,1995,1998,False,,,,no
David,Cuningham,Carlton,,28,185,1997-03-30,58,2016,2024,False,,,,no
Stephen,Daniels,PortAdelaide,,28,193,1976-09-03,58,1997,2000,False,,,,no
Bruce,Ferrari,Geelong,,18,180,1936-07-13,58,1955,1960,False,,,,no
David,Flood,Essendon,,28,188,1969-02-22,58,1986,1995,False,,,,no
Robert,Haddrill,Fremantle.xlsx,,42,189,1981-01-28,58,2001,2007,False,,,,no
Aaron,Hall,NorthMelbourne,,43,185,1990-11-09,58,2019,2023,False,,,,no
Stuart,Hamilton,Hawthorn,,22,183,1918-09-13,58,1943,1947,False,,,,no
Bobby,Hancock,Stkilda,,30,168,1922-06-22,58,1946,1950,False,,,,no
Aaron,Henneman,Essendon,,3,195,1980-12-13,58,2000,2005,False,,,,no
Ron,Hines,Carlton,,11,165,1923-07-11,58,1943,1948,False,,,,no
Jayden,Hunt,WestCoast,,5,187,1995-04-03,58,2023,2025,False,,,,no
Jake,Kelly,Essendon,,29,190,1995-01-21,58,2022,2024,False,,,,no
Clinton,King,Richmond,,21,179,1978-03-24,58,2000,2003,False,,,,no
Jason,Laycock,Essendon,,27,201,1984-11-04,58,2004,2008,False,,,,no
Dick,Logan,Hawthorn,,3,165,1906-06-29,58,1926,1930,False,,,,no
Norm,MacLeod,Collingwood,,22,170,1904-10-08,58,1927,1932,False,,,,no
Kelvin,Matthews,Geelong,,7,179,1953-12-15,58,1978,1982,False,,,,no
Cliff,McCrae,WesternBulldogs,,14,180,1913-11-30,58,1935,1939,False,,,,no
Alex,Mitchell,Sydney,,18,180,1912-05-16,58,1936,1943,False,,,,no
Stan,Morcom,Richmond,,22,183,1936-02-07,58,1952,1958,False,,,,no
Allan,Mullenger,Sydney,,21,183,1920-04-12,58,1939,1944,False,,,,no
Eric,Nicholls,Geelong,,2,180,1939-10-15,58,1956,1963,False,,,,no
Peter,Patterson,Collingwood,,17,180,1945-10-03,58,1965,1970,False,,,,no
Jack,Pimm,Collingwood,,19,183,1920-10-07,58,1940,1950,False,,,,no
Jim,Prentice,Sydney,,19,187,1949-12-28,58,1971,1974,False,,,,no
David,Pretty,NorthMelbourne,,9,178,1951-04-02,58,1969,1973,False,,,,no
Willie,Rioli,PortAdelaide,,15,175,1995-06-04,58,2023,2025,False,,,,no
Ernie,Taylor,Richmond,,7,180,1898-06-10,58,1920,1926,False,,,,no
Pat,Wellington,Essendon,,39,185,1953-07-29,58,1972,1976,False,,,,no
Ron,Wilson,Stkilda,,24,180,1915-06-05,58,1937,1945,False,,,,no
Alan,Woodman,Geelong,,11,191,1955-06-07,58,1975,1979,False,,,,no
Noel,Allanson,Essendon,,33,179,1925-12-25,57,1947,1951,False,,,,no
Jim,Bicknell,NorthMelbourne,,11,173,1910-09-12,57,1933,1938,False,,,,no
Shane,Biggs,WesternBulldogs,,24,187,1991-08-05,57,2015,2018,False,,,,no
Shane,Bond,PortAdelaide,,5,181,1975-07-09,57,1997,2000,False,,,,no
Alf,Callick,Sydney,,36,180,1925-08-14,57,1943,1950,False,,,,no
Kevin,Clarke,Carlton,,16,191,1931-06-25,57,1956,1959,False,,,,no
Ryan,Clarke,Sydney,,4,186,1997-06-17,57,2019,2023,False,,,,no
Bert,Colechin,Collingwood,,4,178,1887-06-19,57,1916,1921,False,,,,no
Ray,Cross,Stkilda,,17,180,1941-09-07,57,1962,1967,False,,,,no
Massimo,DAmbrosio,Hawthorn,Hawthorn,16,178,2003-06-05,57,2024,2026,True,MIDFIELDER,NA,NA,yes
Paul,Dodd,Stkilda,,6,173,1937-09-10,57,1956,1962,False,,,,no
Brian,Falconer,Hawthorn,,36,175,1933-06-02,57,1956,1960,False,,,,no
Billy,Frampton,Collingwood,Collingwood,17,200,1996-11-20,57,2023,2026,True,KEY_DEFENDER,nationalDraft,84,yes
Jack,Furniss,Melbourne,,26,183,1914-12-11,57,1936,1947,False,,,,no
Allan,Greenshields,Stkilda,,5,178,1926-01-22,57,1949,1954,False,,,,no
Joe,Groves,Essendon,,,,1874-05-18,57,1897,1900,False,,,,no
Harry,Henderson,Melbourne,,,180,1880-07-02,57,1903,1906,False,,,,no
Jacob,Hopper,Richmond,Richmond,2,187,1997-02-06,57,2023,2026,True,MIDFIELDER,NA,NA,yes
Rex,Hunt,Stkilda,,2,191,1949-03-07,57,1976,1978,False,,,,no
Tammy,Hynes,Sydney,,16,175,1897-08-11,57,1918,1924,False,,,,no
Laurie,Icke,NorthMelbourne,,27,178,1929-07-22,57,1952,1955,False,,,,no
Graeme,Jacobs,Sydney,,15,189,1944-03-06,57,1968,1970,False,,,,no
Brian,Kann,Hawthorn,,22,178,1933-07-21,57,1954,1959,False,,,,no
Mick,Kelly,WesternBulldogs,,11,173,1952-11-16,57,1976,1980,False,,,,no
Billy,Longer,Stkilda,,18,202,1993-05-12,57,2014,2019,False,,,,no
Aaron,Lord,Geelong,,4,186,1975-07-21,57,1994,2003,False,,,,no
Charles,McDonald,Sydney,,28,182,1901-06-14,57,1924,1928,False,,,,no
Nathan,Murphy,Collingwood,,28,190,1999-12-15,57,2018,2023,False,,,,no
Doug,Palmer,Geelong,,3,175,1929-06-23,57,1952,1954,False,,,,no
John,Perry,NorthMelbourne,,21,183,1945-03-13,57,1970,1974,False,,,,no
Murray,Rance,WestCoast,,23,191,1962-01-25,57,1988,1990,False,,,,no
Michael,Seddon,Melbourne,,17,187,1958-05-13,57,1980,1983,False,,,,no
Bill,Tebble,Collingwood,,15,182,1928-06-17,57,1950,1953,False,,,,no
Dean,Towers,Sydney,,22,189,1990-05-04,57,2014,2018,False,,,,no
Jim,Warren,Geelong,,12,164,1903-07-22,57,1925,1928,False,,,,no
Jason,Watts,WesternBulldogs,,25,185,1971-07-29,57,1994,1998,False,,,,no
Alick,Barningham,Carlton,,20,180,1889-02-22,56,1909,1915,False,,,,no
Ken,Bennett,Collingwood,,33,166,1940-02-14,56,1957,1962,False,,,,no
Bill,Benton,Richmond,,3,183,1906-03-11,56,1928,1932,False,,,,no
Des,Bethke,Sydney,,15,183,1943-08-19,56,1963,1968,False,,,,no
Graeme,Bond,Stkilda,,34,175,1949-11-27,56,1977,1980,False,,,,no
Craig,Braddy,Sydney,,12,192,1959-04-12,56,1982,1985,False,,,,no
Wayne,Carroll,Sydney,,18,183,1958-03-22,56,1979,1985,False,,,,no
Justin,Clarke,Brisbane,,42,195,1993-11-18,56,2013,2015,False,,,,no
George,Collard,Sydney,,31,187,1916-02-29,56,1938,1942,False,,,,no
Gerald,Crough,Sydney,,9,183,1937-12-27,56,1956,1962,False,,,,no
Don,Davenport,Richmond,,19,175,1945-04-18,56,1964,1971,False,,,,no
Dale,Dickson,Melbourne,,29,180,1962-07-03,56,1982,1986,False,,,,no
Tommy,Downs,Carlton,,28,159,1901-05-22,56,1927,1933,False,,,,no
Colin,Eales,Geelong,,16,178,1944-07-03,56,1963,1969,False,,,,no
Harry,Edwards,WestCoast,West Coast,42,197,2000-10-01,56,2020,2026,True,KEY_DEFENDER,rookieElevation,18,yes
Ian,Egerton,Hawthorn,,32,191,1931-02-02,56,1953,1957,False,,,,no
Bob,Farmer,Collingwood,,11,183,1947-06-02,56,1964,1969,False,,,,no
Bill,Ford,Hawthorn,,21,191,1906-07-18,56,1934,1937,False,,,,no
Mitch,Golby,Brisbane,,41,184,1991-10-03,56,2011,2015,False,,,,no
Mick,Grambeau,NorthMelbourne,,1,188,1930-01-01,56,1952,1955,False,,,,no
Jonathon,Griffin,Fremantle.xlsx,,12,201,1986-01-14,56,2011,2017,False,,,,no
Tom,Heaney,Richmond,,14,178,1888-04-02,56,1908,1913,False,,,,no
Harry,Herbert,Geelong,,24,185,1934-08-02,56,1952,1957,False,,,,no
Don,Hooper,Melbourne,,18,185,1914-04-14,56,1932,1943,False,,,,no
Jack,House,Melbourne,,21,177,1888-03-21,56,1919,1923,False,,,,no
James,Jordon,Sydney,Sydney,17,186,2000-12-20,56,2024,2026,True,MIDFIELDER_FORWARD,NA,NA,yes
Brodie,Kemp,Carlton,Carlton,17,192,2001-05-01,56,2021,2026,True,KEY_FORWARD,nationalDraft,17,yes
Des,Kennedy,Stkilda,,20,188,1944-03-11,56,1965,1970,False,,,,no
Quenton,Leach,Fremantle.xlsx,,36,179,1972-08-20,56,1995,1998,False,,,,no
Ernie,Loveless,Hawthorn,,17,175,1907-12-06,56,1933,1936,False,,,,no
Caleb,Marchbank,Carlton,,22,193,1996-12-07,56,2017,2024,False,,,,no
Justin,McCarthy,Essendon,,16,182,1894-09-22,56,1922,1926,False,,,,no
George,McLeod,Essendon,,14,173,1879-08-22,56,1910,1913,False,,,,no
Jackson,Merrett,Essendon,,20,185,1993-02-27,56,2012,2018,False,,,,no
Len,Morrison,Carlton,,,,1872-12-23,56,1898,1902,False,,,,no
Merv,Neagle,Sydney,,4,181,1958-03-07,56,1986,1990,False,,,,no
Charlie,Nicholls,Sydney,Fremantle,25,183,1899-09-11,56,1923,1927,False,KEY_FORWARD,nationalDraft,34,yes
Gordon,Reid,Geelong,,29,178,1947-10-29,56,1965,1972,False,,,,no
Warren,Roper,Collingwood,,18,188,1940-09-30,56,1961,1967,False,,,,no
Des,Ryan,Richmond,,32,192,1967-10-06,56,1986,1992,False,,,,no
Daryl,Salmon,Collingwood,,24,183,1953-08-25,56,1971,1974,False,,,,no
Athol,Sharp,Carlton,,14,170,1894-04-01,56,1913,1920,False,,,,no
Terry,Smith,Richmond,,10,185,1959-02-06,56,1980,1986,False,,,,no
Ken,Snell,NorthMelbourne,,21,185,1942-08-15,56,1960,1965,False,,,,no
Dean,Turner,WestCoast,,10,178,1959-10-06,56,1987,1990,False,,,,no
Bodhi,Uwland,Goldcoast,Gold Coast,32,188,2003-07-25,56,2023,2026,True,MEDIUM_DEFENDER,NA,NA,yes
Tom,Wenborn,Sydney,,,,1880-06-20,56,1900,1906,False,,,,no
Jesse,White,Collingwood,,9,196,1988-01-09,56,2014,2017,False,,,,no
Norm,Baker,Essendon,,7,183,1917-04-24,55,1937,1941,False,,,,no
Jack,Baker,Geelong,,2,180,1891-12-09,55,1913,1917,False,,,,no
David,Barkley,Geelong,,5,189,1950-06-14,55,1972,1976,False,,,,no
Harry,Bell,Carlton,,14,170,1897-01-25,55,1921,1927,False,,,,no
Norm,Black,Hawthorn,,22,175,1927-11-05,55,1949,1953,False,,,,no
Dick,Burke,Sydney,,34,193,1938-12-23,55,1959,1963,False,,,,no
Tom,Carroll,Carlton,,22,184,1939-10-14,55,1961,1963,False,,,,no
Allan,Chandler,Hawthorn,,7,188,1907-06-03,55,1928,1932,False,,,,no
Ken,Colvin,Sydney,,2,188,1938-11-30,55,1962,1965,False,,,,no
Kevin,Connell,Hawthorn,,32,173,1939-08-27,55,1960,1964,False,,,,no
Steven,Da Rui,Carlton,,5,183,1964-03-21,55,1988,1991,False,,,,no
Ian,Davison,Sydney,,29,180,1945-01-12,55,1965,1969,False,,,,no
Donald,Dickie,PortAdelaide,,19,186,1972-05-08,55,1997,2000,False,,,,no
Leigh,Fisher,Stkilda,,6,188,1984-04-19,55,2003,2008,False,,,,no
Darcy,Fort,Brisbane,Brisbane Lions,32,204,1993-08-06,55,2022,2026,True,RUCK,nationalDraft,65,yes
Ryan,Gardner,WesternBulldogs,Western Bulldogs,43,197,1997-06-01,55,2019,2026,True,KEY_DEFENDER,NA,NA,yes
Alf,George,Melbourne,,3,183,1884-09-07,55,1911,1915,False,,,,no
Jack,Ginnivan,Hawthorn,Hawthorn,33,183,2002-12-09,55,2024,2026,True,MEDIUM_FORWARD,NA,NA,yes
Ryan,Griffen,GWS,,32,192,1986-07-27,55,2015,2018,False,,,,no
Brodie,Grundy,Sydney,Sydney,4,203,1994-04-15,55,2024,2026,True,RUCK,NA,NA,yes
Kerry,Haywood,NorthMelbourne,,3,193,1950-05-06,55,1968,1972,False,,,,no
David,Honybun,Richmond,,42,195,1962-04-03,55,1988,1992,False,,,,no
Ray,Horwood,Collingwood,,10,163,1927-12-01,55,1946,1954,False,,,,no
Murray,Kick,Carlton,,30,180,1940-12-05,55,1961,1965,False,,,,no
Riley,Knight,Adelaide,,3,181,1995-03-27,55,2015,2020,False,,,,no
Jordan,Lewis,Melbourne,,6,186,1986-04-24,55,2017,2019,False,,,,no
Mal,McBean,Stkilda,,5,180,1921-10-04,55,1946,1949,False,,,,no
Jock,McKenzie,Sydney,,30,178,1911-10-31,55,1931,1940,False,,,,no
Simon,Meehan,Stkilda,,28,180,1961-09-20,55,1980,1984,False,,,,no
Marco,Paparone,Brisbane,,22,194,1994-09-03,55,2013,2017,False,,,,no
Paul,Peos,WestCoast,,20,183,1968-01-28,55,1987,1995,False,,,,no
Mark,Porter,NorthMelbourne,,17,199,1976-10-11,55,2002,2004,False,,,,no
John,Reilly,WesternBulldogs,,32,191,1942-01-11,55,1966,1969,False,,,,no
Maurice,Rioli,Richmond,Richmond,10,179,2002-09-01,55,2021,2026,True,MEDIUM_FORWARD,NA,NA,yes
Les,Rippon,Melbourne,,,179,1875-12-30,55,1898,1902,False,,,,no
Max,Ritchie,NorthMelbourne,,31,184,1934-11-04,55,1955,1960,False,,,,no
Matt,Roberts,Sydney,Sydney,34,184,2003-07-31,55,2022,2026,True,MIDFIELDER,NA,NA,yes
Gavin,Rose,Sydney,,22,194,1969-09-29,55,1992,1996,False,,,,no
Charlie,Rowe,WesternBulldogs,,8,170,1902-04-25,55,1926,1929,False,,,,no
Allan,Sidebottom,Stkilda,,2,193,1959-01-01,55,1983,1987,False,,,,no
Clay,Smith,WesternBulldogs,,14,181,1993-05-11,55,2012,2017,False,,,,no
Pat,Twomey,Collingwood,,27,179,1929-04-02,55,1947,1953,False,,,,no
Damon,White,PortAdelaide,,24,192,1983-08-16,55,2004,2008,False,,,,no
Graeme,Allan,Collingwood,,33,183,1954-07-23,54,1981,1986,False,,,,no
Bobby,Allison,Sydney,,4,168,1895-12-03,54,1920,1926,False,,,,no
Ray,Allsop,Richmond,,32,166,1933-12-20,54,1955,1959,False,,,,no
Robert,Amos,Essendon,,11,180,1955-07-11,54,1973,1979,False,,,,no
Ron,Barry,Sydney,,35,185,1923-10-27,54,1946,1950,False,,,,no
Claye,Beams,Brisbane,,17,182,1991-09-01,54,2011,2017,False,,,,no
Billy,Blackman,Carlton,,13,170,1895-08-06,54,1920,1924,False,,,,no
Lachlan,Bramble,WesternBulldogs,Western Bulldogs,29,182,1998-04-19,54,2024,2026,True,MEDIUM_DEFENDER,NA,NA,yes
Jared,Brennan,Goldcoast,,3,192,1984-07-28,54,2011,2013,False,,,,no
Shayne,Breuer,PortAdelaide,,3,184,1972-09-10,54,1997,1999,False,,,,no
Justin,Charles,Richmond,,15,196,1970-09-28,54,1995,1998,False,,,,no
Stuart,Cochrane,PortAdelaide,,26,189,1978-07-20,54,2003,2005,False,,,,no
Charlie,Comben,NorthMelbourne,North Melbourne,30,199,2001-07-20,54,2021,2026,True,KEY_DEFENDER,nationalDraft,31,yes
Jim,Conquest,Melbourne,,,168,1880-05-30,54,1904,1908,False,,,,no
Adrian,Cox,Hawthorn,,35,181,1980-09-08,54,1999,2004,False,,,,no
Majak,Daw,NorthMelbourne,,38,195,1991-03-11,54,2013,2020,False,,,,no
Mike,Delanty,NorthMelbourne,,33,185,1936-10-15,54,1963,1966,False,,,,no
Erwin,Dornau,Sydney,,17,183,1926-03-22,54,1948,1952,False,,,,no
Shane,Ellen,Adelaide,,13,188,1973-01-01,54,1996,2000,False,,,,no
Fred,Fairweather,NorthMelbourne,,21,185,1913-06-03,54,1944,1946,False,,,,no
Tom,Fitzmaurice,NorthMelbourne,,30,192,1898-07-07,54,1932,1935,False,,,,no
Ken,Goodland,Geelong,,22,189,1940-08-03,54,1959,1965,False,,,,no
Damien,Hardwick,PortAdelaide,,11,180,1972-08-18,54,2002,2004,False,,,,no
Harry,Harker,Melbourne,,5,173,1887-12-22,54,1920,1924,False,,,,no
Bob,Heard,Richmond,,15,202,1949-02-09,54,1976,1979,False,,,,no
Doug,Heywood,Melbourne,,8,178,1924-12-12,54,1943,1951,False,,,,no
Syd,Hogg,Sydney,,17,170,1902-09-06,54,1925,1930,False,,,,no
Stan,Howard,Geelong,,3,178,1916-04-19,54,1937,1941,False,,,,no
Max,James,Sydney,,27,186,1951-12-27,54,1978,1982,False,,,,no
Lloyd,Jones,Stkilda,,4,170,1906-01-04,54,1930,1935,False,,,,no
Chris,Ladhams,Adelaide,,40,179,1980-10-21,54,2001,2004,False,,,,no
Brian,Lake,Hawthorn,,17,195,1982-02-27,54,2013,2015,False,,,,no
Graeme,Landy,Geelong,,2,183,1954-05-31,54,1975,1988,False,,,,no
Michael,Mansfield,Carlton,,10,183,1971-08-08,54,2000,2002,False,,,,no
Peter,McConville,Stkilda,,12,185,1958-08-17,54,1986,1989,False,,,,no
James,ODonnell,WesternBulldogs,Western Bulldogs,18,197,2002-08-31,54,2023,2026,True,KEY_DEFENDER,NA,NA,yes
Dave,ODonoghue,Collingwood,,,179,1885-07-11,54,1907,1911,False,,,,no
Wyn,Outen,Stkilda,,,175,1880-05-23,54,1903,1907,False,,,,no
Trevor,Poole,Geelong,,24,188,1964-04-23,54,1990,1993,False,,,,no
Brian,Randall,Richmond,,29,188,1920-10-12,54,1941,1945,False,,,,no
Tom,Rockliff,PortAdelaide,,11,185,1990-02-22,54,2018,2021,False,,,,no
Les,Rusich,Sydney,,18,175,1889-05-09,54,1912,1915,False,,,,no
Peter,Sartori,Carlton,,18,195,1964-10-24,54,1987,1991,False,,,,no
Keith,Sharpley,Hawthorn,,6,183,1909-03-16,54,1930,1933,False,,,,no
Doug,Smith,NorthMelbourne,,19,193,1957-12-20,54,1978,1983,False,,,,no
Joe,Sullivan,Carlton,,,,1877-02-01,54,1900,1903,False,,,,no
Josh,Walker,NorthMelbourne,,19,197,1992-11-12,54,2020,2022,False,,,,no
Ted,Whitfield,Sydney,,22,170,1916-06-13,54,1939,1945,False,,,,no
David,Ackerly,NorthMelbourne,,10,178,1960-11-27,53,1986,1989,False,,,,no
Dean,Bailey,Essendon,,31,179,1967-01-18,53,1986,1992,False,,,,no
Todd,Banfield,Brisbane,,18,183,1990-06-28,53,2010,2012,False,,,,no
Jordan,Bannister,Carlton,,31,190,1982-10-31,53,2004,2009,False,,,,no
Kristian,Bardsley,Stkilda,,14,172,1972-09-13,53,1994,1998,False,,,,no
Alf,Baud,Carlton,,25,178,1892-09-20,53,1913,1915,False,,,,no
Stuart,Bennett,Sydney,,31,197,1946-10-04,53,1967,1970,False,,,,no
Nathan,Brown,Stkilda,,22,196,1988-12-17,53,2017,2019,False,,,,no
Keith,Browning,Sydney,,26,175,1933-02-05,53,1951,1954,False,,,,no
Bill,Burns,Richmond,,7,180,1884-08-19,53,1908,1916,False,,,,no
Paul,Corrigan,Geelong,,33,185,1977-07-30,53,1997,2000,False,,,,no
Nik,Cox,Essendon,Essendon,13,199,2002-01-15,53,2021,2024,False,MIDFIELDER,nationalDraft,8,yes
Greg,Dear,Richmond,,14,198,1963-04-17,53,1994,1996,False,,,,no
Alex,Doyle,Carlton,,19,189,1904-07-29,53,1929,1931,False,,,,no
Gavin,Exell,Geelong,,17,191,1962-10-16,53,1987,1991,False,,,,no
Jack,Finck,Collingwood,,5,184,1930-01-21,53,1951,1954,False,,,,no
Frank,Giampaolo,Melbourne,,22,173,1954-02-07,53,1973,1977,False,,,,no
Bradley,Gotch,Stkilda,,16,166,1962-06-23,53,1986,1990,False,,,,no
Ross,Growcott,Hawthorn,,12,187,1945-05-24,53,1963,1970,False,,,,no
Mick,Howell,NorthMelbourne,,13,191,1946-07-06,53,1967,1970,False,,,,no
Dan,Keily,Carlton,,8,178,1892-05-16,53,1914,1921,False,,,,no
David,Kernahan,Carlton,,28,185,1965-07-11,53,1988,1993,False,,,,no
Jock,Lineen,NorthMelbourne,,25,191,1928-02-17,53,1947,1954,False,,,,no
Alby,Linton,WesternBulldogs,,23,170,1926-11-18,53,1947,1952,False,,,,no
Teddy,Lockwood,Collingwood,,,177,1872-12-06,53,1902,1905,False,,,,no
Jack,Lowry,Stkilda,,9,180,1916-11-25,53,1938,1946,False,,,,no
Ryan,Maric,WestCoast,West Coast,41,196,2004-09-06,53,2023,2026,True,MEDIUM_DEFENDER,other,1,yes
Gilbert,McAdam,Stkilda,,5,180,1967-03-30,53,1991,1993,False,,,,no
Jimmy,Milne,Stkilda,,17,175,1898-09-19,53,1920,1925,False,,,,no
Jimmy,Palmer,Geelong,,,,1877-12-19,53,1897,1902,False,,,,no
Alan,Pentland,Sydney,,16,,1883-10-03,53,1909,1912,False,,,,no
Mike,Perry,Richmond,,22,191,1944-05-16,53,1965,1969,False,,,,no
John,Quarrell,WesternBulldogs,,15,178,1938-01-22,53,1957,1962,False,,,,no
Frank,Samblebe,Hawthorn,,24,177,1915-01-28,53,1937,1943,False,,,,no
Ken,Sheldon,Stkilda,,3,178,1959-12-31,53,1987,1989,False,,,,no
Artie,Thomas,Stkilda,,9,,1884-09-21,53,1910,1913,False,,,,no
John,Tilbrook,Melbourne,,18,184,1946-06-10,53,1971,1975,False,,,,no
Tom,Waye,WesternBulldogs,,10,170,1909-12-28,53,1932,1935,False,,,,no
George,Weatherill,Richmond,,28,183,1900-05-23,53,1919,1923,False,,,,no
Frank,Wilcher,Collingwood,,,178,1883-08-10,53,1906,1909,False,,,,no
Jack,Wright,Geelong,,,182,1878-05-04,53,1902,1906,False,,,,no
Peter,Berbakov,Essendon,,20,188,1973-08-22,52,1996,1999,False,,,,no
Tom,Boyd,WesternBulldogs,,17,200,1995-08-22,52,2015,2018,False,,,,no
Fred,Carpenter,Sydney,,6,175,1892-04-02,52,1910,1920,False,,,,no
Mabior,Chol,Hawthorn,Hawthorn,18,200,1997-01-29,52,2024,2026,True,KEY_FORWARD,NA,NA,yes
Harry,Cope,Melbourne,,18,170,1881-01-28,52,1907,1913,False,,,,no
Ted,Cordner,Melbourne,,28,188,1919-01-31,52,1941,1946,False,,,,no
Scott,Direen,Sydney,,18,180,1972-10-20,52,1993,1997,False,,,,no
Andrejs,Everitt,Carlton,,33,194,1989-03-13,52,2014,2016,False,,,,no
Gordon,Fode,Stkilda,,36,182,1971-08-05,52,1988,1995,False,,,,no
Charlie,Forbes,Essendon,,,191,1865-05-08,52,1897,1902,False,,,,no
Robert,Fox,Essendon,,24,189,1931-11-02,52,1955,1957,False,,,,no
Michael,Gardiner,Stkilda,,15,199,1979-07-05,52,2008,2011,False,,,,no
Alec,Gray,Melbourne,,14,180,1891-05-12,52,1914,1921,False,,,,no
Peter,Hamilton,Melbourne,,30,194,1956-10-17,52,1976,1983,False,,,,no
Frank,Hutchesson,Stkilda,,23,174,1907-11-22,52,1927,1931,False,,,,no
Percy,Johnson,NorthMelbourne,,26,173,1930-10-08,52,1951,1955,False,,,,no
Jed,McEntee,PortAdelaide,,41,176,2001-02-15,52,2021,2025,False,,,,no
Bill,McKinley,Geelong,,,171,1882-03-24,52,1903,1908,False,,,,no
Greg,Miller,Sydney,,5,188,1953-05-08,52,1972,1976,False,,,,no
Gavin,Mitchell,Stkilda,,11,171,1972-12-28,52,1998,2000,False,,,,no
Stan,Morris,Richmond,,9,170,1893-10-01,52,1919,1922,False,,,,no
Hugh,Murnane,Melbourne,,7,188,1916-10-29,52,1937,1940,False,,,,no
Shannon,Neale,Geelong,Geelong,33,203,2002-07-25,52,2022,2026,True,KEY_FORWARD,nationalDraft,33,yes
Jack,Newnes,Carlton,,32,186,1993-02-24,52,2020,2022,False,,,,no
Ron,Paez,Sydney,,15,182,1931-11-10,52,1949,1953,False,,,,no
George,Shorten,Essendon,,30,163,1901-03-19,52,1923,1926,False,,,,no
Paul,Temay,Stkilda,,40,185,1962-02-04,52,1980,1986,False,,,,no
Nathan,Vardy,WestCoast,,19,200,1991-06-25,52,2017,2021,False,,,,no
John,Watts,Geelong,,28,191,1937-01-21,52,1963,1965,False,,,,no
Colin,Austen,Richmond,,16,175,1920-12-02,51,1950,1952,False,,,,no
Hedley,Blackmore,Carlton,,8,175,1901-01-30,51,1923,1927,False,,,,no
Wade,Chapman,Sydney,,27,178,1976-01-03,51,1994,1999,False,,,,no
Maurie,Connell,Carlton,,29,183,1902-03-09,51,1925,1929,False,,,,no
Jack,Conway,Geelong,,,,1867-03-26,51,1897,1899,False,,,,no
Sam,Darcy,WesternBulldogs,Western Bulldogs,10,205,2003-07-19,51,2022,2026,True,KEY_FORWARD,NA,NA,yes
Frank,Donoghue,Carlton,,18,178,1904-08-17,51,1925,1928,False,,,,no
Brian,Dorman,Collingwood,,8,191,1937-07-02,51,1954,1960,False,,,,no
Terry,Fulton,Geelong,,33,173,1930-04-17,51,1949,1954,False,,,,no
Darren,Harris,NorthMelbourne,,26,193,1965-08-17,51,1986,1991,False,,,,no
Marshall,Herbert,Collingwood,,,179,1877-08-03,51,1908,1910,False,,,,no
Ron,Irwin,Melbourne,,3,185,1923-10-23,51,1943,1947,False,,,,no
Mark,Keane,Adelaide,Adelaide,48,194,2000-03-17,51,2023,2025,False,KEY_DEFENDER,other,NA,yes
Cam,Mackenzie,Hawthorn,Hawthorn,28,188,2004-01-21,51,2023,2026,True,MIDFIELDER,NA,NA,yes
Dick,McCabe,Sydney,,,175,1877-06-15,51,1904,1907,False,,,,no
Billy,McGee,Sydney,,,183,1878-02-27,51,1903,1906,False,,,,no
John,McIntosh,Stkilda,,9,191,1943-11-01,51,1970,1972,False,,,,no
Logan,Morris,Brisbane,Brisbane Lions,13,191,2005-05-10,51,2024,2026,True,KEY_FORWARD,nationalDraft,31,yes
Alan,Olle,Stkilda,,22,174,1924-07-23,51,1946,1951,False,,,,no
Bill,Pearson,Essendon,,20,177,1922-06-11,51,1945,1947,False,,,,no
Mattaes,Phillipou,Stkilda,St Kilda,25,190,2004-12-27,51,2023,2026,True,MIDFIELDER_FORWARD,NA,NA,yes
Mac,Pitchford,NorthMelbourne,,5,188,1903-06-11,51,1927,1930,False,,,,no
Bill,Power,Sydney,,39,179,1937-10-30,51,1957,1961,False,,,,no
Elkin,Reilly,Sydney,,35,191,1938-04-02,51,1962,1966,False,,,,no
Fletcher,Roberts,WesternBulldogs,,18,196,1993-06-03,51,2012,2019,False,,,,no
Graeme,Robertson,Richmond,,24,197,1952-09-25,51,1976,1981,False,,,,no
Roy,Rodwell,WesternBulldogs,,21,179,1908-11-09,51,1932,1935,False,,,,no
Robert,Shaw,Essendon,,26,188,1955-01-06,51,1974,1981,False,,,,no
Dean,Solomon,Fremantle.xlsx,,6,189,1980-01-09,51,2007,2009,False,,,,no
Jack,Thompson,Collingwood,,29,185,1927-08-23,51,1948,1951,False,,,,no
Aaron,Vandenberg,Melbourne,,37,191,1992-03-03,51,2015,2021,False,,,,no
Dick,Vernon,Collingwood,,21,170,1878-12-28,51,1909,1911,False,,,,no
Brian,Walsh,Essendon,,12,179,1951-04-24,51,1975,1978,False,,,,no
Danny,Wheelahan,Sydney,,34,170,1903-01-28,51,1926,1930,False,,,,no
Don,Wilks,Hawthorn,,21,173,1917-08-09,51,1943,1945,False,,,,no
Luke,Williams,Melbourne,,26,185,1979-12-29,51,1999,2005,False,,,,no
Percy,Wilson,Melbourne,,25,168,1889-03-31,51,1921,1924,False,,,,no
Graeme,Austin,WesternBulldogs,,31,177,1952-06-01,50,1970,1974,False,,,,no
Jack,Baquie,Melbourne,,11,178,1886-07-10,50,1907,1920,False,,,,no
Ron,Barassi,Carlton,,31,179,1936-02-27,50,1965,1969,False,,,,no
Les,Begley,Essendon,,24,183,1916-10-14,50,1938,1941,False,,,,no
Marcus,Boyall,Collingwood,,4,188,1917-10-08,50,1935,1945,False,,,,no
Josh,Bruce,WesternBulldogs,,17,197,1992-06-08,50,2020,2023,False,,,,no
Chris,Burton,Richmond,,2,180,1961-10-21,50,1985,1988,False,,,,no
Des,Campbell,Melbourne,,5,188,1951-01-19,50,1970,1977,False,,,,no
Seth,Campbell,Richmond,Richmond,44,182,2004-12-29,50,2024,2026,True,MEDIUM_FORWARD,NA,NA,yes
Noel,Carter,Richmond,,7,177,1955-02-09,50,1973,1977,False,,,,no
Jeff,Cassidy,Geelong,,15,183,1956-09-27,50,1974,1980,False,,,,no
Jeff,Chandler,NorthMelbourne,,30,179,1966-03-12,50,1987,1992,False,,,,no
Michael,Collica,WestCoast,,22,185,1977-07-09,50,2001,2003,False,,,,no
Kevin,Coverdale,Hawthorn,,11,188,1940-05-31,50,1963,1965,False,,,,no
Chris,Dawes,Melbourne,,6,193,1988-05-16,50,2013,2016,False,,,,no
Brad,Dodd,Fremantle.xlsx,,12,184,1977-03-23,50,1998,2001,False,,,,no
Jack,Eichhorn,Sydney,,31,179,1926-12-23,50,1948,1954,False,,,,no
Dick,Fenton-Smith,Melbourne,,1,196,1931-10-19,50,1957,1959,False,,,,no
Clem,Goonan,Sydney,,37,180,1939-06-18,50,1961,1964,False,,,,no
Charlie,Grummisch,Hawthorn,,7,189,1952-03-12,50,1970,1974,False,,,,no
Garry,Hamer,Geelong,,18,185,1943-02-13,50,1961,1965,False,,,,no
Ron,Hartridge,Sydney,,16,179,1919-11-08,50,1943,1946,False,,,,no
Bill,Heatley,Collingwood,,,187,1886-03-13,50,1908,1911,False,,,,no
John,Helmer,Geelong,,36,185,1938-01-19,50,1956,1962,False,,,,no
Elliott,Himmelberg,Adelaide,Gold Coast,34,198,1998-06-04,50,2018,2024,False,KEY_FORWARD,NA,NA,yes
Fred,Hiskins,Essendon,,,182,1878-08-08,50,1900,1906,False,,,,no
Graham,Jacobs,Richmond,,16,170,1940-11-22,50,1959,1963,False,,,,no
Jimmy,Jenkins,Stkilda,,3,193,1897-02-15,50,1921,1925,False,,,,no
Ben,Kinnear,Collingwood,,30,193,1979-02-27,50,1998,2004,False,,,,no
Ted,Llewellyn,NorthMelbourne,,26,189,1909-02-03,50,1932,1935,False,,,,no
Bowen,Lockwood,PortAdelaide,,22,195,1978-07-01,50,1997,2001,False,,,,no
Peter,Loughran,Richmond,,18,175,1940-12-03,50,1959,1963,False,,,,no
Cory,McGrath,Carlton,,20,181,1979-02-04,50,2004,2006,False,,,,no
Conor,McKenna,Brisbane,Brisbane Lions,26,184,1996-03-28,50,2023,2026,True,MEDIUM_FORWARD,rookieElevation,NA,yes
Oisin,Mullin,Geelong,Geelong,34,182,2000-02-11,50,2023,2026,True,MEDIUM_DEFENDER,other,NA,yes
David,OKeeffe,Geelong,,31,189,1962-02-20,50,1982,1986,False,,,,no
Russell,Ohlsen,Collingwood,,34,183,1955-12-01,50,1979,1981,False,,,,no
Les,Oliver,Richmond,,12,180,1890-04-14,50,1909,1915,False,,,,no
Don,Palmer,NorthMelbourne,,8,179,1938-10-03,50,1959,1964,False,,,,no
Jack,Parkin,Geelong,,,180,1877-06-09,50,1897,1899,False,,,,no
Will,Phillips,NorthMelbourne,,29,180,2002-05-22,50,2021,2025,False,,,,no
John,Roberts,Sydney,,10,186,1956-09-23,50,1980,1982,False,,,,no
Jason,Roe,Brisbane,,29,192,1984-03-13,50,2006,2009,False,,,,no
Dwayne,Russell,Geelong,,6,188,1965-03-04,50,1987,1991,False,,,,no
Harry,Saltau,Sydney,,22,180,1891-09-17,50,1912,1915,False,,,,no
Peter,Schofield,NorthMelbourne,,33,183,1932-02-12,50,1957,1960,False,,,,no
Eddie,Sholl,Melbourne,,,,1872-04-15,50,1897,1902,False,,,,no
Max,Spittle,Melbourne,,13,175,1920-06-13,50,1947,1950,False,,,,no
Trent,Sporn,Carlton,,36,187,1982-09-23,50,2002,2006,False,,,,no
Brent,Staker,Brisbane,,14,196,1984-05-23,50,2010,2015,False,,,,no
David,Teague,Carlton,,15,186,1981-05-05,50,2004,2006,False,,,,no
Clayton,Thompson,Hawthorn,,20,198,1929-12-11,50,1954,1956,False,,,,no
Keith,Truscott,Melbourne,,5,178,1916-05-17,50,1937,1942,False,,,,no
Brad,Tunbridge,Sydney,,2,195,1964-01-26,50,1990,1993,False,,,,no
Nick,Watson,Hawthorn,Hawthorn,34,170,2005-02-24,50,2024,2026,True,MEDIUM_FORWARD,NA,NA,yes
John,Winneke,Hawthorn,,12,191,1938-03-19,50,1960,1962,False,,,,no
Anthony,Banik,Richmond,,15,180,1973-01-17,49,1990,1994,False,,,,no
Sam,Banks,Richmond,Richmond,41,187,2003-04-02,49,2023,2026,True,MEDIUM_DEFENDER,NA,NA,yes
Colin,Carter,Stkilda,,26,183,1955-02-26,49,1975,1980,False,,,,no
Ralph,Empey,Richmond,,33,175,1904-09-22,49,1924,1930,False,,,,no
Roy,Evans,WesternBulldogs,,9,178,1910-11-10,49,1936,1939,False,,,,no
Wally,Gant,Stkilda,,27,179,1890-07-07,49,1908,1914,False,,,,no
Taylor,Garner,NorthMelbourne,,27,187,1994-01-08,49,2013,2021,False,,,,no
Ken,Gladman,Geelong,,18,183,1946-01-14,49,1966,1970,False,,,,no
Tom,Hickey,Sydney,,31,201,1991-03-06,49,2021,2023,False,,,,no
Travis,Johnstone,Brisbane,,4,184,1980-07-17,49,2008,2010,False,,,,no
Alan,Joyce,Hawthorn,,13,185,1942-10-21,49,1961,1965,False,,,,no
Harvey,Kelly,Sydney,,14,183,1883-03-24,49,1902,1914,False,,,,no
George,Lakes,Melbourne,,9,185,1949-08-23,49,1968,1972,False,,,,no
Jon,Lilley,Stkilda,,16,183,1947-04-21,49,1967,1971,False,,,,no
Frank,Love,Richmond,,4,188,1888-02-22,49,1910,1914,False,,,,no
Jack,Madgen,Collingwood,,44,192,1993-04-25,49,2018,2022,False,,,,no
Cam,McCarthy,Fremantle.xlsx,,23,192,1995-04-01,49,2017,2020,False,,,,no
Alan,McDonald,Richmond,,10,173,1918-06-23,49,1939,1943,False,,,,no
Les,Meek,Stkilda,,18,177,1918-07-21,49,1941,1947,False,,,,no
Jarrod,Molloy,Collingwood,,7,189,1976-05-12,49,2001,2003,False,,,,no
Dave,Newman,Collingwood,,23,175,1923-02-28,49,1944,1947,False,,,,no
Wally,OBrien,WesternBulldogs,,12,170,1907-01-02,49,1931,1934,False,,,,no
Kevin,ODonnell,Stkilda,,7,183,1924-07-12,49,1946,1949,False,,,,no
Fred,OShea,Essendon,,12,170,1886-10-05,49,1910,1912,False,,,,no
Alby,Palmer,Geelong,,,174,1885-07-22,49,1906,1911,False,,,,no
Angelo,Petraglia,WesternBulldogs,,38,172,1963-06-03,49,1985,1989,False,,,,no
Ray,Powell,Essendon,,17,178,1923-08-07,49,1942,1947,False,,,,no
Paul,Prymke,Melbourne,,19,194,1970-12-08,49,1994,1996,False,,,,no
Ned,Reeves,Hawthorn,Hawthorn,7,208,1998-10-31,49,2021,2026,True,RUCK,NA,NA,yes
Trevor,Rollinson,Melbourne,,3,180,1947-07-17,49,1969,1973,False,,,,no
Wallace,Sharland,Geelong,,10,191,1902-10-11,49,1920,1925,False,,,,no
Trevor,Somerville,Sydney,,19,193,1944-04-18,49,1963,1967,False,,,,no
Andy,Stewart,Stkilda,,,177,1876-09-23,49,1898,1901,False,,,,no
George,Walker,Melbourne,,20,175,1894-05-14,49,1914,1921,False,,,,no
Ross,Warner,Richmond,,14,193,1944-08-02,49,1963,1967,False,,,,no
Alan,Welch,Sydney,,27,184,1910-11-03,49,1933,1937,False,,,,no
Doug,Bourne,Stkilda,,24,168,1908-12-22,48,1930,1935,False,,,,no
Wylie,Chambers,Sydney,,33,185,1928-10-04,48,1946,1950,False,,,,no
Craig,Cleave,Geelong,,12,191,1963-05-12,48,1982,1988,False,,,,no
Pat,Considine,Carlton,,,,1875-09-30,48,1898,1901,False,,,,no
Paul,Cranage,Collingwood,,19,183,1953-01-16,48,1973,1975,False,,,,no
Brent,Crosswell,Melbourne,,8,188,1950-08-08,48,1980,1982,False,,,,no
Arthur,Danks,Richmond,,24,173,1891-09-05,48,1912,1915,False,,,,no
Paddy,Deagan,Sydney,,30,185,1931-06-16,48,1951,1954,False,,,,no
Marc,Dragicevic,Richmond,,7,180,1981-03-30,48,1999,2004,False,,,,no
Scott,Freeborn,Carlton,,17,183,1978-05-20,48,2000,2002,False,,,,no
Corrie,Gardner,Melbourne,,,171,1879-03-12,48,1900,1905,False,,,,no
Nick,Graham,Carlton,,32,182,1994-06-12,48,2013,2018,False,,,,no
Angus,Graham,Richmond,,25,201,1987-04-16,48,2007,2012,False,,,,no
Arthur,Irvine,Geelong,,12,180,1926-02-17,48,1947,1951,False,,,,no
Greg,Kennedy,Carlton,,16,187,1949-07-28,48,1972,1975,False,,,,no
Buku,Khamis,WesternBulldogs,Western Bulldogs,24,189,2000-03-24,48,2021,2026,True,KEY_DEFENDER,NA,NA,yes
Arthur,Ludlow,Stkilda,,19,185,1906-07-22,48,1928,1932,False,,,,no
Ken,Mansfield,Essendon,,13,176,1958-09-07,48,1976,1980,False,,,,no
Vic,McKinnon,Hawthorn,,20,183,1926-01-19,48,1949,1952,False,,,,no
Peter,McLean,Carlton,,36,187,1941-05-06,48,1966,1968,False,,,,no
Joe,McShane,Carlton,,,182,1868-11-29,48,1902,1904,False,,,,no
Tim,Mohr,GWS,,39,196,1988-10-19,48,2012,2018,False,,,,no
Ian,Montgomery,Collingwood,,20,183,1944-05-03,48,1965,1968,False,,,,no
Brett,Moyle,Stkilda,,43,180,1980-03-31,48,2000,2004,False,,,,no
Ryan,Murphy,Fremantle.xlsx,,28,193,1985-05-24,48,2004,2010,False,,,,no
Gus,Officer,Essendon,,,173,1875-09-15,48,1897,1900,False,,,,no
Neville,Roberts,Richmond,,2,180,1955-03-06,48,1975,1977,False,,,,no
Rob,Smith,NorthMelbourne,,26,191,1951-05-26,48,1971,1977,False,,,,no
Luke,Tapscott,Melbourne,,35,180,1991-06-28,48,2011,2014,False,,,,no
Sean,Tasker,Adelaide,,4,188,1968-06-18,48,1991,1996,False,,,,no
Darcy,Tucker,NorthMelbourne,,13,184,1997-01-23,48,2023,2025,False,,,,no
Bruce,Waite,Essendon,,9,192,1946-05-22,48,1965,1969,False,,,,no
Matt,White,PortAdelaide,,19,180,1987-04-15,48,2014,2017,False,,,,no
Les,Williams,Sydney,,6,178,1923-09-14,48,1947,1951,False,,,,no
Darcy,Wilson,Stkilda,St Kilda,22,185,2005-08-18,48,2024,2026,True,MIDFIELDER_FORWARD,NA,NA,yes
Ben,Allan,Fremantle.xlsx,,7,182,1968-10-15,47,1995,1997,False,,,,no
George,Archibald,Melbourne,,14,183,1919-10-06,47,1941,1945,False,,,,no
Adrian,Barich,WestCoast,,38,177,1963-12-05,47,1987,1992,False,,,,no
Dave,Baxter,Richmond,,2,187,1910-12-15,47,1934,1936,False,,,,no
Bill,Berryman,Sydney,,7,173,1899-11-14,47,1926,1928,False,,,,no
Tom,Brown,Richmond,Richmond,30,193,2003-07-30,47,2023,2026,True,MEDIUM_DEFENDER,NA,NA,yes
Murray,Browne,Collingwood,,14,183,1963-01-20,47,1981,1985,False,,,,no
Reg,Conole,Melbourne,,22,174,1902-04-23,47,1930,1933,False,,,,no
Ken,Dineen,Sydney,,16,182,1917-09-03,47,1939,1945,False,,,,no
Lyle,Downs,Carlton,,28,163,1896-07-26,47,1917,1921,False,,,,no
Stephen,Doyle,Sydney,,15,204,1981-07-13,47,2000,2006,False,,,,no
Tim,Elliott,Stkilda,,31,198,1976-09-12,47,1998,2001,False,,,,no
Ryan,Ferguson,Melbourne,,35,195,1981-09-29,47,2003,2007,False,,,,no
Percy,Fletcher,Geelong,,,,1879-10-20,47,1901,1906,False,,,,no
Michael,Gibbons,Carlton,,40,175,1995-05-15,47,2019,2021,False,,,,no
Alex,Johnson,Sydney,,34,193,1992-03-02,47,2011,2018,False,,,,no
Steven,King,Stkilda,,2,201,1978-11-22,47,2008,2010,False,,,,no
Joe,Kinnear,Melbourne,,6,182,1912-02-12,47,1932,1937,False,,,,no
Craig,Lambert,Brisbane,,18,178,1968-10-05,47,1997,2000,False,,,,no
Gordon,Lane,Sydney,,1,187,1921-05-30,47,1950,1952,False,,,,no
Charlie,Lee,Collingwood,,12,183,1896-08-11,47,1916,1923,False,,,,no
Jye,Menzie,Essendon,,47,180,2002-10-28,47,2022,2025,False,,,,no
Tony,Modra,Fremantle.xlsx,,6,188,1969-03-01,47,1999,2001,False,,,,no
Jim,OMeara,Sydney,,11,177,1907-09-16,47,1933,1936,False,,,,no
Geoff,Raines,Collingwood,,4,180,1956-08-10,47,1983,1986,False,,,,no
Tom,Rankin,Geelong,,,180,1881-05-03,47,1904,1906,False,,,,no
Daryl,Schimmelbusch,NorthMelbourne,,11,165,1954-12-30,47,1978,1981,False,,,,no
Ernie,Sellars,Stkilda,,4,170,1890-06-20,47,1911,1913,False,,,,no
Bill,Sharkey,Carlton,,,,1873-09-20,47,1898,1901,False,,,,no
Derek,Shaw,Collingwood,,43,194,1959-03-03,47,1978,1984,False,,,,no
Kevin,Smith,Richmond,,26,188,1942-09-21,47,1964,1966,False,,,,no
Roarke,Smith,WesternBulldogs,,37,181,1996-09-11,47,2015,2022,False,,,,no
Billy,Stretch,Melbourne,,15,180,1996-09-08,47,2015,2019,False,,,,no
Harvey,Thomas,GWS,GWS,1,176,2005-08-08,47,2024,2026,True,MIDFIELDER,nationalDraft,59,yes
Roy,Thompson,WesternBulldogs,,13,177,1905-02-18,47,1926,1929,False,,,,no
Dave,Walsh,NorthMelbourne,,17,177,1898-09-29,47,1925,1927,False,,,,no
Ray,Walton,Stkilda,,18,185,1936-08-10,47,1957,1961,False,,,,no
Norm,Webb,WesternBulldogs,,1,180,1921-05-18,47,1947,1949,False,,,,no
Marcus,Adams,Brisbane,,24,192,1993-06-30,46,2019,2022,False,,,,no
John,Baird,NorthMelbourne,,27,189,1980-06-11,46,2002,2005,False,,,,no
Bill,Bennion,Geelong,,,,1881-09-06,46,1901,1904,False,,,,no
Campbell,Brown,Goldcoast,,30,177,1983-08-28,46,2011,2013,False,,,,no
George,Card,Geelong,,20,193,1924-09-14,46,1946,1948,False,,,,no
Reece,Conca,Fremantle.xlsx,,6,181,1992-08-12,46,2019,2021,False,,,,no
Peter,Czerkaski,Richmond,,28,185,1964-09-19,46,1985,1990,False,,,,no
Adrian,De Luca,Carlton,,26,202,1982-05-15,46,2004,2006,False,,,,no
Hugh,Delahunty,Essendon,,40,185,1949-06-28,46,1971,1973,False,,,,no
Stuart,Edwards,Richmond,,18,196,1972-07-21,46,1992,1996,False,,,,no
Neil,Erasmus,Fremantle.xlsx,Fremantle,28,190,2003-12-02,46,2022,2026,True,MIDFIELDER,nationalDraft,10,yes
Mark,Eustice,Sydney,,6,183,1963-02-14,46,1988,1991,False,,,,no
Geoff,Fidler,Stkilda,,36,180,1961-03-14,46,1980,1984,False,,,,no
Rod,Galt,Carlton,,17,194,1951-10-09,46,1975,1979,False,,,,no
Harry,Green,NorthMelbourne,,11,188,1920-10-31,46,1937,1946,False,,,,no
Eddy,James,Geelong,,,193,1874-02-14,46,1897,1900,False,,,,no
Luke,Livingston,Carlton,,4,192,1982-11-04,46,2002,2006,False,,,,no
Matthew,Lokan,Collingwood,,39,185,1982-11-20,46,2003,2005,False,,,,no
Len,Mann,Melbourne,,34,192,1938-08-21,46,1960,1964,False,,,,no
Jim,McCashney,Hawthorn,,8,175,1900-12-30,46,1925,1927,False,,,,no
Colby,McKercher,NorthMelbourne,North Melbourne,10,182,2005-04-12,46,2024,2026,True,MEDIUM_DEFENDER,nationalDraft,2,yes
Bruce,McLennan,Stkilda,,31,177,1928-04-28,46,1950,1955,False,,,,no
Chris,Mitchell,Geelong,,8,193,1947-01-01,46,1967,1971,False,,,,no
Harley,Reid,WestCoast,West Coast,9,187,2005-04-17,46,2024,2026,True,MIDFIELDER,nationalDraft,1,yes
Graeme,Shephard,Collingwood,,7,175,1949-03-08,46,1970,1975,False,,,,no
Billy,Stewart,Stkilda,,,178,1884-08-03,46,1905,1909,False,,,,no
Bill,Thripp,Collingwood,,21,183,1940-01-26,46,1959,1962,False,,,,no
Albert,Thurgood,Essendon,,,183,1874-01-11,46,1899,1906,False,,,,no
Darren,Troy,Geelong,,10,180,1964-02-28,46,1983,1990,False,,,,no
Bob,Watt,Stkilda,,26,188,1933-04-21,46,1952,1957,False,,,,no
Peter,Welsh,Richmond,,31,180,1954-01-24,46,1980,1984,False,,,,no
Fred,Williams,Carlton,,29,173,1900-01-29,46,1929,1932,False,,,,no
Alf,Wood,Melbourne,,,,1875-02-15,46,1897,1899,False,,,,no
Ken,Albiston,Melbourne,,6,171,1926-11-11,45,1952,1954,False,,,,no
Daniel,Bandy,WesternBulldogs,,11,200,1975-11-18,45,2002,2005,False,,,,no
Luke,Beveridge,Stkilda,,27,173,1970-08-23,45,1996,1999,False,,,,no
Ben,Brown,Melbourne,,50,200,1992-11-20,45,2021,2024,False,,,,no
Geoff,Bryant,NorthMelbourne,,22,178,1946-07-22,45,1969,1971,False,,,,no
Bobby,Carew,Richmond,,8,173,1898-12-01,45,1919,1922,False,,,,no
Trent,Carroll,WestCoast,,46,192,1978-04-28,45,2001,2004,False,,,,no
Adam,Contessa,WesternBulldogs,,19,176,1976-12-29,45,1997,2001,False,,,,no
Jack,Dempsey,Sydney,,30,183,1919-09-25,45,1941,1947,False,,,,no
Vin,Doolan,NorthMelbourne,,7,175,1952-08-20,45,1971,1974,False,,,,no
Thomson,Dow,Richmond,,27,182,2001-10-16,45,2020,2025,False,,,,no
Taylin,Duman,Fremantle.xlsx,,44,193,1998-04-18,45,2018,2021,False,,,,no
Darren,Forssman,Geelong,,33,180,1970-09-14,45,1990,1994,False,,,,no
Neil,Freeman,Geelong,,9,183,1890-04-21,45,1911,1914,False,,,,no
Glenn,Gingell,WesternBulldogs,,37,183,1953-05-16,45,1973,1976,False,,,,no
Jade,Gresham,Essendon,Essendon,11,179,1997-08-24,45,2024,2026,True,MEDIUM_FORWARD,nationalDraft,18,yes
Brayden,Ham,Essendon,,33,181,1999-04-25,45,2019,2022,False,,,,no
Will,Hamill,Adelaide,,17,186,2000-11-17,45,2020,2024,False,,,,no
Arthur,Hando,Sydney,,9,189,1891-06-06,45,1922,1924,False,,,,no
John,Howat,Richmond,,31,187,1970-07-15,45,1993,1996,False,,,,no
John,Ironmonger,Sydney,,1,200,1961-02-16,45,1985,1987,False,,,,no
Frank,Irwin,Carlton,,21,179,1897-02-07,45,1925,1927,False,,,,no
Danny,Jacobs,Hawthorn,,8,189,1980-06-25,45,2004,2007,False,,,,no
Brent,Jones,Melbourne,,34,191,1946-01-04,45,1966,1971,False,,,,no
Percy,Martyn,Essendon,,9,179,1891-05-11,45,1915,1921,False,,,,no
Frank,McRae,WesternBulldogs,,16,183,1927-08-03,45,1950,1954,False,,,,no
Andy,Monahan,Geelong,,26,183,1927-11-03,45,1945,1951,False,,,,no
Harry,Moyes,Melbourne,,22,170,1896-07-28,45,1925,1927,False,,,,no
Tom,Nicholls,Goldcoast,,22,203,1992-03-04,45,2011,2016,False,,,,no
Alan,ODonoghue,Sydney,,26,183,1891-06-03,45,1914,1918,False,,,,no
Mark,Orchard,Collingwood,,2,175,1976-04-02,45,1995,2000,False,,,,no
Charles,Pannam,Sydney,,1,174,1897-04-21,45,1926,1928,False,,,,no
Ian,Payne,Essendon,,3,175,1947-03-22,45,1965,1971,False,,,,no
Luke,Pedlar,Adelaide,Adelaide,10,183,2002-05-17,45,2021,2026,True,MEDIUM_FORWARD,nationalDraft,11,yes
Luke,Penny,Stkilda,,19,193,1981-02-08,45,2003,2005,False,,,,no
Lee,Perussich,WesternBulldogs,,23,175,1955-11-18,45,1975,1979,False,,,,no
John,Peter-Budge,Stkilda,,22,182,1968-07-06,45,1986,1988,False,,,,no
Alan,Reid,Essendon,,2,185,1956-01-29,45,1979,1983,False,,,,no
Laurie,Rippon,WesternBulldogs,,11,193,1950-08-09,45,1969,1973,False,,,,no
Ashley,Smith,WestCoast,,28,186,1990-07-20,45,2010,2014,False,,,,no
Tyler,Sonsie,Richmond,Richmond,40,181,2003-01-27,45,2022,2026,True,MIDFIELDER_FORWARD,NA,NA,yes
Dylan,Stephens,NorthMelbourne,North Melbourne,15,183,2001-01-08,45,2024,2026,True,MIDFIELDER,nationalDraft,5,yes
Adam,Tomlinson,Melbourne,,20,194,1993-08-10,45,2020,2024,False,,,,no
Corey,Wagner,Fremantle.xlsx,Fremantle,34,181,1997-03-23,45,2023,2026,True,MIDFIELDER,nationalDraft,43,yes
Roy,Apted,Stkilda,,9,180,1937-04-25,44,1959,1963,False,,,,no
Craig,Biddiscombe,Richmond,,22,185,1976-09-21,44,1999,2003,False,,,,no
Frank,Bowey,Geelong,,,,1881-12-16,44,1901,1909,False,,,,no
Dudley,Bragg,Hawthorn,,27,188,1917-02-23,44,1940,1945,False,,,,no
Marcus,Bullen,Essendon,,37,187,1982-07-12,44,2001,2005,False,,,,no
Levi,Casboult,Goldcoast,,30,201,1990-03-15,44,2022,2024,False,,,,no
Brett,Chandler,NorthMelbourne,,9,173,1975-07-11,44,1997,2000,False,,,,no
Kyle,Cheney,Adelaide,,25,187,1989-08-25,44,2015,2018,False,,,,no
Lachlan,Cowan,Carlton,Carlton,2,188,2004-12-01,44,2023,2026,True,MEDIUM_DEFENDER,nationalDraft,30,yes
Les,Crosbie,NorthMelbourne,,22,184,1914-09-21,44,1941,1944,False,,,,no
Andrew,Crowell,Adelaide,,1,189,1977-08-15,44,2000,2003,False,,,,no
Alex,Davies,Goldcoast,Gold Coast,5,191,2002-03-18,44,2021,2026,True,MIDFIELDER,NA,NA,yes
Harvey,Davis,Geelong,,21,183,1953-03-04,44,1973,1977,False,,,,no
Bill,Doolan,WesternBulldogs,,26,180,1895-07-27,44,1925,1928,False,,,,no
Xavier,Duursma,Essendon,Essendon,28,186,2000-07-07,44,2024,2026,True,MIDFIELDER,nationalDraft,18,yes
John,Ellis,Essendon,,30,183,1948-09-20,44,1967,1971,False,,,,no
Jy,Farrar,Goldcoast,Gold Coast,50,191,1996-12-07,44,2020,2026,True,MEDIUM_FORWARD,NA,NA,yes
Geoff,Feehan,Stkilda,,4,188,1935-01-19,44,1957,1959,False,,,,no
David,Harris,Geelong,,32,178,1946-07-12,44,1969,1972,False,,,,no
Jon,Hassall,Hawthorn,,13,174,1973-08-14,44,1997,1999,False,,,,no
Karmichael,Hunt,Goldcoast,,7,186,1986-11-17,44,2011,2014,False,,,,no
Brian,Johnson,NorthMelbourne,,10,188,1932-09-22,44,1953,1956,False,,,,no
Jed,Lamb,Carlton,,13,181,1992-10-19,44,2016,2018,False,,,,no
Ralph,Lancaster,Geelong,,4,170,1907-11-25,44,1929,1935,False,,,,no
Bert,Laxton,Essendon,,,179,1879-08-22,44,1904,1907,False,,,,no
Joel,Macdonald,Melbourne,,28,188,1984-10-10,44,2010,2013,False,,,,no
Jack,Mahony,NorthMelbourne,,1,176,2001-11-12,44,2020,2023,False,,,,no
Pat,Maloney,Stkilda,,11,179,1894-03-05,44,1914,1920,False,,,,no
Daniel,McStay,Collingwood,Collingwood,11,195,1995-06-24,44,2023,2026,True,KEY_FORWARD,nationalDraft,25,yes
Jim,Munday,Geelong,,15,188,1917-11-01,44,1944,1946,False,,,,no
Jim,Nash,Geelong,,2,170,1914-05-14,44,1935,1940,False,,,,no
Colin,Niven,Melbourne,,10,183,1903-09-06,44,1933,1935,False,,,,no
Clarrie,Nolan,NorthMelbourne,,23,187,1904-08-24,44,1925,1928,False,,,,no
Jack,ORourke,Richmond,,4,178,1928-07-13,44,1949,1953,False,,,,no
Lou,Riley,Collingwood,,23,175,1909-09-07,44,1934,1938,False,,,,no
Jared,Rivers,Geelong,,25,194,1984-10-18,44,2013,2015,False,,,,no
Anthony,Rock,Hawthorn,,32,175,1970-09-29,44,1999,2001,False,,,,no
Ben,Ronke,Sydney,,25,183,1997-12-18,44,2018,2022,False,,,,no
Darren,Saunders,Collingwood,,31,180,1965-08-16,44,1988,1993,False,,,,no
John,Spencer,Carlton,,32,168,1927-08-07,44,1952,1954,False,,,,no
Michael,Stevens,NorthMelbourne,,12,179,1980-11-07,44,2003,2005,False,,,,no
Steven,Taubert,Sydney,,24,193,1953-10-06,44,1982,1984,False,,,,no
James,Thiessen,Adelaide,,29,180,1974-02-10,44,1998,2000,False,,,,no
Alf,Trevillian,Stkilda,,,,1877-04-22,44,1902,1906,False,,,,no
Vasil,Varlamos,Carlton,,32,178,1942-06-17,44,1960,1964,False,,,,no
George,Wardlaw,NorthMelbourne,North Melbourne,6,182,2004-06-11,44,2023,2026,True,MIDFIELDER,nationalDraft,4,yes
Adam,White,Carlton,,30,188,1976-01-09,44,1997,2000,False,,,,no
Mel,Williams,Hawthorn,,10,191,1926-06-01,44,1948,1950,False,,,,no
Tom,Williamson,Carlton,,31,190,1998-12-12,44,2017,2022,False,,,,no
Bryan,Wood,Essendon,,2,185,1954-04-03,44,1983,1986,False,,,,no
Matt,Armstrong,NorthMelbourne,,14,177,1967-03-01,43,1995,1996,False,,,,no
Max,Bailey,Hawthorn,,39,206,1986-10-23,43,2006,2013,False,,,,no
Ray,Ball,Sydney,,31,185,1949-02-20,43,1971,1974,False,,,,no
Ryan,Bastinac,Brisbane,,4,186,1991-06-22,43,2016,2019,False,,,,no
John,Bradley,WesternBulldogs,,20,184,1943-05-10,43,1963,1967,False,,,,no
Tanner,Bruhn,Geelong,Geelong,4,183,2002-05-27,43,2023,2026,True,MEDIUM_DEFENDER,nationalDraft,12,yes
Tony,Campbell,WesternBulldogs,,6,189,1967-08-13,43,1992,1996,False,,,,no
Charlie,Clymo,Stkilda,,,,1884-10-30,43,1907,1909,False,,,,no
Bill,Deague,Hawthorn,,17,183,1912-10-14,43,1937,1939,False,,,,no
Danny,Dickfos,Brisbane,,14,188,1970-09-30,43,1997,1999,False,,,,no
Nick,Duigan,Carlton,,34,186,1984-09-07,43,2011,2013,False,,,,no
Robert,Elliott,Melbourne,,6,188,1953-04-29,43,1979,1981,False,,,,no
Ken,Feltscheer,Hawthorn,,18,178,1915-06-09,43,1937,1943,False,,,,no
Joel,Freijah,WesternBulldogs,Western Bulldogs,27,191,2005-11-14,43,2024,2026,True,MIDFIELDER_FORWARD,NA,NA,yes
Leo,Garlick,Stkilda,,43,177,1938-04-30,43,1959,1961,False,,,,no
Daniel,Gilmore,Fremantle.xlsx,,27,191,1983-03-02,43,2004,2009,False,,,,no
Paul,Harding,WestCoast,,23,193,1964-06-04,43,1992,1994,False,,,,no
Jeff,Hilton,Melbourne,,22,183,1972-05-27,43,1994,1996,False,,,,no
Lawson,Humphries,Geelong,Geelong,17,182,2003-01-24,43,2024,2026,True,MEDIUM_DEFENDER,nationalDraft,63,yes
Jack,Huntington,Melbourne,,19,173,1893-05-23,43,1914,1920,False,,,,no
Stephen,Kerley,Melbourne,,9,184,1953-01-25,43,1971,1974,False,,,,no
Stuart,King,Stkilda,,1,184,1906-04-22,43,1931,1933,False,,,,no
Brett,Knowles,Stkilda,,36,187,1978-05-13,43,1998,2001,False,,,,no
Clarrie,Lethlean,Hawthorn,,16,182,1900-07-12,43,1925,1927,False,,,,no
Neville,Linney,Stkilda,,1,182,1933-07-01,43,1953,1957,False,,,,no
Andy,Lovell,WestCoast,,5,180,1970-07-28,43,1996,1998,False,,,,no
Rod,MacPherson,WesternBulldogs,,43,177,1963-09-21,43,1982,1986,False,,,,no
Vin,Maguire,Geelong,,12,175,1892-07-31,43,1915,1919,False,,,,no
Oleg,Markov,Collingwood,,37,188,1996-05-08,43,2023,2025,False,,,,no
Brandon,Matera,Fremantle.xlsx,,3,173,1992-03-11,43,2018,2020,False,,,,no
Mick,McFarlane,NorthMelbourne,,28,182,1908-10-25,43,1937,1940,False,,,,no
Clem,Michael,Fremantle.xlsx,,16,192,1976-07-16,43,1998,2000,False,,,,no
Michael,Nettlefold,Stkilda,,47,184,1959-07-28,43,1979,1983,False,,,,no
Charlie,Page,WesternBulldogs,,26,180,1917-03-02,43,1938,1941,False,,,,no
Brett,Peake,Stkilda,,30,186,1983-07-05,43,2010,2012,False,,,,no
Ted,Pollock,Carlton,,16,187,1913-12-10,43,1930,1937,False,,,,no
John,Robertson,Richmond,,2,183,1940-02-15,43,1961,1965,False,,,,no
Graham,Ryan,NorthMelbourne,,35,185,1940-08-28,43,1960,1965,False,,,,no
Rob,Sainsbury,WesternBulldogs,,18,173,1916-01-05,43,1935,1941,False,,,,no
Cecil,Sandford,Stkilda,,,173,1874-08-02,43,1900,1904,False,,,,no
Lachie,Schultz,Collingwood,Collingwood,8,178,1997-11-30,43,2024,2026,True,MEDIUM_FORWARD,nationalDraft,57,yes
Neville,Shaw,Collingwood,,23,175,1964-10-04,43,1984,1986,False,,,,no
Sam,Sheldon,Brisbane,,3,184,1989-03-08,43,2009,2012,False,,,,no
John,Stephens,Stkilda,,32,175,1950-09-15,43,1971,1973,False,,,,no
Kevin,Stevens,WesternBulldogs,,4,193,1944-02-15,43,1965,1968,False,,,,no
Brian,Turner,NorthMelbourne,,34,189,1933-12-19,43,1959,1961,False,,,,no
Daniel,Turner,Melbourne,Melbourne,10,194,2002-01-28,43,2022,2026,True,KEY_DEFENDER,NA,NA,yes
Troy,Ugle,WestCoast,,35,178,1968-04-18,43,1988,1993,False,,,,no
Ken,Ward,Richmond,,20,173,1935-09-30,43,1956,1959,False,,,,no
Greg,Wells,Carlton,,1,175,1950-06-06,43,1980,1982,False,,,,no
Sanford,Wheeler,Sydney,,27,186,1970-04-06,43,1989,1994,False,,,,no
Jack,Williams,WestCoast,West Coast,34,198,2003-12-01,43,2022,2026,True,KEY_FORWARD,nationalDraft,57,yes
Caleb,Windsor,Melbourne,Melbourne,6,185,2005-06-09,43,2024,2026,True,MIDFIELDER,NA,NA,yes
Jake,Aarts,Richmond,,16,177,1994-12-08,42,2020,2022,False,,,,no
Robert,AhMat,Sydney,,9,175,1977-07-19,42,1998,2001,False,,,,no
Bert,Armstrong,Essendon,,3,175,1890-02-26,42,1910,1914,False,,,,no
Trent,Bartlett,WesternBulldogs,,18,189,1976-11-26,42,2000,2002,False,,,,no
Alf,Benison,Sydney,,26,185,1918-06-21,42,1939,1944,False,,,,no
Kevin,Betson,Richmond,,5,187,1929-11-12,42,1952,1955,False,,,,no
Greg,Broughton,Goldcoast,,36,189,1986-09-29,42,2013,2015,False,,,,no
Leigh,Carlson,Collingwood,,29,178,1958-01-15,42,1978,1981,False,,,,no
Stephen,Copping,Essendon,,24,180,1956-08-03,42,1982,1984,False,,,,no
Mitch,Crowden,Fremantle.xlsx,,12,176,1999-04-28,42,2018,2022,False,,,,no
Mike,Delahunty,Collingwood,,7,185,1952-09-13,42,1971,1975,False,,,,no
Jack,Dowding,Stkilda,,,182,1881-01-28,42,1903,1905,False,,,,no
Ted,Fidge,Melbourne,,36,175,1963-06-07,42,1982,1988,False,,,,no
Bob,Flanigan,Essendon,,30,175,1914-03-25,42,1941,1945,False,,,,no
John,Gardner,Hawthorn,,14,189,1946-11-03,42,1966,1968,False,,,,no
Steven,Greene,Hawthorn,,29,182,1982-01-25,42,2001,2005,False,,,,no
Jim,Gregory,Collingwood,,,180,1876-02-13,42,1897,1901,False,,,,no
Darren,Holmes,Sydney,,31,188,1970-09-03,42,1991,1994,False,,,,no
Jeff,Hopgood,NorthMelbourne,,1,191,1948-01-14,42,1968,1973,False,,,,no
Jack,Hudson,Sydney,,31,175,1934-03-09,42,1954,1959,False,,,,no
Taylor,Hunt,Richmond,,28,184,1990-11-05,42,2015,2017,False,,,,no
Arthur,Hurst,Stkilda,,15,175,1931-07-13,42,1951,1955,False,,,,no
Russell,Jeffrey,Stkilda,,24,185,1966-02-06,42,1987,1991,False,,,,no
Ted,Johnson,Hawthorn,,19,178,1948-01-25,42,1966,1969,False,,,,no
Sam,Kerridge,Carlton,,11,188,1993-04-26,42,2016,2018,False,,,,no
Fred,Kirkwood,Essendon,,9,180,1890-07-31,42,1912,1914,False,,,,no
Max,Kroger,Geelong,,12,183,1899-03-14,42,1919,1924,False,,,,no
Tyson,Lane,Collingwood,,33,183,1976-08-25,42,1999,2001,False,,,,no
Mike,Londerigan,Essendon,,,164,1879-12-04,42,1907,1909,False,,,,no
Ed,Lower,NorthMelbourne,,2,187,1987-06-23,42,2006,2010,False,,,,no
Kane,Lucas,Carlton,,9,188,1991-06-26,42,2010,2014,False,,,,no
Cyril,Mann,Carlton,,27,175,1918-08-31,42,1939,1945,False,,,,no
Shaun,Mannagh,Geelong,Geelong,7,178,1997-08-06,42,2024,2026,True,MEDIUM_FORWARD,nationalDraft,36,yes
Ron,McCarthy,WesternBulldogs,,33,180,1934-11-03,42,1953,1956,False,,,,no
Cameron,McDonald,WesternBulldogs,,8,183,1940-06-24,42,1959,1963,False,,,,no
Robert,McKenzie,Melbourne,,2,180,1950-05-31,42,1969,1972,False,,,,no
Glenn,McLean,Melbourne,,26,194,1961-07-10,42,1980,1984,False,,,,no
Don,McVilly,Hawthorn,,8,174,1920-08-07,42,1945,1947,False,,,,no
Jim,Mitchell,Melbourne,,37,191,1920-11-26,42,1946,1948,False,,,,no
Brian,Molony,Stkilda,,2,185,1932-11-22,42,1956,1958,False,,,,no
Bob,Morton,Stkilda,,14,189,1944-03-09,42,1962,1965,False,,,,no
Brian,Muir,Stkilda,,23,185,1936-07-11,42,1956,1959,False,,,,no
Bill,Noonan,Collingwood,,20,185,1917-02-28,42,1940,1946,False,,,,no
Jack,OConnell,Sydney,,26,166,1902-07-16,42,1922,1924,False,,,,no
Trent,Ormond-Allen,Adelaide,,21,180,1976-06-11,42,1997,1999,False,,,,no
Michael,Passmore,NorthMelbourne,,37,187,1964-12-20,42,1984,1988,False,,,,no
Fred,Payne,Essendon,,35,182,1927-02-04,42,1949,1953,False,,,,no
Mick,Peppard,Essendon,,,179,1877-04-28,42,1900,1903,False,,,,no
Charlie,Plane,Geelong,,13,183,1896-03-20,42,1922,1925,False,,,,no
Jared,Polec,NorthMelbourne,,13,187,1992-10-12,42,2019,2022,False,,,,no
Craig,Potter,Sydney,,17,182,1966-01-19,42,1984,1990,False,,,,no
Joel,Smith,Melbourne,,44,191,1996-02-25,42,2017,2023,False,,,,no
Paul,Standfield,WesternBulldogs,,6,183,1916-10-20,42,1936,1940,False,,,,no
Ray,Steele,Richmond,,4,183,1917-05-19,42,1940,1943,False,,,,no
Jordon,Sweet,PortAdelaide,Port Adelaide,24,203,1998-02-02,42,2024,2026,True,RUCK,other,NA,yes
Michael,Thomson,Richmond,,15,187,1961-11-26,42,1987,1990,False,,,,no
Josh,Wagner,Melbourne,,42,189,1994-06-24,42,2016,2020,False,,,,no
Rohan,Welsh,Carlton,,38,189,1970-10-07,42,1992,1997,False,,,,no
Les,Allen,NorthMelbourne,,16,178,1911-03-07,41,1932,1934,False,,,,no
Roy,Baldwin,Hawthorn,,18,178,1927-07-28,41,1944,1950,False,,,,no
Syd,Barker,NorthMelbourne,,5,185,1911-10-15,41,1930,1933,False,,,,no
Jack,Barnes,Sydney,,29,185,1905-05-20,41,1925,1929,False,,,,no
George,Bisset,Collingwood,,4,168,1943-03-10,41,1973,1974,False,,,,no
Dennis,Blair,WesternBulldogs,,16,187,1951-08-20,41,1976,1978,False,,,,no
Terry,Board,Carlton,,24,173,1945-11-05,41,1965,1968,False,,,,no
Chris,Bond,Fremantle.xlsx,,32,178,1969-01-26,41,1998,1999,False,,,,no
Nick,Brushfield,Geelong,,7,180,1906-07-26,41,1923,1927,False,,,,no
Tommy,Buchan,Geelong,,,,1874-10-27,41,1899,1902,False,,,,no
David,Cameron,Geelong,,36,185,1964-04-04,41,1986,1990,False,,,,no
Alastair,Clarkson,Melbourne,,23,177,1968-04-27,41,1996,1997,False,,,,no
Justin,Davies,Carlton,,13,184,1983-07-07,41,2002,2005,False,,,,no
Ted,Farrell,Richmond,,9,178,1889-10-19,41,1911,1914,False,,,,no
Tony,Furey,NorthMelbourne,,21,188,1963-08-02,41,1983,1985,False,,,,no
Harry,Gibson,Sydney,,,180,1878-12-27,41,1904,1906,False,,,,no
Tony,Gilmore,Geelong,,24,178,1949-12-03,41,1968,1973,False,,,,no
Jack,Greenhill,Carlton,,6,180,1897-06-23,41,1917,1923,False,,,,no
Luke,Hodge,Brisbane,,2,185,1984-06-15,41,2018,2019,False,,,,no
Ted,Hoppen,Stkilda,,25,170,1918-03-17,41,1939,1941,False,,,,no
Jim,Hovey,Geelong,,2,173,1922-08-15,41,1946,1948,False,,,,no
Les,Hughson,Stkilda,,29,188,1907-09-12,41,1934,1936,False,,,,no
Oscar,Hyman,Collingwood,,,180,1877-11-25,41,1901,1906,False,,,,no
David,Johnston,Essendon,,39,180,1969-04-10,41,1987,1992,False,,,,no
Lionel,Johnston,Hawthorn,,30,183,1926-12-21,41,1946,1950,False,,,,no
Peter,Kanis,Hawthorn,,18,175,1931-04-13,41,1952,1956,False,,,,no
Darren,Kappler,Hawthorn,,11,183,1965-01-23,41,1996,1998,False,,,,no
Arthur,Lowe,NorthMelbourne,,8,173,1906-01-08,41,1927,1929,False,,,,no
Sam,Loxton,Stkilda,,26,182,1921-03-29,41,1942,1946,False,,,,no
Barry,McAuliffe,NorthMelbourne,,28,183,1943-10-18,41,1962,1966,False,,,,no
Bob,Munn,Sydney,,44,178,1939-12-22,41,1959,1963,False,,,,no
Ian,Nicoll,Carlton,,23,179,1946-10-02,41,1967,1970,False,,,,no
Craig,OBrien,Sydney,,5,174,1970-03-03,41,1996,2000,False,,,,no
Wally,OCock,Carlton,,,175,1875-06-17,41,1897,1901,False,,,,no
Barry,Pascoe,Stkilda,,31,183,1944-01-23,41,1968,1970,False,,,,no
Adrian,Perry,NorthMelbourne,,7,180,1941-05-09,41,1960,1965,False,,,,no
Andrew,Phillips,Essendon,,34,201,1991-07-03,41,2020,2023,False,,,,no
Max,Rippon,Stkilda,,8,165,1920-10-11,41,1945,1947,False,,,,no
Tasman,Roberts,Stkilda,,4,184,1901-08-18,41,1925,1927,False,,,,no
Charlie,Ross,Carlton,,,,1878-08-12,41,1900,1904,False,,,,no
Ryley,Sanders,WesternBulldogs,Western Bulldogs,9,186,2005-01-21,41,2024,2026,True,MIDFIELDER,NA,NA,yes
Matt,Scharenberg,Collingwood,,12,191,1995-09-18,41,2015,2020,False,,,,no
Frank,Scully,Stkilda,,19,171,1899-10-28,41,1924,1927,False,,,,no
Jack,Sharpley,Hawthorn,,4,182,1906-02-18,41,1927,1932,False,,,,no
Ted,Sherman,WesternBulldogs,,30,175,1902-08-30,41,1925,1933,False,,,,no
Phil,Stevens,Stkilda,,13,183,1950-09-14,41,1976,1979,False,,,,no
Wally,Sykes,Melbourne,,20,170,1881-05-02,41,1907,1912,False,,,,no
Alan,Thaw,Essendon,,36,170,1926-01-17,41,1949,1954,False,,,,no
Stuart,Trott,Hawthorn,,28,177,1948-04-25,41,1975,1977,False,,,,no
Gavin,Urquhart,NorthMelbourne,,14,181,1988-05-18,41,2008,2011,False,,,,no
Peter,Vardy,Melbourne,,19,181,1976-01-26,41,2002,2004,False,,,,no
Alf,Wilson,Melbourne,,20,170,1902-05-20,41,1921,1925,False,,,,no
Neville,Withers,Collingwood,,6,189,1940-12-06,41,1960,1963,False,,,,no
Brian,Woinarski,Stkilda,,8,180,1930-05-05,41,1951,1953,False,,,,no
Marshall,Younger,Sydney,,12,183,1939-05-21,41,1956,1961,False,,,,no
Vic,Aanensen,Sydney,,2,198,1953-01-16,40,1973,1976,False,,,,no
Stan,Alves,NorthMelbourne,,2,178,1946-05-22,40,1977,1979,False,,,,no
Oskar,Baker,WesternBulldogs,Western Bulldogs,13,184,1998-05-25,40,2023,2026,True,MEDIUM_FORWARD,NA,NA,yes
Mark,Beers,Collingwood,,40,180,1965-08-15,40,1984,1987,False,,,,no
Brian,Bennett,Sydney,,15,184,1938-06-15,40,1960,1962,False,,,,no
Jordan,Boyd,Carlton,Carlton,37,182,1998-09-22,40,2022,2026,True,MEDIUM_DEFENDER,other,20,yes
Troy,Broadbridge,Melbourne,,20,191,1980-10-05,40,2001,2004,False,,,,no
Allen,Burns,Sydney,,,179,1870-08-31,40,1897,1903,False,,,,no
Alex,Cincotta,Carlton,,39,187,1996-12-17,40,2023,2025,False,,,,no
Damian,Cupido,Essendon,,13,184,1982-03-11,40,2003,2005,False,,,,no
Bill,Earle,Essendon,,25,180,1910-01-21,40,1934,1936,False,,,,no
Harry,Equid,Essendon,,32,188,1923-10-08,40,1945,1948,False,,,,no
Ted,Esposito,Melbourne,,6,175,1908-05-23,40,1929,1932,False,,,,no
Ivan,Forbes,Geelong,,,174,1880-10-16,40,1902,1905,False,,,,no
Eddie,Ford,NorthMelbourne,,40,184,2002-06-21,40,2021,2024,False,,,,no
Jack,Gill,Hawthorn,,14,171,1898-01-10,40,1925,1928,False,,,,no
Ross,Glendinning,WestCoast,,4,188,1956-09-17,40,1987,1988,False,,,,no
Pearce,Hanley,Goldcoast,,1,185,1988-11-15,40,2017,2020,False,,,,no
Kieran,Harper,NorthMelbourne,,23,187,1992-06-15,40,2011,2013,False,,,,no
Roy,Harper,WesternBulldogs,,10,183,1929-03-29,40,1952,1955,False,,,,no
Peter,Hogan,Richmond,,23,173,1945-11-28,40,1963,1966,False,,,,no
Barry,Ion,WesternBulldogs,,21,178,1941-10-09,40,1961,1965,False,,,,no
Steve,Johnson,GWS,,17,189,1983-07-04,40,2016,2017,False,,,,no
Lloyd,Johnson,NorthMelbourne,,20,173,1913-12-13,40,1934,1938,False,,,,no
Glenn,Joseph,NorthMelbourne,,33,191,1952-12-06,40,1970,1973,False,,,,no
Peter,Keays,Melbourne,,16,180,1955-09-04,40,1974,1977,False,,,,no
James,Kelly,Essendon,,47,183,1983-12-29,40,2016,2017,False,,,,no
Frank,Keppel,Geelong,,30,182,1899-12-08,40,1927,1930,False,,,,no
Billy,Leahy,WesternBulldogs,,9,178,1911-03-07,40,1934,1936,False,,,,no
John,Ledwidge,Sydney,,35,191,1934-09-28,40,1954,1958,False,,,,no
Charlie,Longhurst,Melbourne,,9,173,1911-04-08,40,1933,1936,False,,,,no
Nathan,Lonie,PortAdelaide,,12,189,1983-03-04,40,2006,2008,False,,,,no
Owen,Madigan,Richmond,,11,179,1942-04-04,40,1963,1966,False,,,,no
Ben,McKay,Essendon,Essendon,32,201,1997-12-24,40,2024,2026,True,KEY_DEFENDER,nationalDraft,21,yes
Justin,Murphy,Essendon,,28,185,1976-04-24,40,2004,2005,False,,,,no
Nathan,ODriscoll,Fremantle.xlsx,Fremantle,30,188,2002-05-17,40,2022,2026,True,MIDFIELDER,nationalDraft,27,yes
Neil,Peart,Richmond,,24,188,1958-10-05,40,1983,1987,False,,,,no
John,Pitura,Richmond,,3,185,1950-09-21,40,1975,1977,False,,,,no
Harold,Powell,Collingwood,,17,178,1915-09-14,40,1938,1940,False,,,,no
Wayne,Primmer,Essendon,,15,175,1959-01-09,40,1977,1979,False,,,,no
John,Ritchie,Richmond,,30,178,1932-01-04,40,1951,1955,False,,,,no
Ben,Robbins,NorthMelbourne,,30,181,1976-12-27,40,2002,2003,False,,,,no
Stephen,Roberts,Stkilda,,30,191,1948-11-25,40,1966,1970,False,,,,no
Bill,Rose,Collingwood,,33,189,1931-05-09,40,1950,1955,False,,,,no
Eddie,Sansbury,NorthMelbourne,,32,182,1983-11-26,40,2004,2008,False,,,,no
Ian,Scrimshaw,Richmond,,36,185,1954-12-24,40,1976,1981,False,,,,no
Jimmy,Shand,Richmond,,19,182,1893-08-02,40,1916,1919,False,,,,no
Damen,Shaw,Stkilda,,5,183,1974-04-22,40,1993,1995,False,,,,no
Jim,Spain,Richmond,,22,183,1902-09-17,40,1923,1927,False,,,,no
Alan,Streeter,Carlton,,22,170,1928-09-30,40,1948,1950,False,,,,no
Seb,Tape,Goldcoast,,48,191,1992-08-06,40,2011,2016,False,,,,no
Bernard,Toohey,WesternBulldogs,,8,188,1963-02-18,40,1992,1993,False,,,,no
Paul,Tuddenham,Collingwood,,6,184,1967-09-14,40,1987,1991,False,,,,no
Phil,Walsh,Richmond,,16,180,1960-03-15,40,1984,1986,False,,,,no
Scott,Welsh,WesternBulldogs,,28,188,1978-12-07,40,2008,2009,False,,,,no
Graham,Wise,Melbourne,,23,188,1942-10-13,40,1963,1966,False,,,,no
Michael,Wright,Sydney,,8,187,1959-10-06,40,1978,1980,False,,,,no
Bert,Avery,Melbourne,,7,184,1907-10-05,39,1931,1933,False,,,,no
Reg,Bennett,Sydney,,20,178,1906-09-05,39,1930,1932,False,,,,no
Grant,Birchall,Brisbane,,14,193,1988-01-28,39,2020,2021,False,,,,no
John,Clennett,Melbourne,,5,193,1950-01-25,39,1972,1974,False,,,,no
Sam,Clohesy,Goldcoast,Gold Coast,33,189,2002-12-12,39,2024,2026,True,MIDFIELDER,NA,NA,yes
Daniel,Cross,Melbourne,,18,187,1983-03-30,39,2014,2015,False,,,,no
Matt,Dea,Essendon,,49,186,1991-10-13,39,2016,2018,False,,,,no
Sam,Dwyer,Collingwood,,41,180,1986-08-29,39,2013,2015,False,,,,no
Peter,Everitt,Sydney,,10,203,1974-05-03,39,2007,2008,False,,,,no
Arthur,Fox,Sydney,,8,177,1924-03-26,39,1948,1950,False,,,,no
Riley,Garcia,WesternBulldogs,Western Bulldogs,38,177,2001-01-30,39,2021,2025,False,MIDFIELDER_FORWARD,NA,NA,yes
Eric,Gardner,Melbourne,,,174,1881-06-27,39,1900,1903,False,,,,no
Mick,Glenister,Geelong,,25,180,1917-11-21,39,1939,1941,False,,,,no
Kasey,Green,NorthMelbourne,,15,187,1979-09-10,39,2006,2007,False,,,,no
Cory,Gregson,Geelong,,28,175,1996-09-04,39,2015,2018,False,,,,no
Vic,Gross,Geelong,,7,183,1900-03-19,39,1919,1922,False,,,,no
Doug,Guy,Carlton,,4,180,1929-11-21,39,1950,1953,False,,,,no
Barry,Hall,WesternBulldogs,,28,194,1977-02-08,39,2010,2011,False,,,,no
Ashton,Hams,WestCoast,,43,174,1986-09-06,39,2010,2013,False,,,,no
Darel,Hart,Adelaide,,3,178,1964-01-03,39,1991,1992,False,,,,no
Adam,Heuskes,Brisbane,,31,190,1976-03-20,39,1999,2000,False,,,,no
Scott,Howell,Carlton,,40,193,1958-05-10,39,1980,1985,False,,,,no
Nathan,Hrovat,NorthMelbourne,,8,175,1994-06-07,39,2017,2019,False,,,,no
Jay,Kennedy Harris,Melbourne,,24,173,1995-03-21,39,2014,2019,False,,,,no
Jeff,Kiteley,Sydney,,4,178,1937-09-07,39,1957,1961,False,,,,no
Eddie,Lake,Essendon,,38,177,1951-06-25,39,1968,1973,False,,,,no
Steven,Lawrence,Stkilda,,15,177,1976-05-19,39,2001,2003,False,,,,no
Charlie,Lazzaro,NorthMelbourne,,35,179,2002-03-25,39,2021,2024,False,,,,no
Terry,Leahy,Sydney,,19,184,1946-10-12,39,1968,1970,False,,,,no
Billy,Libbis,Melbourne,,22,175,1903-07-02,39,1933,1935,False,,,,no
Bill,Luff,Richmond,,,191,1886-01-15,39,1908,1910,False,,,,no
Richard,Luke,Sydney,,37,183,1948-05-17,39,1968,1970,False,,,,no
Craig,McKellar,Melbourne,,10,196,1949-12-08,39,1976,1978,False,,,,no
Ricky,McLean,Richmond,,31,185,1947-11-08,39,1972,1976,False,,,,no
Ron,McLeod,Stkilda,,39,178,1919-01-04,39,1940,1947,False,,,,no
Fred,Metcalf,NorthMelbourne,,14,188,1899-07-27,39,1925,1927,False,,,,no
Stephen,Newport,Stkilda,,1,182,1965-11-05,39,1991,1993,False,,,,no
Xavier,ONeill,WestCoast,,24,185,2000-08-03,39,2020,2023,False,,,,no
Allan,Oakley,Richmond,,15,173,1907-01-07,39,1928,1931,False,,,,no
Jack,Perkins,Stkilda,,16,179,1903-01-20,39,1934,1936,False,,,,no
Sam,Power,NorthMelbourne,,5,190,1983-07-02,39,2008,2009,False,,,,no
Esava,Ratugolea,PortAdelaide,Port Adelaide,27,197,1998-07-24,39,2024,2026,True,KEY_DEFENDER,nationalDraft,43,yes
Peter,Rice,Sydney,,42,180,1938-02-28,39,1959,1962,False,,,,no
Guy,Richards,Collingwood,,21,201,1983-03-21,39,2004,2007,False,,,,no
Lindsay,Richards,Sydney,,7,180,1909-03-27,39,1934,1936,False,,,,no
Matt,Rosa,Goldcoast,,3,191,1986-11-23,39,2016,2018,False,,,,no
Peter,Rosenbrock,Collingwood,,27,184,1939-11-21,39,1960,1963,False,,,,no
Arthur,Slater,NorthMelbourne,,23,183,1914-12-16,39,1940,1945,False,,,,no
Bert,Taylor,Melbourne,,35,198,1911-06-02,39,1934,1936,False,,,,no
Jim,Wallis,Stkilda,,11,192,1941-11-12,39,1963,1965,False,,,,no
Clinton,Wines,Carlton,,10,179,1922-05-02,39,1945,1946,False,,,,no
Maurice,Wingate,Melbourne,,18,182,1957-10-19,39,1976,1980,False,,,,no
Lachie,Young,NorthMelbourne,,17,189,1999-04-06,39,2021,2023,False,,,,no
Brandon,Zerk-Thatcher,PortAdelaide,Port Adelaide,25,195,1998-08-25,39,2024,2025,False,KEY_DEFENDER,nationalDraft,66,yes
Harry,Alessio,Richmond,,24,175,1895-12-22,38,1915,1919,False,,,,no
Bill,Arch,Carlton,,21,178,1937-03-26,38,1958,1962,False,,,,no
Stuart,Barclay,Essendon,,37,188,1949-10-04,38,1969,1973,False,,,,no
Colin,Barton,Geelong,,9,180,1937-04-17,38,1955,1959,False,,,,no
Dave,Beard,Geelong,,,178,1885-09-15,38,1906,1911,False,,,,no
George,Beasley,Collingwood,,3,175,1902-04-26,38,1924,1928,False,,,,no
Bryan,Beinke,Adelaide,,25,185,1975-08-05,38,1999,2002,False,,,,no
Paddy,Bourke,Richmond,,,185,1883-03-26,38,1909,1911,False,,,,no
Ted,Buckley,Melbourne,,33,177,1912-06-23,38,1937,1939,False,,,,no
Stephen,Clifford,Collingwood,,20,177,1956-09-18,38,1973,1978,False,,,,no
Bill,Dalkin,Hawthorn,,21,183,1921-11-15,38,1946,1949,False,,,,no
John,Davies,Geelong,,19,183,1943-08-22,38,1966,1969,False,,,,no
Robert,Day,Hawthorn,,12,178,1944-04-13,38,1971,1972,False,,,,no
Peter,Doyle,Geelong,,36,180,1955-05-27,38,1974,1978,False,,,,no
Keith,Dunn,Carlton,,5,184,1906-07-10,38,1934,1937,False,,,,no
Tom,Ferguson,Hawthorn,,20,180,1920-11-21,38,1946,1948,False,,,,no
James,Gallagher,Adelaide,,21,176,1979-11-17,38,2001,2004,False,,,,no
Michael,Gallagher,NorthMelbourne,,31,196,1966-05-09,38,1990,1992,False,,,,no
Hugh,Greenwood,NorthMelbourne,,18,191,1992-03-06,38,2022,2024,False,,,,no
Daniel,Healy,Stkilda,,6,189,1974-05-03,38,1996,1999,False,,,,no
Scott,Hodges,Adelaide,,17,188,1968-04-26,38,1991,1996,False,,,,no
Russ,Hodges,Sydney,,47,185,1953-07-19,38,1973,1977,False,,,,no
Greg,Hollick,Richmond,,18,185,1951-10-07,38,1970,1972,False,,,,no
Griffin,Logue,NorthMelbourne,North Melbourne,19,193,1998-04-13,38,2023,2026,True,KEY_DEFENDER,nationalDraft,8,yes
Ned,Long,Collingwood,Collingwood,44,194,2003-02-05,38,2024,2026,True,MIDFIELDER,other,19,yes
David,Manson,Geelong,,6,200,1951-02-11,38,1976,1978,False,,,,no
Brodie,Martin,Adelaide,,36,180,1988-11-06,38,2009,2015,False,,,,no
Aubrey,Martyn,Carlton,,4,179,1907-01-04,38,1929,1933,False,,,,no
Jack,Meehan,Stkilda,,2,180,1922-12-11,38,1946,1950,False,,,,no
Wally,Minogue,WesternBulldogs,,3,168,1910-04-06,38,1931,1933,False,,,,no
Barry,Mitchell,Carlton,,10,173,1965-12-07,38,1994,1996,False,,,,no
Joel,Patfull,GWS,,24,190,1984-12-07,38,2015,2016,False,,,,no
Ralph,Patman,Geelong,,10,175,1916-01-10,38,1944,1945,False,,,,no
Graham,Polak,Richmond,,6,194,1984-06-16,38,2007,2010,False,,,,no
Ashley,Prescott,Fremantle.xlsx,,36,186,1972-09-11,38,1999,2001,False,,,,no
Joel,Reynolds,Essendon,,29,188,1984-06-05,38,2002,2006,False,,,,no
George,Robinson,Richmond,,3,173,1901-05-25,38,1925,1927,False,,,,no
Terry,Rodgers,Essendon,,2,180,1943-01-25,38,1961,1964,False,,,,no
Paddy,Ryder,Stkilda,,18,197,1988-03-14,38,2020,2022,False,,,,no
Jeremy,Sharp,Fremantle.xlsx,Fremantle,14,187,2001-08-13,38,2024,2026,True,MIDFIELDER,nationalDraft,27,yes
Ken,Sier,Richmond,,25,185,1922-01-27,38,1948,1950,False,,,,no
Phil,Skehan,Sydney,,26,184,1894-06-21,38,1917,1919,False,,,,no
Jack,Skinner,Carlton,,8,173,1917-06-05,38,1939,1941,False,,,,no
Noel,Smith,Essendon,,24,183,1918-11-27,38,1938,1945,False,,,,no
Herbie,Smith,Geelong,,8,175,1895-08-27,38,1919,1921,False,,,,no
Geoff,Smith,Hawthorn,,22,175,1948-10-22,38,1969,1972,False,,,,no
Jake,Spencer,Melbourne,,42,203,1989-10-09,38,2009,2017,False,,,,no
Steven,Sziller,Richmond,,19,176,1972-12-15,38,2001,2002,False,,,,no
Charles,Tyson,NorthMelbourne,,1,183,1897-11-14,38,1927,1929,False,,,,no
Simon,Verbeek,Carlton,,15,188,1967-03-29,38,1989,1991,False,,,,no
Arthur,Williams,WesternBulldogs,,19,183,1902-04-23,38,1929,1932,False,,,,no
Norm,Woodman,WesternBulldogs,,21,,1902-07-27,38,1928,1930,False,,,,no
Karl,Worner,Fremantle.xlsx,Fremantle,23,188,2002-06-16,38,2023,2026,True,MEDIUM_DEFENDER,rookieElevation,8,yes
Ryan,Angwin,GWS,GWS,9,185,2002-12-12,37,2022,2026,True,MIDFIELDER,nationalDraft,18,yes
Selwyn,Baker,NorthMelbourne,,4,166,1911-04-09,37,1931,1934,False,,,,no
Les,Bamblett,WesternBulldogs,,9,178,1963-08-05,37,1984,1988,False,,,,no
Steve,Beaumont,Essendon,,3,179,1951-04-01,37,1974,1976,False,,,,no
Caydn,Beetham,Stkilda,,21,183,1982-03-11,37,2000,2002,False,,,,no
Michael,Blood,Hawthorn,,15,193,1945-07-05,37,1967,1970,False,,,,no
Tim,Broomhead,Collingwood,,29,185,1994-03-22,37,2014,2020,False,,,,no
Geoff,Burdett,Essendon,,7,174,1956-07-04,37,1976,1981,False,,,,no
Peter,Chilton,Hawthorn,,3,178,1948-06-18,37,1967,1971,False,,,,no
Gene,Chiron,Hawthorn,,36,179,1949-11-11,37,1969,1973,False,,,,no
Charlie,Colgan,Sydney,,,177,1878-02-09,37,1898,1901,False,,,,no
Maurie,Considine,Hawthorn,,28,183,1932-06-14,37,1952,1956,False,,,,no
Brayden,Cook,Adelaide,Adelaide,15,189,2002-07-18,37,2021,2026,True,MIDFIELDER,nationalDraft,25,yes
Jason,Croall,Collingwood,,8,188,1968-01-16,37,1987,1992,False,,,,no
Mark,Daffey,Hawthorn,,3,173,1908-04-09,37,1930,1933,False,,,,no
George,Davidson,Sydney,,,177,1872-06-13,37,1897,1900,False,,,,no
Luke,Delaney,Stkilda,,21,194,1989-06-24,37,2014,2016,False,,,,no
John,Dowling,Stkilda,,45,180,1944-04-11,37,1963,1967,False,,,,no
Luke,Edwards,WestCoast,,16,188,2002-02-12,37,2021,2024,False,,,,no
Bernie,Evans,Carlton,,15,178,1957-08-20,37,1986,1988,False,,,,no
Brendon,Fewster,Fremantle.xlsx,,18,193,1974-01-04,37,2000,2002,False,,,,no
Fred,Finch,Hawthorn,,11,183,1895-10-06,37,1925,1927,False,,,,no
Ken,Fyffe,NorthMelbourne,,18,178,1938-03-14,37,1958,1961,False,,,,no
Bryce,Gibbs,Adelaide,,6,188,1989-03-15,37,2018,2020,False,,,,no
Paddy,Gilchrist,Collingwood,,5,171,1889-11-10,37,1910,1913,False,,,,no
Wal,Gillard,Collingwood,,,,1874-07-10,37,1897,1899,False,,,,no
Caleb,Graham,Goldcoast,Gold Coast,46,195,2000-09-12,37,2019,2022,False,KEY_DEFENDER,NA,NA,yes
Jaymie,Graham,WestCoast,,22,195,1983-02-06,37,2005,2008,False,,,,no
Elijah,Hewett,WestCoast,West Coast,8,186,2004-05-27,37,2023,2026,True,MEDIUM_FORWARD,nationalDraft,14,yes
Steve,Hickey,NorthMelbourne,,24,180,1965-10-28,37,1985,1988,False,,,,no
Harold,Johnston,NorthMelbourne,,6,168,1895-05-01,37,1925,1927,False,,,,no
Doug,Johnstone,WesternBulldogs,,16,,1903-08-05,37,1926,1928,False,,,,no
Darcy,Jones,GWS,GWS,2,175,2004-04-03,37,2024,2025,False,MEDIUM_FORWARD,nationalDraft,21,yes
Mark,Kellett,Sydney,,46,188,1960-07-29,37,1988,1990,False,,,,no
Dean,Kent,Stkilda,,25,180,1994-02-24,37,2019,2022,False,,,,no
Mark,Lisle,NorthMelbourne,,1,193,1962-08-12,37,1984,1989,False,,,,no
Alan,McConnell,WesternBulldogs,,28,178,1957-03-30,37,1980,1982,False,,,,no
Brad,McKenzie,NorthMelbourne,,2,186,1993-05-29,37,2012,2016,False,,,,no
Hughie,McPherson,Melbourne,,16,180,1918-08-21,37,1941,1944,False,,,,no
Ned,McSweeney,Essendon,,9,182,1903-09-10,37,1925,1928,False,,,,no
Mal,Michael,Essendon,,22,190,1977-06-24,37,2007,2008,False,,,,no
Mark,Mickan,Adelaide,,25,196,1961-01-30,37,1991,1993,False,,,,no
Keith,Millar,Richmond,,13,183,1906-08-15,37,1924,1930,False,,,,no
Bill,Miller,Geelong,,37,180,1936-01-04,37,1960,1963,False,,,,no
John,Mossop,NorthMelbourne,,4,196,1959-06-14,37,1987,1988,False,,,,no
Richard,Nixon,Richmond,,36,195,1965-10-29,37,1987,1990,False,,,,no
Jim,Norman,Geelong,,30,188,1928-09-01,37,1950,1952,False,,,,no
Jim,OHara,Sydney,,,174,1874-09-19,37,1897,1901,False,,,,no
Basil,Onyons,Melbourne,,,178,1887-03-14,37,1905,1908,False,,,,no
Stewart,Palfreyman,Geelong,,2,180,1948-12-30,37,1970,1971,False,,,,no
Greg,Parke,WesternBulldogs,,1,185,1948-04-18,37,1974,1975,False,,,,no
Toby,Pink,NorthMelbourne,North Melbourne,32,194,1998-08-11,37,2024,2026,True,KEY_DEFENDER,rookieElevation,1,yes
Jim,Pleydell,Carlton,,33,179,1944-04-01,37,1964,1967,False,,,,no
Jim,Plunkett,Carlton,,40,179,1978-07-26,37,2001,2003,False,,,,no
Joe,Poulter,Sydney,,5,188,1902-03-27,37,1928,1931,False,,,,no
Barry,Primmer,Geelong,,7,180,1946-07-12,37,1967,1969,False,,,,no
Paul,Sarah,Richmond,,11,177,1953-12-19,37,1980,1983,False,,,,no
Jamie,Shanahan,Melbourne,,1,194,1967-12-06,37,1998,1999,False,,,,no
Bernie,Shannon,Collingwood,,24,188,1929-02-12,37,1949,1951,False,,,,no
Herbie,Tonkes,Essendon,,1,179,1921-04-04,37,1944,1947,False,,,,no
Harold,Traynor,Sydney,,32,173,1922-12-04,37,1939,1942,False,,,,no
Danny,Warr,Stkilda,,16,170,1905-10-22,37,1928,1929,False,,,,no
Frank,Wells,NorthMelbourne,,29,180,1909-10-30,37,1930,1935,False,,,,no
Jim,West,Sydney,,20,190,1966-04-12,37,1990,1992,False,,,,no
Troy,Wilson,WestCoast,,40,189,1972-01-19,37,2001,2003,False,,,,no
Steven,Armstrong,WestCoast,,35,180,1984-01-12,36,2006,2008,False,,,,no
Bert,Beard,Sydney,,18,185,1909-07-05,36,1932,1935,False,,,,no
Graeme,Beissel,Essendon,,29,183,1941-08-25,36,1961,1964,False,,,,no
Dave,Bland,Stkilda,,19,192,1929-11-10,36,1951,1955,False,,,,no
Pat,Bourke,Sydney,,34,183,1923-11-06,36,1944,1949,False,,,,no
Bob,Boyle,Carlton,,,174,1876-12-07,36,1904,1906,False,,,,no
Leo,Burke,Richmond,,10,179,1891-09-10,36,1915,1919,False,,,,no
Hughie,Callan,Sydney,,,182,1881-12-26,36,1907,1910,False,,,,no
Eric,Cock,Collingwood,,7,165,1902-07-01,36,1922,1924,False,,,,no
Martin,Cross,Carlton,,23,175,1939-10-19,36,1961,1963,False,,,,no
Bruce,Davis,Sydney,,18,178,1953-03-26,36,1970,1973,False,,,,no
George,Edwards,Hawthorn,,26,185,1927-07-12,36,1948,1953,False,,,,no
Percy,Ellingsen,Geelong,,7,168,1895-07-18,36,1915,1919,False,,,,no
Jack,Fincher,WesternBulldogs,,25,168,1904-11-27,36,1931,1933,False,,,,no
Joe,Flanagan,Melbourne,,2,179,1898-04-03,36,1921,1924,False,,,,no
Matthew,Francis,Collingwood,,9,196,1970-08-29,36,1996,1998,False,,,,no
Luke,Godden,Collingwood,,43,180,1978-09-21,36,1997,1999,False,,,,no
Ivan,Goodingham,Essendon,,30,191,1926-01-08,36,1946,1949,False,,,,no
Les,Gray,Stkilda,,11,169,1921-10-04,36,1941,1946,False,,,,no
Jim,Hall,Stkilda,,5,168,1919-03-10,36,1943,1945,False,,,,no
Charlie,Hardy,Essendon,,33,157,1887-04-01,36,1921,1925,False,,,,no
Dean,Hartigan,Essendon,,41,180,1954-08-23,36,1974,1977,False,,,,no
Frank,Hince,Carlton,,,179,1882-01-13,36,1903,1906,False,,,,no
Liam,Jurrah,Melbourne,,24,188,1988-09-22,36,2009,2012,False,,,,no
Laurie,Keene,WestCoast,,25,202,1961-02-01,36,1987,1990,False,,,,no
Frank,Kennedy,Melbourne,,17,183,1920-07-31,36,1944,1947,False,,,,no
Jack,King,WesternBulldogs,,31,185,1928-01-13,36,1948,1953,False,,,,no
Andrew,Lamprill,Melbourne,,37,186,1969-05-04,36,1992,1997,False,,,,no
Albert,Lauder,Collingwood,,18,178,1898-10-11,36,1926,1931,False,,,,no
Jacky,Lock,NorthMelbourne,,10,174,1901-03-29,36,1925,1928,False,,,,no
Noah,Long,WestCoast,West Coast,44,179,2004-08-23,36,2023,2025,False,MEDIUM_FORWARD,nationalDraft,58,yes
Brian,Lowe,Geelong,,25,189,1939-06-25,36,1961,1963,False,,,,no
Frank,Lugton,Melbourne,,32,178,1893-11-04,36,1913,1914,False,,,,no
Frank,Marchesani,Carlton,,25,188,1960-02-02,36,1981,1985,False,,,,no
Leo,Maynes,Essendon,,10,183,1911-06-05,36,1937,1940,False,,,,no
Adrian,McAdam,NorthMelbourne,,41,183,1971-03-12,36,1993,1995,False,,,,no
Gerry,McDonald,Sydney,,18,179,1931-07-27,36,1953,1956,False,,,,no
Dennis,McGrath,NorthMelbourne,,8,193,1946-09-07,36,1965,1968,False,,,,no
Norm,McKenzie,Sydney,,43,175,1938-10-21,36,1959,1962,False,,,,no
John,McMahon,Geelong,,22,193,1935-12-04,36,1953,1955,False,,,,no
Allan,Miller,Sydney,,19,187,1925-10-27,36,1948,1951,False,,,,no
Tom,Mitchell,Collingwood,,6,182,1993-05-31,36,2023,2025,False,,,,no
Henry,Mitchell,Melbourne,,,,1874-11-22,36,1897,1899,False,,,,no
Troy,Moloney,WesternBulldogs,,40,175,1966-05-18,36,1987,1992,False,,,,no
Guy,Moore,Collingwood,,15,180,1928-06-30,36,1945,1949,False,,,,no
Jack,Mulrooney,Stkilda,,9,180,1934-08-24,36,1956,1958,False,,,,no
Jack,Murrell,Geelong,,20,175,1901-06-23,36,1920,1922,False,,,,no
Wally,Naismith,Melbourne,,17,177,1881-05-31,36,1911,1912,False,,,,no
Wayne,Otway,Essendon,,15,168,1956-06-24,36,1982,1983,False,,,,no
Bob,Pascoe,Stkilda,,21,191,1941-02-15,36,1968,1970,False,,,,no
Edwin,Pemberton,Melbourne,,19,175,1908-06-20,36,1930,1934,False,,,,no
Brent,Prismall,Essendon,,9,186,1986-07-14,36,2009,2011,False,,,,no
Jack,Redpath,WesternBulldogs,,43,194,1990-12-13,36,2014,2018,False,,,,no
Norm,Rippon,Sydney,,,175,1878-01-10,36,1901,1904,False,,,,no
James,Rowe,Adelaide,,31,173,1999-09-17,36,2021,2022,False,,,,no
Bill,Russ,WesternBulldogs,,6,171,1899-07-06,36,1929,1930,False,,,,no
Ian,Scott,Geelong,,14,180,1940-03-07,36,1963,1965,False,,,,no
Andrew,Siegert,Fremantle.xlsx,,35,187,1982-01-18,36,2002,2005,False,,,,no
Peter,Smith,NorthMelbourne,,5,185,1960-01-26,36,1981,1986,False,,,,no
Bill,Snell,Essendon,,22,185,1927-03-23,36,1950,1952,False,,,,no
John,Solomon,Stkilda,,31,177,1928-06-15,36,1948,1952,False,,,,no
Daniel,Stewart,PortAdelaide,,43,200,1988-10-30,36,2010,2013,False,,,,no
John,Svenson,Sydney,,15,183,1931-06-08,36,1953,1959,False,,,,no
Don,Taylor,Sydney,,26,183,1920-06-24,36,1942,1948,False,,,,no
Albert,Trim,Carlton,,,,1875-10-06,36,1903,1904,False,,,,no
Cameron,Wight,WesternBulldogs,,37,200,1985-04-05,36,2005,2008,False,,,,no
Geoff,Willis,NorthMelbourne,,24,173,1921-08-20,36,1940,1944,False,,,,no
Bob,Wiltshire,NorthMelbourne,,22,192,1932-11-24,36,1957,1959,False,,,,no
Mark,Zanotti,WestCoast,,27,185,1964-11-08,36,1987,1988,False,,,,no
John,Bennett,Stkilda,,25,183,1960-10-05,35,1980,1986,False,,,,no
Jeff,Berry,WesternBulldogs,,38,183,1957-03-25,35,1980,1982,False,,,,no
Neil,Besanko,Essendon,,30,187,1951-04-28,35,1978,1981,False,,,,no
Jack,Bridgfoot,WesternBulldogs,,11,184,1910-09-28,35,1935,1937,False,,,,no
Ron,Cabble,Hawthorn,,6,175,1938-02-10,35,1957,1962,False,,,,no
James,Cousins,Hawthorn,,46,185,1998-03-19,35,2017,2021,False,,,,no
Simon,Cox,Hawthorn,,24,192,1977-01-25,35,2002,2003,False,,,,no
Mark,Cullen,WesternBulldogs,,22,180,1968-09-23,35,1986,1991,False,,,,no
Tommy,Dea,NorthMelbourne,,15,175,1908-12-16,35,1928,1930,False,,,,no
Alec,Denney,Collingwood,,4,173,1926-06-24,35,1947,1948,False,,,,no
Mick,Dunn,Carlton,,21,,1897-02-28,35,1916,1919,False,,,,no
Kevin,Dyson,Sydney,,12,180,1967-05-04,35,1996,1997,False,,,,no
Russell,Ellen,Essendon,,30,191,1954-02-08,35,1973,1977,False,,,,no
Mark,Gamble,Stkilda,,37,188,1962-04-06,35,1986,1988,False,,,,no
Ricky,Graham,Geelong,,21,180,1946-06-21,35,1965,1969,False,,,,no
Colin,Graham,Melbourne,,27,180,1958-01-26,35,1975,1978,False,,,,no
Scott,Gumbleton,Essendon,,3,197,1988-08-03,35,2007,2013,False,,,,no
Len,Halley,Essendon,,44,191,1951-03-07,35,1970,1973,False,,,,no
Shaun,Hampson,Richmond,,16,201,1988-03-21,35,2014,2016,False,,,,no
Brent,Hartigan,Richmond,,33,178,1985-04-07,35,2004,2007,False,,,,no
Cameron,Hitchcock,PortAdelaide,,2,176,1990-07-03,35,2010,2013,False,,,,no
Mitch,Honeychurch,WesternBulldogs,,22,175,1995-03-02,35,2014,2018,False,,,,no
Blake,Howes,Melbourne,Melbourne,22,191,2003-04-07,35,2024,2026,True,MEDIUM_DEFENDER,NA,NA,yes
Spiro,Kourkoumelis,Stkilda,,28,183,1963-07-31,35,1987,1990,False,,,,no
Andrew,Krakouer,Collingwood,,7,176,1983-02-04,35,2011,2013,False,,,,no
Jim,Lawn,Collingwood,,13,180,1902-05-05,35,1923,1925,False,,,,no
Graham,Leydin,Essendon,,16,173,1940-03-21,35,1959,1964,False,,,,no
Ollie,Lord,PortAdelaide,Port Adelaide,30,197,2002-01-02,35,2023,2026,True,KEY_FORWARD,nationalDraft,49,yes
Aubrey,MacKenzie,Stkilda,,3,182,1894-10-23,35,1922,1924,False,,,,no
Bob,Matlock,Sydney,,7,175,1918-08-03,35,1944,1946,False,,,,no
Bob,McCaskill,Richmond,,25,178,1895-09-27,35,1923,1925,False,,,,no
Tommy,McConville,Melbourne,,5,175,1901-03-28,35,1927,1929,False,,,,no
Harry,Mears,Sydney,,19,168,1922-04-30,35,1946,1948,False,,,,no
Kane,Mitchell,PortAdelaide,,37,174,1989-12-01,35,2013,2016,False,,,,no
George,Moysey,Melbourne,,,177,1874-05-14,35,1897,1899,False,,,,no
James,Parsons,Geelong,,34,190,1997-04-12,35,2017,2019,False,,,,no
Kelvin,Payne,WesternBulldogs,,22,188,1939-02-15,35,1957,1964,False,,,,no
George,Peacock,Melbourne,,,180,1881-07-25,35,1905,1907,False,,,,no
Jack,Petchell,Sydney,,22,173,1904-12-14,35,1927,1929,False,,,,no
Bob,Pratt,Sydney,,10,174,1936-03-24,35,1955,1958,False,,,,no
Horrie,Quinton,Geelong,,,,1878-01-09,35,1903,1905,False,,,,no
Denis,Railton,NorthMelbourne,,23,188,1940-12-28,35,1960,1963,False,,,,no
Ivan,Rasmussen,WesternBulldogs,,11,178,1952-07-23,35,1973,1975,False,,,,no
Les,Roebuck,Geelong,,,168,1885-11-10,35,1905,1908,False,,,,no
Noel,Ross,Richmond,,18,183,1922-12-25,35,1945,1949,False,,,,no
Paul,Rowlands,Melbourne,,20,185,1949-05-28,35,1969,1970,False,,,,no
Tom,Scully,Hawthorn,,21,181,1991-05-15,35,2019,2020,False,,,,no
Angus,Sheldrick,Sydney,Sydney,12,179,2003-11-07,35,2022,2026,True,MIDFIELDER,NA,NA,yes
Andrew,Shipp,Fremantle.xlsx,,33,183,1979-07-10,35,1999,2002,False,,,,no
Brett,Sholl,Carlton,,9,188,1971-09-07,35,1992,1994,False,,,,no
Joe,Shortill,Carlton,,23,183,1894-12-02,35,1915,1918,False,,,,no
Sydney,Stack,Richmond,,44,179,2000-04-28,35,2019,2022,False,,,,no
Peter,Stephens,Geelong,,18,193,1950-06-21,35,1971,1973,False,,,,no
Jim,Stewart,NorthMelbourne,,4,182,1917-02-16,35,1938,1941,False,,,,no
Craig,Stewart,Richmond,,32,193,1956-09-15,35,1984,1986,False,,,,no
Neville,Stone,Melbourne,,18,182,1946-12-14,35,1966,1969,False,,,,no
Dean,Terlich,Melbourne,,46,186,1989-12-13,35,2013,2014,False,,,,no
John,Thomas,Geelong,,31,183,1935-06-04,35,1958,1960,False,,,,no
Mark,Turner,Hawthorn,,44,188,1960-04-14,35,1979,1983,False,,,,no
Peter,Walsh,PortAdelaide,,42,180,1976-07-24,35,2005,2006,False,,,,no
Jack,Watt,WesternBulldogs,,5,177,1907-06-19,35,1928,1929,False,,,,no
Brad,Wira,Fremantle.xlsx,,29,179,1972-03-16,35,1995,2001,False,,,,no
Nathan,Wright,Stkilda,,34,185,1994-02-16,35,2013,2018,False,,,,no
Neil,Allison,Hawthorn,,9,171,1912-10-11,34,1934,1939,False,,,,no
Levi,Ashcroft,Brisbane,Brisbane Lions,10,179,2006-12-18,34,2025,2026,True,MIDFIELDER,fatherSon,5,yes
Bruce,Bartle,Geelong,,7,191,1938-01-21,34,1956,1959,False,,,,no
Keith,Beamish,WesternBulldogs,,6,170,1941-02-12,34,1959,1961,False,,,,no
Colin,Boyd,Essendon,,17,180,1954-07-27,34,1977,1979,False,,,,no
Jeff,Bray,Sydney,,23,184,1938-05-19,34,1964,1966,False,,,,no
Mordecai,Bromberg,Stkilda,,15,183,1959-01-22,34,1978,1981,False,,,,no
Chris,Curran,Collingwood,,24,178,1974-08-03,34,1995,1998,False,,,,no
Max,Currie,Richmond,,30,193,1926-05-26,34,1947,1951,False,,,,no
Les,Dayman,WesternBulldogs,,16,183,1901-10-28,34,1932,1934,False,,,,no
Brian,Donohoe,Essendon,,26,183,1936-10-21,34,1957,1960,False,,,,no
Xavier,Ellis,WestCoast,,18,186,1988-02-28,34,2014,2016,False,,,,no
Tim,Fleming,Richmond,,19,184,1978-04-05,34,2003,2004,False,,,,no
Wayne,Gordon,Melbourne,,13,189,1954-07-11,34,1979,1981,False,,,,no
Bob,Hammond,Hawthorn,,5,182,1905-09-01,34,1927,1933,False,,,,no
John,Harris,Hawthorn,,1,165,1903-11-04,34,1930,1931,False,,,,no
Arthur,Hart,Stkilda,,2,185,1905-06-10,34,1928,1929,False,,,,no
Jack,Hassett,Geelong,,,174,1880-08-15,34,1907,1909,False,,,,no
Reg,Horkings,Hawthorn,,7,170,1919-06-20,34,1942,1944,False,,,,no
Ray,Houston,Stkilda,,3,188,1933-06-01,34,1952,1955,False,,,,no
Brian,Kekovich,Carlton,,16,187,1946-01-07,34,1967,1968,False,,,,no
Arthur,Kemp,Richmond,,5,187,1921-09-06,34,1943,1946,False,,,,no
Daniel,Lowther,Geelong,,29,181,1977-04-19,34,1997,2001,False,,,,no
Andrew,Lukas,Carlton,,7,178,1950-07-19,34,1970,1973,False,,,,no
Nick,Malceski,Goldcoast,,7,189,1984-08-15,34,2015,2016,False,,,,no
Darren,McAsey,Sydney,,33,189,1965-06-16,34,1985,1991,False,,,,no
John,McHale,Collingwood,,15,185,1915-01-13,34,1941,1944,False,,,,no
Jordan,McMahon,Richmond,,13,186,1983-05-27,34,2008,2009,False,,,,no
Mark,McQueen,Richmond,,28,187,1970-01-09,34,1991,1994,False,,,,no
Tom,Miller,WesternBulldogs,,24,188,1928-07-03,34,1947,1950,False,,,,no
Matthew,Moody,Brisbane,,10,187,1985-09-23,34,2005,2008,False,,,,no
Bill,Moulden,Geelong,,17,,1889-06-30,34,1914,1920,False,,,,no
Robin,Nahas,NorthMelbourne,,28,176,1987-11-10,34,2014,2016,False,,,,no
Luke,Nankervis,Adelaide,Adelaide,27,191,2003-05-25,34,2023,2026,True,MEDIUM_DEFENDER,preseason,2,yes
Alf,Neeson,Hawthorn,,11,182,1914-06-15,34,1936,1938,False,,,,no
Bill,Nettlefold,Melbourne,,19,178,1953-04-24,34,1980,1982,False,,,,no
Brad,Nicholson,WesternBulldogs,,9,186,1974-06-04,34,1993,1996,False,,,,no
Maurie,OConnell,Richmond,,5,180,1917-03-05,34,1937,1941,False,,,,no
Colin,ORiordan,Sydney,,38,187,1995-10-12,34,2018,2022,False,,,,no
Adam,Oxley,Collingwood,,43,192,1992-11-01,34,2013,2018,False,,,,no
Brian,Perrin,WesternBulldogs,,40,180,1957-07-30,34,1980,1983,False,,,,no
Arthur,Pink,Geelong,,1,169,1900-11-15,34,1923,1925,False,,,,no
Phillip,Read,Melbourne,,28,180,1979-10-20,34,2004,2006,False,,,,no
Tim,Robb,NorthMelbourne,,5,170,1924-12-17,34,1949,1951,False,,,,no
Archie,Roberts,Essendon,Essendon,21,184,2005-11-18,34,2024,2026,True,MEDIUM_DEFENDER,nationalDraft,54,yes
Roy,Rodda,Hawthorn,,3,163,1910-05-09,34,1933,1935,False,,,,no
James,Russell,NorthMelbourne,,15,180,1931-08-01,34,1954,1958,False,,,,no
Mark,Scott,Stkilda,,19,196,1959-03-24,34,1980,1983,False,,,,no
Ray,Scriven,Richmond,,25,170,1912-01-09,34,1935,1938,False,,,,no
Scott,Selwood,Geelong,,16,186,1990-03-27,34,2016,2019,False,,,,no
Peter,Sinclair,Melbourne,,23,179,1947-05-19,34,1969,1972,False,,,,no
Keith,Stackpole,Collingwood,,19,165,1916-07-31,34,1935,1939,False,,,,no
Shayne,Stevenson,Hawthorn,,21,179,1970-06-12,34,1994,1997,False,,,,no
Tom,Swift,WestCoast,,15,191,1990-07-06,34,2009,2012,False,,,,no
Bob,Taylor,Essendon,,15,179,1931-05-11,34,1954,1956,False,,,,no
Kelvin,Templeton,Melbourne,,31,191,1956-09-30,34,1983,1985,False,,,,no
Norm,Turnbull,Richmond,,13,169,1894-06-15,34,1921,1923,False,,,,no
Zeno,Tzatzaris,WesternBulldogs,,19,188,1965-05-09,34,1984,1990,False,,,,no
Royce,Vardy,Richmond,,41,191,1980-05-03,34,2000,2003,False,,,,no
Fred,Wain,Hawthorn,,2,183,1928-06-06,34,1949,1952,False,,,,no
Jed,Walter,Goldcoast,Gold Coast,4,195,2005-06-08,34,2024,2026,True,KEY_FORWARD,NA,NA,yes
John,Westacott,WesternBulldogs,,10,188,1933-08-09,34,1955,1959,False,,,,no
Robert,Whatman,Geelong,,19,185,1951-01-29,34,1972,1974,False,,,,no
Ben,Whittam,NorthMelbourne,,18,178,1909-08-27,34,1931,1938,False,,,,no
Wal,Armour,Stkilda,,6,183,1921-04-28,33,1944,1946,False,,,,no
Harold,Ball,Melbourne,,11,188,1920-05-29,33,1939,1940,False,,,,no
Charlie,Barnes,Melbourne,,18,178,1903-04-25,33,1927,1929,False,,,,no
Josh,Battle,Hawthorn,Hawthorn,24,193,1998-09-01,33,2025,2026,True,KEY_DEFENDER,NA,NA,yes
Colin,Beard,Richmond,,16,188,1941-12-12,33,1969,1971,False,,,,no
Jack,Broadstock,Richmond,,24,183,1920-12-01,33,1943,1946,False,,,,no
Nate,Caddy,Essendon,Essendon,30,193,2005-07-14,33,2024,2026,True,KEY_FORWARD,nationalDraft,10,yes
George,Carter,Hawthorn,,34,187,1910-03-25,33,1938,1940,False,,,,no
Lance,Collins,Carlton,,5,183,1916-06-19,33,1942,1945,False,,,,no
Fred,Cook,WesternBulldogs,,29,189,1947-11-16,33,1967,1969,False,,,,no
Danny,Craven,Stkilda,,14,162,1967-05-03,33,1989,1992,False,,,,no
Bill,Cubbins,WesternBulldogs,,2,180,1899-05-04,33,1931,1934,False,,,,no
Ben,Cunningham,Fremantle.xlsx,,38,178,1981-11-22,33,2000,2004,False,,,,no
Cliff,Deacon,Sydney,,35,189,1935-06-10,33,1959,1963,False,,,,no
Jim,Deane,Richmond,,11,180,1928-01-02,33,1954,1955,False,,,,no
Tony,Delaney,Stkilda,,6,183,1975-12-27,33,2000,2001,False,,,,no
Lynden,Dunn,Collingwood,,15,192,1987-05-14,33,2017,2020,False,,,,no
John,Dunshea,Hawthorn,,34,185,1943-10-11,33,1964,1967,False,,,,no
Jamie,Duursma,Melbourne,,28,190,1963-11-14,33,1988,1989,False,,,,no
Robert,Eddy,Stkilda,,40,182,1988-01-07,33,2008,2010,False,,,,no
Mick,Erwin,Richmond,,21,187,1943-06-06,33,1965,1968,False,,,,no
Les,Foote,Stkilda,,1,182,1924-08-20,33,1954,1955,False,,,,no
Hugo,Garcia,Stkilda,St Kilda,34,185,2005-05-22,33,2024,2026,True,MIDFIELDER,NA,NA,yes
Billy,Gowers,WesternBulldogs,,26,187,1996-06-10,33,2018,2020,False,,,,no
Dean,Greig,Stkilda,,27,185,1968-10-31,33,1991,1994,False,,,,no
Geoff,Hibbins,Stkilda,,24,183,1929-11-13,33,1952,1954,False,,,,no
Len,Holland,Sydney,,5,173,1923-03-28,33,1946,1948,False,,,,no
Elijah,Hollands,Carlton,Carlton,20,189,2002-04-25,33,2024,2026,True,MIDFIELDER_FORWARD,nationalDraft,7,yes
Adam,Houlihan,Richmond,,44,185,1978-04-06,33,2002,2004,False,,,,no
Frank,Huggard,Richmond,,25,180,1894-02-01,33,1919,1925,False,,,,no
Len,Incigneri,Melbourne,,28,180,1884-01-03,33,1913,1915,False,,,,no
Kevin,Jackman,WesternBulldogs,,7,175,1945-06-30,33,1965,1968,False,,,,no
Luke,Jericho,Adelaide,,30,190,1984-10-18,33,2004,2008,False,,,,no
Phil,Lynch,Stkilda,,16,183,1890-05-13,33,1912,1913,False,,,,no
Jack,MacDonald,Hawthorn,,21,179,1927-05-16,33,1951,1953,False,,,,no
Jack,Marr,Hawthorn,,24,185,1928-01-15,33,1948,1953,False,,,,no
Phil,Maylin,WesternBulldogs,,17,175,1956-04-20,33,1985,1986,False,,,,no
Bob,McDonald,Sydney,,32,175,1895-12-14,33,1921,1924,False,,,,no
Shane,McKew,Sydney,,35,184,1949-03-01,33,1970,1973,False,,,,no
Allan,Montgomery,Carlton,,18,189,1958-09-02,33,1982,1985,False,,,,no
Jim,Morden,Stkilda,,22,178,1899-07-20,33,1921,1925,False,,,,no
Arch,Muirhead,Stkilda,,,,1876-07-25,33,1900,1901,False,,,,no
Craig,Nettelbeck,Melbourne,,18,193,1972-05-26,33,1996,1997,False,,,,no
Jock,OBrien,NorthMelbourne,,36,177,1937-09-19,33,1959,1961,False,,,,no
Pat,OConnor,Stkilda,,,180,1881-01-20,33,1906,1907,False,,,,no
John,ODonnell,Stkilda,,28,184,1947-06-08,33,1968,1970,False,,,,no
Connor,OSullivan,Geelong,Geelong,14,198,2005-05-19,33,2024,2026,True,KEY_DEFENDER,nationalDraft,11,yes
Ian,Owen,Richmond,,52,188,1948-07-21,33,1969,1972,False,,,,no
Charlie,Parsons,Carlton,,27,183,1903-08-24,33,1929,1930,False,,,,no
Jasper,Pittard,NorthMelbourne,,17,186,1991-04-01,33,2019,2020,False,,,,no
Shaun,Rehn,Hawthorn,,52,203,1971-08-17,33,2001,2002,False,,,,no
Bruce,Reid,Carlton,,17,191,1955-12-23,33,1983,1985,False,,,,no
Gordon,Rickards,Stkilda,,,180,1884-04-12,33,1903,1905,False,,,,no
Peter,Russo,Stkilda,,8,177,1959-10-29,33,1989,1990,False,,,,no
Ted,Ryan,Collingwood,,25,180,1921-07-17,33,1941,1947,False,,,,no
Ahmed,Saad,Stkilda,,21,175,1989-10-09,33,2012,2015,False,,,,no
Paddy,Scanlan,WesternBulldogs,,1,173,1896-09-06,33,1927,1928,False,,,,no
Liam,Shiels,NorthMelbourne,,14,183,1991-04-29,33,2023,2024,False,,,,no
Laurie,Shipp,NorthMelbourne,,30,185,1929-09-27,33,1949,1951,False,,,,no
Jack,Sing,Geelong,,24,173,1924-10-03,33,1944,1946,False,,,,no
Jervis,Stokes,Richmond,,28,180,1927-09-21,33,1948,1950,False,,,,no
Nicholas,Stone,WestCoast,,22,187,1972-09-19,33,1997,2000,False,,,,no
Charlie,Street,Carlton,,20,185,1909-11-08,33,1932,1933,False,,,,no
Clarrie,Swenson,Hawthorn,,16,175,1923-05-23,33,1947,1949,False,,,,no
Sandy,Talbot,Essendon,,27,189,1949-07-30,33,1970,1973,False,,,,no
Roy,Taylor,Richmond,,12,184,1896-04-11,33,1916,1918,False,,,,no
Jackson,Trengove,WesternBulldogs,,8,197,1990-11-02,33,2018,2020,False,,,,no
Mark,Viska,Adelaide,,49,178,1971-04-29,33,1993,1997,False,,,,no
Patrick,Voss,Fremantle.xlsx,Fremantle,20,195,2003-06-29,33,2024,2026,True,KEY_FORWARD,preseason,NA,yes
Gary,Wallis,Collingwood,,36,174,1946-07-12,33,1966,1968,False,,,,no
Luke,Webster,Fremantle.xlsx,,1,185,1982-05-25,33,2003,2007,False,,,,no
Ian,Williams,WesternBulldogs,,5,180,1957-07-01,33,1983,1985,False,,,,no
Damien,Adkins,WestCoast,,16,181,1981-01-09,32,2003,2005,False,,,,no
Tom,Barrass,Hawthorn,Hawthorn,37,196,1995-10-08,32,2025,2026,True,KEY_DEFENDER,NA,NA,yes
John,Barrett,WesternBulldogs,,14,177,1928-12-21,32,1950,1953,False,,,,no
Gerrard,Bennett,Sydney,,42,187,1979-04-09,32,1999,2002,False,,,,no
Bob,Bibby,Stkilda,,18,179,1925-04-18,32,1944,1947,False,,,,no
Darren,Bourke,Stkilda,,21,180,1970-03-25,32,1993,1996,False,,,,no
Mark,Brayshaw,NorthMelbourne,,44,187,1966-02-05,32,1990,1992,False,,,,no
Bill,Buck,Collingwood,,2,180,1900-03-04,32,1920,1924,False,,,,no
Alan,Bulman,WesternBulldogs,,17,188,1927-09-18,32,1948,1952,False,,,,no
Herb,Burleigh,Carlton,,21,184,1892-06-14,32,1914,1919,False,,,,no
Ian,Callinan,Adelaide,,37,171,1982-12-20,32,2011,2013,False,,,,no
Allan,Callow,Stkilda,,6,173,1929-09-21,32,1953,1956,False,,,,no
George,Chapman,Stkilda,,5,180,1909-07-02,32,1931,1935,False,,,,no
Les,Chapple,WesternBulldogs,,14,171,1898-11-09,32,1926,1928,False,,,,no
Charles,Clements,Sydney,,,178,1882-03-21,32,1904,1905,False,,,,no
Jack,Cliff,Stkilda,,26,175,1919-05-23,32,1940,1942,False,,,,no
Dick,Condon,Richmond,,,180,1876-03-19,32,1908,1909,False,,,,no
Ben,Cousins,Richmond,,32,179,1978-06-30,32,2009,2010,False,,,,no
Graham,Cox,Richmond,,37,178,1933-06-26,32,1952,1956,False,,,,no
Daniel,Curtin,Adelaide,Adelaide,6,197,2005-03-08,32,2024,2025,False,MIDFIELDER,nationalDraft,8,yes
Darren,Cuthbertson,Melbourne,,48,185,1970-04-07,32,1991,1993,False,,,,no
Pat,Dalton,Collingwood,,7,188,1918-09-06,32,1941,1945,False,,,,no
Allen,Daniels,WesternBulldogs,,11,177,1959-04-21,32,1985,1986,False,,,,no
Johnny,Davies,Carlton,,30,178,1900-06-18,32,1922,1924,False,,,,no
Bert,Daykin,Essendon,,,178,1888-07-25,32,1908,1910,False,,,,no
Warren,Dean,Melbourne,,23,188,1964-03-09,32,1987,1989,False,,,,no
Brett,Deledio,GWS,,7,188,1987-04-18,32,2017,2019,False,,,,no
Harry,Dussell,Essendon,,19,182,1900-10-03,32,1919,1921,False,,,,no
Peter,Eakins,Collingwood,,10,189,1947-02-16,32,1970,1972,False,,,,no
John,Fidge,Melbourne,,44,182,1966-05-04,32,1984,1986,False,,,,no
Luke,Foley,WestCoast,,29,188,1999-10-08,32,2020,2023,False,,,,no
Tony,Franklin,Sydney,,14,185,1950-12-18,32,1974,1975,False,,,,no
Cruize,Garlett,NorthMelbourne,,32,174,1989-03-06,32,2009,2012,False,,,,no
Graeme,Gellie,Stkilda,,24,178,1954-12-27,32,1978,1983,False,,,,no
Will,Graham,Goldcoast,Gold Coast,26,186,2005-07-27,32,2024,2026,True,MIDFIELDER_FORWARD,NA,NA,yes
Ossie,Green,Melbourne,,5,180,1906-03-11,32,1926,1931,False,,,,no
Steely,Green,Richmond,Richmond,48,179,2004-01-09,32,2024,2026,True,MEDIUM_FORWARD,NA,NA,yes
Kevin,Grose,Collingwood,,17,180,1954-06-18,32,1975,1977,False,,,,no
Matt,Hannebery,WesternBulldogs,,36,183,1964-10-16,32,1986,1990,False,,,,no
Don,Harris,Collingwood,,12,174,1905-06-27,32,1931,1932,False,,,,no
Brendan,Hartney,Carlton,,24,183,1958-04-23,32,1981,1985,False,,,,no
James,Hawksley,Brisbane,,12,187,1989-02-05,32,2008,2012,False,,,,no
Norm,Hillard,Hawthorn,,14,180,1915-06-03,32,1933,1937,False,,,,no
Frank,Hodgkin,Stkilda,,14,179,1941-06-20,32,1961,1962,False,,,,no
Brett,Johnson,Carlton,,10,179,1981-10-28,32,2004,2005,False,,,,no
Jack,Knell,Geelong,,,,1878-07-10,32,1904,1906,False,,,,no
Alf,Lambe,WesternBulldogs,,5,177,1904-06-28,32,1931,1932,False,,,,no
Mark,Langdon,Stkilda,,26,178,1927-09-25,32,1947,1952,False,,,,no
Ivor,Lawson,Richmond,,,178,1883-05-02,32,1908,1909,False,,,,no
Sam,Lloyd,WesternBulldogs,,22,180,1990-03-03,32,2019,2020,False,,,,no
Bill,MacDonald,Melbourne,,17,182,1906-03-07,32,1929,1931,False,,,,no
Matthew,Mansfield,WesternBulldogs,,25,188,1969-06-24,32,1991,1993,False,,,,no
Alan,Martello,Richmond,,15,193,1952-09-14,32,1981,1983,False,,,,no
Tony,Martyn,Melbourne,,24,182,1957-03-09,32,1979,1981,False,,,,no
Herb,Matthews,Sydney,,31,180,1894-09-02,32,1914,1924,False,,,,no
Alex,McGregor,Geelong,,7,179,1908-06-15,32,1934,1935,False,,,,no
Jason,Mooney,Geelong,,16,191,1973-06-05,32,1999,2001,False,,,,no
Digby,Morrell,Carlton,,3,191,1979-10-10,32,2004,2005,False,,,,no
Glenn,Murphy,Hawthorn,,21,180,1949-12-02,32,1968,1970,False,,,,no
Geoff,Neil,Stkilda,,31,166,1909-05-03,32,1931,1933,False,,,,no
Daniel,Nicholson,Melbourne,,26,183,1990-11-02,32,2011,2014,False,,,,no
John,Noble,Goldcoast,Gold Coast,2,180,1997-03-25,32,2025,2026,True,MEDIUM_DEFENDER,NA,NA,yes
Noel,OBrien,Carlton,,26,182,1933-01-09,32,1954,1955,False,,,,no
Glen,Parker,Sydney,,41,180,1945-01-12,32,1964,1966,False,,,,no
Eric,Pascoe,Carlton,,13,192,1953-10-08,32,1972,1976,False,,,,no
Harry,Perryman,Collingwood,Collingwood,12,184,1998-12-19,32,2025,2026,True,MEDIUM_DEFENDER,nationalDraft,14,yes
John,Preen,Geelong,,38,187,1955-03-15,32,1974,1977,False,,,,no
Wally,Raleigh,Carlton,,18,177,1895-07-01,32,1920,1921,False,,,,no
Ethan,Read,Goldcoast,Gold Coast,20,202,2005-07-07,32,2024,2026,True,KEY_FORWARD,NA,NA,yes
Bruce,Reville,Brisbane,Brisbane Lions,38,185,2001-02-22,32,2024,2026,True,MIDFIELDER,other,NA,yes
Frank,Ross,Sydney,,6,178,1900-07-02,32,1922,1924,False,,,,no
Lionel,Ryan,WesternBulldogs,,31,178,1935-05-13,32,1954,1957,False,,,,no
Alan,Scott,Stkilda,,1,183,1900-08-25,32,1929,1930,False,,,,no
Gary,Shaw,Collingwood,,11,173,1959-02-13,32,1983,1986,False,,,,no
Charlie,Sherer,Hawthorn,,27,177,1903-07-28,32,1927,1929,False,,,,no
Jack,Slattery,WesternBulldogs,,24,183,1937-03-23,32,1959,1962,False,,,,no
Michael,Smith,Sydney,,28,191,1959-04-28,32,1977,1981,False,,,,no
Ned,Sutton,Melbourne,,,,1868-03-24,32,1897,1898,False,,,,no
Gerald,Tagliabue,Sydney,,37,188,1935-09-15,32,1956,1959,False,,,,no
Matthew,Warnock,Goldcoast,,14,195,1984-04-03,32,2012,2014,False,,,,no
Gordon,Waters,Hawthorn,,28,173,1914-01-27,32,1937,1941,False,,,,no
Alec,Way,Carlton,,4,180,1925-08-13,32,1944,1948,False,,,,no
Len,White,Geelong,,30,180,1922-08-26,32,1947,1948,False,,,,no
Andrew,Williams,Collingwood,,19,183,1979-03-01,32,2003,2005,False,,,,no
Stan,Williams,Stkilda,,2,178,1891-07-19,32,1920,1922,False,,,,no
Mark,Withers,Melbourne,,15,175,1964-03-03,32,1984,1986,False,,,,no
Chris,Woodman,Melbourne,,41,194,1956-08-31,32,1976,1980,False,,,,no
Rodney,Wright,Melbourne,,19,181,1960-12-29,32,1983,1986,False,,,,no
Jay,van Berlo,Fremantle.xlsx,,47,186,1988-09-18,32,2009,2012,False,,,,no
Ken,Adam,Essendon,,26,182,1900-08-11,31,1922,1925,False,,,,no
Brendon,Ah Chee,WestCoast,,41,189,1993-12-21,31,2018,2021,False,,,,no
Gareth,Andrews,Richmond,,5,191,1946-12-21,31,1974,1975,False,,,,no
Len,Andrews,Hawthorn,,5,180,1922-11-04,31,1946,1948,False,,,,no
Joe,Bailey,Geelong,,33,173,1921-10-02,31,1941,1949,False,,,,no
Des,Baird,Stkilda,,3,182,1888-06-26,31,1912,1914,False,,,,no
Adrian,Bassett,Carlton,,37,186,1967-03-11,31,1990,1992,False,,,,no
Tim,Boyle,Hawthorn,,20,194,1984-01-28,31,2005,2008,False,,,,no
Andy,Brannan,Hawthorn,,3,164,1919-06-04,31,1944,1946,False,,,,no
Steve,Bravo,Hawthorn,,32,193,1912-05-26,31,1933,1936,False,,,,no
Glen,Brown,Stkilda,,19,180,1962-01-03,31,1982,1985,False,,,,no
Tomas,Bugg,Melbourne,,32,185,1993-04-05,31,2016,2018,False,,,,no
Tony,Bull,Melbourne,,29,177,1930-05-24,31,1953,1957,False,,,,no
Paddy,Burke,Hawthorn,,6,183,1898-08-19,31,1925,1926,False,,,,no
John,Butcher,PortAdelaide,,11,197,1991-07-03,31,2011,2016,False,,,,no
Sam,Butler,Hawthorn,Hawthorn,30,184,2003-02-10,31,2022,2026,True,MIDFIELDER_FORWARD,NA,NA,yes
Alf,Clay,NorthMelbourne,,15,183,1914-01-08,31,1944,1946,False,,,,no
Norm,Collins,Hawthorn,,2,173,1904-05-07,31,1931,1933,False,,,,no
Bill,Collins,Hawthorn,,34,185,1933-01-23,31,1952,1955,False,,,,no
Jack,Condon,Geelong,,6,183,1922-05-09,31,1949,1950,False,,,,no
Adam,Cooney,Essendon,,17,187,1985-09-30,31,2015,2016,False,,,,no
Leigh,Crawford,Geelong,,32,199,1946-04-19,31,1974,1975,False,,,,no
Chad,Davis,Stkilda,,19,180,1980-06-01,31,2000,2002,False,,,,no
Terry,De Koning,WesternBulldogs,,11,196,1961-05-10,31,1980,1982,False,,,,no
Wayne,Delmenico,Melbourne,,24,183,1952-08-21,31,1972,1975,False,,,,no
Terry,Devery,WesternBulldogs,,2,170,1938-03-22,31,1959,1961,False,,,,no
Brighton,Diggins,Carlton,,5,183,1906-12-26,31,1938,1940,False,,,,no
Josh,Draper,Fremantle.xlsx,,37,197,2004-02-09,31,2024,2025,False,,,,no
Albie,Dunn,Sydney,,38,170,1941-11-27,31,1960,1966,False,,,,no
Graeme,Dunstan,Collingwood,,9,189,1952-12-29,31,1972,1974,False,,,,no
Jock,Fahey,Sydney,,24,179,1911-10-22,31,1932,1934,False,,,,no
David,Flintoff,Melbourne,,37,175,1964-01-11,31,1988,1991,False,,,,no
Keith,Forbes,NorthMelbourne,,1,171,1906-05-28,31,1938,1939,False,,,,no
Robert,Forster-Knight,Essendon,,15,186,1982-04-06,31,2001,2003,False,,,,no
Mike,Hammond,Richmond,,31,191,1945-07-10,31,1964,1966,False,,,,no
Tom,Hardiman,Geelong,,,180,1882-11-30,31,1907,1908,False,,,,no
Jack,Hedley,NorthMelbourne,,27,163,1930-07-01,31,1948,1950,False,,,,no
Ted,Holland,Geelong,,,,1879-11-17,31,1900,1902,False,,,,no
Harry,Hollingshead,Carlton,,17,188,1915-09-22,31,1936,1940,False,,,,no
James,Horman,Geelong,,,178,1877-11-09,31,1900,1902,False,,,,no
Mark,Jackson,Geelong,,25,192,1959-08-30,31,1984,1986,False,,,,no
Bert,Johnson,NorthMelbourne,,22,170,1939-06-08,31,1965,1968,False,,,,no
Warren,Jones,Stkilda,,10,200,1953-11-02,31,1986,1988,False,,,,no
Peter,Ladhams,Sydney,Sydney,19,202,1998-01-14,31,2022,2025,False,RUCK,NA,NA,yes
Alex,Lee,Hawthorn,,14,178,1908-03-24,31,1933,1935,False,,,,no
Troy,Lehmann,Collingwood,,15,182,1972-02-25,31,1991,1993,False,,,,no
Alwyn,Lindsay,Geelong,,23,168,1923-06-04,31,1945,1947,False,,,,no
Bill,Linger,Stkilda,,18,171,1931-05-11,31,1953,1954,False,,,,no
Jack,Logan,WesternBulldogs,,23,185,1923-12-14,31,1946,1948,False,,,,no
Don,Matthews,Sydney,,17,170,1936-09-23,31,1956,1958,False,,,,no
Con,McCormack,Collingwood,,,177,1877-11-25,31,1902,1903,False,,,,no
Lindsay,McGie,Essendon,,4,188,1945-03-30,31,1964,1969,False,,,,no
Herbert,Milne,Sydney,,13,183,1884-02-08,31,1911,1912,False,,,,no
Bill,Moore,Hawthorn,,22,180,1917-03-05,31,1938,1941,False,,,,no
Fred,Morgan,Richmond,,16,168,1891-10-29,31,1913,1915,False,,,,no
Stephen,Mount,Richmond,,6,187,1960-03-05,31,1979,1982,False,,,,no
Vic,Naismith,Richmond,,10,188,1936-05-01,31,1956,1958,False,,,,no
Alex,Neal-Bullen,Adelaide,Adelaide,28,182,1996-01-09,31,2025,2026,True,MEDIUM_FORWARD,nationalDraft,40,yes
Harry,Neil,Richmond,,,178,1882-09-13,31,1908,1910,False,,,,no
Leo,Oprey,Carlton,,5,168,1909-08-13,31,1932,1933,False,,,,no
Jack,Patterson,NorthMelbourne,,10,165,1908-05-27,31,1932,1935,False,,,,no
Chris,Pavlou,Carlton,,35,170,1939-08-18,31,1958,1961,False,,,,no
Murphy,Reid,Fremantle.xlsx,Fremantle,16,181,2006-07-30,31,2025,2026,True,MEDIUM_FORWARD,nationalDraft,17,yes
Arthur,Roberts,Stkilda,,22,178,1911-03-28,31,1930,1936,False,,,,no
Jack,Sales,Collingwood,,23,173,1925-03-30,31,1948,1949,False,,,,no
Ben,Sandford,Stkilda,,,169,1877-11-14,31,1901,1903,False,,,,no
Reg,Seedsman,Sydney,,22,173,1895-11-10,31,1920,1921,False,,,,no
Tom,Simpkin,Stkilda,,31,191,1990-08-07,31,2011,2014,False,,,,no
Greg,Smith,Collingwood,,28,180,1957-03-25,31,1985,1986,False,,,,no
Jack,Southern,Sydney,,,,1874-05-02,31,1897,1899,False,,,,no
Sam,Sturt,Fremantle.xlsx,Fremantle,1,189,2000-05-12,31,2020,2024,False,MEDIUM_FORWARD,nationalDraft,17,yes
Zac,Taylor,Adelaide,Adelaide,19,180,2003-01-31,31,2024,2026,True,MEDIUM_FORWARD,nationalDraft,44,yes
Stan,Tormey,Stkilda,,14,179,1916-07-10,31,1941,1943,False,,,,no
Geoff,Ward,Stkilda,,35,185,1946-04-08,31,1968,1971,False,,,,no
Chris,Waterson,Essendon,,35,183,1961-03-26,31,1982,1986,False,,,,no
Larry,Watson,Essendon,,22,179,1957-09-23,31,1975,1978,False,,,,no
Don,Watson,NorthMelbourne,,21,180,1905-05-06,31,1925,1929,False,,,,no
Archie,Wilson,Carlton,,15,183,1888-04-25,31,1910,1913,False,,,,no
Geoff,Wilson,Hawthorn,,18,168,1940-01-02,31,1958,1960,False,,,,no
Austin,Wonaeamirri,Melbourne,,39,176,1988-10-02,31,2008,2011,False,,,,no
Frank,Worroll,Sydney,,,,1877-07-05,31,1901,1903,False,,,,no
Grant,Allford,Richmond,,42,184,1950-12-05,30,1971,1973,False,,,,no
Charlie,Armstrong,Melbourne,,21,180,1883-03-10,30,1913,1919,False,,,,no
Alan,Arthur,Essendon,,13,183,1905-11-12,30,1928,1930,False,,,,no
Mark,Athorn,Carlton,,25,178,1967-11-07,30,1992,1993,False,,,,no
Jamie,Bennell,WestCoast,,44,179,1990-06-07,30,2014,2016,False,,,,no
Mick,Blake,Stkilda,,,,1874-09-13,30,1897,1899,False,,,,no
Shai,Bolton,Fremantle.xlsx,Fremantle,15,175,1998-12-08,30,2025,2026,True,MIDFIELDER,nationalDraft,29,yes
Mario,Bortolotto,Carlton,,6,189,1957-06-26,30,1981,1983,False,,,,no
Alex,Boyd,Geelong,,,,1883-11-04,30,1908,1910,False,,,,no
Tyler,Brockman,WestCoast,West Coast,10,181,2002-11-22,30,2024,2025,False,MEDIUM_FORWARD,nationalDraft,46,yes
Chris,Bryan,Collingwood,,40,197,1982-03-06,30,2007,2009,False,,,,no
Lloyd,Burgmann,Melbourne,,10,183,1952-07-02,30,1970,1972,False,,,,no
Ken,Carlon,Melbourne,,23,179,1923-10-05,30,1949,1950,False,,,,no
Jim,Collins,Essendon,,22,179,1896-05-29,30,1919,1921,False,,,,no
Derek,Cowen,NorthMelbourne,,4,185,1939-04-20,30,1960,1962,False,,,,no
Eddie,Craddock,Melbourne,,6,165,1927-10-30,30,1947,1950,False,,,,no
Isaac,Cumming,Adelaide,Adelaide,44,184,1998-08-11,30,2025,2026,True,MIDFIELDER,nationalDraft,20,yes
Tom,Cutler,Essendon,,12,192,1995-02-20,30,2020,2022,False,,,,no
Caleb,Daniel,NorthMelbourne,North Melbourne,5,168,1996-07-07,30,2025,2026,True,MEDIUM_DEFENDER,nationalDraft,46,yes
Col,Davey,Collingwood,,11,191,1927-06-29,30,1951,1952,False,,,,no
Frank,Davies,Sydney,,19,179,1910-05-17,30,1934,1936,False,,,,no
Norm,Dean,NorthMelbourne,,26,185,1934-03-13,30,1955,1958,False,,,,no
Roy,Deller,NorthMelbourne,,9,173,1913-01-21,30,1936,1944,False,,,,no
Merv,Dudley,WesternBulldogs,,16,189,1917-05-31,30,1943,1945,False,,,,no
Dean,Dugdale,NorthMelbourne,,44,178,1963-01-11,30,1981,1985,False,,,,no
Zane,Duursma,NorthMelbourne,North Melbourne,7,190,2005-08-28,30,2024,2026,True,MEDIUM_FORWARD,nationalDraft,4,yes
Anthony,Dwyer,NorthMelbourne,,28,185,1970-01-01,30,1990,1996,False,,,,no
Reg,Egan,WesternBulldogs,,8,168,1927-04-24,30,1950,1953,False,,,,no
Dave,Engellenner,Sydney,,2,175,1919-03-30,30,1941,1945,False,,,,no
Logan,Evans,PortAdelaide,Port Adelaide,22,189,2005-10-07,30,2024,2026,True,MEDIUM_DEFENDER,other,12,yes
Stan,Fairbairn,Melbourne,,13,190,1886-07-14,30,1910,1914,False,,,,no
Mike,Fitchett,Hawthorn,,6,178,1927-11-30,30,1950,1952,False,,,,no
Hugh,Fitzpatrick,Essendon,,,,1872-07-19,30,1899,1900,False,,,,no
Jack,Foster,Melbourne,,30,183,1912-11-30,30,1935,1938,False,,,,no
Aaron,Francis,Sydney,,10,192,1997-08-10,30,2023,2025,False,,,,no
Todd,Goldstein,Essendon,,17,201,1988-07-01,30,2024,2025,False,,,,no
Barry,Goodingham,Sydney,,28,199,1945-05-09,30,1976,1977,False,,,,no
Gary,Grainger,Essendon,,4,191,1949-09-24,30,1970,1972,False,,,,no
Sam,Gravenall,Stkilda,,,179,1885-07-18,30,1903,1910,False,,,,no
Ralph,Greenhalgh,WesternBulldogs,,20,,1899-05-08,30,1927,1928,False,,,,no
Max,Hall,Stkilda,St Kilda,40,183,2002-04-15,30,2025,2026,True,MEDIUM_FORWARD,NA,NA,yes
Frank,Hanna,Melbourne,,24,189,1924-04-05,30,1947,1949,False,,,,no
Mitch,Hannan,WesternBulldogs,,29,189,1994-03-09,30,2021,2023,False,,,,no
Mark,Harwood,PortAdelaide,,18,188,1978-04-08,30,1998,2001,False,,,,no
Ian,Hayden,Richmond,,20,185,1941-04-14,30,1962,1964,False,,,,no
Ron,Howard,WesternBulldogs,,31,180,1940-01-13,30,1958,1960,False,,,,no
Ray,Jackson,NorthMelbourne,,14,184,1910-12-02,30,1931,1932,False,,,,no
Allan,Jacobsen,WesternBulldogs,,11,188,1916-08-18,30,1939,1945,False,,,,no
Bob,Johnston,Melbourne,,14,178,1929-08-29,30,1950,1952,False,,,,no
Cyril,Kemp,NorthMelbourne,,11,168,1904-08-14,30,1929,1931,False,,,,no
Matthew,Kennedy,WesternBulldogs,Western Bulldogs,8,188,1997-04-06,30,2025,2026,True,MIDFIELDER,NA,NA,yes
Curly,Linton,NorthMelbourne,,11,179,1895-09-05,30,1925,1927,False,,,,no
Ken,Lippiatt,Hawthorn,,18,173,1920-01-06,30,1944,1946,False,,,,no
Bill,Lowrie,Stkilda,,30,178,1893-01-03,30,1914,1920,False,,,,no
Ray,Lucev,Sydney,,8,188,1942-01-11,30,1965,1966,False,,,,no
Con,McCarthy,WesternBulldogs,,1,180,1893-02-10,30,1925,1926,False,,,,no
Tim,Membrey,Collingwood,Collingwood,28,190,1994-05-26,30,2025,2026,True,KEY_FORWARD,nationalDraft,46,yes
Terry,Milera,Stkilda,,32,185,1988-01-08,30,2012,2014,False,,,,no
Charlie,Moore,Essendon,,,169,1875-09-24,30,1897,1899,False,,,,no
Jack,Moran,NorthMelbourne,,30,180,1919-03-23,30,1943,1945,False,,,,no
Des,Negri,Collingwood,,18,178,1923-11-15,30,1942,1945,False,,,,no
Len,Norman,Melbourne,,,,1885-10-09,30,1908,1909,False,,,,no
James,Peatling,Adelaide,Adelaide,25,182,2000-08-21,30,2025,2026,True,MIDFIELDER,other,8,yes
Ricky,Petterd,Richmond,,13,185,1988-07-24,30,2013,2015,False,,,,no
Jayden,Post,Richmond,,37,195,1989-12-05,30,2009,2012,False,,,,no
Sean,Ralphsmith,Stkilda,,13,188,1966-12-14,30,1991,1994,False,,,,no
Les,Reynolds,Stkilda,,11,179,1899-06-03,30,1922,1924,False,,,,no
Ron,Robertson,Carlton,,21,175,1933-06-24,30,1952,1956,False,,,,no
Billy,Robinson,Carlton,,24,178,1890-08-13,30,1915,1918,False,,,,no
Bert,Rogers,Hawthorn,,7,182,1916-12-17,30,1943,1946,False,,,,no
Gordon,Ross,Carlton,,,180,1878-07-26,30,1902,1903,False,,,,no
Damien,Ryan,Stkilda,,28,188,1977-08-03,30,1999,2001,False,,,,no
John,Scholes,NorthMelbourne,,5,169,1950-01-05,30,1967,1971,False,,,,no
Grant,Simmons,WesternBulldogs,,29,193,1952-06-09,30,1970,1976,False,,,,no
Josh,Sinn,PortAdelaide,Port Adelaide,8,187,2003-01-07,30,2022,2025,False,MEDIUM_DEFENDER,nationalDraft,12,yes
Bailey,Smith,Geelong,Geelong,3,185,2000-12-07,30,2025,2026,True,MIDFIELDER,nationalDraft,7,yes
Tom,Spear,Hawthorn,,10,178,1919-11-15,30,1944,1947,False,,,,no
Frank,Stephenson,NorthMelbourne,,16,188,1934-04-19,30,1958,1960,False,,,,no
Frank,Stodart,Geelong,,,180,1885-03-10,30,1903,1908,False,,,,no
Charles,Sweatman,Carlton,,,,1873-07-29,30,1897,1899,False,,,,no
Pat,Trethowan,Sydney,,26,188,1941-02-20,30,1962,1964,False,,,,no
Frank,Triplett,Carlton,,18,170,1885-05-10,30,1912,1915,False,,,,no
Robin,White,Melbourne,,5,177,1960-09-08,30,1985,1987,False,,,,no
Fred,Whitelaw,Stkilda,,,178,1878-01-25,30,1897,1899,False,,,,no
Phonse,Wood,Sydney,,,180,1884-09-24,30,1907,1908,False,,,,no
Daniel,Wulf,Stkilda,,30,188,1980-05-19,30,2001,2003,False,,,,no
Harry,Alexander,Sydney,,36,179,1939-07-20,29,1962,1964,False,,,,no
Mark,Austin,WesternBulldogs,,47,193,1989-02-24,29,2012,2014,False,,,,no
Harry,Aylwin,Stkilda,,,179,1870-12-16,29,1897,1899,False,,,,no
Liam,Baker,WestCoast,West Coast,3,173,1998-01-27,29,2025,2026,True,MEDIUM_DEFENDER,other,NA,yes
Fred,Barker,Hawthorn,,5,173,1903-10-31,29,1927,1929,False,,,,no
Rupe,Bethune,Geelong,,26,187,1917-08-15,29,1939,1941,False,,,,no
Gordon,Bowman,Hawthorn,,30,175,1927-02-10,29,1950,1951,False,,,,no
Peter,Brenchley,Melbourne,,38,178,1936-10-23,29,1957,1959,False,,,,no
Don,Brown,WesternBulldogs,,26,179,1953-03-23,29,1971,1974,False,,,,no
Craig,Callaghan,Stkilda,,11,172,1976-03-09,29,2001,2002,False,,,,no
Bert,Calwell,Hawthorn,,26,173,1898-12-25,29,1925,1927,False,,,,no
Dudley,Cassidy,NorthMelbourne,,19,177,1912-10-15,29,1935,1937,False,,,,no
Paul,Chapman,Essendon,,3,179,1981-11-05,29,2014,2015,False,,,,no
Norm,Chisholm,WesternBulldogs,,22,168,1914-10-17,29,1942,1943,False,,,,no
Jhye,Clark,Geelong,Geelong,13,181,2004-07-23,29,2023,2026,True,MIDFIELDER_FORWARD,nationalDraft,8,yes
Glen,Coghlan,Stkilda,,30,190,1974-07-29,29,1995,1997,False,,,,no
Billy,Cole,Stkilda,,17,170,1909-08-09,29,1935,1937,False,,,,no
Matthew,Collins,Melbourne,,28,186,1977-02-02,29,1998,2001,False,,,,no
Frank,Connellan,NorthMelbourne,,1,188,1923-01-04,29,1946,1947,False,,,,no
Daniel,Connors,Richmond,,19,186,1988-09-22,29,2007,2012,False,,,,no
Justin,Crawford,Hawthorn,,23,181,1977-03-20,29,1997,1998,False,,,,no
Jason,Daniltchenko,NorthMelbourne,,25,191,1975-09-02,29,1993,1997,False,,,,no
Greg,Doyle,Melbourne,,26,190,1970-09-24,29,1993,1996,False,,,,no
Jim,Forsyth,Essendon,,27,191,1944-07-23,29,1963,1967,False,,,,no
Damien,Gaspar,Melbourne,,32,193,1975-03-28,29,1995,1998,False,,,,no
Dick,Gibson,Sydney,,,180,1866-07-13,29,1897,1898,False,,,,no
Arthur,Gilligan,Essendon,,,,1879-10-18,29,1903,1905,False,,,,no
Greg,Hamilton,Richmond,,19,188,1968-06-24,29,1988,1992,False,,,,no
Bill,Hannan,Stkilda,,23,,1899-01-03,29,1918,1921,False,,,,no
Oliver,Hanrahan,Hawthorn,,41,181,1998-08-27,29,2019,2021,False,,,,no
Jack,Hanson,WesternBulldogs,,11,180,1909-10-14,29,1931,1933,False,,,,no
Ted,Hopkins,Carlton,,7,177,1949-05-27,29,1968,1971,False,,,,no
Bill,Houston,WesternBulldogs,,32,180,1918-08-14,29,1941,1944,False,,,,no
Isaac,Kako,Essendon,Essendon,10,175,2006-03-07,29,2025,2026,True,MEDIUM_FORWARD,nationalDraft,13,yes
Gavin,Keane,Essendon,,35,178,1966-03-05,29,1987,1988,False,,,,no
Bill,Keane,Geelong,,25,174,1900-05-18,29,1921,1923,False,,,,no
Shane,Kersten,Fremantle.xlsx,,22,191,1993-03-15,29,2017,2018,False,,,,no
Damian,Kitschke,Stkilda,,9,193,1966-05-13,29,1990,1991,False,,,,no
Harvey,Langford,Melbourne,Melbourne,19,191,2006-03-15,29,2025,2026,True,MIDFIELDER,NA,NA,yes
Ken,Leahy,Geelong,,25,174,1906-09-22,29,1925,1927,False,,,,no
Ernie,Leighton,Geelong,,,183,1872-03-24,29,1898,1899,False,,,,no
Matthew,Leuenberger,Essendon,,22,203,1988-06-07,29,2016,2018,False,,,,no
Chad,Liddell,Collingwood,,33,185,1977-01-21,29,1995,1998,False,,,,no
John,Lloyd,Carlton,,18,180,1945-04-30,29,1965,1967,False,,,,no
George,Lockwood,Collingwood,,,178,1872-12-06,29,1902,1904,False,,,,no
Lukas,Markovic,WesternBulldogs,,37,193,1987-01-05,29,2011,2013,False,,,,no
Duncan,McIvor,Collingwood,,14,179,1884-11-11,29,1909,1914,False,,,,no
Toby,McMullin,GWS,GWS,31,183,2004-08-06,29,2023,2026,True,MEDIUM_FORWARD,nationalDraft,34,yes
Jack,Morrissey,NorthMelbourne,,14,170,1898-07-14,29,1928,1930,False,,,,no
Billy,Moxham,Sydney,,,169,1886-04-21,29,1907,1910,False,,,,no
Richard,Osborne,Collingwood,,44,182,1964-06-16,29,1997,1998,False,,,,no
Luke,Parker,NorthMelbourne,North Melbourne,26,183,1992-10-25,29,2025,2026,True,MEDIUM_DEFENDER,nationalDraft,40,yes
Ern,Penny,Stkilda,,3,165,1912-03-16,29,1934,1935,False,,,,no
Byron,Pickett,Melbourne,,33,178,1977-08-11,29,2006,2007,False,,,,no
Jaxon,Prior,Essendon,Essendon,25,188,2001-06-04,29,2025,2026,True,MEDIUM_DEFENDER,nationalDraft,59,yes
Albert,Proud,Brisbane,,2,180,1988-09-06,29,2007,2010,False,,,,no
Harry,Prout,Essendon,,,165,1887-04-27,29,1908,1910,False,,,,no
Lou,Reiffel,Sydney,,5,170,1910-11-05,29,1939,1941,False,,,,no
Joe,Richards,PortAdelaide,Port Adelaide,35,177,1999-11-23,29,2025,2026,True,MEDIUM_FORWARD,nationalDraft,48,yes
Michael,Rix,Stkilda,,29,198,1981-01-08,29,2006,2008,False,,,,no
Don,Roach,Hawthorn,,16,187,1940-07-31,29,1964,1965,False,,,,no
Tom,Roulent,Sydney,,29,180,1918-02-10,29,1946,1947,False,,,,no
Stephen,Rowe,Adelaide,,3,178,1965-11-03,29,1991,1995,False,,,,no
Alan,Ryan,Collingwood,,25,178,1911-06-03,29,1934,1938,False,,,,no
John,Scarlett,Sydney,,8,191,1947-05-29,29,1977,1978,False,,,,no
Roy,Stabb,Melbourne,,8,170,1922-11-30,29,1945,1947,False,,,,no
Dave,Strahan,Melbourne,,,179,1874-10-21,29,1897,1900,False,,,,no
Denis,Strauch,Carlton,,22,185,1937-03-24,29,1957,1960,False,,,,no
Alby,Tame,Collingwood,,,177,1877-07-16,29,1897,1902,False,,,,no
Peter,Tippett,Sydney,,21,183,1926-10-06,29,1945,1947,False,,,,no
Jack,Walsh,Sydney,,21,173,1892-08-21,29,1910,1912,False,,,,no
Ben,Warren,NorthMelbourne,,5,186,1989-02-11,29,2009,2012,False,,,,no
Jack,Welsh,WesternBulldogs,,16,185,1924-10-20,29,1945,1949,False,,,,no
Graeme,Wilkinson,Richmond,,2,185,1938-03-31,29,1960,1961,False,,,,no
Dylan,Williams,PortAdelaide,,23,185,2001-07-01,29,2021,2025,False,,,,no
Carl,Willis,Sydney,,10,178,1893-03-23,29,1915,1921,False,,,,no
Arthur,Adamson,Sydney,,,177,1882-01-10,28,1902,1903,False,,,,no
Terry,Alexander,Collingwood,,30,194,1944-06-08,28,1967,1969,False,,,,no
Ramsay,Anderson,Essendon,,,169,1888-05-02,28,1910,1911,False,,,,no
John,Baker,NorthMelbourne,,19,158,1918-03-02,28,1938,1940,False,,,,no
Bernie,Baxter,Carlton,,34,180,1929-06-15,28,1949,1951,False,,,,no
Rhett,Bazzo,WestCoast,West Coast,33,195,2003-10-17,28,2022,2025,False,KEY_DEFENDER,nationalDraft,37,yes
James,Bell,Sydney,,32,183,1999-02-10,28,2019,2022,False,,,,no
Nick,Bloom,Stkilda,,36,168,1930-02-16,28,1951,1952,False,,,,no
Aiden,Bonar,NorthMelbourne,,16,188,1999-03-08,28,2020,2023,False,,,,no
Jacob,Brennan,WestCoast,,34,188,1990-01-24,28,2012,2014,False,,,,no
Keith,Bromage,Collingwood,,11,183,1937-11-08,28,1953,1956,False,,,,no
Keith,Burns,Collingwood,,19,170,1939-11-25,28,1957,1961,False,,,,no
Terry,Cahill,Essendon,,20,180,1958-04-30,28,1976,1978,False,,,,no
Lachlan,Cameron,Hawthorn,,22,188,1909-04-12,28,1932,1934,False,,,,no
Wayne,Carey,Adelaide,,2,192,1971-05-27,28,2003,2004,False,,,,no
Peter,Cloke,Richmond,,41,185,1951-07-02,28,1970,1973,False,,,,no
Jack,Connelly,Stkilda,,10,179,1918-08-04,28,1942,1944,False,,,,no
Ed,Considine,Sydney,,12,186,1968-09-19,28,1993,1995,False,,,,no
Bradd,Dalziell,WestCoast,,18,184,1987-03-15,28,2010,2013,False,,,,no
Jack,Darling,NorthMelbourne,North Melbourne,28,191,1992-06-13,28,2025,2026,True,KEY_FORWARD,nationalDraft,26,yes
Jason,Davenport,PortAdelaide,,41,185,1985-09-04,28,2009,2011,False,,,,no
Calsher,Dear,Hawthorn,Hawthorn,35,195,2005-08-04,28,2024,2026,True,KEY_FORWARD,NA,NA,yes
Norm,Dickson,Richmond,,14,183,1915-10-08,28,1936,1939,False,,,,no
Andrew,Dimattina,Collingwood,,31,183,1977-11-09,28,2000,2002,False,,,,no
Syd,Dineen,Sydney,,4,174,1914-11-07,28,1935,1937,False,,,,no
Ross,Ditchburn,Carlton,,8,192,1957-03-18,28,1982,1983,False,,,,no
Edgar,Dunbar,Melbourne,,33,189,1902-04-12,28,1922,1924,False,,,,no
Kevin,Easton,NorthMelbourne,,30,193,1932-10-07,28,1952,1956,False,,,,no
Brett,Evans,Richmond,,19,186,1972-05-26,28,1997,2000,False,,,,no
Mitch,Farmer,Richmond,,15,180,1989-01-04,28,2010,2011,False,,,,no
Ted,Fay,Essendon,,31,180,1911-12-22,28,1932,1934,False,,,,no
Bob,Fisher,Hawthorn,,26,175,1929-03-14,28,1948,1950,False,,,,no
Joe,Fonti,GWS,GWS,37,189,2004-12-24,28,2024,2026,True,MEDIUM_DEFENDER,nationalDraft,44,yes
John,Gallus,Melbourne,,5,191,1945-09-30,28,1971,1972,False,,,,no
Travis,Gaspar,WestCoast,,26,197,1981-03-28,28,2001,2005,False,,,,no
Cyril,Gove,Essendon,,30,168,1890-01-10,28,1913,1918,False,,,,no
Denver,Grainger-Barras,Hawthorn,,24,195,2002-04-17,28,2021,2023,False,,,,no
Bill,Grundy,WesternBulldogs,,3,166,1911-11-22,28,1933,1934,False,,,,no
Chris,Hansen,WesternBulldogs,,17,196,1956-05-07,28,1983,1984,False,,,,no
Reg,Henderson,Richmond,,8,183,1910-12-01,28,1937,1938,False,,,,no
Allan,Holmes,Collingwood,,40,,1952-07-19,28,1973,1976,False,,,,no
Dan,Houston,Collingwood,Collingwood,9,186,1997-05-12,28,2025,2026,True,MEDIUM_DEFENDER,other,NA,yes
Jack,Huggard,Richmond,,31,177,1901-08-25,28,1925,1927,False,,,,no
Brandon,Jack,Sydney,,33,182,1994-05-25,28,2013,2017,False,,,,no
Tom,Joyce,Sydney,,15,168,1901-05-01,28,1923,1925,False,,,,no
Nigel,Kol,Melbourne,,38,183,1962-01-01,28,1985,1987,False,,,,no
Adam,Lange,NorthMelbourne,,27,186,1979-01-12,28,1999,2002,False,,,,no
Bruce,Lennon,Richmond,,5,188,1970-12-01,28,1992,1993,False,,,,no
Jack,Leslie,Goldcoast,,21,197,1995-04-27,28,2014,2018,False,,,,no
Shane,Loveless,WesternBulldogs,,2,196,1958-11-15,28,1979,1981,False,,,,no
Ron,Lunn,Essendon,,27,180,1929-05-07,28,1951,1952,False,,,,no
Jack,Maher,Melbourne,,14,178,1916-07-10,28,1938,1944,False,,,,no
Greg,Major,Geelong,,19,188,1938-06-03,28,1959,1961,False,,,,no
Paddy,McCartin,Sydney,,39,194,1996-04-19,28,2022,2023,False,,,,no
Frank,McDonald,Essendon,,20,177,1899-09-21,28,1919,1921,False,,,,no
Billy,McGregor,Stkilda,,,,1876-11-20,28,1899,1900,False,,,,no
Andrew,McPherson,Adelaide,,36,186,1999-06-20,28,2020,2022,False,,,,no
Neville,Miller,Sydney,,13,187,1951-09-29,28,1970,1972,False,,,,no
Seamus,Mitchell,Hawthorn,,40,181,2002-07-03,28,2023,2025,False,,,,no
Jay,Neagle,Essendon,,1,191,1988-01-17,28,2007,2010,False,,,,no
Michael,Newton,Melbourne,,29,193,1987-04-27,28,2007,2011,False,,,,no
Dean,Notting,Richmond,,58,182,1966-01-14,28,1985,1987,False,,,,no
Phillip,Pinnell,Melbourne,,7,189,1951-01-07,28,1980,1981,False,,,,no
Bryan,Pleitner,WesternBulldogs,,11,187,1945-12-09,28,1965,1968,False,,,,no
Robin,Poole,NorthMelbourne,,31,179,1938-01-10,28,1959,1961,False,,,,no
Wally,Powell,Carlton,,,,1878-03-31,28,1900,1902,False,,,,no
Joe,Powell,Stkilda,,,,1868-06-30,28,1903,1905,False,,,,no
Arthur,Rose,Stkilda,,29,178,1919-07-10,28,1937,1944,False,,,,no
Samson,Ryan,Richmond,Richmond,32,206,2000-12-09,28,2021,2026,True,RUCK,NA,NA,yes
Ron,Serich,Richmond,,38,180,1940-06-18,28,1961,1963,False,,,,no
Brayden,Sier,Collingwood,,36,191,1997-12-12,28,2018,2021,False,,,,no
Arryn,Siposs,Stkilda,,2,189,1992-11-25,28,2011,2014,False,,,,no
Wes,Smith,Hawthorn,,35,177,1945-08-17,28,1965,1967,False,,,,no
Bill,Stuckey,Carlton,,,,1873-07-27,28,1899,1900,False,,,,no
Richard,Taylor,WestCoast,,8,173,1973-07-14,28,2001,2002,False,,,,no
Bill,Turner,Essendon,,18,178,1912-11-11,28,1934,1936,False,,,,no
Algy,Vosilaitis,WesternBulldogs,,34,183,1943-01-29,28,1964,1966,False,,,,no
Tristen,Walker,Collingwood,,38,195,1984-04-11,28,2003,2005,False,,,,no
Allen,Warren,WesternBulldogs,,20,178,1931-05-02,28,1953,1955,False,,,,no
Mark,Weideman,Collingwood,,31,188,1961-12-30,28,1981,1984,False,,,,no
Connor,West,WestCoast,,36,181,1999-05-07,28,2021,2023,False,,,,no
Fred,White,Geelong,,,,1877-05-06,28,1897,1899,False,,,,no
Leek,Aleer,GWS,GWS,21,195,2001-08-21,27,2022,2026,True,RUCK,nationalDraft,15,yes
Ian,Anderson,Essendon,,57,191,1948-10-14,27,1967,1971,False,,,,no
Brady,Anderson,NorthMelbourne,,14,178,1975-06-12,27,1998,2000,False,,,,no
Darren,Baxter,Hawthorn,,29,185,1965-03-19,27,1993,1994,False,,,,no
Simon,Beaumont,Hawthorn,,20,189,1975-12-13,27,2004,2005,False,,,,no
Gerald,Betts,Collingwood,,11,187,1954-10-05,27,1977,1979,False,,,,no
Kevin,Billing,Stkilda,,22,179,1944-10-26,27,1962,1969,False,,,,no
Nathan,Bock,Goldcoast,,44,193,1983-03-20,27,2011,2013,False,,,,no
Mark,Buckley,Carlton,,10,190,1962-08-25,27,1982,1985,False,,,,no
Joe,Callahan,Essendon,,22,191,1898-02-19,27,1922,1924,False,,,,no
Blake,Caracella,Collingwood,,10,186,1977-03-15,27,2005,2006,False,,,,no
Simon,Clark,Richmond,,18,195,1967-02-16,27,1986,1988,False,,,,no
Michael,Close,Brisbane,,33,197,1994-07-30,27,2014,2017,False,,,,no
Callum,Coleman-Jones,NorthMelbourne,North Melbourne,21,200,1999-06-13,27,2022,2026,True,RUCK,nationalDraft,20,yes
Tom,Collier,Brisbane,,22,192,1989-03-25,27,2008,2011,False,,,,no
Mike,Collins,Melbourne,,12,183,1953-05-05,27,1971,1974,False,,,,no
Ayce,Cordy,WesternBulldogs,,49,204,1990-08-06,27,2011,2015,False,,,,no
Frank,Crapper,NorthMelbourne,,18,183,1911-05-22,27,1931,1939,False,,,,no
Bert,Davie,Geelong,,21,,1899-05-02,27,1917,1919,False,,,,no
Doug,Dench,Essendon,,6,174,1930-01-29,27,1955,1956,False,,,,no
Brad,Dick,Collingwood,,33,181,1988-07-25,27,2007,2011,False,,,,no
Bert,Drinkwater,Essendon,,25,171,1895-09-28,27,1918,1920,False,,,,no
Bob,Dunlop,Essendon,,3,192,1935-12-08,27,1960,1961,False,,,,no
Chris,Egan,Collingwood,,15,187,1986-10-26,27,2005,2008,False,,,,no
David,Ellis,Stkilda,,16,194,1949-11-11,27,1972,1977,False,,,,no
Phil,Evans,Geelong,,5,192,1950-01-23,27,1970,1971,False,,,,no
Ben,Fixter,Brisbane,,4,180,1981-06-23,27,2006,2007,False,,,,no
Jordan,Gallucci,Adelaide,,7,182,1998-05-04,27,2017,2019,False,,,,no
George,Gibbs,Collingwood,,14,179,1905-10-03,27,1929,1930,False,,,,no
Shane,Hamilton,Geelong,,25,183,1970-08-18,27,1988,1990,False,,,,no
Glenn,Hawker,Carlton,,11,185,1961-03-17,27,1989,1991,False,,,,no
Don,Henderson,WesternBulldogs,,1,179,1930-07-13,27,1950,1953,False,,,,no
Bob,Herbert,Melbourne,,20,170,1919-03-11,27,1943,1944,False,,,,no
Fred,Hewitt,Melbourne,,,,1883-11-13,27,1908,1910,False,,,,no
Ash,Johnson,Collingwood,,40,193,1997-10-06,27,2022,2024,False,,,,no
Gary,Johnston,Sydney,,42,177,1941-04-29,27,1963,1964,False,,,,no
Barrie,Kerr,WesternBulldogs,,1,188,1938-01-30,27,1957,1959,False,,,,no
John,Knox,Collingwood,,36,183,1941-07-04,27,1962,1964,False,,,,no
Harry,Lambert,Collingwood,,14,188,1918-07-08,27,1941,1947,False,,,,no
Otto,Landmann,Essendon,,,,1888-08-31,27,1907,1910,False,,,,no
Billy,Leeds,Carlton,,,178,1880-04-04,27,1903,1905,False,,,,no
Gus,Leishman,Geelong,,2,173,1911-06-05,27,1932,1934,False,,,,no
Mick,Leonard,Sydney,,6,175,1914-12-02,27,1938,1940,False,,,,no
Duncan,Lindsay,NorthMelbourne,,3,178,1902-04-04,27,1925,1926,False,,,,no
Norm,Lugg,Sydney,,18,184,1898-03-15,27,1919,1920,False,,,,no
Tony,Lynn,Carlton,,15,178,1968-04-29,27,1994,1996,False,,,,no
Marty,Lyons,Melbourne,,12,183,1956-09-04,27,1975,1977,False,,,,no
Barry,Mackie,Essendon,,32,188,1938-03-28,27,1958,1960,False,,,,no
Fred,Mann,Essendon,,,175,1878-10-25,27,1901,1903,False,,,,no
George,Moloney,Essendon,,17,178,1939-09-29,27,1958,1961,False,,,,no
Richard,Moran,Carlton,,7,171,1887-05-02,27,1912,1913,False,,,,no
Karl,Norman,Carlton,,37,190,1983-05-30,27,2003,2005,False,,,,no
Joe,Nunan,WesternBulldogs,,9,183,1904-12-23,27,1925,1927,False,,,,no
Jack,Nuttall,WesternBulldogs,,26,185,1929-01-30,27,1953,1955,False,,,,no
David,OConnell,WestCoast,,21,193,1963-06-22,27,1988,1990,False,,,,no
Ron,ODwyer,Collingwood,,30,170,1938-02-05,27,1959,1961,False,,,,no
Finn,OSullivan,NorthMelbourne,North Melbourne,2,182,2006-05-30,27,2025,2026,True,MIDFIELDER,nationalDraft,2,yes
Jim,Opie,Carlton,,,179,1883-03-01,27,1902,1905,False,,,,no
Matt,Outen,Stkilda,,,182,1883-07-02,27,1910,1911,False,,,,no
Percy,Outram,Stkilda,,27,174,1903-05-21,27,1928,1930,False,,,,no
Arthur,Pearce,Stkilda,,,179,1881-01-01,27,1900,1901,False,,,,no
Chris,Perry,Collingwood,,7,191,1953-10-24,27,1976,1980,False,,,,no
Sam,Petrevski-Seton,WestCoast,,10,182,1998-02-19,27,2022,2023,False,,,,no
Des,Pickett,Stkilda,,3,179,1925-06-04,27,1946,1950,False,,,,no
Dave,Powell,Sydney,,,,1876-02-18,27,1901,1903,False,,,,no
Jack,Reekie,Carlton,,,,1871-03-12,27,1897,1898,False,,,,no
Harry,Rigby,Melbourne,,,173,1878-01-09,27,1907,1908,False,,,,no
Daniel,Rioli,Goldcoast,Gold Coast,17,179,1997-04-16,27,2025,2026,True,MEDIUM_DEFENDER,NA,NA,yes
Tom,Robertson,Stkilda,,,180,1876-11-02,27,1901,1902,False,,,,no
Hugh,Routley,Geelong,,29,173,1940-06-19,27,1959,1964,False,,,,no
Clay,Sampson,Richmond,,26,178,1976-02-24,27,1999,2000,False,,,,no
Vic,Samson,WesternBulldogs,,2,175,1892-03-04,27,1925,1926,False,,,,no
Will,Setterfield,Essendon,Essendon,12,192,1998-02-05,27,2023,2025,False,MIDFIELDER,nationalDraft,5,yes
Bill,Sharp,Stkilda,,31,175,1915-08-27,27,1938,1945,False,,,,no
Jack,Shea,Hawthorn,,6,170,1927-08-07,27,1945,1947,False,,,,no
Tom,Simmons,Carlton,,2,183,1929-04-13,27,1948,1949,False,,,,no
Ken,Slater,Hawthorn,,1,188,1924-03-22,27,1943,1945,False,,,,no
Jesse,Smith,NorthMelbourne,,10,191,1986-09-29,27,2005,2008,False,,,,no
Ray,Smith,Melbourne,,7,183,1948-09-23,27,1975,1976,False,,,,no
Carl,Steinfort,Collingwood,,15,191,1977-04-01,27,2001,2002,False,,,,no
Zane,Taylor,Geelong,,34,185,1957-02-28,27,1980,1983,False,,,,no
David,Thorpe,Richmond,,14,185,1948-05-30,27,1974,1976,False,,,,no
James,Trezise,Richmond,Richmond,36,188,2002-06-15,27,2023,2026,True,MIDFIELDER,NA,NA,yes
Johnny,Walker,Essendon,,8,178,1908-11-14,27,1932,1934,False,,,,no
Terry,Walsh,NorthMelbourne,,8,183,1927-06-21,27,1947,1948,False,,,,no
Bill,Walton,Collingwood,,21,178,1894-09-03,27,1918,1919,False,,,,no
Corey,Warner,Sydney,Sydney,37,182,2003-10-07,27,2023,2026,True,MEDIUM_FORWARD,NA,NA,yes
Bert,Whittington,Geelong,,,183,1885-01-01,27,1908,1911,False,,,,no
Peter,Williamson,Melbourne,,30,188,1953-12-01,27,1971,1974,False,,,,no
Tommy,Allen,Sydney,,28,173,1914-09-10,26,1936,1938,False,,,,no
Jackson,Archer,NorthMelbourne,North Melbourne,34,185,2003-01-09,26,2022,2025,False,MEDIUM_DEFENDER,fatherSon,59,yes
Simon,Arnott,Geelong,,28,186,1976-02-14,26,1999,2000,False,,,,no
Reg,Berry,Stkilda,,25,173,1892-06-21,26,1918,1919,False,,,,no
Phillip,Bottams,Richmond,,38,180,1957-08-24,26,1978,1981,False,,,,no
Ron,Boys,Hawthorn,,29,188,1924-09-10,26,1948,1949,False,,,,no
Billy,Briscoe,Richmond,,13,170,1892-01-11,26,1915,1918,False,,,,no
Gordon,Brunnen,Stkilda,,23,188,1922-05-11,26,1946,1947,False,,,,no
George,Bryce,Sydney,,21,183,1915-10-18,26,1937,1939,False,,,,no
Simon,Buckley,Collingwood,,27,190,1987-04-18,26,2011,2012,False,,,,no
Roger,Bullen,Geelong,,29,180,1934-07-18,26,1955,1957,False,,,,no
Gary,Cameron,Geelong,,13,173,1966-06-14,26,1987,1990,False,,,,no
William,Carkeek,Essendon,,,173,1878-10-17,26,1903,1905,False,,,,no
Ansell,Clarke,Stkilda,,1,173,1907-08-12,26,1938,1940,False,,,,no
Ken,Cockfield,Stkilda,,32,174,1928-10-08,26,1949,1953,False,,,,no
Keith,Cook,Richmond,,12,180,1922-12-04,26,1944,1946,False,,,,no
Phil,Cronan,WesternBulldogs,,17,183,1959-07-17,26,1987,1988,False,,,,no
Irving,Davidson,Stkilda,,30,185,1929-04-30,26,1951,1954,False,,,,no
Sam,Davidson,WesternBulldogs,Western Bulldogs,42,190,2001-12-13,26,2025,2026,True,MIDFIELDER,NA,NA,yes
Stuart,Dew,Hawthorn,,31,183,1979-08-18,26,2008,2009,False,,,,no
Jim,Durnan,Melbourne,,21,185,1960-04-18,26,1979,1981,False,,,,no
Artie,Ferguson,WesternBulldogs,,16,180,1910-07-18,26,1936,1937,False,,,,no
John,Fisher,Hawthorn,,6,179,1941-09-16,26,1968,1970,False,,,,no
Charlie,Flannagan,Richmond,,25,185,1933-10-24,26,1955,1958,False,,,,no
Tom,Flower,Melbourne,,34,184,1957-12-03,26,1977,1979,False,,,,no
Matt,Flynn,WestCoast,West Coast,25,200,1997-09-13,26,2024,2026,True,RUCK,nationalDraft,41,yes
Wayne,Foreman,Essendon,,22,180,1955-05-16,26,1980,1981,False,,,,no
Harvey,Gallagher,WesternBulldogs,Western Bulldogs,12,181,2003-09-26,26,2024,2026,True,MIDFIELDER,NA,NA,yes
Harry,Gingell,WesternBulldogs,,18,185,1916-05-24,26,1943,1945,False,,,,no
James,Gwilt,Essendon,,42,188,1986-08-11,26,2015,2016,False,,,,no
Reg,Hall,Richmond,,26,166,1932-03-20,26,1953,1955,False,,,,no
Peter,Hancock,Hawthorn,,11,183,1931-11-11,26,1950,1952,False,,,,no
Nick,Haynes,Carlton,Carlton,26,193,1992-05-18,26,2025,2026,True,MEDIUM_DEFENDER,nationalDraft,7,yes
Darryl,Hewitt,Stkilda,,26,180,1958-04-29,26,1981,1982,False,,,,no
Bill,Hudd,Hawthorn,,4,182,1901-11-28,26,1929,1930,False,,,,no
Lachie,Hunter,Melbourne,,12,183,1994-12-13,26,2023,2024,False,,,,no
Sam,Iles,Goldcoast,,36,183,1987-06-19,26,2011,2012,False,,,,no
Max,Isaac,WesternBulldogs,,8,175,1924-05-01,26,1947,1952,False,,,,no
Howard,Jasper,Sydney,,9,177,1919-09-05,26,1940,1946,False,,,,no
Jim,Karthaus,Richmond,,23,173,1898-06-23,26,1920,1924,False,,,,no
John,Klug,Adelaide,,20,188,1965-09-28,26,1991,1992,False,,,,no
Michael,Laffy,Richmond,,38,194,1967-10-16,26,1987,1990,False,,,,no
Cooper,Lord,Carlton,Carlton,36,184,2005-03-20,26,2024,2026,True,MIDFIELDER,other,9,yes
Bill,Madden,Stkilda,,,170,1881-11-18,26,1908,1909,False,,,,no
Greg,Madigan,Fremantle.xlsx,,48,193,1970-01-24,26,1995,1997,False,,,,no
David,Marshall,Adelaide,,16,177,1960-06-30,26,1991,1992,False,,,,no
Leigh,McConnon,Carlton,,32,177,1953-06-09,26,1976,1977,False,,,,no
Jonathon,McCormick,Carlton,,41,181,1981-03-26,26,2003,2004,False,,,,no
Kieran,McGuinness,WesternBulldogs,,29,190,1983-07-08,26,2002,2006,False,,,,no
Mark,Merenda,WestCoast,,21,181,1975-10-29,26,2001,2002,False,,,,no
Anthony,Morabito,Fremantle.xlsx,,2,189,1991-10-29,26,2010,2014,False,,,,no
Jimmy,Morris,Carlton,,20,165,1891-07-16,26,1914,1917,False,,,,no
Mark,Neeld,Richmond,,19,188,1971-07-13,26,1994,1996,False,,,,no
Sandy,Patterson,Sydney,,9,183,1916-03-21,26,1937,1940,False,,,,no
George,Payne,Sydney,,29,185,1893-11-28,26,1914,1917,False,,,,no
Tom,Phillips,Hawthorn,,21,187,1996-05-07,26,2021,2022,False,,,,no
Justin,Plapp,Stkilda,,17,189,1977-06-22,26,2000,2002,False,,,,no
Hugh,Plowman,Stkilda,,11,,1889-04-21,26,1910,1912,False,,,,no
Jack,Plunkett,Geelong,,32,170,1911-01-05,26,1928,1930,False,,,,no
Ted,Politz,Melbourne,,25,171,1889-07-28,26,1911,1913,False,,,,no
Doug,Priest,Sydney,,9,188,1947-11-17,26,1966,1969,False,,,,no
Zach,Reid,Essendon,Essendon,31,202,2002-03-02,26,2021,2026,True,KEY_DEFENDER,nationalDraft,10,yes
Rohan,Robertson,NorthMelbourne,,12,178,1961-08-21,26,1985,1988,False,,,,no
Julian,Rowe,Collingwood,,9,187,1985-05-25,26,2004,2006,False,,,,no
Gerald,Ryan,Sydney,,24,180,1895-12-27,26,1917,1918,False,,,,no
Paul,Sharkey,Collingwood,,30,190,1974-06-08,26,1994,1997,False,,,,no
Clarrie,Shields,Stkilda,,22,178,1914-04-21,26,1941,1943,False,,,,no
Stan,Smith,Sydney,,36,182,1932-09-26,26,1951,1954,False,,,,no
Wally,Steele,Melbourne,,,175,1878-09-08,26,1897,1898,False,,,,no
Gordon,Sumner,Collingwood,,41,177,1965-02-10,26,1985,1986,False,,,,no
Koltyn,Tholstrup,Melbourne,Melbourne,12,186,2005-06-28,26,2024,2026,True,MEDIUM_DEFENDER,NA,NA,yes
Peter,Thorne,Melbourne,,40,175,1960-01-24,26,1978,1984,False,,,,no
George,Vautin,Essendon,,,174,1869-04-23,26,1897,1898,False,,,,no
Jack,Wade,Sydney,,14,185,1907-10-03,26,1931,1933,False,,,,no
Scott,Watters,Fremantle.xlsx,,2,175,1969-01-25,26,1995,1996,False,,,,no
Max,Wenn,Carlton,,18,180,1926-09-13,26,1953,1954,False,,,,no
Joel,Wilkinson,Goldcoast,,38,186,1991-11-29,26,2011,2013,False,,,,no
Jim,Wills,Geelong,,26,170,1914-10-21,26,1937,1940,False,,,,no
Len,Yemm,Hawthorn,,10,185,1904-03-23,26,1929,1930,False,,,,no
Craig,Alderdice,Geelong,,34,196,1961-08-02,25,1985,1988,False,,,,no
Bert,Ashby,Hawthorn,,15,175,1909-01-23,25,1928,1935,False,,,,no
Ken,Beardsley,Geelong,,34,175,1935-11-03,25,1955,1956,False,,,,no
James,Begley,Adelaide,,28,189,1980-07-22,25,2003,2005,False,,,,no
Brett,Bewley,Fremantle.xlsx,,34,185,1995-04-14,25,2019,2021,False,,,,no
Blaine,Boekhorst,Carlton,,12,185,1993-09-02,25,2015,2017,False,,,,no
Les,Bogie,WesternBulldogs,,15,174,1911-05-02,25,1934,1936,False,,,,no
Patrick,Bowden,Richmond,,16,191,1981-08-04,25,2006,2007,False,,,,no
John,Bradbury,WesternBulldogs,,37,180,1941-03-31,25,1958,1963,False,,,,no
Todd,Breman,Richmond,,14,183,1965-10-28,25,1992,1993,False,,,,no
Kevin,Brown,Geelong,,21,180,1920-09-03,25,1945,1947,False,,,,no
Ricky,Browne,Geelong,,7,183,1950-08-26,25,1974,1975,False,,,,no
Tony,Buhagiar,WesternBulldogs,,21,166,1955-10-03,25,1985,1985,False,,,,no
Bert,Butler,Carlton,,29,173,1915-04-11,25,1935,1944,False,,,,no
Alan,Byron,Geelong,,19,185,1936-10-08,25,1957,1960,False,,,,no
Wally,Cameron,Stkilda,,10,191,1896-11-13,25,1920,1923,False,,,,no
Mathew,Capuano,Stkilda,,16,198,1975-09-02,25,2001,2003,False,,,,no
Ray,Carr,Melbourne,,22,180,1948-12-02,25,1970,1972,False,,,,no
Brett,Chalmers,PortAdelaide,,7,195,1973-04-23,25,1998,1999,False,,,,no
Sam,Chapman,Carlton,,,180,1876-04-26,25,1897,1898,False,,,,no
Ted,Clauscen,NorthMelbourne,,22,,1906-06-17,25,1929,1930,False,,,,no
Bill,Cook,Geelong,,16,180,1937-05-31,25,1958,1960,False,,,,no
Aaron,Cornelius,Brisbane,,44,192,1990-05-29,25,2009,2013,False,,,,no
Shannon,Cox,Collingwood,,12,188,1986-03-07,25,2007,2009,False,,,,no
Noah,Cumberland,Richmond,,38,183,2001-03-15,25,2022,2024,False,,,,no
Tom,Curren,Stkilda,,26,178,1992-07-29,25,2013,2015,False,,,,no
Ray,Davies,NorthMelbourne,,39,183,1946-04-18,25,1965,1968,False,,,,no
Bert,Day,Stkilda,,21,175,1900-03-13,25,1924,1927,False,,,,no
Bruce,Duperouzel,WesternBulldogs,,38,174,1950-04-21,25,1983,1984,False,,,,no
Dick,Eason,WesternBulldogs,,7,178,1913-11-20,25,1935,1937,False,,,,no
Russell,Ebert,NorthMelbourne,,7,183,1949-06-22,25,1979,1979,False,,,,no
Zac,Fisher,NorthMelbourne,North Melbourne,16,177,1998-06-15,25,2024,2025,False,MEDIUM_FORWARD,nationalDraft,27,yes
Vic,Fisher,Essendon,,1,177,1924-08-05,25,1948,1949,False,,,,no
Harold,Gainger,Stkilda,,8,182,1909-06-23,25,1934,1936,False,,,,no
Barry,Griffiths,Hawthorn,,13,180,1929-07-12,25,1950,1952,False,,,,no
Richard,Hadley,Carlton,,10,190,1983-03-29,25,2008,2010,False,,,,no
Ern,Hocking,Melbourne,,,170,1882-05-16,25,1902,1903,False,,,,no
Ben,Ingleton,Stkilda,,30,180,1967-08-24,25,1985,1989,False,,,,no
Ron,Jory,Essendon,,19,183,1925-05-12,25,1945,1946,False,,,,no
Max,Jose,Hawthorn,,13,187,1935-08-16,25,1953,1957,False,,,,no
Terry,Keays,Richmond,,2,186,1970-05-03,25,1991,1992,False,,,,no
Jacob,Konstanty,NorthMelbourne,North Melbourne,41,177,2004-11-09,25,2025,2026,True,MEDIUM_FORWARD,nationalDraft,20,yes
Col,Laidlaw,WesternBulldogs,,14,173,1896-09-16,25,1925,1926,False,,,,no
Zac,Langdon,WestCoast,,7,177,1995-11-13,25,2021,2022,False,,,,no
Peter,Laughlin,Richmond,,35,187,1956-03-05,25,1977,1980,False,,,,no
John,Letcher,Melbourne,,30,189,1950-11-26,25,1969,1972,False,,,,no
Jack,Lynch,Geelong,,17,185,1918-08-09,25,1939,1940,False,,,,no
Andrew,Manning,Essendon,,41,185,1966-11-23,25,1989,1991,False,,,,no
Harrison,Marsh,Sydney,,31,188,1994-01-13,25,2016,2018,False,,,,no
Ian,McMullin,Collingwood,,31,182,1964-09-01,25,1984,1993,False,,,,no
Russell,Merriman,Geelong,,43,175,1968-04-06,25,1991,1993,False,,,,no
Jack,Minnis,Melbourne,,32,174,1922-01-26,25,1942,1944,False,,,,no
Les,Minto,Essendon,,,168,1886-07-11,25,1908,1909,False,,,,no
Simon,Minton-Connell,WesternBulldogs,,1,194,1969-04-26,25,1997,1998,False,,,,no
Len,Murphy,WesternBulldogs,,21,189,1909-11-23,25,1940,1941,False,,,,no
Daniel,Parker,Fremantle.xlsx,,5,198,1974-05-25,25,1996,1999,False,,,,no
Michael,Parsons,Sydney,,19,200,1960-10-03,25,1988,1990,False,,,,no
Jim,Patterson,NorthMelbourne,,30,182,1919-05-08,25,1943,1947,False,,,,no
Bruce,Peake,Geelong,,30,191,1937-01-27,25,1958,1961,False,,,,no
Syd,Phillips,Stkilda,,,177,1874-05-27,25,1897,1898,False,,,,no
Marcus,Picken,Brisbane,,24,186,1979-10-09,25,1998,2001,False,,,,no
Dick,Pollard,WesternBulldogs,,18,180,1913-06-25,25,1934,1935,False,,,,no
Ivan,Porter,Melbourne,,9,168,1918-09-08,25,1944,1946,False,,,,no
Frank,Primmer,Sydney,,33,184,1933-01-16,25,1955,1957,False,,,,no
Jack,Purdon,Collingwood,,19,180,1930-08-30,25,1950,1951,False,,,,no
Les,Reed,Geelong,,17,178,1932-08-16,25,1951,1953,False,,,,no
Dan,Robinson,Sydney,,27,184,1994-07-03,25,2015,2018,False,,,,no
Wally,Russell,Geelong,,32,178,1923-03-25,25,1948,1949,False,,,,no
Laurie,Rymer,Collingwood,,21,187,1934-07-05,25,1955,1957,False,,,,no
Reg,Sampson,Sydney,,27,,1899-04-03,25,1918,1921,False,,,,no
Stephen,Schwerdt,Adelaide,,40,178,1968-05-28,25,1992,1994,False,,,,no
Harry,Sharp,Melbourne,Melbourne,30,183,2002-12-17,25,2025,2026,True,MEDIUM_FORWARD,NA,NA,yes
Sam,Simpson,Geelong,,37,180,1998-06-14,25,2017,2023,False,,,,no
Charlie,Sloley,WesternBulldogs,,13,,1906-09-13,25,1927,1929,False,,,,no
George,Stafford,Carlton,,30,178,1932-10-21,25,1951,1954,False,,,,no
Lachlan,Sullivan,Collingwood,Collingwood,33,180,1997-09-25,25,2024,2026,True,MEDIUM_FORWARD,preseason,NA,yes
Neville,Swan,Collingwood,,23,185,1930-01-23,25,1950,1952,False,,,,no
Charlie,Tough,Carlton,,,,1880-04-05,25,1902,1905,False,,,,no
Robert,Walters,Melbourne,,16,193,1955-11-13,25,1977,1981,False,,,,no
David,Willis,Sydney,,25,203,1968-01-09,25,1988,1991,False,,,,no
John,Woolley,Sydney,,31,193,1935-07-19,25,1955,1962,False,,,,no
Paul,Ahern,NorthMelbourne,,15,183,1996-08-01,24,2018,2020,False,,,,no
Colin,Alexander,Collingwood,,32,178,1970-04-12,24,1989,1991,False,,,,no
Noel,Alford,NorthMelbourne,,14,170,1932-08-11,24,1952,1953,False,,,,no
Lyle,Anderson,WesternBulldogs,,41,178,1936-10-13,24,1957,1959,False,,,,no
Dave,Barry,Sydney,,,,1888-08-31,24,1909,1910,False,,,,no
Laurie,Bellotti,WestCoast,,45,194,1976-02-28,24,1999,2000,False,,,,no
Tom,Blake,Stkilda,,,,1872-07-15,24,1898,1900,False,,,,no
James,Blanck,Hawthorn,Hawthorn,36,196,2000-11-20,24,2022,2023,False,KEY_DEFENDER,NA,NA,yes
Tom,Bollard,Sydney,,12,173,1890-10-16,24,1914,1917,False,,,,no
Doug,Booth,Stkilda,,38,185,1957-08-01,24,1976,1982,False,,,,no
Adrian,Bowden,Melbourne,,46,183,1947-10-12,24,1966,1967,False,,,,no
Chic,Breese,Carlton,,,,1872-03-21,24,1897,1898,False,,,,no
Neville,Broderick,Collingwood,,4,175,1927-04-10,24,1949,1951,False,,,,no
James,Byrne,Adelaide,,6,183,1978-04-23,24,2000,2001,False,,,,no
George,Calwell,Carlton,,19,178,1891-07-02,24,1914,1916,False,,,,no
Dylan,Clarke,Essendon,,37,186,1998-09-06,24,2018,2021,False,,,,no
Ken,Clarke,Geelong,,,178,1883-02-23,24,1903,1905,False,,,,no
John,Clegg,WesternBulldogs,,28,163,1939-06-18,24,1958,1960,False,,,,no
Darren,Collins,WesternBulldogs,,34,177,1967-11-15,24,1987,1989,False,,,,no
Ern,Cowley,Carlton,,17,178,1892-08-17,24,1918,1919,False,,,,no
Joshua,Croft,WesternBulldogs,,6,,1900-04-27,24,1925,1927,False,,,,no
Jack,Cronk,Richmond,,21,188,1890-09-10,24,1914,1917,False,,,,no
Jack,Dolan,Essendon,,6,180,1906-06-14,24,1926,1929,False,,,,no
Henry,Dunne,Carlton,,,,1872-02-21,24,1897,1898,False,,,,no
Peter,Falconer,Carlton,,36,169,1937-11-28,24,1962,1963,False,,,,no
Milan,Faletic,Stkilda,,9,191,1953-03-08,24,1981,1982,False,,,,no
Grantley,Fielke,Adelaide,,30,178,1962-03-18,24,1991,1992,False,,,,no
Jeff,Gieschen,WesternBulldogs,,27,177,1956-09-22,24,1974,1978,False,,,,no
Kevin,Goss,Sydney,,7,183,1959-01-27,24,1980,1981,False,,,,no
George,Gough,Carlton,,14,177,1900-03-18,24,1927,1928,False,,,,no
Trevor,Gowers,Richmond,,6,180,1945-04-26,24,1964,1966,False,,,,no
Josh,Green,Essendon,,15,178,1992-08-24,24,2017,2018,False,,,,no
Alf,Hacker,NorthMelbourne,,18,180,1912-07-04,24,1936,1943,False,,,,no
Greg,Hardie,Carlton,,15,170,1945-05-23,24,1963,1965,False,,,,no
Billy,Harrison,Essendon,,,,1883-11-05,24,1909,1911,False,,,,no
Tom,Hedley,Essendon,,,,1882-08-05,24,1903,1904,False,,,,no
Herbert,Hill,Richmond,,,178,1887-11-28,24,1908,1909,False,,,,no
Joe,Hodgkins,Melbourne,,,177,1886-02-01,24,1908,1911,False,,,,no
Chris,Hollow,Stkilda,,25,190,1971-11-21,24,1993,1995,False,,,,no
Fred,Howard,Melbourne,,,180,1878-01-30,24,1905,1906,False,,,,no
Webber,Jackson,Melbourne,,28,180,1909-12-02,24,1930,1932,False,,,,no
Doug,Jerram,Geelong,,2,170,1922-03-10,24,1941,1947,False,,,,no
Andrew,Jobling,Stkilda,,32,183,1964-09-20,24,1983,1987,False,,,,no
Alf,Jones,Melbourne,,,180,1885-05-27,24,1908,1909,False,,,,no
Graeme,Joslin,WesternBulldogs,,12,183,1950-06-30,24,1969,1971,False,,,,no
Len,Kent,WesternBulldogs,,11,185,1930-06-16,24,1951,1953,False,,,,no
Matthew,Kluzek,Adelaide,,31,187,1973-04-03,24,1994,1996,False,,,,no
Jack,Knight,Stkilda,,1,183,1912-11-21,24,1941,1942,False,,,,no
Doug,Koop,Melbourne,,39,180,1960-07-22,24,1987,1988,False,,,,no
George,Lenne,Melbourne,,13,178,1916-02-20,24,1941,1945,False,,,,no
Heritier,Lumumba,Melbourne,,8,188,1986-11-15,24,2015,2016,False,,,,no
Jack,Lyons,NorthMelbourne,,15,179,1919-12-05,24,1947,1948,False,,,,no
Alex,Marcou,Stkilda,,8,178,1958-07-06,24,1987,1988,False,,,,no
Alan,Marsham,Geelong,,2,185,1920-08-06,24,1939,1946,False,,,,no
Wally,Matera,WestCoast,,1,170,1963-09-09,24,1987,1988,False,,,,no
Jack,McCormack,Richmond,,21,175,1904-06-04,24,1927,1929,False,,,,no
Les,Meade,Hawthorn,,24,173,1904-11-04,24,1929,1931,False,,,,no
Sid,Meehl,Melbourne,,11,182,1914-01-26,24,1934,1938,False,,,,no
Dick,Michalczyk,NorthMelbourne,,16,191,1950-11-05,24,1973,1975,False,,,,no
Brad,Miller,Richmond,,13,194,1983-07-06,24,2011,2012,False,,,,no
Ben,Moore,Richmond,,28,180,1977-07-04,24,1996,1999,False,,,,no
Brian,Mulvihill,NorthMelbourne,,32,193,1946-11-17,24,1971,1972,False,,,,no
Bill,Nunn,NorthMelbourne,,25,183,1951-05-06,24,1971,1973,False,,,,no
Darren,OBrien,Melbourne,,38,180,1969-03-22,24,1996,1997,False,,,,no
Ryan,OConnor,Sydney,,16,192,1974-06-27,24,1999,2000,False,,,,no
Frank,OConnor,Melbourne,,15,170,1923-11-06,24,1947,1948,False,,,,no
Simon,ODonnell,Stkilda,,22,191,1963-01-26,24,1982,1983,False,,,,no
Peter,OSullivan,NorthMelbourne,,19,180,1932-05-22,24,1956,1958,False,,,,no
Stephen,Officer,Sydney,,3,191,1949-08-18,24,1971,1975,False,,,,no
Noel,Orange,Sydney,,26,191,1939-08-10,24,1965,1966,False,,,,no
Fred,Pemberton,Stkilda,,1,191,1923-05-22,24,1948,1950,False,,,,no
Laurie,Peters,Hawthorn,,25,183,1916-06-13,24,1940,1944,False,,,,no
Darryl,Poole,PortAdelaide,,30,195,1972-04-01,24,1997,1999,False,,,,no
Chris,Pym,Richmond,,51,185,1966-04-23,24,1988,1989,False,,,,no
Tim,Rieniets,Carlton,,36,183,1966-04-14,24,1990,1991,False,,,,no
Jack,Sambell,Melbourne,,4,175,1908-05-20,24,1933,1934,False,,,,no
Dion,Scott,Brisbane,,38,190,1970-04-01,24,1997,1999,False,,,,no
Alan,Self,Sydney,,1,183,1944-07-12,24,1962,1966,False,,,,no
Roy,Selleck,Richmond,,22,183,1944-02-22,24,1962,1964,False,,,,no
Sam,Shaw,Adelaide,,34,193,1991-04-05,24,2012,2015,False,,,,no
Cameron,Shenton,Stkilda,,39,188,1990-09-27,24,2013,2015,False,,,,no
Justin,Sherman,WesternBulldogs,,10,183,1987-01-26,24,2011,2012,False,,,,no
Sedat,Sir,WesternBulldogs,,38,188,1975-03-06,24,1995,1998,False,,,,no
Brad,Smith,NorthMelbourne,,1,193,1948-12-03,24,1974,1975,False,,,,no
Alan,Sorrell,Carlton,,14,188,1923-05-23,24,1947,1949,False,,,,no
Matthew,Spangher,Hawthorn,,27,195,1987-04-23,24,2013,2016,False,,,,no
Peter,Spencer,NorthMelbourne,,2,178,1956-01-11,24,1981,1982,False,,,,no
James,Strauss,Melbourne,,19,185,1990-06-14,24,2010,2013,False,,,,no
Max,Sutcliffe,Geelong,,31,185,1936-07-30,24,1955,1956,False,,,,no
Bert,Thornley,Carlton,,13,178,1942-09-03,24,1969,1970,False,,,,no
Luke,Trainor,Richmond,Richmond,31,193,2006-04-10,24,2025,2026,True,MEDIUM_DEFENDER,NA,NA,yes
Joe,Tucker,Geelong,,19,168,1913-01-15,24,1933,1939,False,,,,no
Lukas,Webb,WesternBulldogs,,19,186,1996-03-04,24,2015,2018,False,,,,no
Don,Whitten,WesternBulldogs,,30,180,1935-09-16,24,1956,1958,False,,,,no
Lyall,Williams,Hawthorn,,16,174,1906-06-18,24,1929,1930,False,,,,no
Cameron,Wood,Carlton,,36,204,1987-03-04,24,2014,2015,False,,,,no
Michael,Woolnough,Collingwood,,33,185,1952-09-24,24,1979,1980,False,,,,no
Aaron,Young,Goldcoast,,15,189,1992-12-06,24,2018,2019,False,,,,no
Taylor,Adams,Sydney,Sydney,3,181,1993-09-20,23,2024,2025,False,MIDFIELDER,NA,NA,yes
Lou,Barker,WesternBulldogs,,26,178,1925-07-03,23,1947,1949,False,,,,no
Archie,Baxter,Sydney,,15,180,1921-08-04,23,1941,1946,False,,,,no
Peter,Baxter,WesternBulldogs,,26,180,1961-07-04,23,1985,1988,False,,,,no
Ben,Beams,Melbourne,,47,183,1978-08-17,23,1999,2001,False,,,,no
Reg,Bell,Hawthorn,,29,174,1913-09-16,23,1940,1941,False,,,,no
Tom,Berry,Goldcoast,,16,185,2001-05-01,23,2023,2024,False,,,,no
Trent,Bianco,Collingwood,,8,178,2001-01-20,23,2021,2023,False,,,,no
Riley,Bice,Sydney,Sydney,26,185,2000-09-26,23,2025,2026,True,MEDIUM_DEFENDER,NA,NA,yes
Luke,Blackwell,Carlton,,13,177,1986-11-09,23,2006,2007,False,,,,no
Brad,Bootsma,Fremantle.xlsx,,40,182,1972-12-30,23,2000,2001,False,,,,no
Alf,Boyack,Collingwood,,,168,1877-09-05,23,1901,1902,False,,,,no
Peter,Bradbury,Collingwood,,36,183,1958-07-02,23,1986,1987,False,,,,no
Billy,Bremner,Melbourne,,,175,1872-06-23,23,1903,1904,False,,,,no
Steven,Browne,Carlton,,15,180,1989-02-01,23,2008,2010,False,,,,no
Nick,Bryan,Essendon,Essendon,24,202,2001-10-22,23,2021,2025,False,RUCK,nationalDraft,38,yes
Mark,Bunn,Hawthorn,,14,183,1970-10-24,23,1993,1995,False,,,,no
Shannon,Byrnes,Melbourne,,10,175,1984-04-07,23,2013,2014,False,,,,no
Brian,Cahill,NorthMelbourne,,25,184,1938-11-22,23,1958,1961,False,,,,no
Clay,Cameron,Goldcoast,,27,191,1994-05-27,23,2014,2016,False,,,,no
Matt,Carroll,Carlton,,32,188,2005-11-28,23,2025,2026,True,,,,no
Andrew,Cavedon,Carlton,,40,196,1971-11-05,23,1991,1994,False,,,,no
Luke,Cleary,WesternBulldogs,Western Bulldogs,36,190,2002-03-05,23,2022,2025,False,MEDIUM_DEFENDER,NA,NA,yes
Claude,Clough,Stkilda,,,,1884-10-08,23,1900,1901,False,,,,no
Zaine,Cordy,Stkilda,,21,193,1996-10-27,23,2023,2025,False,,,,no
Bob,Curtayne,Stkilda,,5,161,1894-03-29,23,1920,1921,False,,,,no
Johnny,Dando,Stkilda,,,165,1877-11-28,23,1898,1901,False,,,,no
Tyrell,Dewar,WestCoast,West Coast,43,185,2004-03-27,23,2024,2025,False,MIDFIELDER,other,NA,yes
Wilf,Dickeson,Richmond,,38,177,1943-08-18,23,1965,1966,False,,,,no
Peter,Dolling,Sydney,,39,177,1941-02-20,23,1962,1963,False,,,,no
Isaiah,Dudley,Fremantle.xlsx,Fremantle,43,171,2003-04-30,23,2025,2026,True,MEDIUM_FORWARD,preseason,NA,yes
Glenn,Dugdale,NorthMelbourne,,19,193,1961-06-02,23,1981,1984,False,,,,no
Ray,Ednie,Richmond,,23,180,1927-10-03,23,1950,1953,False,,,,no
Trevor,Elliott,WesternBulldogs,,1,191,1937-12-31,23,1960,1961,False,,,,no
Bruce,Fountain,WesternBulldogs,,20,185,1920-04-23,23,1946,1947,False,,,,no
Chris,Fowler,Melbourne,,12,193,1948-08-28,23,1967,1969,False,,,,no
Alan,Fuller,Hawthorn,,22,178,1912-08-01,23,1934,1935,False,,,,no
Bert,Graham,Hawthorn,,18,185,1921-03-01,23,1940,1942,False,,,,no
Jack,Graham,WestCoast,West Coast,17,181,1998-02-25,23,2025,2026,True,MIDFIELDER,nationalDraft,53,yes
Bob,Gray,WesternBulldogs,,29,188,1943-03-04,23,1963,1966,False,,,,no
Alan,Hayes,Richmond,,7,173,1939-05-24,23,1959,1962,False,,,,no
Wally,Haysom,Collingwood,,7,173,1897-12-17,23,1919,1920,False,,,,no
Shaun,Higgins,Geelong,,4,184,1988-03-04,23,2021,2022,False,,,,no
Don,Holmes,WestCoast,,33,180,1959-01-05,23,1987,1989,False,,,,no
Jack,Howe,Stkilda,,16,168,1922-03-24,23,1944,1947,False,,,,no
Jack,Hutchinson,WestCoast,West Coast,44,190,2001-11-10,23,2024,2025,False,MIDFIELDER,other,3,yes
Dean,Irving,Melbourne,,34,200,1966-09-01,23,1994,1997,False,,,,no
Alex,Jesaulenko,Stkilda,,25,182,1945-08-02,23,1980,1981,False,,,,no
Ben,Kane,Hawthorn,,22,183,1983-03-22,23,2003,2006,False,,,,no
Pat,Kennedy,Carlton,,32,168,1903-07-29,23,1923,1925,False,,,,no
Mark,Komp,WesternBulldogs,,13,191,1959-03-21,23,1981,1982,False,,,,no
Gordon,Kramer,Melbourne,,10,188,1921-11-04,23,1942,1945,False,,,,no
Clarrie,Lane,Sydney,,6,171,1934-04-12,23,1954,1957,False,,,,no
Ted,Leach,Melbourne,,,182,1883-04-24,23,1904,1909,False,,,,no
Xavier,Lindsay,Melbourne,Melbourne,20,183,2006-08-03,23,2025,2026,True,MEDIUM_DEFENDER,NA,NA,yes
Jason,Love,Sydney,,32,182,1965-12-03,23,1991,1992,False,,,,no
Jack,Macrae,Stkilda,St Kilda,6,191,1994-08-03,23,2025,2026,True,MIDFIELDER,NA,NA,yes
Reef,McInnes,Collingwood,Collingwood,26,194,2002-12-12,23,2022,2025,False,KEY_DEFENDER,nationalDraft,23,yes
Tom,McKay,Stkilda,,20,188,1938-09-24,23,1959,1964,False,,,,no
Len,Millar,Stkilda,,16,183,1926-04-08,23,1947,1948,False,,,,no
Dan,Moloney,Hawthorn,,35,179,1913-04-09,23,1932,1934,False,,,,no
Derek,Murray,PortAdelaide,,26,173,1980-03-25,23,1999,2002,False,,,,no
Ben,Nason,Richmond,,47,179,1989-06-03,23,2010,2011,False,,,,no
Robert,Neill,Stkilda,,16,184,1974-01-05,23,1996,1997,False,,,,no
Ken,Nicolson,Geelong,,27,180,1902-04-23,23,1923,1924,False,,,,no
Frank,OBrien,Richmond,,25,173,1900-05-02,23,1926,1928,False,,,,no
Ross,Ousley,Carlton,,33,183,1937-03-03,23,1956,1958,False,,,,no
Denis,Pagan,Sydney,,6,183,1947-09-24,23,1975,1976,False,,,,no
Jack,Paterson,Geelong,,5,180,1900-12-06,23,1920,1926,False,,,,no
Len,Petch,Hawthorn,,34,182,1954-11-24,23,1973,1977,False,,,,no
Caleb,Poulter,WesternBulldogs,,25,192,2002-10-12,23,2023,2025,False,,,,no
Gladstone,Power,Sydney,,17,182,1898-05-18,23,1919,1921,False,,,,no
Kerry,Rattray,Melbourne,,25,183,1944-07-13,23,1962,1966,False,,,,no
Michael,Reeves,NorthMelbourne,,30,187,1959-02-07,23,1980,1981,False,,,,no
Artie,Rennie,Essendon,,33,177,1906-06-20,23,1927,1929,False,,,,no
Henry,Ritterman,Melbourne,,45,173,1951-09-20,23,1971,1973,False,,,,no
Jake,Rogers,Goldcoast,Gold Coast,29,172,2005-03-02,23,2024,2026,True,MEDIUM_FORWARD,NA,NA,yes
Ralph,Rose,Collingwood,,22,180,1943-02-02,23,1962,1963,False,,,,no
George,Rutherford,Stkilda,,,177,1875-07-30,23,1897,1900,False,,,,no
James,Sellar,Melbourne,,30,196,1989-03-24,23,2012,2013,False,,,,no
Peter,Shanahan,WesternBulldogs,,21,180,1946-04-27,23,1965,1967,False,,,,no
Brad,Shine,Carlton,,10,175,1959-09-25,23,1985,1988,False,,,,no
Kevin,Shinners,Richmond,,18,180,1945-03-24,23,1967,1968,False,,,,no
Jack,Showell,Stkilda,,33,179,1915-02-07,23,1937,1938,False,,,,no
Sid,Smith,Geelong,,5,180,1928-09-12,23,1952,1953,False,,,,no
Billy,Stevens,Stkilda,,2,177,1905-08-06,23,1930,1931,False,,,,no
Neville,Stibbard,Sydney,,25,178,1952-02-09,23,1973,1975,False,,,,no
Ron,Stockman,Sydney,,27,183,1934-08-19,23,1958,1961,False,,,,no
Chris,Stone,Stkilda,,17,183,1959-02-24,23,1978,1981,False,,,,no
George,Swarbrick,Geelong,,23,193,1930-12-11,23,1952,1953,False,,,,no
George,Tatham,Collingwood,,28,171,1910-12-24,23,1931,1933,False,,,,no
Reg,Thomas,Sydney,,6,168,1909-07-06,23,1931,1936,False,,,,no
Greg,Towns,WesternBulldogs,,17,180,1954-01-10,23,1980,1982,False,,,,no
Bill,Unwin,Collingwood,,22,188,1915-11-25,23,1938,1941,False,,,,no
Jay,Viney,Melbourne,,26,180,1968-12-20,23,1988,1991,False,,,,no
Tommy,Wade,Essendon,,8,174,1894-03-02,23,1914,1919,False,,,,no
Ben,Walton,Stkilda,,33,187,1979-11-12,23,1999,2001,False,,,,no
James,Wasley,Collingwood,,16,180,1979-07-19,23,1998,2000,False,,,,no
Matthew,Watson,Carlton,,10,195,1992-07-16,23,2011,2015,False,,,,no
Ernie,Watson,Essendon,,8,,1908-09-07,23,1929,1930,False,,,,no
Norm,Waugh,Essendon,,,173,1874-05-10,23,1897,1898,False,,,,no
Fred,Webber,Carlton,,,178,1883-04-28,23,1902,1904,False,,,,no
Horrie,Webster,Essendon,,3,185,1888-08-15,23,1914,1915,False,,,,no
Peter,Weekes,Melbourne,,25,192,1947-02-21,23,1968,1971,False,,,,no
Alan,White,Carlton,,38,180,1933-11-21,23,1957,1959,False,,,,no
Mitchell,White,Geelong,,19,190,1973-03-28,23,2001,2003,False,,,,no
Rupert,Wills,Collingwood,,33,191,1993-05-20,23,2016,2020,False,,,,no
John,Wise,Collingwood,,19,170,1954-03-19,23,1975,1977,False,,,,no
Duncan,Wright,Collingwood,,33,180,1940-08-28,23,1960,1965,False,,,,no
Tom,Allen,Richmond,,18,180,1930-04-18,22,1949,1952,False,,,,no
Eric,Andersen,WesternBulldogs,,11,179,1904-07-02,22,1929,1930,False,,,,no
Tim,Archer,Stkilda,,23,177,1897-02-13,22,1923,1924,False,,,,no
Alan,Barr,Geelong,,33,178,1946-01-06,22,1965,1967,False,,,,no
Jake,Barrett,Brisbane,,43,184,1995-11-08,22,2017,2018,False,,,,no
Greg,Bell,Essendon,,28,188,1955-03-26,22,1975,1978,False,,,,no
Lawrence,Bingham,Stkilda,,30,200,1969-05-28,22,1992,1993,False,,,,no
David,Brown,PortAdelaide,,21,172,1969-09-29,22,1997,1998,False,,,,no
Michael,Brown,Fremantle.xlsx,,18,189,1976-09-20,22,1996,1998,False,,,,no
Kent,Butcher,Collingwood,,24,180,1973-11-05,22,1993,1995,False,,,,no
Ciaran,Byrne,Carlton,,38,187,1994-12-06,22,2015,2018,False,,,,no
Frank,Cahill,Carlton,,3,188,1922-05-07,22,1948,1949,False,,,,no
Frank,Caine,Essendon,,27,184,1881-07-28,22,1912,1914,False,,,,no
Don,Calder,Carlton,,19,185,1927-11-29,22,1950,1953,False,,,,no
Paul,Cameron,Sydney,,26,158,1904-06-12,22,1926,1928,False,,,,no
Ken,Cameron,Geelong,,16,179,1934-01-31,22,1954,1956,False,,,,no
Brad,Campbell,Stkilda,,41,181,1975-12-21,22,1997,1999,False,,,,no
Bob,Chisholm,Sydney,,33,185,1940-11-14,22,1960,1962,False,,,,no
George,Cochrane,Essendon,,,175,1877-09-25,22,1897,1904,False,,,,no
Dave,Crone,Carlton,,30,180,1893-05-02,22,1917,1920,False,,,,no
Bill,Cutler,Melbourne,,18,184,1900-07-28,22,1930,1931,False,,,,no
Barry,Denny,Melbourne,,7,184,1953-05-10,22,1977,1979,False,,,,no
Bobby,Donald,Essendon,,5,179,1894-03-10,22,1915,1920,False,,,,no
Es,Downey,Melbourne,,36,183,1923-08-11,22,1944,1945,False,,,,no
Marcus,Drum,Fremantle.xlsx,,30,191,1987-05-01,22,2006,2009,False,,,,no
Jack,Farrell,Collingwood,,,,1872-01-03,22,1901,1902,False,,,,no
Jonty,Faull,Richmond,Richmond,26,195,2006-02-01,22,2025,2026,True,KEY_FORWARD,NA,NA,yes
Rob,Foster,Melbourne,,1,189,1947-03-25,22,1964,1967,False,,,,no
Jack,Freeman,Sydney,,9,170,1891-11-15,22,1913,1914,False,,,,no
Vic,Garra,Carlton,,24,183,1935-09-27,22,1956,1959,False,,,,no
Arthur,Gibbs,Collingwood,,,174,1872-12-28,22,1897,1898,False,,,,no
Josh,Gibcus,Richmond,Richmond,28,196,2003-04-04,22,2022,2026,True,KEY_DEFENDER,NA,NA,yes
Denis,Gleeson,Richmond,,9,,1896-01-19,22,1917,1918,False,,,,no
Frank,Gomez,Essendon,,35,184,1909-02-13,22,1929,1932,False,,,,no
Brett,Goodes,WesternBulldogs,,44,183,1984-02-17,22,2013,2015,False,,,,no
Jimmy,Goonan,Carlton,,3,175,1897-02-09,22,1922,1927,False,,,,no
Jack,Greenwood,Sydney,,45,185,1943-12-26,22,1967,1968,False,,,,no
Gary,Guy,Melbourne,,26,175,1952-07-12,22,1975,1976,False,,,,no
Billy,Hall,Essendon,,31,182,1915-09-30,22,1935,1942,False,,,,no
James,Harmes,WesternBulldogs,Western Bulldogs,22,185,1995-10-05,22,2024,2025,False,MIDFIELDER,NA,NA,yes
Ron,Harris,Hawthorn,,12,185,1924-01-16,22,1942,1946,False,,,,no
Kyle,Hartigan,Hawthorn,,28,194,1991-11-07,22,2021,2022,False,,,,no
Dean,Herbert,Stkilda,,20,198,1956-01-24,22,1979,1981,False,,,,no
Malcolm,Hill,Hawthorn,,11,188,1938-10-07,22,1960,1962,False,,,,no
Clayton,Hinkley,Fremantle.xlsx,,19,186,1989-02-21,22,2008,2011,False,,,,no
Gordon,Hislop,Richmond,,9,180,1901-06-01,22,1923,1924,False,,,,no
Simon,Hogan,Geelong,,34,182,1988-08-16,22,2009,2011,False,,,,no
Eric,Huxtable,Sydney,,14,182,1908-10-27,22,1941,1942,False,,,,no
Jim,Jackson,Hawthorn,,1,174,1890-04-28,22,1925,1926,False,,,,no
Graeme,Jenkin,Essendon,,14,193,1945-09-05,22,1974,1976,False,,,,no
Ben,Kavanagh,NorthMelbourne,,26,178,1905-02-14,22,1928,1929,False,,,,no
Wally,Kelly,WesternBulldogs,,16,179,1914-01-17,22,1933,1938,False,,,,no
Jeff,Kline,Geelong,,36,178,1950-05-13,22,1970,1973,False,,,,no
Mitch,Knevitt,Geelong,Geelong,10,193,2003-01-08,22,2022,2026,True,KEY_FORWARD,nationalDraft,25,yes
Nick,Kommer,Essendon,,38,185,1990-09-28,22,2013,2016,False,,,,no
Bob,Kupsch,Stkilda,,3,175,1933-11-27,22,1957,1958,False,,,,no
Michael,Lenaghan,Geelong,,32,181,1958-07-15,22,1984,1986,False,,,,no
Lewis,Leslie,Sydney,,15,178,1934-01-19,22,1954,1956,False,,,,no
Pye,Lewis,WesternBulldogs,,12,161,1909-08-11,22,1935,1936,False,,,,no
Harry,Lippiatt,Essendon,,17,177,1917-12-24,22,1938,1939,False,,,,no
Jay,Lockhart,Melbourne,,41,177,1996-02-03,22,2019,2020,False,,,,no
Wal,Matthews,Sydney,,35,183,1894-05-12,22,1922,1924,False,,,,no
Matthew,McCarthy,Geelong,,26,198,1981-12-14,22,2003,2006,False,,,,no
Niall,McKeever,Brisbane,,40,196,1989-02-16,22,2011,2013,False,,,,no
Barney,McKellar,WesternBulldogs,,30,178,1940-02-01,22,1960,1962,False,,,,no
Michael,McKenna,Richmond,,30,171,1961-04-04,22,1985,1985,False,,,,no
Brian,McMillan,Richmond,,17,178,1941-01-16,22,1962,1964,False,,,,no
Pat,McNamara,Sydney,,12,180,1912-01-10,22,1939,1940,False,,,,no
Wally,Milne,Essendon,,14,178,1910-12-13,22,1933,1935,False,,,,no
Brian,Milnes,Stkilda,,23,183,1932-03-12,22,1952,1955,False,,,,no
Sam,Mitchell,WestCoast,,1,180,1982-10-12,22,2017,2017,False,,,,no
Jarryd,Morton,Hawthorn,,35,191,1988-10-05,22,2008,2010,False,,,,no
Bob,Muir,WesternBulldogs,,19,175,1907-04-06,22,1933,1934,False,,,,no
Brodie,Murdoch,Stkilda,,30,188,1994-01-21,22,2013,2016,False,,,,no
Fred,Nixon,Stkilda,,,,1874-09-26,22,1903,1904,False,,,,no
Frank,ORourke,Carlton,,32,179,1906-01-21,22,1931,1932,False,,,,no
Roy,Ostberg,Stkilda,,10,182,1897-03-21,22,1918,1919,False,,,,no
Jim,Phipps,Essendon,,,,1884-04-20,22,1904,1906,False,,,,no
Michael,Phyland,Sydney,,31,181,1965-09-29,22,1987,1990,False,,,,no
Les,Powell,Geelong,,4,185,1921-04-13,22,1944,1946,False,,,,no
Fred,Pringle,Carlton,,4,180,1899-12-22,22,1923,1924,False,,,,no
Michael,Reynolds,Melbourne,,46,187,1963-07-30,22,1983,1986,False,,,,no
Ned,Richardson,Essendon,,12,180,1886-05-26,22,1915,1918,False,,,,no
Allen,Rogers,WesternBulldogs,,35,173,1930-08-09,22,1952,1953,False,,,,no
Tom,Ruggles,Geelong,,36,186,1992-04-25,22,2016,2017,False,,,,no
Jim,Sandral,Melbourne,,8,179,1933-02-19,22,1956,1957,False,,,,no
Josh,Saunders,Stkilda,,35,180,1994-08-31,22,2013,2015,False,,,,no
George,Spilcker,Stkilda,,,,1874-06-12,22,1899,1901,False,,,,no
Jack,Stephenson,Carlton,,3,168,1900-07-29,22,1920,1922,False,,,,no
Alan,Stevens,Stkilda,,8,183,1923-08-05,22,1948,1950,False,,,,no
Loy,Stewart,Geelong,,32,183,1927-05-19,22,1951,1952,False,,,,no
Jake,Stringer,GWS,GWS,20,192,1994-04-25,22,2025,2026,True,KEY_FORWARD,nationalDraft,5,yes
Bob,Suter,Essendon,,5,173,1928-06-09,22,1956,1958,False,,,,no
Bob,Templeton,WesternBulldogs,,2,178,1927-10-25,22,1947,1953,False,,,,no
Arthur,Thompson,Carlton,,,,1871-11-06,22,1899,1901,False,,,,no
Barry,Thornton,WesternBulldogs,,13,180,1940-07-04,22,1959,1961,False,,,,no
Jim,Tuckwell,Geelong,,15,185,1927-07-23,22,1949,1952,False,,,,no
Bob,Turner,Melbourne,,10,183,1936-06-21,22,1957,1961,False,,,,no
Alec,Waterman,Essendon,,45,183,1996-08-19,22,2021,2022,False,,,,no
Fred,Waugh,Sydney,,,,1869-12-01,22,1897,1900,False,,,,no
Hughie,Webb,Geelong,,,,1878-11-14,22,1900,1903,False,,,,no
Billy,Wells,Stkilda,,10,175,1920-11-08,22,1944,1945,False,,,,no
Peter,Whyte,Geelong,,33,185,1969-02-25,22,1986,1988,False,,,,no
Jim,Yewers,Stkilda,,14,191,1917-11-01,22,1939,1942,False,,,,no
Cain,Ackland,Carlton,,11,196,1982-03-16,21,2007,2008,False,,,,no
Matthew,Allan,Essendon,,27,198,1975-02-26,21,2004,2005,False,,,,no
Graeme,Atkins,Collingwood,,5,178,1963-10-30,21,1987,1989,False,,,,no
Ernie,Barber,Sydney,,4,175,1895-05-30,21,1918,1919,False,,,,no
Keith,Batchelor,NorthMelbourne,,18,183,1930-10-04,21,1956,1957,False,,,,no
Tom,Bell,Brisbane,,7,188,1991-06-13,21,2016,2018,False,,,,no
Trevor,Best,Carlton,,6,175,1942-04-02,21,1963,1964,False,,,,no
Edric,Bickford,Carlton,,31,180,1894-03-30,21,1920,1922,False,,,,no
Max,Blumfield,Sydney,,3,174,1922-08-14,21,1943,1946,False,,,,no
Jack,Bristow,Melbourne,,14,177,1886-09-30,21,1912,1913,False,,,,no
Gerry,Britt,NorthMelbourne,,13,180,1902-10-23,21,1925,1927,False,,,,no
Geoff,Brokenshire,Carlton,,31,183,1922-07-15,21,1949,1950,False,,,,no
Tony,Burgess,Collingwood,,20,188,1961-02-13,21,1985,1986,False,,,,no
Mike,Butcher,Hawthorn,,24,193,1942-11-09,21,1964,1965,False,,,,no
Michael,Byrne,Sydney,,14,200,1958-12-02,21,1987,1989,False,,,,no
Greg,Clark,WestCoast,,39,195,1997-05-24,21,2022,2023,False,,,,no
Fred,Clarke,Richmond,,17,183,1932-12-01,21,1951,1953,False,,,,no
Bob,Cockerell,WesternBulldogs,,38,175,1951-11-05,21,1971,1972,False,,,,no
Frank,Considine,Hawthorn,,7,175,1934-04-01,21,1954,1957,False,,,,no
Graeme,Cook,WesternBulldogs,,34,178,1950-04-22,21,1971,1973,False,,,,no
Graeme,Cordy,Sydney,,28,189,1962-10-23,21,1987,1989,False,,,,no
Max,Cross,WesternBulldogs,,8,182,1934-07-11,21,1956,1957,False,,,,no
Jim,Crowe,Collingwood,,34,171,1909-05-18,21,1936,1937,False,,,,no
Charlie,Curtis,Carlton,,,171,1878-12-17,21,1898,1900,False,,,,no
Ryan,Davis,Goldcoast,,39,188,1989-06-07,21,2016,2017,False,,,,no
Stan,Dawson,Collingwood,,5,179,1917-08-12,21,1938,1941,False,,,,no
Richard,Daykin,Collingwood,,,171,1887-01-07,21,1908,1910,False,,,,no
Gary,Dhurrkay,NorthMelbourne,,3,181,1974-03-04,21,1999,2000,False,,,,no
Nathan,Djerrkura,WesternBulldogs,,33,174,1988-09-19,21,2011,2012,False,,,,no
Lance,Dobson,NorthMelbourne,,11,173,1921-02-26,21,1943,1944,False,,,,no
Jamie,Dunlop,Carlton,,24,196,1966-01-05,21,1987,1990,False,,,,no
John,Durnan,Stkilda,,16,178,1957-07-11,21,1980,1982,False,,,,no
Joe,Evans,Essendon,,16,177,1920-04-20,21,1940,1942,False,,,,no
Orazio,Fantasia,Carlton,,14,178,1995-09-14,21,2024,2025,False,,,,no
Ron,Fletcher,NorthMelbourne,,34,185,1927-04-29,21,1951,1952,False,,,,no
Frank,Ford,Essendon,,15,171,1907-12-25,21,1932,1933,False,,,,no
Simon,Fraser,Essendon,,,179,1886-08-25,21,1905,1906,False,,,,no
Conor,Glass,Hawthorn,,13,189,1997-09-28,21,2017,2020,False,,,,no
Garney,Goodrick,Carlton,,29,188,1895-02-19,21,1923,1925,False,,,,no
Nathan,Gordon,Richmond,,39,186,1990-02-12,21,2014,2015,False,,,,no
Geoff,Grant,Richmond,,32,168,1914-12-02,21,1936,1938,False,,,,no
Brady,Grey,Fremantle.xlsx,,28,180,1995-07-20,21,2015,2018,False,,,,no
Jim,Gull,Sydney,,26,177,1928-09-20,21,1949,1950,False,,,,no
Bill,Harrington,WesternBulldogs,,11,188,1942-01-15,21,1962,1963,False,,,,no
Ben,Haynes,Essendon,,39,182,1981-06-27,21,2003,2005,False,,,,no
Herman,Hellwig,Collingwood,,,,1875-06-30,21,1897,1899,False,,,,no
Colin,Holt,Richmond,,21,175,1934-04-27,21,1958,1959,False,,,,no
Stephen,Hooper,Geelong,,10,198,1969-05-09,21,1991,1993,False,,,,no
George,Hope,Geelong,,24,,1891-09-12,21,1917,1919,False,,,,no
Cameron,Howat,Richmond,,43,182,1985-01-30,21,2006,2008,False,,,,no
Alby,Ingleman,Carlton,,,,1886-05-09,21,1905,1908,False,,,,no
Stevan,Jackson,Richmond,,16,190,1970-03-09,21,1992,1993,False,,,,no
Les,Jarry,Sydney,,28,183,1928-09-28,21,1948,1949,False,,,,no
Courtney,Johns,Essendon,,21,194,1984-11-14,21,2005,2008,False,,,,no
Max,Kelly,Geelong,,7,170,1909-11-27,21,1931,1933,False,,,,no
Bob,Kelsey,Carlton,,9,180,1925-09-27,21,1947,1948,False,,,,no
John,Kelton,Sydney,,23,189,1937-07-25,21,1957,1960,False,,,,no
Bob,Kenna,Stkilda,,2,174,1908-10-24,21,1932,1933,False,,,,no
Trent,Knobel,Richmond,,13,204,1980-05-23,21,2005,2006,False,,,,no
Chris,Lamb,Melbourne,,29,192,1981-03-11,21,1999,2003,False,,,,no
Bert,Lenne,Stkilda,,8,183,1889-08-02,21,1923,1924,False,,,,no
Ben,Lennon,Richmond,,35,188,1995-07-05,21,2014,2017,False,,,,no
Stephen,Lunn,WesternBulldogs,,15,180,1956-03-12,21,1983,1984,False,,,,no
Norm,MacKay,Geelong,,20,177,1890-11-15,21,1917,1918,False,,,,no
Finlay,Macrae,Collingwood,West Coast,18,186,2002-03-13,21,2021,2024,False,MIDFIELDER,nationalDraft,19,yes
Les,Main,Collingwood,,13,178,1915-11-26,21,1941,1943,False,,,,no
Beau,Maister,Stkilda,,37,194,1986-03-20,21,2012,2014,False,,,,no
Mal,Markillie,Stkilda,,,173,1880-12-14,21,1899,1903,False,,,,no
John,McCarthy,PortAdelaide,,35,189,1989-11-19,21,2012,2012,False,,,,no
Norm,McDermott,Essendon,,2,173,1913-05-13,21,1937,1939,False,,,,no
Jack,McDonough,Sydney,,,,1879-07-26,21,1902,1903,False,,,,no
Jerry,McGrath,Stkilda,,,,1874-12-25,21,1897,1903,False,,,,no
Tommy,McHenry,WesternBulldogs,,24,168,1903-06-02,21,1925,1926,False,,,,no
Neil,McIntosh,Collingwood,,22,183,1920-10-15,21,1942,1944,False,,,,no
Warren,McKenzie,Sydney,,45,190,1964-07-31,21,1991,1992,False,,,,no
Croft,McKenzie,Carlton,,15,178,1894-02-17,21,1920,1923,False,,,,no
Viv,Michie,Melbourne,,22,185,1992-02-23,21,2014,2016,False,,,,no
Brent,Moloney,Brisbane,,3,181,1984-01-28,21,2013,2014,False,,,,no
Basil,Moloney,Richmond,,32,178,1941-02-10,21,1961,1963,False,,,,no
Terry,Moore,Hawthorn,,33,196,1951-08-06,21,1979,1980,False,,,,no
Bernie,Moran,Carlton,,37,185,1930-10-13,21,1954,1955,False,,,,no
Chad,Morrison,Collingwood,,7,184,1978-03-29,21,2005,2006,False,,,,no
John,Moylan,WesternBulldogs,,9,183,1953-01-11,21,1979,1980,False,,,,no
Ian,Muller,Stkilda,,25,186,1965-07-23,21,1988,1991,False,,,,no
Jack,Muller,Geelong,,27,173,1919-12-27,21,1945,1946,False,,,,no
Wally,Mutimer,Carlton,,3,183,1907-07-30,21,1934,1936,False,,,,no
Ray,Nilsson,Sydney,,37,177,1938-11-26,21,1964,1965,False,,,,no
Barry,Norsworthy,Melbourne,,12,173,1951-10-16,21,1977,1979,False,,,,no
Bert,Parke,Carlton,,29,179,1886-04-21,21,1905,1913,False,,,,no
James,Podsiadly,Adelaide,,1,193,1981-09-10,21,2014,2014,False,,,,no
Dean,Polo,Stkilda,,34,187,1986-08-05,21,2011,2012,False,,,,no
Ron,Porta,Sydney,,40,185,1936-06-03,21,1960,1961,False,,,,no
Bob,Porter,Sydney,,22,178,1942-09-16,21,1962,1964,False,,,,no
Bill,Pritchard,Geelong,,21,183,1927-01-29,21,1948,1951,False,,,,no
Warren,Ralph,Carlton,,22,190,1959-02-25,21,1984,1986,False,,,,no
Barry,Rist,Collingwood,,14,171,1941-06-22,21,1961,1963,False,,,,no
David,Robbie,Melbourne,,28,173,1944-05-11,21,1963,1965,False,,,,no
Jim,Roberts,Geelong,,15,180,1931-11-19,21,1953,1956,False,,,,no
Paul,Rouvray,Adelaide,,45,189,1972-04-18,21,1992,1994,False,,,,no
Les,Rowell,Stkilda,,24,173,1921-10-22,21,1942,1945,False,,,,no
Harry,Rowston,GWS,GWS,24,182,2004-08-12,21,2023,2026,True,MIDFIELDER,nationalDraft,16,yes
Billy,Rudd,Richmond,,18,185,1894-02-27,21,1917,1918,False,,,,no
Nick,Salter,PortAdelaide,,19,190,1987-07-30,21,2008,2011,False,,,,no
Joe,Scaddan,Collingwood,,,179,1886-08-01,21,1910,1910,False,,,,no
Algy,Sharp,Stkilda,,22,180,1889-06-30,21,1914,1915,False,,,,no
Bill,Sherman,WesternBulldogs,,28,175,1909-07-27,21,1930,1932,False,,,,no
Brennan,Stack,WesternBulldogs,,18,184,1988-05-26,21,2009,2011,False,,,,no
Frank,Sutherland,Stkilda,,3,191,1929-12-12,21,1950,1952,False,,,,no
Roly,Tasker,Hawthorn,,29,169,1907-08-28,21,1928,1929,False,,,,no
Stephen,Tiller,WesternBulldogs,,35,191,1987-03-26,21,2007,2009,False,,,,no
Stan,Trebilco,Carlton,,7,171,1897-12-24,21,1924,1925,False,,,,no
Len,Vautier,Geelong,,12,180,1909-03-23,21,1928,1932,False,,,,no
Daniel,Venables,WestCoast,,18,187,1998-11-19,21,2018,2019,False,,,,no
Ed,Vickers-Willis,NorthMelbourne,,33,190,1996-03-28,21,2017,2020,False,,,,no
Paul,Wadham,Collingwood,,22,196,1943-03-31,21,1964,1965,False,,,,no
Doug,Watsford,Collingwood,,,184,1876-02-27,21,1899,1900,False,,,,no
Rod,Watt,Essendon,,8,173,1895-01-02,21,1925,1927,False,,,,no
Jack,Watts,PortAdelaide,,23,196,1991-03-26,21,2018,2019,False,,,,no
Eric,White,Sydney,,50,193,1942-09-10,21,1963,1965,False,,,,no
Nicky,Winmar,WesternBulldogs,,1,183,1965-09-25,21,1999,1999,False,,,,no
Taj,Woewodin,Melbourne,,40,182,2003-03-26,21,2023,2025,False,,,,no
Warwick,Yates,Geelong,,39,193,1951-04-24,21,1971,1973,False,,,,no
Clinton,Young,Collingwood,,14,189,1986-02-16,21,2013,2014,False,,,,no
Robert,Adams,Geelong,,9,183,1949-06-06,20,1970,1971,False,,,,no
Harry,Allen,Geelong,,22,168,1890-05-21,20,1914,1919,False,,,,no
Jayden,Attard,Stkilda,,43,187,1986-02-27,20,2007,2007,False,,,,no
Bill,Baxter,Melbourne,,3,183,1919-05-29,20,1939,1941,False,,,,no
Wayne,Bevan,Hawthorn,,37,192,1953-01-26,20,1973,1975,False,,,,no
Bob,Bird,Carlton,,,,1875-06-17,20,1899,1900,False,,,,no
Craig,Bird,Essendon,,24,179,1989-01-21,20,2016,2017,False,,,,no
Shane,Birss,Stkilda,,22,183,1983-03-11,20,2007,2008,False,,,,no
Bob,Bosustow,Carlton,,4,178,1934-06-08,20,1955,1956,False,,,,no
Glen,Bowyer,Carlton,,18,181,1979-12-28,20,2004,2005,False,,,,no
Frank,Bult,WesternBulldogs,,15,183,1901-04-30,20,1927,1928,False,,,,no
Dave,Burke,NorthMelbourne,,7,185,1916-10-14,20,1936,1939,False,,,,no
Ronnie,Burns,Adelaide,,5,183,1973-03-13,20,2003,2004,False,,,,no
Craig,Burrows,Fremantle.xlsx,,33,192,1972-12-20,20,1995,1997,False,,,,no
Eddie,Byers,Melbourne,,,175,1875-02-10,20,1898,1900,False,,,,no
Ted,Cahill,WesternBulldogs,,28,187,1902-09-10,20,1927,1928,False,,,,no
Ernest,Carter,Carlton,,14,188,1889-02-24,20,1916,1920,False,,,,no
George,Cathie,Hawthorn,,9,178,1905-10-26,20,1929,1930,False,,,,no
John,Clemenger,Geelong,,15,173,1891-08-06,20,1919,1921,False,,,,no
Tim,Collins,Melbourne,,4,166,1889-12-24,20,1914,1915,False,,,,no
Bob,Collins,WesternBulldogs,,23,183,1934-12-25,20,1954,1956,False,,,,no
Eric,Comerford,Stkilda,,1,178,1912-07-03,20,1942,1945,False,,,,no
John,Cooper,Hawthorn,,5,183,1933-05-23,20,1956,1957,False,,,,no
Alan,Cordner,Collingwood,,4,183,1890-05-06,20,1913,1914,False,,,,no
Col,Crawford,Essendon,,11,173,1913-05-14,20,1934,1935,False,,,,no
Alwyn,Davey,Essendon,,33,181,2004-02-26,20,2023,2024,False,,,,no
Hec,Davidson,Melbourne,,5,170,1908-03-29,20,1930,1932,False,,,,no
Rick,Davies,Hawthorn,,11,188,1952-04-08,20,1981,1981,False,,,,no
Artie,Dawson,Stkilda,,30,,1891-06-17,20,1918,1921,False,,,,no
Russell,Dickson,Collingwood,,19,175,1964-01-28,20,1985,1987,False,,,,no
Jack,Drinan,Stkilda,,26,178,1923-10-19,20,1947,1948,False,,,,no
Alan,Elliott,Geelong,,11,178,1925-06-11,20,1945,1947,False,,,,no
Jack,Ferguson,Sydney,,27,,1901-07-21,20,1926,1928,False,,,,no
Stan,Fisher,Hawthorn,,29,174,1911-02-04,20,1931,1932,False,,,,no
Lindsay,Fox,Stkilda,,33,184,1937-04-19,20,1959,1961,False,,,,no
Gordon,Geddes,Stkilda,,31,175,1922-07-08,20,1944,1945,False,,,,no
Bob,Goode,NorthMelbourne,,26,183,1943-10-28,20,1963,1966,False,,,,no
Norm,Gordes,Hawthorn,,8,196,1946-01-08,20,1965,1967,False,,,,no
Mark,Graham,Richmond,,34,190,1973-03-13,20,2005,2005,False,,,,no
Ted,Greeves,Geelong,,,,1878-12-16,20,1897,1899,False,,,,no
Mitch,Grigg,Adelaide,,38,182,1993-01-02,20,2013,2015,False,,,,no
Mitch,Hallahan,Goldcoast,,14,183,1992-08-23,20,2015,2017,False,,,,no
Jack,Hannath,Fremantle.xlsx,,38,201,1991-07-09,20,2013,2016,False,,,,no
Robert,Hansen,NorthMelbourne,,46,182,2004-03-13,20,2023,2025,False,,,,no
Riley,Hardeman,NorthMelbourne,North Melbourne,17,184,2005-02-27,20,2024,2025,False,MEDIUM_DEFENDER,nationalDraft,23,yes
Tim,Hargreaves,Geelong,,22,184,1975-05-30,20,1997,1998,False,,,,no
Harry,Harley,Melbourne,,22,180,1916-02-06,20,1938,1939,False,,,,no
Wally,Harris,WesternBulldogs,,12,175,1919-06-10,20,1941,1943,False,,,,no
Ken,Hedt,Collingwood,,18,173,1936-11-15,20,1956,1956,False,,,,no
Ken,Herbert,Collingwood,,4,173,1924-12-27,20,1942,1945,False,,,,no
Wayne,Hernaman,Richmond,,11,180,1972-05-15,20,1993,1994,False,,,,no
Danny,Hibbert,Collingwood,,36,178,1948-11-16,20,1968,1970,False,,,,no
Bill,Hickey,Melbourne,,7,179,1886-01-28,20,1911,1912,False,,,,no
Vic,Hill,Sydney,,15,175,1926-10-17,20,1948,1949,False,,,,no
Tom,Hislop,Richmond,,27,185,1988-06-07,20,2009,2011,False,,,,no
Marty,Hore,Melbourne,,34,190,1996-03-05,20,2019,2024,False,,,,no
Christian,Howard,WesternBulldogs,,30,184,1991-03-19,20,2011,2014,False,,,,no
Harry,Johns,WesternBulldogs,,11,183,1903-12-03,20,1926,1928,False,,,,no
Doug,Johnson,NorthMelbourne,,19,175,1920-12-02,20,1948,1949,False,,,,no
Bob,Jones,Stkilda,,31,192,1961-10-22,20,1988,1989,False,,,,no
Arthur,Jones,WesternBulldogs,Western Bulldogs,32,180,2003-07-18,20,2023,2026,True,MEDIUM_FORWARD,NA,NA,yes
Harry,Kerley,Stkilda,,16,178,1894-12-12,20,1921,1922,False,,,,no
Bill,Koop,Carlton,,4,179,1906-03-21,20,1925,1928,False,,,,no
Darcy,Lang,Carlton,,16,183,1995-11-21,20,2018,2020,False,,,,no
Stan,Le Lievre,Stkilda,,27,183,1920-07-31,20,1945,1947,False,,,,no
Tom,Lowrie,Stkilda,,11,178,1896-12-01,20,1920,1922,False,,,,no
Dave,Lynch,Richmond,,33,179,1902-03-13,20,1922,1929,False,,,,no
Bill,Maslen,Stkilda,,5,173,1916-01-01,20,1939,1940,False,,,,no
Len,May,Stkilda,,32,180,1899-04-18,20,1925,1926,False,,,,no
Sam,Mayes,PortAdelaide,,32,189,1994-05-20,20,2020,2022,False,,,,no
Jack,Megson,Richmond,,,169,1883-04-20,20,1908,1909,False,,,,no
Anthony,Mellington,NorthMelbourne,,20,187,1974-07-27,20,1997,1999,False,,,,no
Geoff,Miles,Geelong,,2,185,1962-01-10,20,1992,1992,False,,,,no
Paddy,Mills,Carlton,,24,174,1884-03-17,20,1912,1913,False,,,,no
Glenn,Molloy,Melbourne,,28,186,1971-09-13,20,1993,1996,False,,,,no
Dick,Monteith,Essendon,,19,175,1887-07-20,20,1910,1912,False,,,,no
Danny,Morton,PortAdelaide,,13,175,1973-07-01,20,1998,2000,False,,,,no
David,Muir,Fremantle.xlsx,,21,186,1971-07-17,20,1995,1996,False,,,,no
Barry,Mulcair,Carlton,,35,185,1948-10-01,20,1970,1971,False,,,,no
Bob,Murdoch,Hawthorn,,23,174,1909-06-17,20,1932,1933,False,,,,no
Ray,Murphy,NorthMelbourne,,28,189,1935-07-14,20,1957,1958,False,,,,no
Robert,Neal,Stkilda,,36,178,1956-12-16,20,1987,1988,False,,,,no
Michael,OConnell,WestCoast,,22,190,1962-01-17,20,1987,1988,False,,,,no
Charlie,OConnor,Carlton,,,,1882-05-27,20,1902,1904,False,,,,no
Kevin,Parker,Sydney,,3,178,1943-05-02,20,1964,1966,False,,,,no
Frank,Pearce,NorthMelbourne,,44,177,1904-06-13,20,1932,1933,False,,,,no
Derek,Peardon,Richmond,,6,183,1950-09-24,20,1968,1971,False,,,,no
Graeme,Pinfold,Melbourne,,20,170,1936-04-24,20,1957,1961,False,,,,no
Cyril,Powell,Sydney,,19,178,1898-03-05,20,1928,1929,False,,,,no
Luke,Power,GWS,,6,179,1980-01-08,20,2012,2012,False,,,,no
Frank,Pritchard,Carlton,,14,179,1899-06-06,20,1922,1923,False,,,,no
Lionel,Proctor,Richmond,,40,179,1979-11-27,20,1998,2001,False,,,,no
Frank,Prowse,Hawthorn,,31,192,1923-08-04,20,1949,1950,False,,,,no
Stephen,Rae,Richmond,,13,180,1952-04-30,20,1973,1974,False,,,,no
Bill,Reardon,WesternBulldogs,,20,183,1928-10-30,20,1950,1952,False,,,,no
Curtis,Reid,Melbourne,,,179,1876-04-25,20,1899,1903,False,,,,no
Archer,Reid,WestCoast,West Coast,22,203,2005-09-19,20,2025,2026,True,KEY_FORWARD,nationalDraft,30,yes
Jonathon,Ross,Adelaide,,39,193,1973-11-03,20,1992,1996,False,,,,no
Bill,Ross,Sydney,,10,178,1944-03-30,20,1963,1964,False,,,,no
Ern,Rowarth,Melbourne,,1,185,1926-06-28,20,1945,1947,False,,,,no
Larry,Rowe,Richmond,,31,182,1941-01-10,20,1958,1961,False,,,,no
Jason,Saddington,Carlton,,9,194,1979-10-23,20,2006,2008,False,,,,no
Eric,Shade,WesternBulldogs,,24,170,1912-10-03,20,1929,1930,False,,,,no
Wally,Shearer,WesternBulldogs,,20,178,1918-09-29,20,1941,1942,False,,,,no
Dawson,Simpson,GWS,,26,210,1989-02-17,20,2017,2019,False,,,,no
Lou,Sleeth,Richmond,,6,173,1916-02-26,20,1937,1938,False,,,,no
Bill,Sneazwell,Collingwood,,27,182,1906-04-03,20,1926,1928,False,,,,no
Clem,Splatt,Hawthorn,,7,188,1899-09-17,20,1925,1927,False,,,,no
Don,Star,Sydney,,17,178,1931-09-05,20,1954,1955,False,,,,no
Jake,Stein,GWS,,42,195,1994-01-17,20,2019,2022,False,,,,no
Nathan,Steinberner,PortAdelaide,,34,176,1977-03-11,20,1997,2001,False,,,,no
Ray,Sterrett,Geelong,,9,185,1965-03-24,20,1989,1991,False,,,,no
Charlie,Stewart,WesternBulldogs,,5,178,1939-03-19,20,1961,1961,False,,,,no
Cameron,Stokes,Hawthorn,,44,174,1989-07-02,20,2008,2010,False,,,,no
Conor,Stone,GWS,GWS,18,188,2002-04-22,20,2021,2025,False,MEDIUM_DEFENDER,rookieElevation,9,yes
Liam,Sumner,Carlton,,19,177,1993-08-16,20,2016,2017,False,,,,no
Neil,Sutherland,Geelong,,32,191,1942-05-19,20,1961,1963,False,,,,no
Robbie,Tarrant,Richmond,,6,196,1989-04-25,20,2022,2022,False,,,,no
Doug,Tassell,Essendon,,33,185,1945-12-28,20,1969,1970,False,,,,no
Laurie,Taylor,Richmond,,25,175,1918-10-21,20,1944,1947,False,,,,no
Charlie,Teather,Essendon,,,,1889-01-24,20,1906,1910,False,,,,no
Luke,Thompson,Adelaide,,28,194,1991-02-08,20,2011,2014,False,,,,no
Len,Thompson,Sydney,,2,200,1947-08-27,20,1979,1979,False,,,,no
Eric,Tonkin,Melbourne,,2,175,1894-01-11,20,1919,1920,False,,,,no
Travis,Tuck,Hawthorn,,22,188,1987-09-07,20,2007,2009,False,,,,no
Rod,Waddell,Geelong,,6,179,1957-05-23,20,1982,1984,False,,,,no
Richard,Walter,Hawthorn,,45,193,1959-04-08,20,1977,1980,False,,,,no
Jim,Walton,Richmond,,20,188,1934-06-03,20,1954,1955,False,,,,no
Dick,Welch,Essendon,,15,182,1913-01-30,20,1936,1938,False,,,,no
Michael,Werner,Sydney,,9,188,1969-06-10,20,1993,1994,False,,,,no
Shane,Whelan,Collingwood,,26,188,1946-06-15,20,1967,1969,False,,,,no
Paul,White,Stkilda,,21,,1893-07-04,20,1911,1919,False,,,,no
Ray,Willett,Collingwood,,8,189,1941-08-22,20,1960,1964,False,,,,no
Billy,Wilton,Geelong,,23,184,1889-03-17,20,1908,1914,False,,,,no
Jim,Wright,Geelong,,12,180,1949-09-26,20,1970,1972,False,,,,no
John,Allan,Collingwood,,,,1879-10-26,19,1902,1903,False,,,,no
Edward,Allan,Collingwood,Collingwood,16,194,2004-05-26,19,2024,2026,True,MIDFIELDER,nationalDraft,19,yes
David,Armour,Geelong,,28,188,1954-07-23,19,1974,1976,False,,,,no
Jack,Baggott,Essendon,,10,182,1906-07-20,19,1936,1937,False,,,,no
Mitchell,Banner,PortAdelaide,,31,179,1990-06-05,19,2010,2011,False,,,,no
Geoff,Barwick,Hawthorn,,14,187,1919-09-29,19,1945,1945,False,,,,no
Joe,Berry,PortAdelaide,Port Adelaide,5,181,2006-04-18,19,2025,2026,True,MEDIUM_FORWARD,nationalDraft,15,yes
Andrew,Bews,Brisbane,,25,175,1964-07-19,19,1997,1998,False,,,,no
Justin,Blumfield,Richmond,,13,188,1977-11-24,19,2003,2004,False,,,,no
Cam,Bogie,NorthMelbourne,,7,182,1915-04-06,19,1944,1945,False,,,,no
Riley,Bonner,Stkilda,,36,190,1997-03-07,19,2024,2024,False,,,,no
Dean,Brogan,GWS,,50,200,1978-12-14,19,2012,2013,False,,,,no
Tim,Callan,WesternBulldogs,,33,181,1984-01-06,19,2008,2010,False,,,,no
Warren,Campbell,NorthMelbourne,,39,185,1974-10-19,19,1994,1995,False,,,,no
Scott,Camporeale,Essendon,,17,180,1975-08-11,19,2006,2007,False,,,,no
George,Caris,Sydney,,18,182,1927-06-08,19,1948,1950,False,,,,no
Peter,Clancy,Stkilda,,36,177,1935-01-31,19,1956,1957,False,,,,no
Simon,Crawshay,Hawthorn,,23,200,1974-08-25,19,1994,1996,False,,,,no
Charlie,Culph,Sydney,,11,175,1920-10-24,19,1942,1944,False,,,,no
Lou,Daily,Geelong,,20,185,1911-01-31,19,1934,1934,False,,,,no
Gerry,Daly,Melbourne,,27,175,1915-01-19,19,1939,1946,False,,,,no
Victor,Davis,Carlton,,34,,1902-11-02,19,1925,1926,False,,,,no
Kallan,Dawson,NorthMelbourne,,42,196,1998-07-22,19,2022,2025,False,,,,no
Harry,Dern,Carlton,,6,183,1929-05-10,19,1950,1953,False,,,,no
Jack,Diprose,NorthMelbourne,,6,177,1905-10-12,19,1933,1934,False,,,,no
Don,Dixon,Collingwood,,30,183,1937-11-18,19,1958,1960,False,,,,no
Norm,Duncan,Sydney,,25,191,1922-12-16,19,1944,1946,False,,,,no
Vaughan,Ellis,Collingwood,,10,191,1947-08-03,19,1965,1969,False,,,,no
Mick,Ennis,Hawthorn,,22,183,1901-04-25,19,1925,1927,False,,,,no
Dale,Evans,Stkilda,,22,191,1960-06-13,19,1977,1979,False,,,,no
Dinny,Fagan,Sydney,,27,180,1906-03-17,19,1929,1931,False,,,,no
Horrie,Farmer,NorthMelbourne,,12,178,1909-08-28,19,1936,1937,False,,,,no
Jack,Fidler,Stkilda,,29,177,1905-09-29,19,1926,1927,False,,,,no
Nigel,Fiegert,PortAdelaide,,17,191,1976-01-28,19,1997,1999,False,,,,no
Jim,Forbes,Stkilda,,16,178,1908-12-26,19,1930,1934,False,,,,no
Peter,Francis,Essendon,,17,185,1958-01-16,19,1987,1988,False,,,,no
Tony,Francis,Stkilda,,14,171,1969-04-01,19,1999,1999,False,,,,no
Brad,Fuller,Collingwood,,11,174,1978-08-08,19,1997,1999,False,,,,no
Peter,Fyffe,Carlton,,24,183,1951-08-22,19,1970,1973,False,,,,no
Frank,Galle,NorthMelbourne,,41,187,1936-12-13,19,1958,1960,False,,,,no
Max,Graham,WesternBulldogs,,34,170,1942-07-13,19,1960,1963,False,,,,no
Jordan,Gysberts,Melbourne,,5,190,1991-06-11,19,2010,2012,False,,,,no
Jim,Haines,Sydney,,1,185,1945-12-20,19,1971,1972,False,,,,no
Fred,Harris,Sydney,,40,179,1937-01-16,19,1957,1959,False,,,,no
Johnny,Hay,Collingwood,,,179,1886-04-21,19,1906,1907,False,,,,no
David,Haynes,Geelong,,8,189,1981-06-10,19,2004,2005,False,,,,no
Ron,Henriksen,WesternBulldogs,,14,179,1936-09-20,19,1956,1958,False,,,,no
Athas,Hrysoulakis,Collingwood,,37,184,1969-01-05,19,1987,1990,False,,,,no
Ray,Huppatz,NorthMelbourne,,10,170,1948-10-06,19,1978,1980,False,,,,no
Paul,Hurst,Melbourne,,20,184,1948-12-19,19,1975,1977,False,,,,no
Jack,Hutchins,Goldcoast,,34,191,1992-02-20,19,2011,2014,False,,,,no
Maurie,Johnson,Sydney,,32,177,1907-01-15,19,1936,1937,False,,,,no
Ron,Johnson,Richmond,,22,170,1938-05-20,19,1961,1962,False,,,,no
Dick,Jones,Sydney,,7,173,1926-06-05,19,1949,1951,False,,,,no
George,Kokkin,NorthMelbourne,,14,175,1925-11-17,19,1947,1950,False,,,,no
Tommy,Lahiff,Hawthorn,,17,168,1910-07-31,19,1942,1944,False,,,,no
Ray,Landorf,Sydney,,30,178,1938-01-24,19,1959,1960,False,,,,no
Tommy,Lang,Stkilda,,4,173,1890-11-11,19,1915,1919,False,,,,no
Noel,Leary,Melbourne,,29,183,1949-09-03,19,1970,1973,False,,,,no
Bruce,Lindner,Adelaide,,9,185,1961-06-20,19,1991,1992,False,,,,no
Jack,Lucas,Sydney,,28,180,1961-04-08,19,1982,1984,False,,,,no
Jim,MacBeth,Stkilda,,27,170,1914-04-07,19,1942,1944,False,,,,no
Mal,MacRae,Essendon,,24,,1907-10-17,19,1930,1931,False,,,,no
James,Magner,Melbourne,,49,178,1987-08-12,19,2012,2013,False,,,,no
Jack,Martin,Geelong,Geelong,19,186,1995-01-29,19,2025,2026,True,MEDIUM_FORWARD,other,1,yes
Terry,Mayne,Geelong,,9,180,1950-12-24,19,1972,1973,False,,,,no
Hamish,McIntosh,Geelong,,17,203,1984-09-04,19,2014,2014,False,,,,no
Jamie,McNamara,WestCoast,,12,183,1988-03-06,19,2007,2009,False,,,,no
Todd,Menegola,Richmond,,29,185,1967-12-25,19,1991,1993,False,,,,no
Dick,Molloy,NorthMelbourne,,26,178,1918-10-14,19,1946,1947,False,,,,no
Peter,Motley,Carlton,,2,185,1964-09-24,19,1986,1987,False,,,,no
Peter,Munro,WesternBulldogs,,10,180,1957-11-16,19,1976,1978,False,,,,no
Bill,Nolan,Sydney,,39,185,1929-07-12,19,1952,1955,False,,,,no
Paddy,Noonan,Carlton,,,,1875-09-04,19,1901,1902,False,,,,no
Bob,ONeill,Richmond,,4,180,1905-04-16,19,1925,1928,False,,,,no
Kevin,Pay,Collingwood,,7,185,1939-11-01,19,1960,1962,False,,,,no
Roy,Payne,Essendon,,16,188,1909-10-07,19,1929,1931,False,,,,no
Peter,Pettigrew,Collingwood,,30,177,1950-09-09,19,1970,1972,False,,,,no
Cameron,Polson,Carlton,,29,177,1998-03-11,19,2017,2020,False,,,,no
Robert,Pyman,Melbourne,,16,180,1971-10-06,19,1997,1997,False,,,,no
Roy,Quinn,NorthMelbourne,,35,185,1919-06-18,19,1945,1946,False,,,,no
Norm,Raines,Stkilda,,18,183,1920-09-22,19,1940,1943,False,,,,no
Alan,Rait,WesternBulldogs,,5,183,1908-11-09,19,1933,1934,False,,,,no
Frankie,Raso,Collingwood,,46,176,1979-09-12,19,1998,1999,False,,,,no
George,Rawle,Essendon,,6,175,1889-12-02,19,1923,1925,False,,,,no
Bob,Reid,WesternBulldogs,,4,188,1924-06-08,19,1948,1949,False,,,,no
Allister,Scott,Richmond,,10,187,1971-06-24,19,1990,1993,False,,,,no
Max,Scott,Sydney,,26,,1906-11-03,19,1929,1931,False,,,,no
Phil,Seaton,Melbourne,,15,183,1957-01-04,19,1978,1980,False,,,,no
Arch,Shields,Carlton,,25,183,1914-05-28,19,1937,1938,False,,,,no
Alan,Sinclair,Stkilda,,27,177,1900-04-17,19,1918,1920,False,,,,no
Frank,Slater,Richmond,,16,178,1934-04-12,19,1953,1955,False,,,,no
Bert,Smedley,Stkilda,,5,,1905-04-01,19,1928,1929,False,,,,no
Harry,Smith,Richmond,,28,173,1916-07-09,19,1938,1939,False,,,,no
Brett,Spinks,Geelong,,14,194,1973-11-07,19,1998,1998,False,,,,no
Jesse,Stringer,Geelong,,41,182,1991-04-03,19,2012,2014,False,,,,no
Tom,Sutherland,Hawthorn,,14,183,1910-06-22,19,1939,1941,False,,,,no
Syd,Tims,Sydney,,19,178,1914-11-12,19,1938,1939,False,,,,no
Ernie,Tout,Melbourne,,,184,1874-08-11,19,1903,1904,False,,,,no
Gary,Tredrea,Collingwood,,24,175,1951-10-06,19,1970,1972,False,,,,no
Elijah,Tsatas,Essendon,Essendon,5,187,2004-10-18,19,2023,2026,True,MIDFIELDER,nationalDraft,5,yes
Graham,Tudor,Carlton,,20,188,1920-10-30,19,1943,1944,False,,,,no
Clete,Turner,Carlton,,27,170,1909-04-23,19,1935,1935,False,,,,no
Les,Vernon,Sydney,,,175,1880-05-29,19,1900,1901,False,,,,no
Wally,Warden,WesternBulldogs,,19,184,1906-04-21,19,1928,1930,False,,,,no
Mowbray,Weir,NorthMelbourne,,24,177,1908-11-24,19,1930,1931,False,,,,no
David,Wheadon,Collingwood,,4,177,1948-05-07,19,1968,1970,False,,,,no
Les,Willis,Stkilda,,33,179,1922-05-02,19,1945,1947,False,,,,no
Tom,Young,WesternBulldogs,,31,191,1992-04-26,19,2013,2014,False,,,,no
Paddy,Abbott,Richmond,,5,183,1889-02-02,18,1919,1920,False,,,,no
Clarrie,Answerth,Hawthorn,,6,179,1901-05-27,18,1928,1929,False,,,,no
Stuart,Atkin,Collingwood,,38,196,1957-05-16,18,1980,1983,False,,,,no
Mack,Atkins,Hawthorn,,20,175,1931-08-18,18,1952,1954,False,,,,no
Brett,Backwell,Carlton,,10,175,1980-05-18,18,1999,2001,False,,,,no
Alan,Barelli,Hawthorn,,7,188,1920-05-20,18,1940,1942,False,,,,no
Leon,Berner,Carlton,,20,179,1935-09-08,18,1955,1957,False,,,,no
Lachlan,Blakiston,Essendon,Essendon,46,203,1998-09-09,18,2025,2026,True,RUCK,other,13,yes
Leo,Bohan,Hawthorn,,15,173,1929-09-16,18,1949,1951,False,,,,no
James,Borlase,Adelaide,Adelaide,35,192,2002-07-18,18,2023,2026,True,KEY_DEFENDER,rookieElevation,20,yes
Daryl,Bourke,Melbourne,,23,179,1965-04-07,18,1985,1986,False,,,,no
Alf,Boyce,Sydney,,10,178,1895-03-03,18,1915,1918,False,,,,no
Jack,Brennan,Sydney,,5,,1897-08-18,18,1917,1918,False,,,,no
Sandy,Brock,WestCoast,West Coast,41,198,2002-12-14,18,2025,2026,True,KEY_DEFENDER,other,NA,yes
Amon,Buchanan,Brisbane,,33,179,1982-10-10,18,2010,2012,False,,,,no
Rohan,Burke,Carlton,,19,183,1961-07-24,18,1981,1986,False,,,,no
Neil,Busse,Sydney,,24,189,1945-04-03,18,1968,1969,False,,,,no
Arnold,Byfield,Melbourne,,34,178,1923-11-01,18,1946,1946,False,,,,no
Des,Calverley,Richmond,,19,168,1919-11-21,18,1946,1947,False,,,,no
Bill,Carmody,Stkilda,,25,178,1922-12-25,18,1946,1947,False,,,,no
Scott,Chisholm,Melbourne,,19,181,1973-05-28,18,1999,2000,False,,,,no
Tom,Clancy,Collingwood,,4,175,1887-04-11,18,1915,1916,False,,,,no
Caiden,Cleary,Sydney,Sydney,33,182,2005-03-05,18,2024,2026,True,MEDIUM_FORWARD,NA,NA,yes
Brett,Cook,Stkilda,,42,194,1973-04-19,18,1997,1999,False,,,,no
Jack,Crane,NorthMelbourne,,34,191,1913-08-26,18,1945,1946,False,,,,no
Jesse,Crichton,Fremantle.xlsx,,44,183,1991-06-18,18,2010,2013,False,,,,no
Len,Cumming,WesternBulldogs,,31,178,1949-04-24,18,1967,1969,False,,,,no
Chris,Dalkin,Collingwood,,47,191,1962-03-03,18,1982,1985,False,,,,no
Liam,Dawson,Brisbane,,24,188,1996-01-23,18,2015,2017,False,,,,no
Rod,Dell,NorthMelbourne,,45,193,1946-11-09,18,1965,1969,False,,,,no
Cairo,Dixon,NorthMelbourne,,21,182,1911-02-04,18,1935,1936,False,,,,no
Jordan,Doering,Carlton,,48,187,1979-09-14,18,2001,2002,False,,,,no
Frank,Donnellan,NorthMelbourne,,7,184,1907-11-17,18,1927,1932,False,,,,no
Peter,Dow,NorthMelbourne,,11,183,1939-10-11,18,1959,1961,False,,,,no
Bernie,Dowling,WesternBulldogs,,7,175,1942-06-06,18,1961,1963,False,,,,no
Horrie,Drane,Sydney,,,171,1881-02-15,18,1907,1909,False,,,,no
Morrie,Ewans,Carlton,,22,180,1894-01-16,18,1919,1921,False,,,,no
Cameron,Faulkner,WesternBulldogs,,18,179,1984-05-22,18,2004,2007,False,,,,no
Lynton,Fitzpatrick,WesternBulldogs,,42,185,1967-01-17,18,1987,1989,False,,,,no
Bob,Flegg,Stkilda,,12,178,1918-08-19,18,1941,1941,False,,,,no
Alister,Ford,Stkilda,,31,196,1963-12-15,18,1986,1987,False,,,,no
Dominic,Fotia,Carlton,,2,178,1969-12-09,18,1989,1991,False,,,,no
Josh,Fraser,Goldcoast,,17,202,1982-01-05,18,2011,2012,False,,,,no
Jack,Green,Collingwood,,25,185,1947-08-02,18,1967,1969,False,,,,no
Daryl,Griffin,WesternBulldogs,,29,180,1976-01-23,18,1995,1996,False,,,,no
Harry,Grigg,Stkilda,,17,174,1899-03-30,18,1919,1921,False,,,,no
Tom,Hammond,Collingwood,,10,175,1896-11-22,18,1921,1923,False,,,,no
Dan,Hannebery,Stkilda,,10,181,1991-02-24,18,2019,2022,False,,,,no
Fred,Hanson,Stkilda,,18,174,1888-05-15,18,1912,1913,False,,,,no
Kevin,Hardiman,Essendon,,22,180,1915-07-24,18,1934,1939,False,,,,no
Tim,Harrington,WesternBulldogs,,30,188,1963-09-19,18,1989,1990,False,,,,no
Liam,Henry,Stkilda,St Kilda,23,179,2001-08-28,18,2024,2025,False,MEDIUM_FORWARD,NA,NA,yes
Don,Hewson,Melbourne,,8,182,1919-10-28,18,1942,1944,False,,,,no
Robert,Hickman,Richmond,,34,185,1942-12-26,18,1961,1964,False,,,,no
Ken,Hogan,Essendon,,29,175,1951-07-24,18,1971,1972,False,,,,no
Bill,Homan,Melbourne,,,,1880-12-25,18,1907,1908,False,,,,no
Jack,Hombsch,Goldcoast,,20,194,1993-03-07,18,2019,2019,False,,,,no
David,Hone,Melbourne,,21,185,1946-06-30,18,1969,1969,False,,,,no
Heath,James,Sydney,,18,189,1980-03-07,18,1999,2004,False,,,,no
Stephen,Jurica,Richmond,,23,194,1976-06-26,18,1995,1997,False,,,,no
Gus,Kearney,Essendon,,,179,1870-11-22,18,1897,1898,False,,,,no
Carlyle,Kenley,Stkilda,,26,,1892-02-26,18,1918,1919,False,,,,no
Paul,Koulouriotis,Geelong,,36,184,1982-02-21,18,2004,2006,False,,,,no
Sam,Lalor,Richmond,Richmond,22,188,2006-08-30,18,2025,2026,True,MIDFIELDER,NA,NA,yes
Fred,Le Deux,Geelong,,22,188,1934-12-04,18,1956,1958,False,,,,no
Graeme,Lee,Stkilda,,35,178,1939-07-12,18,1961,1962,False,,,,no
Jordan,Lisle,Brisbane,,19,196,1990-07-12,18,2012,2014,False,,,,no
Damien,Lock,Carlton,,17,179,1978-10-01,18,1998,1999,False,,,,no
Keith,Long,NorthMelbourne,,7,187,1910-05-09,18,1934,1935,False,,,,no
Charlie,Luke,WesternBulldogs,,26,177,1911-06-22,18,1937,1939,False,,,,no
Quinten,Lynch,Collingwood,,21,192,1983-01-24,18,2013,2013,False,,,,no
Billy,Lynch,Essendon,,21,188,1909-04-14,18,1930,1931,False,,,,no
Harold,Mahony,Sydney,,20,173,1900-08-24,18,1924,1926,False,,,,no
Neville,Martin,Geelong,,24,188,1936-08-14,18,1958,1958,False,,,,no
Kane,McAuliffe,Richmond,Richmond,28,187,2005-03-01,18,2024,2026,True,MIDFIELDER,NA,NA,yes
Bert,McComb,Hawthorn,,34,180,1906-09-27,18,1925,1929,False,,,,no
Robbie,McComb,WesternBulldogs,,27,181,1995-12-19,18,2022,2023,False,,,,no
Kevin,McGuire,NorthMelbourne,,31,185,1961-06-10,18,1981,1985,False,,,,no
Norm,McLeod,Melbourne,,,177,1879-04-13,18,1897,1898,False,,,,no
Andrew,Merrington,Carlton,,19,192,1978-11-27,18,2000,2003,False,,,,no
Art,Mietzcke,Sydney,,34,180,1914-06-28,18,1931,1933,False,,,,no
Harry,Miller,Hawthorn,,14,174,1985-06-11,18,2005,2006,False,,,,no
Stan,Mitchell,NorthMelbourne,,35,180,1952-02-20,18,1971,1972,False,,,,no
Eric,Moore,Sydney,,22,183,1948-04-29,18,1972,1973,False,,,,no
Brad,Moran,Adelaide,,2,199,1986-09-29,18,2008,2011,False,,,,no
Clem,Morden,Stkilda,,14,169,1907-05-22,18,1928,1932,False,,,,no
Doug,Morgan,Geelong,,,178,1886-03-30,18,1909,1911,False,,,,no
Kane,Munro,WestCoast,,31,182,1982-03-11,18,2000,2003,False,,,,no
Chris,Naish,PortAdelaide,,4,172,1971-09-27,18,1998,1999,False,,,,no
Phil,Narkle,WestCoast,,7,178,1961-01-29,18,1987,1990,False,,,,no
Greg,Naylor,Richmond,,13,183,1957-08-30,18,1977,1980,False,,,,no
Harry,Newbound,Carlton,,,,1881-09-25,18,1904,1905,False,,,,no
Cyril,Nott,Hawthorn,,2,180,1898-12-04,18,1925,1926,False,,,,no
Tim,OBrien,WesternBulldogs,,22,193,1994-03-28,18,2022,2023,False,,,,no
Mike,OHehir,Sydney,,,182,1876-05-09,18,1900,1901,False,,,,no
Ned,Officer,Essendon,,,184,1869-03-29,18,1897,1898,False,,,,no
Matthew,Owies,WestCoast,West Coast,16,179,1997-03-19,18,2025,2026,True,MEDIUM_FORWARD,other,NA,yes
Garry,Peters,WesternBulldogs,,40,188,1945-04-13,18,1964,1967,False,,,,no
Les,Rainey,Melbourne,,,171,1881-01-10,18,1902,1903,False,,,,no
Noel,Raitt,Essendon,,9,188,1943-12-26,18,1963,1964,False,,,,no
Jim,Rattray,Hawthorn,,9,175,1929-08-22,18,1949,1952,False,,,,no
Don,Rawson,WesternBulldogs,,33,178,1937-01-13,18,1956,1957,False,,,,no
Alan,Rayson,Geelong,,16,175,1924-10-26,18,1946,1947,False,,,,no
John,Richmond,Richmond,,4,185,1943-02-23,18,1961,1964,False,,,,no
Pat,Robertson,Essendon,,18,182,1895-11-30,18,1919,1920,False,,,,no
Gus,Robertson,Stkilda,,,175,1883-08-29,18,1901,1902,False,,,,no
Austin,Robertson,Sydney,,16,182,1943-04-28,18,1966,1966,False,,,,no
Trey,Ruscoe,Collingwood,,21,190,2001-11-03,18,2020,2023,False,,,,no
Ian,Sartori,Richmond,,25,183,1958-12-17,18,1982,1985,False,,,,no
Frank,Scanlan,WesternBulldogs,,25,178,1926-04-17,18,1949,1949,False,,,,no
Chris,Schmidt,Adelaide,,46,189,1989-03-20,18,2010,2011,False,,,,no
Mark,Seaby,Sydney,,1,199,1984-05-01,18,2010,2012,False,,,,no
Jim,Sharp,Collingwood,,19,179,1882-05-17,18,1911,1917,False,,,,no
Hamish,Simpson,Geelong,,24,191,1976-01-17,18,1998,2000,False,,,,no
Harry,Skreja,WesternBulldogs,,37,183,1953-02-13,18,1969,1971,False,,,,no
Col,Spratling,NorthMelbourne,,31,174,1918-04-23,18,1940,1943,False,,,,no
Claude,Stanlake,Stkilda,,,173,1882-10-12,18,1902,1903,False,,,,no
Darren,Steele,Geelong,,25,183,1966-04-13,18,1993,1994,False,,,,no
Paul,Stevens,Collingwood,,44,185,1953-07-23,18,1971,1972,False,,,,no
Bert,Streckfuss,Sydney,,,184,1888-09-22,18,1909,1910,False,,,,no
Robert,Teal,Sydney,,37,184,1967-04-25,18,1989,1990,False,,,,no
John,Tickell,Hawthorn,,2,185,1945-01-29,18,1965,1966,False,,,,no
Barry,Tippett,Melbourne,,3,175,1957-03-16,18,1976,1978,False,,,,no
Bert,Trahair,Melbourne,,8,169,1891-08-30,18,1914,1914,False,,,,no
Wally,Tuck,Stkilda,,26,184,1897-08-12,18,1919,1921,False,,,,no
Darcy,Walsh,Melbourne,,18,184,1918-08-21,18,1942,1944,False,,,,no
Graeme,Watson,Melbourne,,17,182,1945-03-08,18,1964,1965,False,,,,no
Jack,Watson,Richmond,,29,183,1927-08-29,18,1947,1949,False,,,,no
Ron,Wetzel,Sydney,,38,183,1947-04-29,18,1969,1970,False,,,,no
Robert,Wiley,WestCoast,,2,178,1955-03-24,18,1987,1987,False,,,,no
George,Woodman,WesternBulldogs,,6,,1900-05-10,18,1927,1928,False,,,,no
Henry,Wright,Melbourne,,,168,1882-02-24,18,1908,1909,False,,,,no
David,Young,Collingwood,,18,179,1954-04-04,18,1979,1981,False,,,,no
Trevor,Zeltner,WesternBulldogs,,28,188,1951-04-08,18,1970,1972,False,,,,no
Charles,Abbott,Hawthorn,,16,180,1939-06-10,17,1961,1963,False,,,,no
Ken,Aitken,Collingwood,,28,183,1928-06-25,17,1952,1952,False,,,,no
Joe,Anderson,Carlton,,26,188,1988-12-24,17,2007,2010,False,,,,no
Colin,Antonie,Stkilda,,22,188,1952-03-26,17,1969,1971,False,,,,no
Bob,Atkinson,Sydney,,4,168,1930-04-27,17,1953,1955,False,,,,no
Jarrod,Atkinson,Essendon,,38,192,1985-02-21,17,2008,2010,False,,,,no
Ron,Auchettl,Carlton,,41,184,1946-08-04,17,1966,1969,False,,,,no
Matthew,Ball,Hawthorn,,31,183,1982-02-21,17,2004,2006,False,,,,no
Bert,Barling,Geelong,,,,1878-01-24,17,1897,1898,False,,,,no
Josh,Begley,Essendon,,16,188,1998-07-03,17,2017,2020,False,,,,no
Jack,Billings,Melbourne,,14,184,1995-08-18,17,2024,2025,False,,,,no
Ron,Black,Hawthorn,,11,178,1908-05-10,17,1927,1929,False,,,,no
Les,Bollman,Sydney,,11,180,1904-07-15,17,1928,1929,False,,,,no
Hugh,Bond,Adelaide,Adelaide,40,185,2004-09-25,17,2024,2026,True,MEDIUM_DEFENDER,nationalDraft,50,yes
Atu,Bosenavulagi,NorthMelbourne,,15,180,2000-09-17,17,2021,2022,False,,,,no
John,Bowe,Sydney,,18,175,1911-07-14,17,1933,1933,False,,,,no
Les,Boyd,Melbourne,,23,170,1895-03-01,17,1920,1922,False,,,,no
Tom,Brady,Geelong,,22,,1892-05-01,17,1917,1919,False,,,,no
Jack,Brake,Melbourne,,10,188,1890-11-11,17,1915,1921,False,,,,no
Jack,Bray,Stkilda,,30,178,1916-01-11,17,1940,1941,False,,,,no
Harry,Brereton,Sydney,,7,180,1887-06-13,17,1919,1922,False,,,,no
John,Brereton,WesternBulldogs,,33,180,1934-10-08,17,1959,1960,False,,,,no
Paul,Bryce,Sydney,,21,194,1968-07-12,17,1993,1993,False,,,,no
John,Burns,Geelong,,12,178,1949-08-10,17,1979,1979,False,,,,no
Ray,Byrne,Geelong,,2,180,1953-07-16,17,1984,1984,False,,,,no
George,Callesen,Collingwood,,,,1874-08-24,17,1897,1898,False,,,,no
Gordon,Cameron,Carlton,,9,178,1922-02-25,17,1940,1946,False,,,,no
Colin,Campbell,Collingwood,,29,185,1918-01-02,17,1940,1941,False,,,,no
Neville,Campbell,Sydney,,29,188,1934-12-12,17,1954,1958,False,,,,no
Jack,Cashman,Carlton,,11,189,1906-04-21,17,1934,1935,False,,,,no
Bert,Chadwick,Hawthorn,,1,184,1897-11-15,17,1929,1929,False,,,,no
Neil,Chamberlain,Melbourne,,14,178,1955-04-24,17,1973,1976,False,,,,no
Dean,Chapman,Stkilda,,28,182,1931-01-02,17,1948,1951,False,,,,no
John,Charles,WesternBulldogs,,24,187,1942-09-21,17,1964,1966,False,,,,no
Ian,Chinn,Sydney,,6,168,1917-05-04,17,1940,1942,False,,,,no
Dean,Chiron,Melbourne,,29,180,1961-03-27,17,1987,1989,False,,,,no
Damien,Christensen,Geelong,,39,177,1963-10-16,17,1983,1986,False,,,,no
Bill,Churchill,Sydney,,14,184,1904-12-20,17,1928,1929,False,,,,no
Judson,Clarke,Richmond,Richmond,42,180,2003-10-17,17,2022,2024,False,MEDIUM_DEFENDER,NA,NA,yes
Cameron,Clayton,Essendon,,12,180,1957-02-05,17,1983,1983,False,,,,no
Alan,Clough,WesternBulldogs,,8,189,1932-11-09,17,1955,1957,False,,,,no
Ernie,Collihole,Sydney,,5,175,1930-12-26,17,1950,1951,False,,,,no
Dennis,Collins,Richmond,,28,178,1953-05-17,17,1980,1980,False,,,,no
Jim,Condon,Essendon,,24,160,1895-09-15,17,1915,1918,False,,,,no
Bill,Crosling,WesternBulldogs,,5,182,1918-11-21,17,1940,1941,False,,,,no
Alan,Dale,Stkilda,,16,177,1929-11-14,17,1956,1957,False,,,,no
Marcus,Davies,Carlton,,31,188,1991-04-06,17,2010,2013,False,,,,no
Frank,Deayton,Melbourne,,27,188,1921-06-02,17,1942,1943,False,,,,no
Robert,Dickson,Hawthorn,,21,182,1963-11-14,17,1988,1990,False,,,,no
Murray,Dimble,Stkilda,,22,180,1922-12-08,17,1946,1947,False,,,,no
John,Dineen,Hawthorn,,29,178,1935-12-21,17,1958,1960,False,,,,no
Sid,Dockendorff,WesternBulldogs,,27,175,1908-05-06,17,1935,1937,False,,,,no
Jack,Doubleday,Melbourne,,27,174,1890-05-28,17,1915,1915,False,,,,no
Ian,Dyer,Stkilda,,35,177,1948-08-22,17,1967,1968,False,,,,no
Jim,Edmond,Sydney,,8,183,1958-09-03,17,1986,1986,False,,,,no
John,Elder,Sydney,,39,179,1932-07-08,17,1956,1957,False,,,,no
Tom,Everuss,Hawthorn,,17,178,1903-10-18,17,1926,1926,False,,,,no
Wayne,Ewin,Sydney,,43,175,1953-12-04,17,1972,1975,False,,,,no
Jeff,Fehring,Stkilda,,13,197,1956-04-21,17,1980,1981,False,,,,no
Brendan,Fevola,Brisbane,,5,191,1981-01-20,17,2010,2010,False,,,,no
Fred,Fielding,Collingwood,,5,170,1889-09-06,17,1913,1913,False,,,,no
Les,Flintoff,Richmond,,29,177,1930-10-05,17,1950,1952,False,,,,no
Daniel,Foster,Geelong,,23,192,1982-02-20,17,2000,2002,False,,,,no
Gary,Frangalas,Richmond,,9,183,1963-05-06,17,1986,1989,False,,,,no
Daryl,Freame,Richmond,,44,178,1957-12-28,17,1977,1981,False,,,,no
Michael,Giblett,Stkilda,,36,185,1934-04-16,17,1954,1956,False,,,,no
Nick,Gill,Adelaide,,1,193,1982-08-25,17,2007,2009,False,,,,no
Andy,Goodwin,Melbourne,,32,188,1963-06-29,17,1992,1993,False,,,,no
Stuart,Griffiths,Richmond,,52,177,1969-01-31,17,1989,1992,False,,,,no
Tommy,Gubbins,Essendon,,16,177,1907-07-07,17,1930,1931,False,,,,no
Tony,Hall,Adelaide,,9,183,1964-09-16,17,1994,1995,False,,,,no
Ron,Hall,Melbourne,,14,185,1921-04-17,17,1944,1947,False,,,,no
Jim,Hallahan,WesternBulldogs,,13,178,1911-12-16,17,1935,1937,False,,,,no
Frank,Hanrahan,Stkilda,,43,177,1938-01-20,17,1956,1958,False,,,,no
Johnny,Hassett,Melbourne,,1,173,1891-01-15,17,1913,1915,False,,,,no
Bob,Hay,Stkilda,,4,188,1938-06-13,17,1960,1961,False,,,,no
Kyron,Hayden,NorthMelbourne,,37,186,1999-06-07,17,2019,2022,False,,,,no
Gil,Hendrie,Hawthorn,,17,185,1901-07-15,17,1925,1927,False,,,,no
Josh,Honey,Carlton,,36,184,2001-10-17,17,2020,2023,False,,,,no
Don,Howell,Collingwood,,14,178,1935-07-15,17,1957,1958,False,,,,no
Terry,Ingersoll,Hawthorn,,20,188,1934-08-18,17,1957,1958,False,,,,no
Les,Jago,Stkilda,,22,178,1907-12-10,17,1933,1934,False,,,,no
Callum,Jamieson,WestCoast,,40,200,2000-07-31,17,2022,2024,False,,,,no
Edwin,Jenkyn,Melbourne,,,174,1876-07-18,17,1897,1897,False,,,,no
Horrie,Jose,Collingwood,,11,180,1893-03-30,17,1915,1919,False,,,,no
Mal,Kennedy,Melbourne,,12,177,1892-10-30,17,1911,1912,False,,,,no
Del,Kennedy,WesternBulldogs,,23,175,1923-07-31,17,1943,1945,False,,,,no
Steven,Knight,WesternBulldogs,,12,180,1961-03-16,17,1981,1983,False,,,,no
Judd,Lalich,Essendon,,17,193,1975-12-26,17,1998,2001,False,,,,no
Wally,Lathlain,Hawthorn,,26,169,1905-12-02,17,1928,1930,False,,,,no
Grant,Lawrie,Stkilda,,32,192,1958-11-29,17,1990,1990,False,,,,no
Tom,Lee,Stkilda,,9,194,1991-01-02,17,2013,2016,False,,,,no
Mykelti,Lefau,Richmond,Richmond,42,195,1998-06-22,17,2024,2026,True,KEY_FORWARD,NA,NA,yes
Allan,Leitch,Carlton,,2,178,1902-12-27,17,1925,1925,False,,,,no
Merv,Leith,Sydney,,23,174,1922-07-21,17,1943,1946,False,,,,no
Ken,Levey,Melbourne,,31,178,1923-05-04,17,1943,1944,False,,,,no
Tristan,Lynch,Geelong,,44,188,1973-08-22,17,1999,2000,False,,,,no
Mark,Majerczak,Carlton,,33,180,1968-04-20,17,1987,1991,False,,,,no
Ernie,Martin,Essendon,,1,168,1903-06-03,17,1928,1929,False,,,,no
Tom,McCarthy,WestCoast,West Coast,45,188,2000-07-12,17,2025,2026,True,MEDIUM_DEFENDER,other,1,yes
Peter,McCracken,Sydney,,22,175,1949-12-01,17,1968,1972,False,,,,no
Dave,McCulloch,Carlton,,3,188,1937-10-12,17,1960,1961,False,,,,no
Les,McDonald,Stkilda,,,178,1885-07-14,17,1909,1909,False,,,,no
Roy,McEachen,Sydney,,32,178,1913-06-07,17,1935,1936,False,,,,no
Jack,McElroy,Carlton,,15,183,1913-03-24,17,1938,1939,False,,,,no
Russell,McHenry,Sydney,,36,170,1950-04-21,17,1971,1972,False,,,,no
Andrew,McInnes,Carlton,,26,191,1992-03-20,17,2012,2014,False,,,,no
Stan,McKenzie,Hawthorn,,3,173,1896-08-30,17,1925,1925,False,,,,no
Kevin,McLean,Hawthorn,,16,185,1942-09-10,17,1966,1967,False,,,,no
Anthony,Miles,Goldcoast,,2,180,1992-02-28,17,2019,2019,False,,,,no
Max,Mitchinson,Stkilda,,24,178,1927-12-15,17,1949,1952,False,,,,no
Brodie,Moles,WesternBulldogs,,44,185,1985-11-07,17,2010,2011,False,,,,no
Brian,Moloney,WesternBulldogs,,27,178,1937-08-04,17,1957,1959,False,,,,no
Billy,Monagle,Carlton,,,,1876-11-26,17,1899,1899,False,,,,no
Ted,Murphy,Richmond,,14,188,1947-08-03,17,1968,1969,False,,,,no
Wally,Nash,Hawthorn,,36,178,1929-06-10,17,1953,1954,False,,,,no
Ryan,Nyhuis,Fremantle.xlsx,,43,188,1996-09-06,17,2017,2019,False,,,,no
Jesse,OBrien,Brisbane,,34,184,1991-02-13,17,2010,2013,False,,,,no
Michael,OGorman,Stkilda,,,164,1874-11-08,17,1899,1900,False,,,,no
Jack,OHalloran,WesternBulldogs,,4,174,1929-07-09,17,1957,1958,False,,,,no
Chris,Obst,Hawthorn,,31,185,1979-10-09,17,1998,2001,False,,,,no
Greg,Packham,Stkilda,,38,175,1959-03-01,17,1982,1983,False,,,,no
Patrick,Parnell,Adelaide,,37,177,2002-03-04,17,2022,2024,False,,,,no
Kevin,Pedrotti,Sydney,,47,183,1948-04-05,17,1965,1968,False,,,,no
Bert,Peters,NorthMelbourne,,31,177,1908-08-08,17,1930,1931,False,,,,no
Carl,Peterson,Hawthorn,,48,183,1987-07-03,17,2010,2010,False,,,,no
Jarrod,Pickett,Carlton,,33,178,1996-08-18,17,2017,2018,False,,,,no
Charlie,Pierce,Hawthorn,,23,182,1917-02-03,17,1937,1939,False,,,,no
Billy,Pincott,Geelong,,,178,1875-07-24,17,1897,1899,False,,,,no
Jackson,Ramsay,Collingwood,,31,184,1994-11-20,17,2014,2017,False,,,,no
Joe,Reilly,Richmond,,34,180,1916-09-17,17,1940,1942,False,,,,no
Ted,Rippon,Stkilda,,15,184,1914-04-29,17,1944,1945,False,,,,no
Paul,Rizonico,Collingwood,,32,183,1966-02-16,17,1986,1988,False,,,,no
Joe,Rogers,NorthMelbourne,,28,175,1907-07-03,17,1936,1937,False,,,,no
Eric,Roscoe,Melbourne,,14,170,1922-12-28,17,1948,1949,False,,,,no
Ken,Rowe,Melbourne,,30,188,1943-12-05,17,1965,1966,False,,,,no
Bryan,Rush,Collingwood,,24,178,1893-04-02,17,1913,1914,False,,,,no
Sean,Rusling,Collingwood,,2,190,1986-10-06,17,2005,2008,False,,,,no
Brendan,Ryan,NorthMelbourne,,40,188,1964-07-01,17,1983,1986,False,,,,no
Percy,Salmon,Geelong,,,,1885-12-20,17,1908,1909,False,,,,no
Tim,Schmidt,Sydney,,36,180,1986-03-14,17,2006,2008,False,,,,no
Fred,Scott,Carlton,,,178,1874-04-11,17,1902,1904,False,,,,no
Ralph,Shalless,Hawthorn,,17,178,1923-01-28,17,1948,1949,False,,,,no
Bert,Sharpe,Sydney,,,177,1878-05-06,17,1904,1905,False,,,,no
John,Sheahan,Richmond,,4,184,1942-09-19,17,1962,1966,False,,,,no
Will,Slade,Geelong,,12,182,1983-10-24,17,2002,2006,False,,,,no
Bill,Smeaton,Melbourne,,28,184,1928-12-11,17,1951,1952,False,,,,no
Tony,Smith,Sydney,,19,199,1966-08-01,17,1986,1988,False,,,,no
Craig,Smoker,Melbourne,,39,174,1978-04-04,17,1998,1999,False,,,,no
Zach,Sproule,GWS,,28,197,1998-05-12,17,2019,2022,False,,,,no
Darryl,Stephens,Geelong,,38,188,1944-01-10,17,1961,1964,False,,,,no
Koby,Stevens,Stkilda,,25,189,1991-06-18,17,2017,2018,False,,,,no
Bob,Stewart,Melbourne,,2,188,1946-08-09,17,1966,1967,False,,,,no
Bill,Stranger,Collingwood,,,,1871-10-27,17,1897,1898,False,,,,no
Ron,Stubbs,Hawthorn,,1,194,1948-10-03,17,1969,1972,False,,,,no
Timmy,Sumner,Goldcoast,,39,187,1994-10-09,17,2013,2014,False,,,,no
George,Sutherland,Stkilda,,,,1876-02-24,17,1900,1901,False,,,,no
Alan,Teasdale,Geelong,,20,180,1944-07-15,17,1964,1966,False,,,,no
Ron,Tenabel,Sydney,,37,188,1945-01-14,17,1965,1967,False,,,,no
Bill,Thompson,Essendon,,12,183,1949-04-02,17,1967,1969,False,,,,no
Ian,Thompson,NorthMelbourne,,35,183,1949-06-26,17,1967,1969,False,,,,no
Jackson,Thurlow,Sydney,,6,190,1994-03-28,17,2019,2020,False,,,,no
Peter,Tossol,Melbourne,,21,183,1962-11-21,17,1982,1984,False,,,,no
Ted,Trim,WesternBulldogs,,25,185,1907-11-06,17,1934,1935,False,,,,no
Andrew,Ukovic,Collingwood,,27,189,1978-11-23,17,2000,2001,False,,,,no
Dante,Visentini,PortAdelaide,Port Adelaide,38,202,2003-02-13,17,2023,2026,True,RUCK,nationalDraft,56,yes
Luke,Vogels,Sydney,,38,194,1983-06-07,17,2005,2007,False,,,,no
Jim,Wandin,Stkilda,,27,183,1933-07-28,17,1952,1953,False,,,,no
George,Warde,Carlton,,,178,1876-10-10,17,1898,1898,False,,,,no
Sam,Weideman,Essendon,,10,195,1997-06-26,17,2023,2024,False,,,,no
Fred,West,Collingwood,,27,183,1929-12-17,17,1950,1953,False,,,,no
Jack,Whitten,Geelong,,5,173,1922-01-25,17,1946,1948,False,,,,no
Robert,Wilkinson,Hawthorn,,31,193,1956-12-25,17,1974,1980,False,,,,no
Graham,Willey,Essendon,,16,188,1933-07-19,17,1955,1956,False,,,,no
Wal,Williams,Hawthorn,,28,180,1904-01-21,17,1925,1927,False,,,,no
Jim,Wilson,Melbourne,,11,163,1930-08-04,17,1952,1953,False,,,,no
Bill,Adams,Melbourne,,8,180,1900-12-11,16,1931,1932,False,,,,no
Gordon,Allard,Stkilda,,,,1877-05-18,16,1900,1900,False,,,,no
George,Allen,Sydney,,7,175,1928-04-20,16,1946,1948,False,,,,no
Ned,Alley,Sydney,,,173,1881-07-30,16,1902,1903,False,,,,no
Lindsay,Anderson,Melbourne,,,180,1883-09-02,16,1901,1906,False,,,,no
Robert,Anderson,WesternBulldogs,,12,178,1959-08-19,16,1980,1984,False,,,,no
Jacob,Anstey,Carlton,,41,176,1978-01-27,16,1997,1998,False,,,,no
Warwick,Armstrong,Sydney,,,191,1879-05-22,16,1898,1900,False,,,,no
Kevin,Batch,Sydney,,27,188,1941-06-24,16,1963,1966,False,,,,no
Frank,Bateman,Carlton,,29,183,1924-06-06,16,1949,1950,False,,,,no
Ivan,Baumgartner,Stkilda,,5,179,1934-03-11,16,1956,1956,False,,,,no
David,Bell,Melbourne,,,,1890-06-26,16,1909,1910,False,,,,no
Miller,Bergman,NorthMelbourne,,27,188,2003-01-25,16,2022,2024,False,,,,no
Percy,Beswicke,Melbourne,,,,1881-02-22,16,1909,1910,False,,,,no
Leo,Bird,Collingwood,,3,170,1908-09-17,16,1929,1930,False,,,,no
George,Bolt,NorthMelbourne,,28,170,1899-08-01,16,1926,1927,False,,,,no
Randall,Bone,Hawthorn,,16,194,1973-11-13,16,1995,1998,False,,,,no
Andrew,Boston,Goldcoast,,40,180,1994-03-23,16,2013,2015,False,,,,no
Frank,Bourke,Richmond,,23,193,1922-02-03,16,1943,1947,False,,,,no
Hugh,Boxshall,Stkilda,St Kilda,38,188,2006-07-11,16,2025,2026,True,MIDFIELDER,NA,NA,yes
Maurice,Boyse,Sydney,,20,183,1955-07-03,16,1981,1983,False,,,,no
Colin,Bradley,Melbourne,,15,182,1921-03-02,16,1942,1944,False,,,,no
Paul,Briglia,Sydney,,1,188,1940-04-09,16,1959,1961,False,,,,no
Allan,Broadway,WesternBulldogs,,28,183,1921-12-04,16,1945,1946,False,,,,no
Alan,Brown,Collingwood,,4,183,1924-11-15,16,1945,1946,False,,,,no
Ian,Brown,Geelong,,14,178,1925-07-07,16,1944,1945,False,,,,no
Richard,Browne,Hawthorn,,18,191,1946-07-27,16,1966,1969,False,,,,no
John,Carmody,Collingwood,,39,175,1938-06-28,16,1959,1960,False,,,,no
Nathan,Chapman,Hawthorn,,1,189,1975-05-07,16,1998,2000,False,,,,no
George,Clissold,WesternBulldogs,,32,,1899-09-12,16,1925,1926,False,,,,no
Jon,Collins,Stkilda,,15,174,1961-03-14,16,1986,1987,False,,,,no
Sam,Colquhoun,PortAdelaide,,30,179,1994-12-20,16,2013,2015,False,,,,no
Bernie,Considine,Hawthorn,,25,188,1925-04-08,16,1952,1953,False,,,,no
Mick,Cooke,NorthMelbourne,,15,178,1938-01-04,16,1959,1960,False,,,,no
Chad,Cornes,GWS,,11,192,1979-11-12,16,2012,2012,False,,,,no
Bill,Costello,WesternBulldogs,,16,173,1934-12-25,16,1957,1958,False,,,,no
Rod,Coutts,WesternBulldogs,,10,192,1942-07-10,16,1963,1964,False,,,,no
Josh,Cowan,Geelong,,18,184,1991-03-16,16,2011,2017,False,,,,no
Ted,Cusack,NorthMelbourne,,16,177,1910-05-14,16,1931,1933,False,,,,no
Don,Darcey,WesternBulldogs,,10,179,1934-08-29,16,1958,1960,False,,,,no
Max,Davidson,Collingwood,,16,175,1934-07-30,16,1956,1956,False,,,,no
Jim,Davies,Carlton,,7,173,1926-12-06,16,1949,1950,False,,,,no
Cory,DellOlio,Essendon,,47,175,1989-12-08,16,2012,2014,False,,,,no
Noel,Dickson,WesternBulldogs,,18,189,1933-12-27,16,1956,1957,False,,,,no
Beau,Dowler,Hawthorn,,16,196,1987-12-16,16,2006,2009,False,,,,no
John,Elward,Hawthorn,,34,179,1935-04-06,16,1958,1960,False,,,,no
Jack,Evans,Stkilda,,18,188,1930-10-11,16,1951,1952,False,,,,no
Michael,Evans,Melbourne,,32,180,1992-07-13,16,2011,2014,False,,,,no
Phil,Gehrig,WesternBulldogs,,32,193,1935-01-25,16,1959,1960,False,,,,no
John,Georgiou,Stkilda,,32,180,1975-10-05,16,1992,1995,False,,,,no
Lachlan,Gollant,Adelaide,,44,191,2001-09-12,16,2021,2024,False,,,,no
Mick,Grace,Stkilda,,,180,1874-07-24,16,1908,1908,False,,,,no
Reg,Grant,NorthMelbourne,,13,178,1932-12-16,16,1953,1955,False,,,,no
Reg,Gross,Geelong,,24,178,1910-06-13,16,1933,1939,False,,,,no
Bernie,Guthrie,NorthMelbourne,,1,184,1911-09-22,16,1936,1937,False,,,,no
Daniel,Haines,Fremantle.xlsx,,39,181,1981-04-11,16,2002,2003,False,,,,no
Clay,Hall,WestCoast,West Coast,29,190,2005-05-12,16,2024,2025,False,MIDFIELDER,nationalDraft,38,yes
Norm,Hallett,Stkilda,,15,171,1894-03-05,16,1919,1920,False,,,,no
Jack,Hamilton,Sydney,,30,174,1937-06-04,16,1957,1958,False,,,,no
Joel,Hamling,Sydney,Sydney,29,194,1993-04-09,16,2025,2026,True,KEY_DEFENDER,NA,NA,yes
Harvey,Harrison,Collingwood,Collingwood,36,181,2003-11-10,16,2023,2024,False,MEDIUM_FORWARD,nationalDraft,52,yes
Brent,Heaver,PortAdelaide,,12,173,1971-06-15,16,1997,1998,False,,,,no
Alf,Hedge,Sydney,,5,178,1917-10-29,16,1937,1938,False,,,,no
Brad,Helbig,Richmond,,32,185,1992-02-28,16,2011,2013,False,,,,no
Tom,Highmore,Stkilda,,34,192,1998-02-24,16,2021,2022,False,,,,no
Ian,Hinks,Hawthorn,,11,183,1937-04-17,16,1955,1958,False,,,,no
Jack,Hiskins,Essendon,,5,188,1911-02-12,16,1934,1935,False,,,,no
Len,Hogg,Sydney,,33,173,1905-12-26,16,1928,1929,False,,,,no
Ian,Howard,WesternBulldogs,,27,175,1939-10-17,16,1960,1960,False,,,,no
Peter,Hughes,Hawthorn,,11,183,1934-06-17,16,1953,1954,False,,,,no
Cleve,Hughes,Richmond,,34,193,1987-01-15,16,2006,2008,False,,,,no
Craig,Jacotine,Collingwood,,38,178,1980-06-21,16,1999,2000,False,,,,no
Ron,James,WesternBulldogs,,5,178,1970-11-05,16,1987,1989,False,,,,no
Jack,James,Richmond,,27,165,1892-10-31,16,1926,1926,False,,,,no
Jim,Jones,Carlton,,22,178,1918-04-16,16,1939,1946,False,,,,no
Ray,Keegan,Collingwood,,12,183,1923-06-27,16,1947,1948,False,,,,no
Barry,Kelly,NorthMelbourne,,37,178,1942-01-25,16,1960,1962,False,,,,no
Otto,Kelly,Sydney,,,179,1880-05-15,16,1902,1902,False,,,,no
Joe,Knott,NorthMelbourne,,30,177,1907-04-02,16,1930,1931,False,,,,no
Jacob,Koschitzke,Richmond,,20,196,2000-07-11,16,2024,2025,False,,,,no
Ralph,Latham,Melbourne,,29,185,1924-10-17,16,1945,1945,False,,,,no
Roy,Leaper,Stkilda,,10,184,1906-07-09,16,1926,1928,False,,,,no
Tom,Leather,NorthMelbourne,,6,187,1910-06-02,16,1932,1933,False,,,,no
Denis,Lenaghan,Geelong,,8,174,1956-11-18,16,1983,1984,False,,,,no
Stan,Livingstone,WesternBulldogs,,23,189,1913-09-16,16,1937,1940,False,,,,no
Colin,Love,Melbourne,,19,183,1929-06-09,16,1949,1952,False,,,,no
Peter,Lyon,Hawthorn,,1,183,1941-12-28,16,1963,1964,False,,,,no
Johnny,Lyons,Collingwood,,,,1876-01-15,16,1899,1900,False,,,,no
Lindsay,Maine,Sydney,,,173,1887-01-06,16,1907,1908,False,,,,no
Jim,Makin,Melbourne,,22,185,1896-06-22,16,1923,1923,False,,,,no
Charlie,Maplestone,Carlton,,,,1876-05-13,16,1900,1902,False,,,,no
Gerry,Matheson,WesternBulldogs,,12,,1904-08-27,16,1928,1928,False,,,,no
Len,McConnell,NorthMelbourne,,4,168,1907-09-01,16,1928,1928,False,,,,no
Terry,McGee,Sydney,,49,180,1945-03-18,16,1962,1963,False,,,,no
Robert,McGhie,Sydney,,1,192,1951-08-18,16,1980,1981,False,,,,no
George,McInnes,Richmond,,20,193,1946-05-10,16,1968,1970,False,,,,no
Des,McKenzie,Richmond,,48,185,1945-03-15,16,1968,1969,False,,,,no
Shane,McSpeerin,Melbourne,,50,185,1952-08-05,16,1971,1973,False,,,,no
Ray,McVilly,Hawthorn,,14,179,1938-01-14,16,1958,1960,False,,,,no
Brett,Meredith,Sydney,,7,181,1989-01-20,16,2009,2011,False,,,,no
Glenn,Middlemiss,Stkilda,,14,188,1956-06-08,16,1981,1984,False,,,,no
Peter,Miller,Fremantle.xlsx,,49,168,1969-04-06,16,1995,1995,False,,,,no
Wayde,Mills,Brisbane,,25,196,1987-08-29,16,2006,2008,False,,,,no
Jim,Moodie,Melbourne,,38,180,1905-12-01,16,1928,1932,False,,,,no
Christian,Moraes,PortAdelaide,Port Adelaide,31,183,2006-11-08,16,2025,2026,True,MEDIUM_FORWARD,nationalDraft,38,yes
Danny,Morgan,Essendon,,43,178,1974-08-20,16,1995,1997,False,,,,no
George,Morgan,Stkilda,,,168,1877-10-10,16,1898,1903,False,,,,no
Charlie,Mullany,Stkilda,,,,1881-06-03,16,1901,1902,False,,,,no
Michael,Murphy,Adelaide,,22,188,1965-09-08,16,1991,1992,False,,,,no
Bruce,Murray,Stkilda,,31,188,1933-02-23,16,1956,1957,False,,,,no
Tom,Nadort,Sydney,,15,182,1894-07-14,16,1921,1921,False,,,,no
Bob,Nisbet,Hawthorn,,16,188,1936-02-15,16,1958,1959,False,,,,no
Luke,Norman,Melbourne,,25,184,1971-12-16,16,1995,1996,False,,,,no
Michael,Nugent,Richmond,,37,196,1959-03-20,16,1980,1981,False,,,,no
Graeme,ODonnell,NorthMelbourne,,41,174,1938-07-19,16,1963,1964,False,,,,no
Gerald,ODwyer,Carlton,,,180,1872-09-24,16,1900,1900,False,,,,no
Charlie,OLeary,WesternBulldogs,,2,179,1911-03-23,16,1933,1935,False,,,,no
Gerry,ONeill,WesternBulldogs,,29,178,1919-04-13,16,1943,1944,False,,,,no
Mal,Owens,Melbourne,,34,188,1952-01-30,16,1973,1975,False,,,,no
Keith,Parris,Essendon,,21,178,1905-07-31,16,1928,1929,False,,,,no
Drew,Petrie,WestCoast,,21,197,1982-10-15,16,2017,2017,False,,,,no
Darren,Pfeiffer,PortAdelaide,,31,184,1987-09-28,16,2012,2012,False,,,,no
Henry,Playfair,Sydney,,26,198,1983-01-22,16,2008,2010,False,,,,no
Myles,Poholke,Adelaide,,10,186,1998-07-10,16,2018,2020,False,,,,no
Harry,Pollock,Richmond,,27,182,1897-05-15,16,1923,1926,False,,,,no
Matthew,Powell,Adelaide,,20,175,1973-09-27,16,1993,1995,False,,,,no
Harry,Pye,Carlton,,,,1880-08-10,16,1901,1902,False,,,,no
Mike,Quade,NorthMelbourne,,19,193,1944-09-16,16,1966,1968,False,,,,no
Jarrad,Redden,PortAdelaide,,34,205,1990-12-27,16,2012,2015,False,,,,no
Brent,Renouf,PortAdelaide,,4,200,1988-05-03,16,2012,2014,False,,,,no
Cliff,Riley,Stkilda,,31,177,1927-02-02,16,1951,1952,False,,,,no
Joe,Russell,Carlton,,2,171,1898-03-17,16,1922,1925,False,,,,no
Scott,Russell,Sydney,,25,180,1970-05-07,16,1999,1999,False,,,,no
Bill,Serong,NorthMelbourne,,7,183,1936-05-05,16,1962,1962,False,,,,no
Jobe,Shanahan,WestCoast,West Coast,35,195,2006-08-02,16,2025,2026,True,KEY_FORWARD,nationalDraft,30,yes
Fred,Sheahan,Melbourne,,,,1870-09-05,16,1897,1897,False,,,,no
Brian,Shinners,Hawthorn,,40,183,1949-08-06,16,1970,1972,False,,,,no
Harry,Simpson,Sydney,,16,185,1928-06-02,16,1948,1950,False,,,,no
Archie,Smith,Brisbane,,44,201,1995-07-19,16,2016,2020,False,,,,no
Bob,Smith,NorthMelbourne,,8,183,1906-08-28,16,1928,1928,False,,,,no
Bill,Speakman,Essendon,,30,157,1904-11-16,16,1927,1929,False,,,,no
Jamie,Stevenson,NorthMelbourne,,43,191,1966-04-15,16,1985,1989,False,,,,no
Alan,Stretton,Stkilda,,31,187,1922-09-30,16,1946,1947,False,,,,no
Billy,Strickland,Collingwood,,,175,1864-08-17,16,1897,1897,False,,,,no
Gordon,Styles,Richmond,,30,178,1920-07-04,16,1942,1945,False,,,,no
Richard,Tambling,Adelaide,,1,180,1986-09-12,16,2011,2013,False,,,,no
Ian,Tampion,Sydney,,7,185,1938-02-15,16,1958,1960,False,,,,no
Jamie,Tape,Collingwood,,13,188,1974-04-05,16,1998,1999,False,,,,no
Alan,Trusler,WesternBulldogs,,35,175,1933-06-23,16,1953,1955,False,,,,no
Craig,Turley,Melbourne,,8,185,1965-08-24,16,1996,1996,False,,,,no
Ted,Turner,NorthMelbourne,,24,179,1921-12-20,16,1944,1946,False,,,,no
Lee,Walker,Collingwood,,18,197,1973-02-07,16,1995,1997,False,,,,no
Jeromey,Webberley,Richmond,,46,182,1988-07-12,16,2010,2012,False,,,,no
Bill,Weir,Carlton,,,178,1874-08-23,16,1897,1898,False,,,,no
Trent,West,Brisbane,,13,199,1987-10-17,16,2014,2016,False,,,,no
Mark,West,WesternBulldogs,,34,180,1973-04-03,16,1996,1998,False,,,,no
Keith,White,Hawthorn,,21,173,1934-02-11,16,1953,1955,False,,,,no
Dick,Wicks,Stkilda,,16,180,1929-08-18,16,1949,1951,False,,,,no
Ron,Wood,Geelong,,27,174,1923-05-29,16,1947,1948,False,,,,no
Len,Woolf,Hawthorn,,27,180,1921-11-12,16,1947,1948,False,,,,no
Brayden,Ainsworth,WestCoast,,33,184,1998-11-27,15,2018,2022,False,,,,no
Jimmy,Aitken,Carlton,,,,1872-05-15,15,1897,1898,False,,,,no
Scott,Allen,WesternBulldogs,,30,182,1975-01-30,15,1994,1997,False,,,,no
George,Anthony,WesternBulldogs,,20,,1904-04-17,15,1926,1927,False,,,,no
Matt,Austin,Brisbane,,37,187,1989-03-30,15,2009,2011,False,,,,no
Michael,Barlow,Goldcoast,,20,189,1987-12-18,15,2017,2018,False,,,,no
Ken,Barnes,Sydney,,32,193,1941-12-27,15,1964,1967,False,,,,no
Scott,Bassett,WesternBulldogs,,12,191,1978-10-09,15,2003,2004,False,,,,no
Leon,Beer,Sydney,,31,178,1903-02-11,15,1921,1923,False,,,,no
Paul,Bell,Stkilda,,32,174,1914-04-12,15,1937,1938,False,,,,no
Ossie,Bertram,Stkilda,,3,175,1909-04-17,15,1935,1936,False,,,,no
Stephen,Bickford,Melbourne,,44,187,1960-09-27,15,1980,1981,False,,,,no
Andrew,Bomford,Sydney,,17,184,1974-07-19,15,1999,2000,False,,,,no
Brad,Boyd,Brisbane,,9,186,1971-08-10,15,1997,1999,False,,,,no
Phil,Bradmore,WesternBulldogs,,19,189,1959-04-02,15,1978,1981,False,,,,no
Dermott,Brereton,Collingwood,,3,186,1964-08-19,15,1995,1995,False,,,,no
Barrie,Bretland,Geelong,,17,180,1928-04-19,15,1949,1950,False,,,,no
Sam,Brockwell,Sydney,,,,1871-02-04,15,1900,1900,False,,,,no
Brian,Brushfield,Geelong,,30,185,1943-12-25,15,1962,1965,False,,,,no
Wally,Buhaj,Essendon,,2,174,1947-05-05,15,1967,1969,False,,,,no
Bill,Cahill,Essendon,,22,183,1910-12-05,15,1937,1938,False,,,,no
Don,Carmichael,Essendon,,32,180,1937-03-03,15,1955,1957,False,,,,no
Sid,Catlin,Sydney,,32,171,1949-12-24,15,1969,1970,False,,,,no
Dick,Chirgwin,NorthMelbourne,,19,175,1914-06-26,15,1941,1943,False,,,,no
Alex,Clarke,NorthMelbourne,,47,180,1907-05-25,15,1930,1933,False,,,,no
John,Claxton,Richmond,,34,177,1934-11-04,15,1955,1956,False,,,,no
Nakia,Cockatoo,Brisbane,,12,186,1996-10-23,15,2021,2022,False,,,,no
Russell,Colcott,Melbourne,,39,180,1949-09-10,15,1969,1971,False,,,,no
Lance,Collard,Stkilda,St Kilda,4,185,2005-03-26,15,2024,2025,False,MEDIUM_FORWARD,NA,NA,yes
Edgar,Croft,Essendon,,,175,1872-05-07,15,1897,1899,False,,,,no
Heath,Culpitt,Carlton,,32,186,1978-02-16,15,1999,2001,False,,,,no
Jordan,Cunico,Geelong,,31,184,1996-05-07,15,2017,2018,False,,,,no
Hamish,Davis,WestCoast,West Coast,38,190,2006-05-02,15,2025,2026,True,MIDFIELDER,nationalDraft,65,yes
Barry,Day,Essendon,,3,183,1954-02-27,15,1979,1980,False,,,,no
Tom,Dillon,Carlton,,7,175,1920-07-06,15,1943,1946,False,,,,no
Harry,Dolphin,WesternBulldogs,,32,183,1918-08-28,15,1940,1942,False,,,,no
Pat,Dooley,Richmond,,21,183,1898-10-20,15,1918,1919,False,,,,no
Bill,Downie,Stkilda,,40,184,1908-12-04,15,1933,1933,False,,,,no
Mark,Dreher,Collingwood,,11,183,1961-03-27,15,1979,1982,False,,,,no
Mal,Drury,Hawthorn,,11,173,1910-04-06,15,1934,1934,False,,,,no
Don,Earl,Sydney,,12,178,1933-01-04,15,1952,1955,False,,,,no
Bill,Eastick,Sydney,,30,183,1888-03-13,15,1913,1914,False,,,,no
Scott,Edwards,Fremantle.xlsx,,1,176,1968-08-23,15,1995,1996,False,,,,no
Alf,Egan,NorthMelbourne,,5,191,1910-04-03,15,1934,1935,False,,,,no
Glenn,Elliott,Melbourne,,8,183,1950-08-15,15,1979,1979,False,,,,no
Rod,Elliott,NorthMelbourne,,20,178,1951-06-16,15,1969,1971,False,,,,no
Craig,Ellis,Melbourne,,4,190,1975-06-04,15,2002,2002,False,,,,no
Tom,Emmett,Fremantle.xlsx,,18,186,2001-11-30,15,2023,2024,False,,,,no
Mick,English,Stkilda,,,183,1882-09-17,15,1902,1902,False,,,,no
Francis,Evans,Carlton,Carlton,44,182,2001-08-23,15,2025,2026,True,MEDIUM_FORWARD,nationalDraft,41,yes
George,Faulkner,Essendon,,26,177,1901-02-04,15,1920,1921,False,,,,no
Shane,Fell,Sydney,,23,186,1967-09-29,15,1990,1990,False,,,,no
Noel,Fincher,NorthMelbourne,,29,185,1944-06-10,15,1969,1970,False,,,,no
Bob,Flett,Stkilda,,25,180,1914-03-03,15,1936,1938,False,,,,no
Ken,Forge,Essendon,,22,189,1942-04-07,15,1961,1962,False,,,,no
Nick,Gelavis,Sydney,,6,165,1929-06-15,15,1953,1954,False,,,,no
John,Georgiades,WesternBulldogs,,9,185,1966-01-03,15,1989,1991,False,,,,no
Stephen,Gilham,GWS,,38,192,1984-09-02,15,2013,2014,False,,,,no
Bill,Gleeson,Stkilda,,24,173,1931-07-04,15,1955,1956,False,,,,no
Jim,Graham,Sydney,,12,185,1892-04-17,15,1918,1918,False,,,,no
Blake,Grima,NorthMelbourne,,17,180,1984-06-08,15,2004,2008,False,,,,no
Max,Gruzewski,GWS,GWS,35,192,2004-07-21,15,2024,2026,True,KEY_FORWARD,nationalDraft,22,yes
Danny,Halloran,Carlton,,31,189,1954-07-04,15,1975,1977,False,,,,no
Jack,Hardiman,Richmond,,,182,1877-07-27,15,1908,1908,False,,,,no
Jackson,Hately,Adelaide,,6,190,2000-10-21,15,2021,2023,False,,,,no
Terry,Healy,Essendon,,11,175,1921-07-02,15,1944,1945,False,,,,no
Bill,Henderson,Melbourne,,,,1887-12-14,15,1910,1911,False,,,,no
Jack,Hester,Hawthorn,,29,169,1922-07-01,15,1947,1948,False,,,,no
Evan,Hewitt,Adelaide,,2,193,1978-07-07,15,2001,2002,False,,,,no
Glynn,Hewitt,Richmond,,19,185,1953-01-16,15,1973,1974,False,,,,no
Bill,Hore,Carlton,,20,178,1890-03-24,15,1915,1919,False,,,,no
Tim,Houlihan,WestCoast,,19,189,1989-02-10,15,2008,2009,False,,,,no
Ernie,Hug,Sydney,,2,193,1944-03-04,15,1971,1971,False,,,,no
Alan,Hunter,WesternBulldogs,,36,185,1944-01-11,15,1964,1967,False,,,,no
Johnny,Jackson,Sydney,,,188,1879-02-09,15,1901,1907,False,,,,no
Chris,Johnson,Carlton,,9,188,1986-01-25,15,2009,2010,False,,,,no
Roy,Johnson,Carlton,,27,,1891-07-18,15,1911,1912,False,,,,no
Clarrie,Jordon,Richmond,,32,173,1909-05-31,15,1934,1936,False,,,,no
Michael,Kennedy,Sydney,,14,178,1964-01-10,15,1990,1990,False,,,,no
Ben,Kennedy,Melbourne,,35,175,1994-03-03,15,2016,2016,False,,,,no
Bill,Kerr,Sydney,,,,1882-09-01,15,1907,1907,False,,,,no
Ron,Kimberley,Melbourne,,21,185,1914-07-15,15,1939,1944,False,,,,no
Jim,Knight,Carlton,,11,173,1918-01-03,15,1942,1943,False,,,,no
Phil,Lade,Hawthorn,,11,183,1946-10-07,15,1966,1967,False,,,,no
Bailey,Laurie,Melbourne,Melbourne,16,179,2002-03-24,15,2023,2026,True,MEDIUM_FORWARD,NA,NA,yes
Ian,Lewtas,Geelong,,20,187,1954-02-25,15,1973,1976,False,,,,no
Allan,Maas,NorthMelbourne,,6,180,1922-07-13,15,1946,1948,False,,,,no
Fred,MacQuire,NorthMelbourne,,23,183,1936-11-21,15,1956,1959,False,,,,no
Peter,Martin,Collingwood,,,168,1875-07-24,15,1901,1902,False,,,,no
Les,Maskell,Stkilda,,22,179,1917-11-04,15,1938,1940,False,,,,no
Norm,Matthews,Melbourne,,11,174,1915-08-30,15,1935,1944,False,,,,no
Adam,McCarthy,NorthMelbourne,,38,185,1972-02-14,15,1992,1994,False,,,,no
Jock,McConchie,Richmond,,31,175,1910-05-30,15,1932,1934,False,,,,no
Bill,McGrath,Sydney,,28,180,1936-12-03,15,1959,1959,False,,,,no
Craig,McGrath,WestCoast,,40,190,1963-10-09,15,1990,1991,False,,,,no
Andrew,McKinnon,Carlton,,47,175,1968-07-28,15,1989,1990,False,,,,no
Bruce,McMaster-Smith,Stkilda,,36,169,1939-11-19,15,1965,1965,False,,,,no
Ben,McNiece,Essendon,,41,178,1992-03-22,15,2017,2019,False,,,,no
Jamie,Merillo,Fremantle.xlsx,,47,184,1972-11-27,15,1995,1997,False,,,,no
Donald,Mills,Hawthorn,,25,182,1909-08-28,15,1929,1931,False,,,,no
George,Milner,Melbourne,,32,174,1938-03-17,15,1960,1961,False,,,,no
Josh,Morris,Hawthorn,,35,186,2001-11-07,15,2020,2022,False,,,,no
Paul,Morwood,Collingwood,,4,182,1959-03-02,15,1987,1987,False,,,,no
Stan,Mullane,Sydney,,11,175,1915-02-12,15,1936,1937,False,,,,no
Laurie,Murphy,NorthMelbourne,,27,183,1899-09-10,15,1928,1929,False,,,,no
Allan,Murray,Stkilda,,20,180,1982-05-20,15,2003,2006,False,,,,no
Phil,Nagle,Richmond,,3,165,1921-08-21,15,1941,1946,False,,,,no
Charlie,Newman,Melbourne,,35,180,1920-12-06,15,1943,1945,False,,,,no
Paddy,OBrien,WesternBulldogs,,10,183,1893-04-16,15,1925,1926,False,,,,no
Terry,Ogden,Carlton,,27,178,1911-03-25,15,1934,1934,False,,,,no
Phonse,Orger,Stkilda,,13,178,1915-01-21,15,1942,1944,False,,,,no
Burnie,Payne,Stkilda,,24,175,1939-05-08,15,1964,1964,False,,,,no
Bill,Pettit,Carlton,,,,1881-01-11,15,1901,1901,False,,,,no
Pat,Phillips,Richmond,,34,178,1927-06-09,15,1947,1948,False,,,,no
Ed,Phillips,Stkilda,,30,187,1998-03-29,15,2018,2020,False,,,,no
Lance,Picioane,NorthMelbourne,,25,183,1980-06-07,15,2005,2005,False,,,,no
Michael,Pickering,Melbourne,,35,187,1963-11-30,15,1992,1993,False,,,,no
Roger,Podolczak,NorthMelbourne,,37,177,1958-04-18,15,1978,1981,False,,,,no
Doug,Prior,WesternBulldogs,,2,183,1943-11-15,15,1966,1967,False,,,,no
Bert,Renfrey,Stkilda,,,185,1879-05-05,15,1907,1907,False,,,,no
Doug,Reynolds,Richmond,,8,178,1933-09-04,15,1958,1959,False,,,,no
Fred,Robinson,NorthMelbourne,,22,184,1939-06-13,15,1960,1962,False,,,,no
Paul,Rowe,NorthMelbourne,,24,183,1941-07-01,15,1960,1962,False,,,,no
Gerald,Rush,Richmond,,19,180,1895-09-16,15,1920,1920,False,,,,no
Bert,Ryan,Essendon,,,179,1880-06-03,15,1908,1908,False,,,,no
Joe,Scales,Stkilda,,29,178,1895-07-25,15,1924,1924,False,,,,no
Josh,Schoenfeld,Goldcoast,,36,186,1997-07-03,15,2016,2019,False,,,,no
Sid,Silk,Essendon,,28,182,1921-04-17,15,1941,1944,False,,,,no
Wayde,Skipper,Hawthorn,,42,193,1983-03-01,15,2010,2010,False,,,,no
Peter,Slade,Melbourne,,38,178,1954-03-27,15,1974,1974,False,,,,no
Laurie,Stephenson,Stkilda,,32,189,1939-10-18,15,1959,1960,False,,,,no
Danny,Stevens,NorthMelbourne,,38,180,1976-11-10,15,1996,1999,False,,,,no
Reg,Stewart,Stkilda,,,169,1878-09-04,15,1897,1898,False,,,,no
Alan,Story,Hawthorn,,26,185,1913-11-10,15,1932,1944,False,,,,no
Allan,Strang,Sydney,,28,185,1921-10-11,15,1947,1948,False,,,,no
Mark,Summers,Richmond,,43,193,1966-08-04,15,1988,1989,False,,,,no
Bert,Sutton,Hawthorn,,1,173,1901-04-15,15,1928,1928,False,,,,no
Leo,Tasker,Carlton,,14,178,1900-10-21,15,1918,1919,False,,,,no
Alix,Tauru,Stkilda,St Kilda,26,193,2006-11-16,15,2025,2026,True,MEDIUM_DEFENDER,NA,NA,yes
Garth,Taylor,Fremantle.xlsx,,13,169,1980-07-10,15,1999,2000,False,,,,no
Brynn,Teakle,NorthMelbourne,,43,204,1999-10-16,15,2024,2025,False,,,,no
Matt,Thomas,Richmond,,19,186,1987-02-27,15,2014,2015,False,,,,no
Alan,Thynne,Carlton,,18,178,1928-10-16,15,1949,1951,False,,,,no
Brian,Tomlinson,Sydney,,28,180,1940-08-22,15,1961,1962,False,,,,no
James,Tunstill,Brisbane,Brisbane Lions,29,187,2003-07-18,15,2022,2026,True,MEDIUM_FORWARD,nationalDraft,41,yes
Ted,Tuohill,Carlton,,5,184,1916-01-19,15,1943,1944,False,,,,no
Shane,Valenti,Melbourne,,44,176,1987-01-29,15,2008,2009,False,,,,no
Len,Walsh,Hawthorn,,33,189,1912-07-24,15,1937,1942,False,,,,no
Rod,Ward,NorthMelbourne,,26,183,1937-10-28,15,1961,1962,False,,,,no
Daniel,Wells,Collingwood,,3,181,1985-02-03,15,2017,2019,False,,,,no
Jim,Wilkinson,Sydney,,9,182,1951-12-04,15,1970,1972,False,,,,no
Norm,Yeo,Essendon,,,175,1886-06-21,15,1906,1906,False,,,,no
Hec,Yeomans,Hawthorn,,4,173,1895-02-17,15,1925,1925,False,,,,no
Michael,Young,Melbourne,,5,187,1958-12-16,15,1981,1982,False,,,,no
Chris,Aitken,Melbourne,,5,187,1948-10-26,14,1967,1977,False,,,,no
Ron,Allan,NorthMelbourne,,23,180,1924-03-03,14,1946,1949,False,,,,no
Mark,Alvey,Essendon,,15,177,1980-06-10,14,2004,2005,False,,,,no
Stewart,Anderson,NorthMelbourne,,10,180,1911-06-07,14,1937,1938,False,,,,no
Jack,Armstrong,Stkilda,,3,185,1899-04-21,14,1925,1925,False,,,,no
Roy,Atkins,NorthMelbourne,,32,185,1908-07-27,14,1930,1930,False,,,,no
Pat,Audas,Richmond,,34,180,1932-03-17,14,1952,1954,False,,,,no
Alex,Barlow,Carlton,,,,1880-04-10,14,1901,1903,False,,,,no
Arnold,Beitzel,Stkilda,,29,180,1897-05-27,14,1919,1920,False,,,,no
Bill,Bendle,Geelong,,1,170,1897-12-02,14,1918,1921,False,,,,no
Andy,Bennett,Stkilda,,25,191,1955-03-30,14,1985,1985,False,,,,no
Michael,Blees,Stkilda,,49,191,1962-08-06,14,1981,1983,False,,,,no
Ashley,Blurton,Richmond,,24,177,1975-03-05,14,1998,1999,False,,,,no
Jack,Booth,Stkilda,,29,170,1918-04-24,14,1943,1944,False,,,,no
Josh,Bootsma,Carlton,,21,190,1993-02-22,14,2012,2013,False,,,,no
Bert,Boromeo,Richmond,,6,184,1892-05-10,14,1926,1926,False,,,,no
Glen,Bow,Geelong,,30,185,1935-08-12,14,1954,1956,False,,,,no
Brian,Bowe,Stkilda,,43,173,1936-03-15,14,1958,1959,False,,,,no
Teddy,Briggs,NorthMelbourne,,7,183,1909-07-16,14,1928,1930,False,,,,no
Harold,Brown,Stkilda,,,177,1878-09-19,14,1899,1900,False,,,,no
Mal,Brown,Richmond,,18,187,1946-10-26,14,1974,1974,False,,,,no
Claude,Bryan,Melbourne,,26,183,1892-12-23,14,1915,1920,False,,,,no
Barry,Bryant,Carlton,,11,178,1940-05-04,14,1960,1961,False,,,,no
Arthur,Bryse,Hawthorn,,28,173,1908-09-13,14,1929,1929,False,,,,no
Phil,Busbridge,Collingwood,,6,174,1920-09-04,14,1941,1943,False,,,,no
Ronnie,Byrne,Carlton,,23,171,1900-08-17,14,1925,1926,False,,,,no
Jaryd,Cachia,Carlton,,37,184,1991-05-08,14,2013,2013,False,,,,no
Norm,Cashin,Carlton,,4,179,1915-07-15,14,1936,1937,False,,,,no
Matt,Cave,Stkilda,,25,190,1910-03-30,14,1933,1934,False,,,,no
Len,Clark,Collingwood,,32,180,1947-01-30,14,1965,1969,False,,,,no
Angus,Clarke,Essendon,Essendon,36,188,2006-05-08,14,2025,2025,False,MEDIUM_DEFENDER,nationalDraft,39,yes
Bill,Clements,Richmond,,24,179,1933-10-08,14,1957,1959,False,,,,no
David,Collins,Essendon,,31,189,1946-05-31,14,1969,1970,False,,,,no
Jack,Connole,Melbourne,,34,163,1890-07-29,14,1914,1919,False,,,,no
Myke,Cook,Adelaide,,8,184,1989-10-09,14,2009,2011,False,,,,no
Ryan,Cook,Collingwood,,29,186,1988-02-16,14,2007,2009,False,,,,no
Peter,Cook,Melbourne,,21,185,1932-11-01,14,1956,1958,False,,,,no
Barry,Cougle,Geelong,,13,185,1938-05-28,14,1958,1959,False,,,,no
Norm,Crewther,Collingwood,,5,183,1919-05-14,14,1941,1943,False,,,,no
Vin,Crowe,Hawthorn,,22,182,1946-01-13,14,1967,1968,False,,,,no
Eric,Cumming,WesternBulldogs,,5,178,1923-12-23,14,1948,1949,False,,,,no
Steven,Cummings,Stkilda,,46,178,1969-08-16,14,1990,1992,False,,,,no
Tim,Darcy,Essendon,,20,186,1964-01-15,14,1995,1995,False,,,,no
Geoff,Davey,Sydney,,22,178,1945-09-03,14,1965,1966,False,,,,no
Jimmy,Deagan,Stkilda,,16,178,1898-03-22,14,1919,1921,False,,,,no
Frank,Dimattina,NorthMelbourne,,31,175,1946-12-03,14,1969,1970,False,,,,no
Jack,Doherty,NorthMelbourne,,33,178,1921-03-10,14,1945,1945,False,,,,no
Josh,Dolan,WesternBulldogs,Western Bulldogs,26,177,2006-11-11,14,2025,2026,True,MEDIUM_FORWARD,NA,NA,yes
Gerry,Donnelly,NorthMelbourne,,8,183,1903-08-07,14,1926,1930,False,,,,no
Paul,Dooley,WesternBulldogs,,12,196,1975-10-03,14,1998,2001,False,,,,no
Jack,Douglas,Hawthorn,,30,184,1929-06-02,14,1952,1953,False,,,,no
Matthew,Dundas,Richmond,,2,178,1971-12-07,14,1994,1995,False,,,,no
Norm,Dunn,Essendon,,21,177,1896-01-21,14,1918,1919,False,,,,no
Emmett,Dunne,WesternBulldogs,,4,197,1956-06-11,14,1984,1985,False,,,,no
Jack,Dunstone,Geelong,,4,180,1901-05-15,14,1923,1923,False,,,,no
Jack,Eames,Richmond,,20,183,1922-12-22,14,1946,1946,False,,,,no
Barry,Eddy,Geelong,,41,175,1952-01-09,14,1974,1975,False,,,,no
Stephen,Edgar,Carlton,,9,175,1967-02-01,14,1990,1991,False,,,,no
Mick,Evans,NorthMelbourne,,46,173,1947-07-22,14,1967,1968,False,,,,no
John,Evans,Stkilda,,27,191,1950-09-10,14,1969,1970,False,,,,no
David,Fanning,Collingwood,,45,204,1984-07-20,14,2005,2006,False,,,,no
Alec,Farrow,Carlton,,28,173,1894-02-08,14,1922,1923,False,,,,no
Simon,Feast,Sydney,,26,196,1974-12-01,14,1999,2001,False,,,,no
Robin,Fildes,Collingwood,,15,187,1940-11-13,14,1961,1963,False,,,,no
Clem,Fisher,Sydney,,28,185,1908-02-03,14,1931,1932,False,,,,no
Jim,Fitzgerald,Stkilda,,35,178,1924-12-14,14,1951,1952,False,,,,no
Tommy,Floyd,Collingwood,,5,170,1960-10-07,14,1982,1983,False,,,,no
Jim,Fraser,Carlton,,12,170,1896-12-21,14,1922,1923,False,,,,no
Martin,Frederick,PortAdelaide,,45,178,2000-05-17,14,2021,2022,False,,,,no
Jonathan,Freeman,Brisbane,,34,198,1994-04-27,14,2014,2016,False,,,,no
Mark,Gardner,Melbourne,,,173,1884-09-11,14,1904,1907,False,,,,no
Ryan,Garthwaite,Richmond,,42,192,1998-06-30,14,2018,2021,False,,,,no
Tim,Gepp,WesternBulldogs,,12,182,1960-01-21,14,1986,1986,False,,,,no
Phil,Gibson,Essendon,,,180,1887-03-30,14,1906,1907,False,,,,no
Phil,Gilbert,Fremantle.xlsx,,6,185,1969-11-15,14,1995,1996,False,,,,no
Ralph,Goullet,Hawthorn,,16,183,1904-01-25,14,1928,1928,False,,,,no
Ray,Gracie,Stkilda,,22,185,1917-09-01,14,1944,1944,False,,,,no
Jarrad,Grant,Goldcoast,,2,193,1989-07-06,14,2016,2017,False,,,,no
Tom,Hallahan,Stkilda,,31,182,1908-12-16,14,1933,1934,False,,,,no
Brook,Hannah,Carlton,,,,1874-09-28,14,1897,1897,False,,,,no
Rupe,Hannah,Collingwood,,21,180,1900-07-30,14,1922,1924,False,,,,no
Angus,Hastie,Stkilda,St Kilda,24,190,2005-09-19,14,2024,2025,False,MEDIUM_DEFENDER,NA,NA,yes
Robert,Hay,Sydney,,44,183,1954-09-21,14,1971,1972,False,,,,no
Lucas,Herbert,Adelaide,,1,198,1977-09-13,14,1999,1999,False,,,,no
Ian,Herman,Richmond,,36,182,1965-10-11,14,1992,1993,False,,,,no
Russell,Hill,Essendon,,28,179,1920-03-09,14,1944,1947,False,,,,no
Taylor,Hine,NorthMelbourne,,26,184,1992-01-24,14,2013,2013,False,,,,no
John,Hooper,Carlton,,,,1878-03-17,14,1899,1899,False,,,,no
Kyal,Horsley,Goldcoast,,42,182,1987-09-02,14,2012,2013,False,,,,no
Frank,Hose,Geelong,,8,183,1920-10-29,14,1945,1945,False,,,,no
Allan,Hotchkin,Sydney,,20,180,1943-02-07,14,1961,1963,False,,,,no
Glenn,Howard,Collingwood,,11,185,1962-11-17,14,1987,1987,False,,,,no
Jim,Hower,Collingwood,,28,182,1931-09-03,14,1954,1955,False,,,,no
Jim,Howie,Geelong,,30,175,1917-09-25,14,1944,1945,False,,,,no
Josh,Hunt,GWS,,32,184,1982-03-14,14,2014,2014,False,,,,no
Les,Husband,Carlton,,31,180,1898-07-12,14,1923,1924,False,,,,no
Tom,Hynes,Sydney,,16,187,1943-04-04,14,1962,1964,False,,,,no
Cooper,Hynes,WesternBulldogs,Western Bulldogs,6,190,2006-02-28,14,2025,2026,True,MEDIUM_FORWARD,NA,NA,yes
Bill,Icke,Geelong,,32,180,1921-01-11,14,1946,1946,False,,,,no
Charlie,Illingworth,Melbourne,,,177,1871-02-11,14,1899,1899,False,,,,no
Ron,Irvine,Richmond,,12,180,1927-03-10,14,1949,1951,False,,,,no
Mark,Johnson,Fremantle.xlsx,,17,180,1978-05-23,14,2008,2008,False,,,,no
Harvey,Johnson,Hawthorn,,18,180,1907-08-26,14,1932,1932,False,,,,no
Bob,Johnstone,Collingwood,,11,183,1942-03-19,14,1962,1963,False,,,,no
Jamie,Lamb,Geelong,,39,187,1968-04-13,14,1991,1993,False,,,,no
Greg,Lane,Stkilda,,15,175,1960-04-29,14,1983,1984,False,,,,no
Bill,Lang,Richmond,,,182,1882-07-06,14,1908,1909,False,,,,no
Denis,Lanigan,Carlton,,,,1874-05-18,14,1899,1899,False,,,,no
Bill,Lever,Carlton,,24,182,1904-04-20,14,1929,1930,False,,,,no
Eric,Little,Stkilda,,33,173,1910-05-28,14,1935,1935,False,,,,no
George,Lomer,Stkilda,,14,188,1904-05-14,14,1927,1928,False,,,,no
Mick,Lynch,Collingwood,,,173,1878-05-12,14,1898,1898,False,,,,no
Sam,MacKechnie,Collingwood,,16,175,1897-06-05,14,1917,1918,False,,,,no
Oscar,Manchester,Carlton,,,,1878-04-14,14,1897,1898,False,,,,no
Lou,Mangan,Sydney,,3,173,1922-05-26,14,1942,1944,False,,,,no
Joe,Marr,Essendon,,,,1880-08-09,14,1903,1903,False,,,,no
Ernie,McAlpine,Carlton,,28,165,1902-02-11,14,1924,1926,False,,,,no
Paul,McCormack,Carlton,,30,183,1970-03-12,14,1992,1994,False,,,,no
Jack,McDonagh,WesternBulldogs,,31,179,1914-06-10,14,1936,1936,False,,,,no
Gary,McDonald,Stkilda,,8,178,1953-03-03,14,1978,1980,False,,,,no
Fraser,McInnes,WestCoast,,36,197,1993-07-19,14,2015,2018,False,,,,no
Fred,McIntosh,Essendon,,2,169,1893-07-23,14,1915,1915,False,,,,no
Peter,McIntyre,Adelaide,,23,194,1967-01-06,14,1991,1992,False,,,,no
Milton,McIntyre,WesternBulldogs,,27,189,1909-10-23,14,1933,1933,False,,,,no
Dinny,McKay,Sydney,,,178,1867-11-23,14,1897,1897,False,,,,no
Doug,Menzies,WesternBulldogs,,35,178,1915-01-28,14,1937,1939,False,,,,no
Andrew,Mills,Richmond,,34,186,1981-06-18,14,2000,2003,False,,,,no
Ian,Monks,Sydney,,4,173,1931-08-06,14,1956,1957,False,,,,no
Adam,Morgan,WesternBulldogs,,32,195,1981-10-28,14,2004,2006,False,,,,no
Garry,Moss,Hawthorn,,28,181,1988-07-05,14,2007,2010,False,,,,no
Jordan,Murdoch,Goldcoast,,31,190,1992-03-23,14,2019,2019,False,,,,no
Shane,Murphy,Hawthorn,,32,183,1955-12-01,14,1975,1978,False,,,,no
Bill,Nalder,Richmond,,46,193,1952-08-14,14,1972,1973,False,,,,no
Kevin,Northcote,Hawthorn,,19,175,1938-07-27,14,1956,1959,False,,,,no
Nick,OBrien,Essendon,,10,188,1993-06-26,14,2012,2015,False,,,,no
Charlie,Pannam,Richmond,,,173,1874-10-02,14,1908,1908,False,,,,no
Keith,Park,Geelong,,9,185,1920-05-29,14,1945,1946,False,,,,no
Jeff,Patterson,Richmond,,25,183,1928-11-03,14,1953,1954,False,,,,no
Joe,Paul,NorthMelbourne,,4,175,1904-02-02,14,1926,1930,False,,,,no
Andrew,Payze,Adelaide,,24,178,1966-08-25,14,1991,1992,False,,,,no
Charlie,Pettiona,Sydney,,30,177,1913-07-10,14,1936,1937,False,,,,no
George,Pike,Geelong,,37,180,1923-01-22,14,1947,1949,False,,,,no
Bryan,Pirouet,Essendon,,9,184,1949-07-12,14,1970,1971,False,,,,no
Richard,Radziminski,WesternBulldogs,,17,180,1951-08-13,14,1969,1971,False,,,,no
Arthur,Reed,Geelong,,,182,1883-07-19,14,1902,1902,False,,,,no
Chad,Rintoul,Collingwood,,38,180,1974-07-31,14,2001,2002,False,,,,no
Ralph,Robertson,Stkilda,,,171,1882-08-05,14,1899,1900,False,,,,no
Artie,Robson,Collingwood,,,179,1878-03-29,14,1900,1901,False,,,,no
James,Rose,Sydney,,1,185,1996-04-16,14,2015,2019,False,,,,no
Ernie,Rudduck,Collingwood,,,175,1884-03-14,14,1907,1907,False,,,,no
Mark,Russell,Sydney,,38,190,1962-01-18,14,1985,1985,False,,,,no
Felix,Russo,Stkilda,,33,178,1926-06-10,14,1950,1951,False,,,,no
Stan,Ryan,Richmond,,7,183,1902-12-05,14,1929,1929,False,,,,no
Arthur,Scott,Stkilda,,,173,1878-05-24,14,1900,1901,False,,,,no
Jack,Sheehan,Richmond,,28,175,1890-05-29,14,1915,1917,False,,,,no
Fred,Sleeman,Melbourne,,,168,1885-03-25,14,1906,1906,False,,,,no
Frank,Smith,Melbourne,,11,173,1905-03-05,14,1931,1932,False,,,,no
Frank,Spilling,WesternBulldogs,,11,174,1912-10-23,14,1933,1936,False,,,,no
Robert,Stibbard,Sydney,,42,180,1952-02-09,14,1972,1974,False,,,,no
Jack,Stock,Melbourne,,39,185,1923-11-07,14,1944,1945,False,,,,no
Tom,Strownix,Sydney,,,178,1886-05-02,14,1911,1911,False,,,,no
Darryl,Sutton,Sydney,,35,183,1952-07-27,14,1983,1983,False,,,,no
Kevin,Taylor,Sydney,,22,180,1958-09-15,14,1981,1981,False,,,,no
Graham,Teasdale,Collingwood,,20,193,1955-06-26,14,1982,1983,False,,,,no
Eli,Templeton,Stkilda,,4,183,1995-08-19,14,2014,2016,False,,,,no
Murray,Thompson,Richmond,,23,175,1953-12-27,14,1973,1976,False,,,,no
Alan,Thomson,Stkilda,,29,178,1899-09-01,14,1923,1924,False,,,,no
John,Tresize,Carlton,,22,180,1953-02-26,14,1977,1978,False,,,,no
Jason,Tutt,Carlton,,22,177,1991-05-15,14,2015,2016,False,,,,no
Bob,Walker,Geelong,,30,180,1912-04-20,14,1933,1939,False,,,,no
Ron,Walsh,NorthMelbourne,,34,180,1932-09-12,14,1953,1957,False,,,,no
Tom,Wardley,Essendon,,4,173,1897-09-05,14,1921,1921,False,,,,no
Tobe,Watson,Fremantle.xlsx,,38,190,1997-12-03,14,2020,2021,False,,,,no
Johnny,Watts,Stkilda,,,,1883-09-27,14,1905,1910,False,,,,no
Tom,Wellington,Hawthorn,,37,187,1921-08-22,14,1939,1940,False,,,,no
Dan,Whannell,Carlton,,17,173,1899-04-10,14,1921,1923,False,,,,no
Will,White,Carlton,,38,177,2004-03-18,14,2025,2025,False,,,,no
Alan,Wickes,Collingwood,,31,185,1939-07-27,14,1959,1961,False,,,,no
Stuart,Wigney,Richmond,,36,191,1969-04-19,14,1995,1996,False,,,,no
Dick,Wilcox,Sydney,,27,180,1944-08-06,14,1967,1968,False,,,,no
Terry,Wilkins,Melbourne,,38,178,1953-07-04,14,1975,1976,False,,,,no
Graeme,Wilson,Sydney,,4,184,1953-12-15,14,1974,1976,False,,,,no
Peter,Wood,WesternBulldogs,,35,173,1939-11-11,14,1959,1961,False,,,,no
Jack,Zander,Hawthorn,,26,188,1910-07-06,14,1933,1937,False,,,,no
Denis,Zanoni,Geelong,,11,179,1941-04-02,14,1960,1962,False,,,,no
Jack,Zimmerman,WesternBulldogs,,30,185,1918-02-09,14,1937,1939,False,,,,no
Wal,Alexander,Carlton,,9,178,1923-10-22,13,1945,1947,False,,,,no
Bo,Allan,WestCoast,West Coast,26,191,2006-02-16,13,2025,2026,True,MIDFIELDER,nationalDraft,16,yes
Warwick,Angus,NorthMelbourne,,11,194,1969-07-14,13,1989,1991,False,,,,no
Jody,Arnol,Stkilda,,21,192,1968-09-25,13,1990,1991,False,,,,no
Gary,Arnold,Richmond,,28,178,1943-12-05,13,1963,1964,False,,,,no
Geoffrey,Austen,Collingwood,,17,194,1953-10-13,13,1979,1981,False,,,,no
Scott,Bamford,Geelong,,22,183,1974-06-23,13,1999,1999,False,,,,no
Tim,Barling,Sydney,,14,200,1965-06-21,13,1989,1990,False,,,,no
Jack,Barnett,Richmond,,12,165,1899-07-25,13,1924,1926,False,,,,no
Charlie,Bartling,NorthMelbourne,,4,183,1912-06-03,13,1935,1936,False,,,,no
Rhett,Baynes,Carlton,,20,195,1964-05-16,13,1985,1986,False,,,,no
Leon,Bazin,WesternBulldogs,,27,,1907-06-28,13,1930,1931,False,,,,no
Callan,Beasy,Carlton,,42,190,1982-03-19,13,2002,2004,False,,,,no
Charlie,Beckley,Essendon,,,,1885-02-26,13,1909,1910,False,,,,no
Billy,Beggs,Stkilda,,,169,1878-08-13,13,1897,1898,False,,,,no
Bob,Bell,Sydney,,24,191,1953-06-22,13,1971,1974,False,,,,no
Alby,Bendle,Geelong,,1,166,1893-10-30,13,1922,1922,False,,,,no
Alan,Bloomfield,NorthMelbourne,,32,183,1950-02-12,13,1970,1971,False,,,,no
Harold,Bower,Sydney,,,,1878-05-05,13,1901,1902,False,,,,no
Frank,Boynton,Geelong,,,180,1887-01-01,13,1907,1907,False,,,,no
Graham,Brandt,Sydney,,34,182,1947-03-01,13,1969,1971,False,,,,no
Hugh,Bromell,Melbourne,,12,191,1942-01-02,13,1965,1965,False,,,,no
Bob,Bryce,Collingwood,,,,1879-07-07,13,1901,1902,False,,,,no
David,Calthorpe,NorthMelbourne,,17,179,1973-08-17,13,2000,2000,False,,,,no
Adam,Campbell,Fremantle.xlsx,,24,194,1985-01-25,13,2006,2009,False,,,,no
Phil,Carman,NorthMelbourne,,22,188,1950-09-04,13,1982,1982,False,,,,no
Chris,Carroll,NorthMelbourne,,1,180,1924-03-06,13,1947,1948,False,,,,no
George,Cassidy,Melbourne,,37,,1905-08-19,13,1929,1931,False,,,,no
Harry,Chalmers,WesternBulldogs,,26,180,1920-04-04,13,1944,1945,False,,,,no
Arthur,Chilcott,Sydney,,17,178,1963-02-26,13,1984,1985,False,,,,no
Clive,Coles,Stkilda,,18,177,1911-03-12,13,1939,1939,False,,,,no
Cyril,Collard,Hawthorn,,4,173,1934-09-20,13,1957,1958,False,,,,no
Barry,Connolly,WesternBulldogs,,5,173,1938-08-30,13,1958,1958,False,,,,no
Alf,Copsey,Stkilda,,14,180,1921-01-22,13,1947,1948,False,,,,no
Ian,Corner,Stkilda,,28,180,1951-01-21,13,1972,1973,False,,,,no
George,Coward,NorthMelbourne,,30,170,1915-05-14,13,1939,1941,False,,,,no
Cedric,Cox,Brisbane,,20,181,1997-08-19,13,2017,2019,False,,,,no
Darryl,Cox,Melbourne,,35,192,1961-01-26,13,1984,1986,False,,,,no
Jack,Danckert,Sydney,,19,178,1922-07-10,13,1944,1947,False,,,,no
Sam,Day,Brisbane,,14,197,1992-09-06,13,2025,2025,False,,,,no
Rex,Deeath,Geelong,,29,191,1949-03-09,13,1974,1975,False,,,,no
Richard,Dennis,NorthMelbourne,,5,185,1966-07-31,13,1992,1992,False,,,,no
Tom,Derickx,Sydney,,19,204,1987-12-07,13,2014,2015,False,,,,no
Arthur,Dickens,Melbourne,,9,165,1903-06-19,13,1932,1932,False,,,,no
Graham,Diggle,Collingwood,,,180,1889-03-13,13,1907,1909,False,,,,no
Bill,Dinsmore,Essendon,,13,170,1887-02-14,13,1914,1915,False,,,,no
Terry,Domburg,Collingwood,,41,185,1960-07-11,13,1980,1982,False,,,,no
Eric,Donaldson,Melbourne,,30,178,1899-08-27,13,1923,1924,False,,,,no
Jim,Doolan,Stkilda,,26,175,1888-10-08,13,1912,1913,False,,,,no
Danny,Dunne,Stkilda,,,183,1876-04-14,13,1897,1897,False,,,,no
Ernie,Dunne,Stkilda,,,179,1873-07-20,13,1897,1898,False,,,,no
Phil,Dunstone,NorthMelbourne,,6,170,1914-10-04,13,1943,1944,False,,,,no
Andrew,Eccles,Carlton,,20,187,1979-06-01,13,2002,2003,False,,,,no
Saad,El-Hawli,Essendon,Essendon,41,184,2001-05-15,13,2025,2026,True,MIDFIELDER,other,13,yes
Rowley,Faust,Carlton,,8,176,1899-02-21,13,1923,1923,False,,,,no
Frank,Field,Carlton,,,173,1879-10-02,13,1901,1902,False,,,,no
Gary,Fitzpatrick,Essendon,,51,177,1955-03-31,13,1974,1975,False,,,,no
Roy,Fleming,Geelong,,10,168,1901-11-05,13,1923,1926,False,,,,no
Tom,Fogarty,Stkilda,,20,185,1909-05-15,13,1931,1933,False,,,,no
Israel,Folau,GWS,,4,193,1989-04-03,13,2012,2012,False,,,,no
Dan,Foley,Richmond,,15,193,1960-10-25,13,1983,1985,False,,,,no
John,Ford,NorthMelbourne,,2,185,1932-04-18,13,1955,1956,False,,,,no
Ross,Funcke,Melbourne,,15,183,1977-11-16,13,2001,2002,False,,,,no
Harry,Furnell,Carlton,,1,180,1898-10-24,13,1918,1919,False,,,,no
Mark,Gale,Stkilda,,37,190,1976-05-07,13,2001,2001,False,,,,no
Ty,Gallop,Brisbane,Brisbane Lions,22,194,2006-02-09,13,2025,2026,True,KEY_DEFENDER,nationalDraft,42,yes
Jarrod,Garlett,Carlton,,21,181,1996-05-03,13,2018,2019,False,,,,no
Phil,Garwood,Hawthorn,,15,184,1939-12-24,13,1964,1965,False,,,,no
Les,Gibbs,Melbourne,,31,163,1918-08-10,13,1939,1944,False,,,,no
Archie,Giles,NorthMelbourne,,4,180,1895-07-06,13,1925,1926,False,,,,no
Gordon,Goldsmith,Sydney,,28,175,1915-12-21,13,1936,1943,False,,,,no
Brent,Grgic,Geelong,,25,192,1979-10-08,13,2002,2003,False,,,,no
Henry,Gunstone,Sydney,,5,178,1940-07-19,13,1960,1962,False,,,,no
Norm,Hall,Essendon,,6,175,1894-11-28,13,1913,1918,False,,,,no
Will,Hams,Essendon,,41,180,1994-07-14,13,2013,2016,False,,,,no
Billy,Hartung,NorthMelbourne,,39,177,1995-01-24,13,2018,2018,False,,,,no
Jack,Haw,Melbourne,,24,182,1902-12-27,13,1928,1929,False,,,,no
Jacob,Heron,Goldcoast,,40,180,1999-12-10,13,2018,2019,False,,,,no
Bryant,Hocking,Stkilda,,3,173,1932-07-28,13,1957,1957,False,,,,no
John,Hutton,Fremantle.xlsx,,16,185,1966-05-26,13,1995,1995,False,,,,no
Brent,Hutton,WestCoast,,9,185,1964-04-15,13,1988,1989,False,,,,no
David,Hynes,Fremantle.xlsx,,16,190,1967-03-31,13,1996,1997,False,,,,no
Steve,Hywood,Richmond,,43,183,1950-05-31,13,1972,1972,False,,,,no
Alf,Jackson,Essendon,,,175,1887-10-25,13,1907,1909,False,,,,no
Jack,Jennings,Stkilda,,,,1875-11-27,13,1897,1898,False,,,,no
Zak,Johnson,Essendon,Essendon,40,185,2006-12-24,13,2025,2026,True,MEDIUM_DEFENDER,nationalDraft,70,yes
Bill,Joiner,Hawthorn,,17,200,1939-08-29,13,1961,1962,False,,,,no
Tom,Jones,WesternBulldogs,,21,191,1930-07-10,13,1953,1954,False,,,,no
Horrie,Jones,Collingwood,,,180,1888-06-10,13,1910,1911,False,,,,no
Fred,Jones,Hawthorn,,39,189,1918-04-22,13,1941,1942,False,,,,no
Frank,Jorgensen,Melbourne,,7,180,1902-08-19,13,1925,1927,False,,,,no
Jimmy,Joyce,WesternBulldogs,,24,175,1907-05-27,13,1931,1931,False,,,,no
Kevin,Kallady,Stkilda,,13,184,1923-07-04,13,1945,1946,False,,,,no
Dick,Kennedy,Melbourne,,24,180,1925-09-12,13,1945,1946,False,,,,no
Alf,King,Essendon,,26,175,1941-09-25,13,1961,1962,False,,,,no
Jim,King,Stkilda,,,,1873-11-23,13,1904,1905,False,,,,no
Jim,Krakouer,Stkilda,,3,167,1958-10-13,13,1990,1991,False,,,,no
Nathan,Kreuger,Collingwood,,15,196,1999-06-25,13,2022,2024,False,,,,no
Tim,Lane,Melbourne,,15,198,1888-02-22,13,1912,1912,False,,,,no
Hector,Lingwood-Smith,Collingwood,,26,178,1900-05-22,13,1922,1923,False,,,,no
Bob,Lockhart,Richmond,,8,173,1940-08-26,13,1961,1962,False,,,,no
Max,Logan,Sydney,,38,182,1934-03-20,13,1954,1955,False,,,,no
Darren,Louttit,Melbourne,,46,193,1965-03-26,13,1985,1986,False,,,,no
Terry,Love,WesternBulldogs,,19,175,1963-11-04,13,1982,1983,False,,,,no
Wally,Lovett,Richmond,,44,175,1961-12-15,13,1983,1984,False,,,,no
Jack,Lowe,Carlton,,30,178,1890-10-24,13,1914,1914,False,,,,no
Nick,Lower,WesternBulldogs,,33,189,1987-06-23,13,2013,2013,False,,,,no
Alex,MacKenzie,Stkilda,,20,170,1882-01-13,13,1911,1912,False,,,,no
James,Madden,Brisbane,,42,186,1999-11-15,13,2021,2023,False,,,,no
Tom,Maguire,Geelong,,,,1873-12-24,13,1897,1898,False,,,,no
Alan,Mangels,Geelong,,12,179,1956-07-29,13,1981,1983,False,,,,no
Ken,Mann,Stkilda,,7,175,1941-03-31,13,1965,1966,False,,,,no
Stefan,Martin,WesternBulldogs,,8,199,1986-11-17,13,2021,2022,False,,,,no
Mick,Martyn,Carlton,,10,190,1968-08-31,13,2003,2003,False,,,,no
Archie,May,Essendon,,26,198,2004-08-27,13,2025,2026,True,,,,no
Bill,McCabe,NorthMelbourne,,47,189,1935-08-30,13,1957,1959,False,,,,no
Milne,McCooke,Stkilda,,18,185,1934-10-09,13,1955,1958,False,,,,no
Keith,McDonald,Essendon,,9,182,1929-09-12,13,1951,1952,False,,,,no
James,McDonald,GWS,,38,180,1976-10-05,13,2012,2012,False,,,,no
Ken,McGown,Richmond,,12,180,1936-03-22,13,1954,1956,False,,,,no
Bill,McIntyre,WesternBulldogs,,30,180,1897-07-29,13,1925,1925,False,,,,no
Tim,McKeegan,Geelong,,,179,1877-09-26,13,1901,1902,False,,,,no
Dylan,McLaren,Carlton,,10,196,1982-05-08,13,2006,2006,False,,,,no
Jim,McLean,Melbourne,,,179,1880-05-02,13,1901,1903,False,,,,no
Ron,McMahon,Melbourne,,25,185,1927-03-29,13,1951,1952,False,,,,no
Arch,McNair,Sydney,,,,1880-09-28,13,1898,1899,False,,,,no
Peter,McRae,WesternBulldogs,,20,188,1937-10-10,13,1956,1957,False,,,,no
Frank,Melville,NorthMelbourne,,6,185,1903-02-08,13,1925,1929,False,,,,no
Jack,Mihocek,Essendon,,8,181,1957-08-21,13,1976,1978,False,,,,no
Ashton,Moir,Carlton,Carlton,43,188,2005-04-15,13,2024,2026,True,MEDIUM_FORWARD,nationalDraft,29,yes
Harry,Moore,Sydney,,32,184,1928-01-24,13,1951,1951,False,,,,no
Vin,Morrissey,WesternBulldogs,,9,180,1925-08-12,13,1948,1949,False,,,,no
Ned,Moyle,Goldcoast,Gold Coast,49,206,2002-02-15,13,2023,2025,False,RUCK,NA,NA,yes
Aaron,Mullett,Carlton,,18,184,1992-02-23,13,2018,2018,False,,,,no
Mick,Mulligan,Sydney,,41,178,1947-10-21,13,1967,1968,False,,,,no
Dennis,Munari,NorthMelbourne,,37,178,1948-04-18,13,1974,1977,False,,,,no
Frank,Munro,Richmond,,36,178,1934-04-27,13,1956,1957,False,,,,no
Sam,Murray,Collingwood,,9,187,1997-09-02,13,2018,2018,False,,,,no
Beau,Muston,Hawthorn,,17,189,1987-03-01,13,2009,2010,False,,,,no
Bruce,Neave,Collingwood,,16,189,1949-07-02,13,1968,1970,False,,,,no
Leigh,Newton,Melbourne,,14,198,1976-03-25,13,1997,1997,False,,,,no
Ben,Newton,Melbourne,,19,183,1992-08-08,13,2015,2016,False,,,,no
Brad,Nimmo,NorthMelbourne,,40,190,1959-02-03,13,1982,1983,False,,,,no
George,Noonan,Stkilda,,27,180,1894-10-18,13,1920,1920,False,,,,no
Zac,OBrien,Brisbane,,47,183,1990-10-27,13,2014,2015,False,,,,no
Terry,OBrien,Stkilda,,28,159,1918-11-07,13,1940,1941,False,,,,no
Alby,OConnor,Essendon,,10,,1893-10-23,13,1915,1918,False,,,,no
Tommy,ODay,Carlton,,,,1873-10-08,13,1898,1898,False,,,,no
Andy,ODonnell,Carlton,,21,,1885-07-05,13,1910,1913,False,,,,no
Brett,OFarrell,Hawthorn,,12,197,1978-01-03,13,1999,2001,False,,,,no
Max,OHalloran,WesternBulldogs,,39,178,1952-05-20,13,1972,1974,False,,,,no
George,OKeeffe,Melbourne,,23,171,1930-08-12,13,1951,1952,False,,,,no
Ted,OMeara,Sydney,,25,178,1903-03-26,13,1924,1926,False,,,,no
Laurie,OToole,Richmond,,6,188,1937-10-23,13,1959,1960,False,,,,no
Jarrad,Oakley-Nicholls,Richmond,,29,188,1988-02-09,13,2006,2009,False,,,,no
Hewago,Oea,Goldcoast,,47,172,2001-11-13,13,2022,2023,False,,,,no
Stephen,Oliver,Carlton,,3,190,1971-01-14,13,1992,1994,False,,,,no
Norm,Oliver,Collingwood,,21,182,1922-08-15,13,1940,1941,False,,,,no
Ken,Osborne,Melbourne,,36,183,1948-09-26,13,1966,1968,False,,,,no
Roy,Park,Melbourne,,16,165,1892-07-30,13,1915,1915,False,,,,no
Harry,Parsons,Stkilda,,,178,1884-10-08,13,1906,1908,False,,,,no
Liam,Patrick,Goldcoast,,43,189,1988-03-04,13,2011,2013,False,,,,no
Dallas,Patterson,WesternBulldogs,,26,183,1947-05-30,13,1965,1968,False,,,,no
Rod,Payne,Melbourne,,12,196,1945-01-22,13,1970,1970,False,,,,no
Glenn,Payne,NorthMelbourne,,33,178,1958-09-24,13,1978,1981,False,,,,no
Laurie,Pender,Geelong,,22,180,1887-07-23,13,1912,1912,False,,,,no
George,Perrett,Sydney,,6,180,1922-09-04,13,1946,1947,False,,,,no
Alf,Pontin,Geelong,,,,1869-09-22,13,1897,1897,False,,,,no
David,Prescott,Stkilda,,12,185,1937-05-11,13,1960,1961,False,,,,no
Brian,Prior,WesternBulldogs,,38,182,1938-09-13,13,1958,1960,False,,,,no
Gordon,Ramsay,Stkilda,,3,180,1929-03-22,13,1947,1949,False,,,,no
Roy,Reardon,Sydney,,32,175,1894-04-22,13,1920,1921,False,,,,no
Reuben,Reid,Richmond,,15,185,1903-01-16,13,1924,1926,False,,,,no
Les,Rennie,Essendon,,6,175,1908-09-21,13,1931,1931,False,,,,no
Aidan,Riley,Melbourne,,27,183,1991-12-13,13,2014,2015,False,,,,no
Clarrie,Riordan,Stkilda,,23,183,1917-08-01,13,1939,1940,False,,,,no
George,Robbins,WesternBulldogs,,20,173,1903-09-12,13,1929,1930,False,,,,no
Graham,Robbins,Richmond,,32,180,1949-05-06,13,1969,1971,False,,,,no
Bert,Robinson,Melbourne,,,180,1878-06-17,13,1897,1897,False,,,,no
John,Rombotis,Richmond,,35,181,1976-10-13,13,1998,2000,False,,,,no
Ivan,Russell,Geelong,,37,178,1952-10-13,13,1972,1973,False,,,,no
Kevin,Sait,WesternBulldogs,,52,168,1956-11-11,13,1981,1981,False,,,,no
John,Sampson,WesternBulldogs,,16,,1908-01-23,13,1929,1931,False,,,,no
Orm,Saunders,NorthMelbourne,,28,178,1907-06-29,13,1928,1929,False,,,,no
Brad,Scheer,Goldcoast,,18,184,1998-08-31,13,2017,2019,False,,,,no
Ken,Scott,WesternBulldogs,,26,182,1926-04-11,13,1946,1947,False,,,,no
Tom,Sherry,Geelong,,,,1881-10-05,13,1907,1907,False,,,,no
Frank,Sinclair,Sydney,,7,165,1916-08-24,13,1938,1939,False,,,,no
Allan,Skehan,Carlton,,12,187,1906-01-01,13,1927,1929,False,,,,no
Bernie,Smallwood,WesternBulldogs,,15,189,1927-12-22,13,1950,1952,False,,,,no
Len,Smith,NorthMelbourne,,10,170,1913-05-04,13,1936,1937,False,,,,no
Tim,Smith,Melbourne,,38,192,1991-02-20,13,2017,2019,False,,,,no
Dennis,Smith,Richmond,,42,183,1939-02-01,13,1960,1961,False,,,,no
Ivor,Smith,Stkilda,,28,185,1931-07-24,13,1952,1954,False,,,,no
Tony,Southcombe,Carlton,,4,188,1950-07-21,13,1977,1977,False,,,,no
Wally,Spencer,Hawthorn,,27,185,1924-01-05,13,1946,1946,False,,,,no
Barry,Standfield,Adelaide,,16,193,1970-02-13,13,1997,1997,False,,,,no
Clyde,Stanway,Melbourne,,,171,1886-06-23,13,1906,1906,False,,,,no
David,Starbuck,Essendon,,39,180,1950-06-12,13,1970,1971,False,,,,no
George,Stewart,Sydney,,30,179,1901-09-19,13,1925,1925,False,,,,no
Andrew,Strijk,WestCoast,,41,183,1987-10-18,13,2010,2012,False,,,,no
Kevin,Sullivan,Collingwood,,30,180,1922-09-09,13,1941,1946,False,,,,no
Syd,Sutherland,Essendon,,10,185,1890-04-20,13,1919,1919,False,,,,no
Jack,Sutton,WesternBulldogs,,6,180,1921-12-09,13,1944,1945,False,,,,no
Glenn,Swan,Melbourne,,36,197,1952-10-01,13,1973,1973,False,,,,no
Archie,Swannie,Sydney,,,,1875-06-05,13,1897,1897,False,,,,no
Rob,Taylor,WesternBulldogs,,12,178,1945-03-21,13,1964,1965,False,,,,no
Claude,Thomas,Sydney,,30,173,1891-04-15,13,1914,1915,False,,,,no
Wayne,Thornborrow,Stkilda,,30,198,1972-12-27,13,1994,1995,False,,,,no
Josh,Thurgood,Hawthorn,,33,190,1985-06-05,13,2005,2007,False,,,,no
Josh,Toy,Goldcoast,,20,185,1992-04-18,13,2011,2012,False,,,,no
Zane,Trew,WestCoast,,26,187,2002-04-26,13,2022,2024,False,,,,no
Jack,Turner,Richmond,,6,183,1926-06-24,13,1945,1947,False,,,,no
Geoff,Vanderfeen,WesternBulldogs,,9,183,1930-02-25,13,1948,1951,False,,,,no
Trevor,Wallace,NorthMelbourne,,19,180,1912-01-23,13,1933,1934,False,,,,no
Colin,Waterson,Richmond,,12,192,1959-06-25,13,1978,1981,False,,,,no
George,White,Stkilda,,8,175,1908-09-20,13,1931,1931,False,,,,no
Shane,Williams,WesternBulldogs,,6,184,1959-08-14,13,1987,1988,False,,,,no
Nick,Wilton,Hawthorn,,21,192,1958-02-24,13,1978,1981,False,,,,no
Joe,Wood,NorthMelbourne,,26,170,1904-04-25,13,1925,1926,False,,,,no
Les,Woodford,Hawthorn,,5,173,1897-05-11,13,1925,1925,False,,,,no
Clarrie,Wyatt,Stkilda,,20,175,1904-04-27,13,1927,1928,False,,,,no
Barry,Young,Hawthorn,,36,183,1970-06-26,13,2000,2000,False,,,,no
Percy,Abercrombie,Sydney,,,177,1884-01-01,12,1905,1905,False,,,,no
Roy,Adam,Melbourne,,,179,1883-03-11,12,1904,1905,False,,,,no
Oscar,Adams,Goldcoast,Gold Coast,48,197,2003-07-23,12,2025,2026,True,KEY_DEFENDER,NA,NA,yes
Bill,Ahern,Stkilda,,,180,1874-06-25,12,1897,1897,False,,,,no
Noel,Anderson,Richmond,,38,183,1938-09-16,12,1959,1960,False,,,,no
Michael,Apeness,Fremantle.xlsx,,35,199,1995-01-28,12,2014,2018,False,,,,no
Bob,Armstrong,Carlton,,,170,1872-07-25,12,1897,1898,False,,,,no
Paul,Armstrong,Stkilda,,27,185,1957-01-10,12,1982,1982,False,,,,no
Jason,Ashby,Essendon,,14,187,1994-05-16,12,2014,2016,False,,,,no
Horrie,Bant,Essendon,,,180,1882-09-22,12,1910,1910,False,,,,no
Lionel,Barclay,Geelong,,12,175,1920-12-23,12,1944,1945,False,,,,no
Billy,Barham,Melbourne,,31,178,1952-04-07,12,1974,1975,False,,,,no
Bill,Barrot,Carlton,,24,180,1944-05-06,12,1971,1971,False,,,,no
Murrie,Batt,Collingwood,,4,193,1953-10-06,12,1975,1978,False,,,,no
Jacob,Bauer,Richmond,,43,192,2002-06-04,12,2023,2025,False,,,,no
William,Berry,NorthMelbourne,,34,196,1957-06-27,12,1984,1985,False,,,,no
Arthur,Best,Melbourne,,30,175,1888-10-18,12,1914,1914,False,,,,no
Ken,Bodger,Hawthorn,,26,180,1924-12-15,12,1944,1945,False,,,,no
Michael,Browne,Collingwood,,32,194,1954-01-26,12,1973,1975,False,,,,no
Andrew,Browne,Richmond,,34,205,1990-07-07,12,2009,2011,False,,,,no
Teddy,Buist,Sydney,,,170,1885-05-04,12,1906,1907,False,,,,no
Stan,Bulpit,Sydney,,1,165,1926-09-04,12,1948,1950,False,,,,no
Jarrod,Cameron,WestCoast,,39,182,2000-05-03,12,2019,2020,False,,,,no
Blair,Campbell,Melbourne,,41,178,1946-08-20,12,1969,1969,False,,,,no
Les,Carbarns,Hawthorn,,18,180,1891-04-01,12,1925,1925,False,,,,no
Bruce,Carruthers,Essendon,,18,,1903-01-18,12,1927,1928,False,,,,no
Callum,Chambers,Carlton,,22,184,1979-11-19,12,2005,2006,False,,,,no
Paul,Chambers,Sydney,,23,196,1982-06-23,12,2006,2006,False,,,,no
Brian,Chisholm,Sydney,,17,185,1938-02-22,12,1960,1960,False,,,,no
Alf,Chown,Hawthorn,,19,178,1932-04-28,12,1953,1953,False,,,,no
David,Clarke,Carlton,,9,183,1980-05-15,12,2004,2005,False,,,,no
Bob,Clifford,Richmond,,9,185,1937-03-06,12,1958,1958,False,,,,no
Ted,Clohesy,Geelong,,40,184,2004-09-06,12,2023,2025,False,,,,no
Matt,Cody,Collingwood,,6,174,1895-02-28,12,1916,1917,False,,,,no
Nick,Coffield,WesternBulldogs,Western Bulldogs,17,191,1999-10-23,12,2024,2025,False,MEDIUM_DEFENDER,NA,NA,yes
Gerald,Collins,Richmond,,27,191,1932-04-25,12,1952,1953,False,,,,no
Kevin,Collins,Sydney,,30,178,1922-04-09,12,1948,1949,False,,,,no
Clem,Conroy,Melbourne,,7,173,1926-11-23,12,1944,1946,False,,,,no
Jack,Coolahan,WesternBulldogs,,27,180,1914-08-22,12,1938,1939,False,,,,no
Len,Cottrell,Carlton,,32,185,1936-01-27,12,1958,1959,False,,,,no
Norm,Couper,Sydney,,13,180,1916-08-02,12,1939,1940,False,,,,no
Harry,Crapper,Melbourne,,15,180,1905-01-15,12,1930,1931,False,,,,no
Max,Crow,WesternBulldogs,,6,194,1956-01-07,12,1986,1986,False,,,,no
Doug,Davies,Geelong,,6,169,1930-10-13,12,1948,1950,False,,,,no
Charlie,Dean,Collingwood,,43,195,2001-06-19,12,2024,2025,False,,,,no
Don,Discher,Stkilda,,21,196,1954-04-17,12,1978,1979,False,,,,no
Morton,Diston,Essendon,,12,185,1936-05-28,12,1955,1956,False,,,,no
Herman,Dohrmann,Carlton,,,,1873-09-07,12,1898,1899,False,,,,no
Andy,Donnelly,Essendon,,25,173,1900-07-19,12,1920,1921,False,,,,no
Mick,Donohue,Collingwood,,23,171,1917-08-02,12,1942,1943,False,,,,no
John,Douglas,NorthMelbourne,,11,187,1951-10-24,12,1972,1976,False,,,,no
Ian,Downsborough,Adelaide,,17,192,1972-01-19,12,1998,1999,False,,,,no
Sam,Dunell,Stkilda,,38,190,1990-02-21,12,2012,2014,False,,,,no
Simon,Eastaugh,Fremantle.xlsx,,31,200,1973-06-12,12,2001,2002,False,,,,no
Allan,Edwards,WesternBulldogs,,30,188,1957-11-12,12,1984,1984,False,,,,no
Shaun,Edwards,Essendon,,19,189,1993-12-13,12,2015,2016,False,,,,no
Aaron,Edwards,Richmond,,27,184,1984-03-02,12,2013,2014,False,,,,no
Ern,Elder,Hawthorn,,28,187,1916-12-13,12,1940,1941,False,,,,no
Ty,Esler,Richmond,,37,203,1971-09-10,12,1991,1993,False,,,,no
Neil,Evans,Essendon,,36,191,1947-02-06,12,1967,1968,False,,,,no
Lou,Evans,Stkilda,,40,,1909-01-22,12,1933,1934,False,,,,no
Rolland,Fairley,Hawthorn,,25,179,1904-12-07,12,1928,1928,False,,,,no
Alan,Fanning,Hawthorn,,4,182,1932-12-14,12,1954,1955,False,,,,no
Matthew,Ferguson,Stkilda,,21,187,1984-10-01,12,2003,2008,False,,,,no
Bob,Fitzsimmons,Stkilda,,33,175,1917-04-16,12,1939,1943,False,,,,no
Jack,Fleming,Sydney,,,,1876-08-26,12,1897,1898,False,,,,no
Kevin,Fox,Carlton,,27,185,1917-10-06,12,1937,1939,False,,,,no
Charlie,Gardiner,Stkilda,,28,190,1983-03-01,12,2008,2008,False,,,,no
Rupert,Gibb,WesternBulldogs,,21,183,1900-08-25,12,1925,1925,False,,,,no
Leigh,Gloury,Melbourne,,23,175,1929-09-25,12,1953,1954,False,,,,no
Josh,Goater,NorthMelbourne,North Melbourne,31,190,2003-06-02,12,2022,2024,False,MEDIUM_DEFENDER,nationalDraft,22,yes
Bill,Godridge,WesternBulldogs,,28,180,1950-04-23,12,1970,1972,False,,,,no
Barry,Goring,NorthMelbourne,,26,184,1940-11-26,12,1960,1960,False,,,,no
Lew,Gough,Hawthorn,,30,187,1903-09-01,12,1925,1932,False,,,,no
Robert,Grima,Sydney,,42,187,1952-01-26,12,1971,1974,False,,,,no
Matthew,Hammelmann,Brisbane,,40,197,1996-03-08,12,2016,2017,False,,,,no
Curtly,Hampton,Adelaide,,17,185,1993-03-10,12,2017,2018,False,,,,no
Darren,Handley,Collingwood,,49,177,1963-12-18,12,1986,1986,False,,,,no
Les,Handley,Stkilda,,22,177,1918-12-29,12,1942,1945,False,,,,no
Ern,Hazel,Essendon,,21,177,1889-10-28,12,1911,1912,False,,,,no
Campbell,Heath,PortAdelaide,,3,187,1991-04-01,12,2013,2013,False,,,,no
Peter,Hines,WesternBulldogs,,2,188,1948-10-31,12,1968,1970,False,,,,no
Frank,Hodgins,Geelong,,6,,1888-05-04,12,1915,1918,False,,,,no
Frank,Hogan,Sydney,,22,177,1936-10-28,12,1958,1959,False,,,,no
Roger,Hoggett,Carlton,,36,178,1942-05-10,12,1964,1965,False,,,,no
Max,Howell,Carlton,,30,175,1927-12-26,12,1948,1950,False,,,,no
Graham,Hunnibell,Melbourne,,5,193,1955-01-02,12,1978,1980,False,,,,no
Michael,James,Carlton,,10,180,1971-12-30,12,1991,1991,False,,,,no
Dennis,Jenkins,Hawthorn,,37,183,1947-01-29,12,1967,1968,False,,,,no
Allan,Jensen,Hawthorn,,5,165,1922-08-31,12,1943,1944,False,,,,no
Ernest,Jones,Stkilda,,,,1871-11-26,12,1897,1898,False,,,,no
Darragh,Joyce,Brisbane,Brisbane Lions,41,195,1997-04-23,12,2023,2026,True,KEY_DEFENDER,rookieElevation,15,yes
Elliott,Kavanagh,Essendon,,28,185,1993-05-19,12,2012,2015,False,,,,no
Isaac,Keeler,Stkilda,St Kilda,17,198,2004-04-23,12,2025,2026,True,KEY_FORWARD,NA,NA,yes
Roy,Kemp,Essendon,,9,174,1895-11-04,12,1922,1922,False,,,,no
Tony,King,Hawthorn,,30,185,1955-09-11,12,1978,1980,False,,,,no
Arch,Knott,Stkilda,,14,180,1916-02-02,12,1944,1945,False,,,,no
Alan,Krause,Melbourne,,13,188,1931-08-14,12,1951,1953,False,,,,no
Harry,Kuhl,Stkilda,,3,170,1903-03-07,12,1926,1926,False,,,,no
Vern,Lamprell,WesternBulldogs,,19,188,1911-03-02,12,1935,1936,False,,,,no
Pat,Leahy,Sydney,,18,183,1917-09-02,12,1943,1945,False,,,,no
Darcy,Lear,Carlton,,16,178,1898-06-07,12,1917,1917,False,,,,no
Jim,Leitch,Melbourne,,38,179,1945-08-11,12,1964,1965,False,,,,no
Johnny,Leonard,Sydney,,1,173,1903-06-08,12,1932,1932,False,,,,no
Leo,Little,Melbourne,,31,179,1892-02-22,12,1919,1920,False,,,,no
Noel,Long,WesternBulldogs,,34,183,1939-11-02,12,1959,1960,False,,,,no
Otto,Lowenstern,Stkilda,,,177,1888-12-07,12,1910,1911,False,,,,no
Luamon,Lual,Essendon,,34,181,2005-03-28,12,2025,2025,False,,,,no
Roy,Lyons,NorthMelbourne,,24,178,1916-03-28,12,1937,1940,False,,,,no
Charlie,MacKay,Melbourne,,,,1880-05-03,12,1905,1906,False,,,,no
Ken,Mace,Stkilda,,11,184,1921-03-03,12,1947,1947,False,,,,no
Russell,Madden,Essendon,,18,177,1910-06-04,12,1932,1934,False,,,,no
Tom,Marinko,Stkilda,,30,193,1941-08-03,12,1964,1965,False,,,,no
Dale,Mather,Geelong,,38,175,1940-11-11,12,1959,1961,False,,,,no
Barry,Matthews,Essendon,,3,173,1940-11-02,12,1962,1964,False,,,,no
Jimmy,Matthews,Stkilda,,,178,1884-04-03,12,1907,1907,False,,,,no
Ian,McCann,Hawthorn,,34,184,1933-08-28,12,1953,1955,False,,,,no
Stephen,McCarthy,Melbourne,,52,173,1962-05-18,12,1982,1983,False,,,,no
Bill,McCulloch,Collingwood,,,180,1872-11-07,12,1901,1902,False,,,,no
Syd,McGain,NorthMelbourne,,3,174,1917-02-05,12,1943,1945,False,,,,no
Ray,McGaw,Richmond,,16,175,1937-10-03,12,1956,1958,False,,,,no
Mark,McGough,Stkilda,,30,188,1984-06-22,12,2005,2006,False,,,,no
Leo,McInerney,Essendon,,23,180,1898-04-24,12,1918,1919,False,,,,no
Ern,McIntyre,Collingwood,,28,185,1921-04-19,12,1948,1949,False,,,,no
Ivor,McIvor,Essendon,,31,187,1917-09-16,12,1940,1946,False,,,,no
Ken,McKenzie,Stkilda,,,173,1887-04-20,12,1909,1911,False,,,,no
Joe,McLaren,NorthMelbourne,,8,187,1977-12-11,12,2001,2001,False,,,,no
Vic,McNeil,Essendon,,28,178,1890-07-10,12,1913,1914,False,,,,no
Ian,McOrist,Collingwood,,46,175,1949-11-06,12,1972,1972,False,,,,no
Ray,Mead,NorthMelbourne,,32,185,1913-04-12,12,1934,1934,False,,,,no
Len,Milburn,Sydney,,24,170,1908-07-19,12,1931,1931,False,,,,no
Teia,Miles,Hawthorn,,42,180,1996-11-02,12,2017,2018,False,,,,no
Col,Mitchell,NorthMelbourne,,3,182,1914-06-06,12,1937,1939,False,,,,no
Hector,Moir,NorthMelbourne,,10,174,1909-12-03,12,1930,1931,False,,,,no
Keith,Molloy,Hawthorn,,28,183,1924-08-07,12,1946,1949,False,,,,no
Bob,Monar,Stkilda,,,,1884-08-31,12,1910,1911,False,,,,no
Lance,Morton,Sydney,,8,192,1948-04-14,12,1972,1972,False,,,,no
Mitch,Morton,Sydney,,10,184,1987-01-28,12,2012,2013,False,,,,no
Ron,Moylan,Collingwood,,21,180,1947-09-26,12,1968,1969,False,,,,no
Jack,Mullane,Sydney,,9,173,1922-07-13,12,1947,1948,False,,,,no
Dale,Murphy,Sydney,,6,183,1959-09-04,12,1979,1980,False,,,,no
Ben,Nelson,Adelaide,,6,184,1977-01-23,12,2002,2002,False,,,,no
Rick,Norman,NorthMelbourne,,35,186,1963-07-25,12,1985,1986,False,,,,no
Stephen,OReilly,Carlton,,26,195,1972-11-09,12,2000,2000,False,,,,no
Jonathan,ORourke,Hawthorn,,13,184,1994-04-21,12,2015,2018,False,,,,no
Bert,Officer,Hawthorn,,21,182,1899-11-15,12,1925,1925,False,,,,no
George,Parkinson,Richmond,,23,183,1892-03-30,12,1919,1921,False,,,,no
Nevin,Paynter,Melbourne,,18,180,1930-06-01,12,1950,1953,False,,,,no
Henry,Pinniger,Stkilda,,,182,1872-08-03,12,1901,1902,False,,,,no
John,Plumridge,Sydney,,17,179,1944-04-13,12,1962,1963,False,,,,no
Billy,Power,WesternBulldogs,,31,180,1917-07-21,12,1940,1946,False,,,,no
Noel,Rayson,Sydney,,16,180,1933-05-24,12,1958,1959,False,,,,no
Bill,Reddick,NorthMelbourne,,33,183,1935-11-11,12,1955,1956,False,,,,no
Jim,Reid,NorthMelbourne,,27,191,1912-12-20,12,1941,1942,False,,,,no
Bert,Reitman,Collingwood,,,180,1887-10-09,12,1906,1907,False,,,,no
Keenan,Reynolds,NorthMelbourne,,20,188,1969-01-07,12,1995,1996,False,,,,no
Xavier,Richards,Sydney,,42,196,1993-04-25,12,2013,2016,False,,,,no
Ken,Roberts,Melbourne,,10,185,1952-05-13,12,1978,1979,False,,,,no
Bill,Roberts,Essendon,,18,177,1910-07-22,12,1931,1933,False,,,,no
Michael,Roberts,Richmond,,10,180,1959-07-27,12,1986,1986,False,,,,no
Jack,Robertson,WesternBulldogs,,20,185,1909-05-29,12,1929,1929,False,,,,no
Alby,Rose,Sydney,,,,1875-10-01,12,1900,1902,False,,,,no
Harold,Rosewarne,Sydney,,33,185,1930-08-13,12,1952,1954,False,,,,no
Bobby,Rowe,Stkilda,,,,1883-11-27,12,1909,1910,False,,,,no
Jarrad,Schofield,Fremantle.xlsx,,17,178,1975-01-30,12,2005,2006,False,,,,no
Darryl,Schwarz,Melbourne,,37,189,1947-06-26,12,1968,1969,False,,,,no
Bobby,Scott,Richmond,,,173,1887-07-13,12,1910,1911,False,,,,no
Wayne,Shand,Richmond,,45,183,1961-01-17,12,1982,1984,False,,,,no
Eddie,Shea,Hawthorn,,18,178,1915-06-11,12,1936,1937,False,,,,no
Bill,Shelton,Hawthorn,,40,183,1936-07-13,12,1957,1959,False,,,,no
Jackson,Sheringham,Geelong,,38,178,1988-06-22,12,2012,2014,False,,,,no
Phil,Smith,Geelong,,31,188,1946-10-15,12,1968,1970,False,,,,no
Billy,Smith,NorthMelbourne,,8,184,1894-07-31,12,1925,1926,False,,,,no
Kaleb,Smith,Richmond,Richmond,49,181,2004-11-20,12,2024,2025,False,MEDIUM_DEFENDER,NA,NA,yes
Vic,Smith,Sydney,,24,175,1893-07-13,12,1920,1920,False,,,,no
Phoenix,Spicer,NorthMelbourne,,36,173,2002-01-30,12,2021,2023,False,,,,no
Fred,Stabb,Collingwood,,17,178,1920-02-14,12,1942,1944,False,,,,no
Fred,Stancliffe,Collingwood,,,185,1885-10-21,12,1905,1907,False,,,,no
Roan,Steele,Collingwood,Collingwood,45,183,2001-10-22,12,2025,2026,True,MIDFIELDER,other,8,yes
Michael,Stilo,Sydney,,42,179,1951-11-08,12,1975,1976,False,,,,no
Dick,Stokes,Geelong,,18,,1890-09-21,12,1915,1917,False,,,,no
Ken,Stonehouse,Richmond,,27,180,1956-04-23,12,1976,1978,False,,,,no
Lewis,Taylor,Sydney,,28,175,1995-02-17,12,2020,2022,False,,,,no
Conrad,Tenbrink,Essendon,,,180,1875-01-31,12,1898,1898,False,,,,no
Jamie,Thompson,Geelong,,22,,1892-05-29,12,1915,1915,False,,,,no
Alan,Thorpe,WesternBulldogs,,29,185,1968-10-18,12,1993,1994,False,,,,no
Lindsay,Tipping,Hawthorn,,11,183,1950-04-11,12,1969,1971,False,,,,no
Stan,Tomlins,Richmond,,23,185,1923-11-22,12,1948,1948,False,,,,no
Neil,Tompkins,Geelong,,26,185,1927-01-15,12,1945,1945,False,,,,no
Bill,Tottey,Stkilda,,,183,1888-10-06,12,1910,1911,False,,,,no
Len,Toyne,Melbourne,,15,175,1922-07-12,12,1949,1949,False,,,,no
Andrew,Tranquilli,Collingwood,,37,186,1972-04-21,12,1993,1995,False,,,,no
Nick,Trask,Brisbane,,35,175,1978-02-06,12,1997,1998,False,,,,no
Tobie,Travaglia,Stkilda,St Kilda,5,187,2006-10-26,12,2025,2025,False,MEDIUM_DEFENDER,NA,NA,yes
Jack,Turnbull,Sydney,,,166,1885-12-30,12,1908,1908,False,,,,no
Steve,Turner,Stkilda,,40,193,1960-12-27,12,1988,1989,False,,,,no
Trevor,Tyler,Essendon,,17,183,1952-09-29,12,1973,1976,False,,,,no
Andrew,Underwood,Richmond,,12,185,1967-07-14,12,1991,1991,False,,,,no
Patrick,Veszpremi,WesternBulldogs,,8,181,1989-09-01,12,2011,2013,False,,,,no
Scott,Wade,Hawthorn,,13,173,1960-01-10,12,1981,1983,False,,,,no
Terry,Waites,Collingwood,,10,182,1933-04-28,12,1953,1954,False,,,,no
Gary,Walpole,WesternBulldogs,,42,180,1963-10-29,12,1982,1983,False,,,,no
Tony,Walsh,Carlton,,12,183,1928-11-30,12,1953,1954,False,,,,no
Ken,Whitfort,Melbourne,,22,185,1959-10-10,12,1978,1979,False,,,,no
Mark,Whitzell,Sydney,,36,188,1964-01-18,12,1981,1986,False,,,,no
Patrick,Wiggins,WesternBulldogs,,21,196,1981-02-09,12,2000,2003,False,,,,no
Ken,Williams,Collingwood,,36,183,1918-01-07,12,1940,1940,False,,,,no
Wally,Williamson,Hawthorn,,1,185,1907-05-07,12,1934,1934,False,,,,no
George,Williamson,Sydney,,,,1866-01-14,12,1897,1898,False,,,,no
Dick,Wittmann,Carlton,,24,171,1901-02-03,12,1920,1921,False,,,,no
Boyd,Woodcock,PortAdelaide,,36,179,2000-03-05,12,2020,2021,False,,,,no
Dale,Woodhall,Collingwood,,2,183,1961-03-11,12,1984,1984,False,,,,no
Jack,Woolley,Carlton,,32,182,1886-01-15,12,1918,1919,False,,,,no
Tom,Wright,Collingwood,,,174,1882-08-23,12,1906,1907,False,,,,no
Kevin,Wylie,Collingwood,,15,168,1933-11-17,12,1954,1956,False,,,,no
Peter,Zychla,Geelong,,38,188,1963-07-19,12,1982,1985,False,,,,no
Bruce,Abernethy,Adelaide,,5,185,1962-05-10,11,1991,1992,False,,,,no
Geoff,Ablett,Stkilda,,15,180,1955-03-13,11,1985,1985,False,,,,no
Ted,Absolom,Collingwood,,,170,1875-08-30,11,1900,1900,False,,,,no
Ernie,Adams,Melbourne,,,173,1878-01-20,11,1900,1901,False,,,,no
Peter,Agrums,NorthMelbourne,,35,193,1940-09-22,11,1963,1964,False,,,,no
Peter,Aitken,Carlton,,29,175,1934-11-11,11,1955,1955,False,,,,no
Flynn,Appleby,Collingwood,,31,187,1999-01-21,11,2018,2020,False,,,,no
Harry,Armstrong,Richmond,Richmond,34,195,2006-06-14,11,2025,2026,True,KEY_FORWARD,NA,NA,yes
Doug,Bailey,Stkilda,,34,190,1971-12-06,11,1994,1995,False,,,,no
Jock,Ball,Melbourne,,29,179,1912-02-16,11,1935,1937,False,,,,no
Peter,Banfield,Essendon,,16,177,1965-01-21,11,1984,1986,False,,,,no
Noel,Barnett,Melbourne,,1,182,1908-11-22,11,1933,1933,False,,,,no
Allan,Bartlett,Adelaide,,14,188,1967-05-23,11,1991,1991,False,,,,no
Tom,Baxter,Stkilda,,29,173,1884-02-23,11,1912,1912,False,,,,no
Bill,Bennett,Carlton,,12,185,1948-04-12,11,1966,1968,False,,,,no
Horrie,Brain,Stkilda,,,177,1885-11-17,11,1907,1907,False,,,,no
Owen,Brennan,Collingwood,,,184,1877-08-18,11,1900,1900,False,,,,no
Les,Brennan,NorthMelbourne,,37,,1910-10-02,11,1931,1931,False,,,,no
Wally,Bristowe,Hawthorn,,25,182,1922-04-27,11,1940,1942,False,,,,no
Jack,Brown,Stkilda,,,171,1886-07-04,11,1909,1910,False,,,,no
Alex,Browne,Essendon,,24,187,1992-08-09,11,2011,2015,False,,,,no
Hilton,Buckney,Hawthorn,,27,179,1910-06-05,11,1932,1932,False,,,,no
Wal,Burleigh,Collingwood,,,179,1886-06-07,11,1909,1910,False,,,,no
Bobby,Burt,NorthMelbourne,,8,175,1934-05-23,11,1955,1957,False,,,,no
Gerard,Cahir,Stkilda,,27,192,1959-08-25,11,1977,1983,False,,,,no
Bob,Cameron,Carlton,,,175,1877-05-03,11,1897,1897,False,,,,no
Blake,Campbell,Carlton,,35,180,1982-08-07,11,2002,2003,False,,,,no
Laurie,Carroll,Stkilda,,23,187,1926-03-25,11,1948,1949,False,,,,no
Bert,Chandler,Melbourne,,25,179,1913-10-07,11,1937,1937,False,,,,no
Bill,Clark,Stkilda,,13,188,1922-12-12,11,1943,1944,False,,,,no
Matthew,Clucas,Fremantle.xlsx,,41,174,1978-03-18,11,1997,1999,False,,,,no
Graham,Colclough,Melbourne,,,180,1883-10-15,11,1901,1901,False,,,,no
Riley,Collier-Dawkins,Richmond,,26,189,2000-02-03,11,2021,2022,False,,,,no
Andrew,Collins,Carlton,,16,184,1988-11-17,11,2011,2012,False,,,,no
Bert,Connolly,WesternBulldogs,,31,188,1928-01-12,11,1951,1952,False,,,,no
Ed,Cooke,NorthMelbourne,,16,173,1910-03-31,11,1929,1932,False,,,,no
Harry,Cordner,Melbourne,,,177,1885-06-17,11,1903,1905,False,,,,no
Eric,Cormack,Stkilda,,24,,1905-02-18,11,1926,1927,False,,,,no
Jai,Culley,Melbourne,Melbourne,13,193,2003-02-24,11,2025,2026,True,MIDFIELDER,NA,NA,yes
Jim,Dalton,Stkilda,,3,167,1904-12-29,11,1927,1928,False,,,,no
Harry,Daniel,Carlton,,,169,1879-06-19,11,1901,1901,False,,,,no
Ben,Davis,Adelaide,,40,187,1997-05-19,11,2019,2022,False,,,,no
Harry,Davis,Essendon,,,179,1879-02-18,11,1905,1905,False,,,,no
Fabian,Deluca,PortAdelaide,,37,203,1987-01-27,11,2006,2008,False,,,,no
Mike,Demaine,Hawthorn,,18,183,1948-03-01,11,1965,1966,False,,,,no
Peter,Densley,NorthMelbourne,,44,178,1964-06-01,11,1984,1984,False,,,,no
Glenn,Dickson,Richmond,,9,185,1954-11-05,11,1977,1978,False,,,,no
Jack,Dinatale,WesternBulldogs,,34,173,1958-12-12,11,1977,1979,False,,,,no
Bruce,Dodson,Essendon,,41,187,1949-05-12,11,1971,1971,False,,,,no
Phil,Doherty,NorthMelbourne,,15,191,1951-04-10,11,1972,1973,False,,,,no
Dave,Duff,Melbourne,,34,175,1901-06-15,11,1926,1926,False,,,,no
John,Duthie,NorthMelbourne,,43,193,1951-02-09,11,1969,1972,False,,,,no
John,Einsiedel,Richmond,,1,183,1954-06-18,11,1978,1978,False,,,,no
Tom,Elliott,Melbourne,,4,,1901-03-29,11,1923,1924,False,,,,no
Rodney,Evans,Richmond,,29,178,1946-01-02,11,1963,1964,False,,,,no
Wayne,Evans,Sydney,,15,178,1958-10-05,11,1977,1977,False,,,,no
Bill,Evely,Richmond,,40,182,1934-07-27,11,1956,1958,False,,,,no
Harold,Feehan,Essendon,,9,170,1895-04-21,11,1915,1915,False,,,,no
Ron,Fenton,WesternBulldogs,,5,185,1950-09-23,11,1970,1971,False,,,,no
Kerry,Foley,Collingwood,,35,185,1953-11-13,11,1973,1977,False,,,,no
Doug,Fraser,Carlton,,,185,1886-12-07,11,1910,1910,False,,,,no
Michael,Frost,Stkilda,,24,186,1970-12-29,11,1994,1994,False,,,,no
Alec,Fyfe,Collingwood,,13,178,1909-08-12,11,1934,1935,False,,,,no
Ross,Gallagher,WesternBulldogs,,41,168,1956-09-08,11,1975,1981,False,,,,no
Ryan,Gamble,Stkilda,,16,184,1987-09-23,11,2011,2011,False,,,,no
Tom,Garland,Richmond,,21,183,1943-05-11,11,1963,1964,False,,,,no
Rex,Geard,Richmond,,36,187,1927-01-10,11,1952,1953,False,,,,no
Brian,Geary,NorthMelbourne,,30,180,1912-12-14,11,1941,1941,False,,,,no
Jack,George,Sydney,,31,178,1910-04-20,11,1936,1936,False,,,,no
Reg,Gibb,Melbourne,,19,178,1892-11-10,11,1915,1919,False,,,,no
Wally,Gibbins,Carlton,,19,173,1890-04-14,11,1913,1913,False,,,,no
Tony,Godden,Fremantle.xlsx,,22,183,1972-04-19,11,1996,1998,False,,,,no
Andrew,Gowers,Brisbane,,8,191,1969-04-11,11,1997,1999,False,,,,no
Allan,Granger,Richmond,,25,178,1894-07-29,11,1914,1915,False,,,,no
Trevor,Grant,Sydney,,21,188,1934-08-05,11,1954,1956,False,,,,no
Jack,Gray,WesternBulldogs,,21,178,1916-05-05,11,1942,1943,False,,,,no
Fergus,Greene,Hawthorn,,26,187,1997-12-20,11,2023,2023,False,,,,no
Richard,Greenwood,WesternBulldogs,,16,177,1905-07-20,11,1929,1930,False,,,,no
Jeff,Grieve,Sydney,,2,173,1918-01-21,11,1941,1941,False,,,,no
Brian,Hall,NorthMelbourne,,31,183,1952-05-01,11,1971,1972,False,,,,no
Grahame,Hall,Sydney,,32,183,1919-08-15,11,1939,1941,False,,,,no
Kevan,Hamilton,Carlton,,5,168,1934-02-01,11,1956,1956,False,,,,no
Daniel,Harris,Goldcoast,,21,180,1982-05-10,11,2011,2011,False,,,,no
Dick,Hart,Carlton,,,,1881-12-25,11,1901,1902,False,,,,no
Adam,Hartlett,Carlton,,23,196,1986-04-22,11,2007,2009,False,,,,no
Howard,Hawking,Geelong,,36,184,1933-05-23,11,1954,1955,False,,,,no
Sam,Hayes,PortAdelaide,,25,205,1999-06-09,11,2022,2023,False,,,,no
Max,Hetherington,Geelong,,40,188,1935-11-02,11,1957,1958,False,,,,no
Peter,Hickmott,WesternBulldogs,,24,184,1954-02-21,11,1980,1980,False,,,,no
Eddie,Hocking,Adelaide,,8,168,1970-01-06,11,1991,1991,False,,,,no
Steve,Hoffman,WesternBulldogs,,16,169,1951-09-21,11,1979,1979,False,,,,no
Harold,Hooke,NorthMelbourne,,19,170,1911-05-09,11,1931,1931,False,,,,no
Ray,Horkings,Hawthorn,,6,170,1946-05-04,11,1967,1968,False,,,,no
Damian,Houlihan,Collingwood,,11,188,1975-07-30,11,1994,1994,False,,,,no
Daniel,Howe,NorthMelbourne,,15,191,1995-12-04,11,2023,2023,False,,,,no
Ian,Hughes,NorthMelbourne,,18,177,1939-03-29,11,1961,1962,False,,,,no
Syd,Hutcheson,Melbourne,,22,177,1897-10-05,11,1920,1920,False,,,,no
Vic,Hutchins,Essendon,,,178,1876-08-31,11,1902,1902,False,,,,no
Dick,Hutchinson,Sydney,,4,178,1890-02-17,11,1917,1917,False,,,,no
Ron,Jacks,WesternBulldogs,,25,180,1949-06-04,11,1973,1973,False,,,,no
Tommy,Jackson,Stkilda,,,169,1885-07-29,11,1906,1907,False,,,,no
Aidyn,Johnson,PortAdelaide,,31,185,1997-10-31,11,2017,2019,False,,,,no
Teddy,Johnston,Melbourne,,23,180,1891-09-03,11,1915,1919,False,,,,no
John,Joiner,NorthMelbourne,,36,173,1934-06-19,11,1955,1956,False,,,,no
Fred,Kay,Collingwood,,,179,1878-09-29,11,1897,1901,False,,,,no
Peter,Kenny,Carlton,,40,183,1959-05-13,11,1986,1986,False,,,,no
Derek,King,Stkilda,,48,170,1948-09-07,11,1967,1969,False,,,,no
Steven,Koops,WesternBulldogs,,51,187,1978-07-24,11,2004,2004,False,,,,no
Mark,Lawson,Collingwood,,44,175,1962-05-31,11,1982,1984,False,,,,no
Laurie,Leask,Sydney,,8,164,1912-06-14,11,1936,1937,False,,,,no
Jarrod,Lienert,Stkilda,,31,195,1994-08-05,11,2022,2022,False,,,,no
Brad,Lloyd,Hawthorn,,18,183,1975-09-16,11,1998,1999,False,,,,no
Bill,Lloyd,Stkilda,,12,168,1896-07-23,11,1920,1921,False,,,,no
Michael,Lockman,Sydney,,39,185,1963-08-29,11,1988,1988,False,,,,no
Leo,Lombard,Goldcoast,,8,179,2006-10-05,11,2025,2026,True,,,,no
Troy,Longmuir,Carlton,,21,184,1979-05-25,11,2005,2006,False,,,,no
Percy,Love,Melbourne,,3,174,1899-10-06,11,1919,1919,False,,,,no
Ian,Low,Collingwood,,16,183,1954-03-17,11,1980,1980,False,,,,no
Jack,Lukosius,PortAdelaide,Port Adelaide,12,195,2000-08-09,11,2025,2026,True,KEY_FORWARD,nationalDraft,2,yes
Bill,Lumsden,Stkilda,,13,169,1924-12-24,11,1948,1949,False,,,,no
Jim,Lyons,Carlton,,,,1876-04-05,11,1897,1898,False,,,,no
Jonathon,Marsh,Stkilda,,43,193,1995-10-17,11,2019,2020,False,,,,no
Sam,Marshall,Brisbane,Brisbane Lions,20,185,2006-01-19,11,2025,2025,False,MIDFIELDER,nationalDraft,25,yes
Jack,McCarthy,Stkilda,,,,1884-04-22,11,1905,1905,False,,,,no
Brian,McDonald,Sydney,,12,172,1927-09-03,11,1950,1951,False,,,,no
Bill,McDowell,NorthMelbourne,,3,184,1905-01-10,11,1927,1928,False,,,,no
Joe,McGhie,WesternBulldogs,,37,180,1947-06-28,11,1966,1967,False,,,,no
Don,McGrath,Stkilda,,16,175,1914-06-13,11,1941,1941,False,,,,no
Barry,McIntyre,Stkilda,,5,185,1937-08-09,11,1958,1960,False,,,,no
Peter,McKenna,Carlton,,27,191,1946-08-27,11,1977,1977,False,,,,no
Noel,McKernan,NorthMelbourne,,5,175,1945-12-04,11,1966,1968,False,,,,no
Geoff,McMillan,Richmond,,42,188,1958-05-22,11,1978,1979,False,,,,no
Neil,McNeill,Sydney,,23,188,1932-02-27,11,1955,1956,False,,,,no
Jim,Miller,Carlton,,22,183,1944-05-03,11,1964,1965,False,,,,no
David,Mirra,Hawthorn,,32,186,1991-03-20,11,2018,2019,False,,,,no
Ron,Mudge,Stkilda,,5,179,1920-12-11,11,1940,1942,False,,,,no
Reg,Mulavin,Hawthorn,,15,178,1912-09-08,11,1930,1930,False,,,,no
Cyril,Mulroyan,Geelong,,22,178,1907-02-14,11,1926,1929,False,,,,no
Les,Murray,WesternBulldogs,,29,183,1928-09-27,11,1951,1951,False,,,,no
Patrick,Naish,WestCoast,,28,182,1999-01-15,11,2022,2022,False,,,,no
John,Nelson,Stkilda,,16,180,1934-02-01,11,1955,1955,False,,,,no
Daryl,Nelson,Sydney,,5,191,1934-11-29,11,1954,1956,False,,,,no
Alex,Nicholson,Sydney,,18,178,1897-01-14,11,1921,1922,False,,,,no
Bob,Norman,Geelong,,16,191,1937-01-04,11,1961,1961,False,,,,no
Glenn,Nugent,Stkilda,,24,180,1971-11-08,11,1995,1995,False,,,,no
Stan,ONeill,Sydney,,41,179,1932-01-06,11,1957,1957,False,,,,no
Cameron,OShea,Carlton,,24,193,1992-03-13,11,2018,2018,False,,,,no
Eric,Orr,Geelong,,8,173,1909-08-31,11,1933,1933,False,,,,no
Alan,Osborne,Stkilda,,33,188,1940-12-07,11,1962,1963,False,,,,no
Wil,Parker,Collingwood,Collingwood,15,183,2002-05-29,11,2024,2026,True,MEDIUM_DEFENDER,other,NA,yes
Matthew,Parker,Richmond,,37,190,1996-01-25,11,2021,2022,False,,,,no
Bill,Patterson,Stkilda,,22,,1888-09-15,11,1911,1912,False,,,,no
Alan,Poore,Collingwood,,40,179,1942-07-07,11,1961,1964,False,,,,no
Tim,Powell,Carlton,,22,183,1968-04-14,11,1993,1994,False,,,,no
Eddie,Prescott,Carlton,,,,1880-12-09,11,1904,1904,False,,,,no
Syd,Price,Richmond,,,171,1887-07-16,11,1909,1910,False,,,,no
Les,Punch,WesternBulldogs,,23,165,1895-07-10,11,1925,1925,False,,,,no
Arthur,Punshon,Sydney,,,171,1891-03-01,11,1910,1911,False,,,,no
Billy,Quinn,Melbourne,,2,182,1890-07-27,11,1914,1914,False,,,,no
Graeme,Reichman,Collingwood,,28,183,1951-11-04,11,1973,1973,False,,,,no
Bryce,Retzlaff,Brisbane,,37,195,1991-06-29,11,2011,2011,False,,,,no
Bailey,Rice,Stkilda,,37,184,1997-02-10,11,2018,2018,False,,,,no
Alfred,Richardson,Stkilda,,,180,1878-03-31,11,1901,1901,False,,,,no
Ian,Rickman,WesternBulldogs,,37,183,1963-03-24,11,1982,1984,False,,,,no
Dave,Ritchie,Hawthorn,,39,188,1935-04-19,11,1957,1959,False,,,,no
Tom,Roach,Richmond,,22,184,1985-09-02,11,2004,2006,False,,,,no
Cameron,Roberts,Geelong,,11,194,1978-09-07,11,1997,1998,False,,,,no
Ken,Rollason,Melbourne,,27,193,1928-07-12,11,1949,1950,False,,,,no
Russell,Rowe,Melbourne,,42,179,1954-01-21,11,1980,1980,False,,,,no
Francesco,Rugolo,Melbourne,,43,184,1963-09-05,11,1983,1986,False,,,,no
Fred,Rutley,NorthMelbourne,,20,,1902-07-10,11,1925,1930,False,,,,no
Tommy,Ryan,Stkilda,,,170,1873-08-12,11,1904,1904,False,,,,no
George,Sandford,Stkilda,,,174,1872-07-06,11,1901,1902,False,,,,no
Albert,Sawley,Stkilda,,16,182,1915-10-27,11,1939,1939,False,,,,no
Doug,Scale,Geelong,,43,185,1954-01-24,11,1974,1975,False,,,,no
Robert,Schaefer,Richmond,,24,200,1972-02-14,11,1993,1993,False,,,,no
Daniel,Schell,Adelaide,,27,192,1980-01-20,11,2002,2003,False,,,,no
Bert,Schofield,Geelong,,18,,1890-09-01,11,1911,1913,False,,,,no
Ben,Schwarze,NorthMelbourne,,34,190,1983-08-24,11,2006,2006,False,,,,no
Jack,Scobie,Carlton,,18,178,1891-09-22,11,1919,1919,False,,,,no
Colin,Seery,WesternBulldogs,,47,182,1957-10-01,11,1980,1981,False,,,,no
Laurie,Sharp,Sydney,,41,178,1935-08-25,11,1959,1959,False,,,,no
Aaron,Shattock,PortAdelaide,,12,187,1980-05-02,11,2005,2006,False,,,,no
Michael,Sheldon,Essendon,,12,180,1960-11-04,11,1978,1980,False,,,,no
Heath,Shephard,Collingwood,,49,179,1969-09-07,11,1989,1990,False,,,,no
Ron,Shields,Stkilda,,34,185,1934-03-02,11,1954,1955,False,,,,no
Matthew,Shir,Adelaide,,5,184,1981-09-12,11,2001,2002,False,,,,no
Tom,Sims,Richmond,Richmond,38,199,2006-05-12,11,2025,2025,False,KEY_FORWARD,NA,NA,yes
Col,Sinclair,Essendon,,13,177,1896-07-14,11,1915,1918,False,,,,no
Hayden,Skipworth,Essendon,,21,177,1983-02-25,11,2009,2009,False,,,,no
Wayne,Slattery,Stkilda,,6,173,1960-10-22,11,1982,1982,False,,,,no
Vin,Smith,Hawthorn,,30,180,1914-01-23,11,1935,1935,False,,,,no
Bruce,Smith,Richmond,,27,191,1944-06-28,11,1962,1964,False,,,,no
Keith,Smythe,Stkilda,,33,173,1949-05-09,11,1971,1971,False,,,,no
George,Sparrow,Stkilda,,,,1869-11-20,11,1899,1899,False,,,,no
Robert,Stevenson,Essendon,,17,188,1976-06-14,11,1994,1997,False,,,,no
Ernie,Stewart,Stkilda,,,165,1874-11-05,11,1897,1897,False,,,,no
Mathew,Stokes,Essendon,,48,176,1984-11-22,11,2016,2016,False,,,,no
Jack,Storey,WesternBulldogs,,20,178,1929-07-01,11,1948,1949,False,,,,no
Archie,Sykes,Essendon,,,,1866-09-24,11,1897,1897,False,,,,no
Xavier,Tanner,Melbourne,,25,183,1956-05-02,11,1984,1985,False,,,,no
Darren,Tarczon,Carlton,,45,183,1971-02-28,11,1991,1992,False,,,,no
Ted,Thomas,NorthMelbourne,,32,173,1922-02-19,11,1944,1945,False,,,,no
Ron,Thomas,Richmond,,34,185,1948-10-04,11,1969,1970,False,,,,no
Ben,Thompson,Stkilda,,21,190,1973-09-04,11,1998,1999,False,,,,no
Geoff,Turner,Stkilda,,23,175,1928-09-07,11,1953,1953,False,,,,no
Frank,Vearing,Melbourne,,26,173,1943-11-21,11,1965,1966,False,,,,no
Dick,Walker,Carlton,,,179,1872-08-10,11,1899,1899,False,,,,no
Nick,Walsh,Essendon,,29,185,1965-01-07,11,1986,1988,False,,,,no
Leigh,Wardell-Johnson,Fremantle.xlsx,,31,185,1970-03-17,11,1995,1995,False,,,,no
John,Warden,Carlton,,46,185,1951-08-25,11,1971,1972,False,,,,no
Carl,Watson,Essendon,,21,175,1904-11-11,11,1932,1932,False,,,,no
Bert,Watson,Melbourne,,,179,1878-10-23,11,1897,1897,False,,,,no
Eric,Webster,Essendon,,27,188,1936-04-27,11,1957,1958,False,,,,no
Martin,Wheelahan,Sydney,,21,173,1908-04-08,11,1930,1931,False,,,,no
Brandon,White,Stkilda,,31,188,1997-01-13,11,2016,2019,False,,,,no
Jack,Whitlock,PortAdelaide,Port Adelaide,17,200,2006-05-16,11,2025,2026,True,KEY_FORWARD,nationalDraft,33,yes
Frank,Whitty,Hawthorn,,15,187,1905-04-26,11,1929,1930,False,,,,no
Ted,Wildie,Sydney,,16,,1906-01-30,11,1929,1929,False,,,,no
Gerry,Williams,Stkilda,,,,1877-09-28,11,1899,1900,False,,,,no
Alf,Williamson,Carlton,,22,183,1893-10-06,11,1912,1914,False,,,,no
Dave,Withers,Hawthorn,,17,188,1911-02-15,11,1928,1930,False,,,,no
Bertie,Wollacott,Essendon,,26,177,1890-04-05,11,1918,1921,False,,,,no
Greg,Wood,Melbourne,,27,175,1953-03-08,11,1974,1974,False,,,,no
Ross,Wright,Essendon,,55,187,1952-09-28,11,1973,1974,False,,,,no
Phil,Wynd,Hawthorn,,36,183,1946-01-23,11,1965,1967,False,,,,no
Clive,Yewers,WesternBulldogs,,20,183,1922-10-16,11,1947,1948,False,,,,no
Brett,Yorgey,Collingwood,,16,183,1960-10-13,11,1987,1987,False,,,,no
Jim,Addison,Collingwood,,,180,1884-01-01,10,1903,1904,False,,,,no
Johnny,Allan,Essendon,,23,170,1888-08-02,10,1913,1913,False,,,,no
Jacob,Allison,Brisbane,,37,193,1998-04-16,10,2017,2019,False,,,,no
Billy,Anderson,Stkilda,,20,,1892-08-15,10,1912,1913,False,,,,no
Bob,Andrews,NorthMelbourne,,16,170,1941-12-30,10,1962,1963,False,,,,no
Percy,Appleyard,Sydney,,2,185,1935-03-09,10,1957,1960,False,,,,no
Jack,Arbrew,Richmond,,23,180,1889-08-04,10,1913,1914,False,,,,no
George,Arnott,Hawthorn,,5,177,1901-06-30,10,1927,1927,False,,,,no
Tom,Baird,Stkilda,,,163,1884-05-06,10,1910,1911,False,,,,no
Ray,Barrett,Stkilda,,28,196,1935-01-24,10,1956,1958,False,,,,no
Dennis,Bartley,Stkilda,,38,185,1944-11-15,10,1964,1965,False,,,,no
Darryl,Beale,Richmond,,45,187,1947-06-23,10,1968,1968,False,,,,no
Niels,Becker,WesternBulldogs,,40,189,1942-06-16,10,1962,1963,False,,,,no
Bill,Beckwith,Richmond,,20,175,1954-05-31,10,1971,1972,False,,,,no
Wayne,Beddison,Essendon,,16,188,1961-08-24,10,1983,1983,False,,,,no
Lance,Behan,Richmond,,13,193,1942-10-19,10,1962,1963,False,,,,no
Jack,Benson,Collingwood,,3,,1901-10-01,10,1923,1924,False,,,,no
Bill,Blackwood,Stkilda,,,,1873-02-13,10,1899,1899,False,,,,no
Jacob,Blight,Richmond,,46,196,2001-12-14,10,2024,2025,False,,,,no
Ray,Bower,Essendon,,16,171,1923-01-05,10,1946,1947,False,,,,no
Neil,Bristow,WesternBulldogs,,27,193,1955-11-23,10,1979,1979,False,,,,no
Leigh,Brockman,Sydney,,26,193,1978-07-23,10,2002,2002,False,,,,no
Barry,Brooks,Stkilda,,24,198,1983-12-24,10,2003,2007,False,,,,no
Cameron,Bruce,Hawthorn,,17,190,1979-09-30,10,2011,2012,False,,,,no
Syd,Burt,Collingwood,,6,171,1896-07-25,10,1924,1925,False,,,,no
Gerry,Burton,Stkilda,,9,180,1933-02-11,10,1955,1955,False,,,,no
Frank,Carbone,Stkilda,,34,178,1965-04-04,10,1985,1987,False,,,,no
Bert,Carey,Hawthorn,,18,178,1905-05-30,10,1933,1937,False,,,,no
Phil,Carlton,Sydney,,30,194,1953-03-08,10,1975,1975,False,,,,no
Jack,Carroll,Stkilda,St Kilda,18,188,2002-12-20,10,2025,2026,True,MEDIUM_DEFENDER,NA,NA,yes
Andy,Carroll,Geelong,,4,173,1906-07-19,10,1928,1929,False,,,,no
Stephen,Carter,PortAdelaide,,36,186,1974-02-05,10,1997,1997,False,,,,no
Doug,Chapman,Melbourne,,1,191,1889-05-24,10,1913,1913,False,,,,no
Ross,Christensen,WesternBulldogs,,41,193,1962-02-06,10,1982,1983,False,,,,no
Bill,Churchyard,Carlton,,,,1878-02-02,10,1898,1899,False,,,,no
Matthew,Clarke,Stkilda,,28,200,1973-09-18,10,2007,2007,False,,,,no
Jack,Cleary,Hawthorn,,33,183,1922-02-09,10,1945,1946,False,,,,no
Travis,Cloke,WesternBulldogs,,13,196,1987-03-05,10,2017,2017,False,,,,no
Jack,Cockburn,Essendon,,27,180,1911-12-26,10,1943,1944,False,,,,no
Fred,Condon,Sydney,,32,174,1903-03-01,10,1925,1926,False,,,,no
Allan,Cook,Geelong,,50,180,1941-03-19,10,1960,1960,False,,,,no
Joe,Cormack,WestCoast,,16,178,1966-08-30,10,1988,1989,False,,,,no
Sam,Cranage,Carlton,,15,185,1979-04-27,10,2002,2002,False,,,,no
Roland,Crosby,NorthMelbourne,,37,183,1944-02-15,10,1963,1964,False,,,,no
Brayden,Crossley,Goldcoast,,32,198,1999-08-16,10,2018,2018,False,,,,no
Daryl,Cumming,Sydney,,9,175,1951-05-15,10,1979,1979,False,,,,no
Tim,Curran,Stkilda,,,,1875-02-12,10,1900,1900,False,,,,no
Pat,Davey,Richmond,,3,183,1913-04-14,10,1935,1942,False,,,,no
Garry,Davidson,Richmond,,18,183,1954-02-10,10,1978,1978,False,,,,no
Johnny,Davis,Sydney,,,188,1876-10-18,10,1898,1899,False,,,,no
Archer,Day-Wicks,Essendon,Essendon,44,186,2006-05-13,10,2025,2026,True,MIDFIELDER_FORWARD,rookieElevation,6,yes
Tista,De Lorenzo,Richmond,,6,183,1934-08-23,10,1958,1958,False,,,,no
Alby,De Luca,Hawthorn,,24,179,1908-11-09,10,1936,1936,False,,,,no
Jack,Dennington,WesternBulldogs,,10,170,1907-07-22,10,1931,1931,False,,,,no
Trent,Dennis-Lane,Stkilda,,8,181,1988-08-30,10,2013,2014,False,,,,no
Carl,Dilena,NorthMelbourne,,12,179,1967-03-17,10,1991,1992,False,,,,no
Hugh,Dixon,WestCoast,,41,196,1999-02-26,10,2022,2022,False,,,,no
Ron,Dixon,WesternBulldogs,,29,168,1933-11-24,10,1955,1956,False,,,,no
Vic,Donald,Collingwood,,11,185,1925-02-17,10,1948,1949,False,,,,no
Paddy,Dow,Stkilda,St Kilda,15,187,1999-10-16,10,2024,2024,False,MIDFIELDER,NA,NA,yes
Billy,Dowling,Adelaide,Adelaide,31,187,2004-07-01,10,2024,2025,False,MIDFIELDER_FORWARD,nationalDraft,43,yes
Sid,Draper,Adelaide,Adelaide,34,182,2006-07-05,10,2025,2025,False,MIDFIELDER_FORWARD,nationalDraft,4,yes
Blake,Drury,NorthMelbourne,,41,177,2004-01-11,10,2023,2024,False,,,,no
Alex,Dunstan,Collingwood,,,174,1885-07-14,10,1908,1908,False,,,,no
Phillip,Early,Essendon,,25,188,1959-09-30,10,1977,1977,False,,,,no
Bob,Edmond,Carlton,,38,188,1948-12-29,10,1967,1968,False,,,,no
Jack,Ellis,Carlton,,8,183,1933-12-20,10,1955,1957,False,,,,no
Shane,Ellis,WestCoast,,22,188,1960-09-27,10,1989,1989,False,,,,no
Bill,Elsworth,Hawthorn,,19,173,1936-08-02,10,1955,1956,False,,,,no
Todd,Elton,Richmond,,43,197,1993-04-29,10,2012,2017,False,,,,no
Ross,Elwin,Sydney,,32,191,1946-07-04,10,1968,1970,False,,,,no
Herb,Esse,WesternBulldogs,,21,183,1920-05-14,10,1943,1944,False,,,,no
Rick,Feldmann,Melbourne,,39,179,1945-11-27,10,1965,1967,False,,,,no
Roy,Files,NorthMelbourne,,15,179,1933-10-23,10,1954,1956,False,,,,no
Ray,Finn,Essendon,,16,168,1926-01-02,10,1944,1945,False,,,,no
Tim,Finocchiaro,Geelong,,43,177,1979-06-19,10,1998,1999,False,,,,no
Ron,Fountain,Stkilda,,11,170,1935-06-16,10,1954,1956,False,,,,no
Tom,Fox,Carlton,,,,1876-09-21,10,1902,1902,False,,,,no
John,Frazer,NorthMelbourne,,19,191,1956-01-12,10,1976,1977,False,,,,no
Harry,Froud,Sydney,,13,177,1898-11-16,10,1919,1919,False,,,,no
Ian,Gardner,Richmond,,27,191,1937-01-19,10,1958,1959,False,,,,no
Stewart,Geddes,Stkilda,,,180,1879-03-06,10,1905,1905,False,,,,no
Dave,Gibson,Stkilda,,,177,1879-02-17,10,1898,1898,False,,,,no
Alan,Gilmour,Sydney,,22,178,1911-11-18,10,1932,1933,False,,,,no
Damon,Greaves,Hawthorn,,30,186,2000-04-25,10,2020,2021,False,,,,no
Bill,Green,Richmond,,10,183,1932-01-26,10,1953,1954,False,,,,no
Rowley,Griffiths,WesternBulldogs,,31,168,1895-03-13,10,1925,1925,False,,,,no
Don,Hall,Carlton,,34,183,1937-06-07,10,1958,1960,False,,,,no
Roger,Hampson,Essendon,,41,187,1948-11-15,10,1969,1971,False,,,,no
Glenn,Harrison,Hawthorn,,41,188,1955-03-11,10,1975,1976,False,,,,no
Cooper,Harvey,NorthMelbourne,North Melbourne,37,180,2004-07-12,10,2023,2025,False,MEDIUM_FORWARD,fatherSon,56,yes
Algy,Hay,Stkilda,,,166,1874-10-02,10,1897,1897,False,,,,no
Alf,Healing,Melbourne,,,177,1868-08-23,10,1897,1897,False,,,,no
Artie,Henley,Sydney,,,,1878-09-14,10,1899,1899,False,,,,no
Geoff,Heyme,Sydney,,11,183,1942-07-10,10,1962,1963,False,,,,no
Pat,Hogan,Sydney,,5,174,1930-11-19,10,1953,1954,False,,,,no
Norm,Honey,WesternBulldogs,,19,157,1914-01-26,10,1933,1934,False,,,,no
Frank,Horne,Hawthorn,,34,180,1905-10-18,10,1929,1930,False,,,,no
Ced,Hovey,Geelong,,20,177,1918-07-12,10,1945,1945,False,,,,no
Charlie,Howell,Stkilda,,,170,1874-09-13,10,1897,1898,False,,,,no
Henry,Hustwaite,Hawthorn,Hawthorn,44,195,2004-07-20,10,2023,2025,False,MIDFIELDER,NA,NA,yes
Harry,Jane,Stkilda,,29,175,1890-08-08,10,1914,1914,False,,,,no
Bill,Jones,NorthMelbourne,,32,174,1912-11-15,10,1935,1936,False,,,,no
Lyal,Keighran,Sydney,,26,188,1923-09-12,10,1944,1947,False,,,,no
Tony,Kelly,Collingwood,,53,175,1963-02-24,10,1983,1985,False,,,,no
Robert,Kerr,Sydney,,39,180,1967-03-19,10,1990,1991,False,,,,no
Haydon,Kilmartin,Hawthorn,,38,178,1973-07-22,10,1998,1998,False,,,,no
Jim,Kuhl,NorthMelbourne,,21,183,1925-09-27,10,1947,1948,False,,,,no
Jeff,Lawson,Richmond,,51,170,1944-10-14,10,1963,1964,False,,,,no
Stuart,Lennie,Stkilda,,5,183,1936-10-16,10,1955,1955,False,,,,no
Garry,Lester,Hawthorn,,1,189,1947-03-03,10,1967,1967,False,,,,no
Les,Lewis,Stkilda,,5,175,1926-09-03,10,1948,1949,False,,,,no
Peter,Linke,Geelong,,37,178,1949-03-13,10,1970,1971,False,,,,no
Dave,Little,Collingwood,,16,188,1931-01-07,10,1953,1955,False,,,,no
Joe,Littler,Sydney,,,,1879-07-17,10,1903,1903,False,,,,no
Teddy,Long,NorthMelbourne,,3,168,1921-07-01,10,1942,1946,False,,,,no
Bennie,Lunn,Hawthorn,,33,178,1905-06-11,10,1930,1930,False,,,,no
Ambrose,Maher,Geelong,,14,173,1894-01-02,10,1918,1918,False,,,,no
Maurie,Mahony,Hawthorn,,18,174,1906-10-16,10,1929,1929,False,,,,no
Joe,Malone,NorthMelbourne,,29,170,1924-02-04,10,1946,1947,False,,,,no
Addam,Maric,Richmond,,47,176,1990-04-18,10,2012,2012,False,,,,no
Michael,Martin,Brisbane,,17,182,1977-02-25,10,2000,2000,False,,,,no
Des,Martin,Sydney,,8,171,1913-08-02,10,1941,1942,False,,,,no
Jim,Maxfield,Richmond,,21,170,1893-08-27,10,1924,1925,False,,,,no
Greg,McAdam,Stkilda,,21,179,1961-02-18,10,1985,1985,False,,,,no
Jim,McAllester,Collingwood,,46,190,1959-04-16,10,1984,1984,False,,,,no
Fischer,McAsey,Adelaide,,35,197,2001-03-08,10,2020,2020,False,,,,no
Jerry,McAuliffe,Hawthorn,,26,,1909-08-27,10,1934,1934,False,,,,no
Graham,McColl,Carlton,,36,189,1934-06-18,10,1958,1958,False,,,,no
Oscar,McDonald,Fremantle.xlsx,Fremantle,21,196,1996-03-18,10,2024,2026,True,KEY_DEFENDER,nationalDraft,53,yes
Paul,McDonald,Essendon,,43,185,1956-04-27,10,1975,1978,False,,,,no
Matt,McDonough,Richmond,,36,180,1994-01-26,10,2013,2015,False,,,,no
Norm,McDougall,Melbourne,,7,178,1892-04-23,10,1913,1913,False,,,,no
Bob,McHenry,Geelong,,27,168,1919-10-19,10,1944,1944,False,,,,no
Ken,McKaige,Carlton,,8,187,1929-08-17,10,1953,1954,False,,,,no
Ken,McLean,Carlton,,29,177,1922-12-21,10,1943,1946,False,,,,no
John,McLeish,Essendon,,5,178,1926-12-19,10,1949,1950,False,,,,no
Brian,McMahon,Stkilda,,48,183,1939-07-15,10,1962,1963,False,,,,no
Archie,McNeel,Carlton,,,178,1882-01-20,10,1905,1905,False,,,,no
Brian,Mee,Stkilda,,16,175,1930-04-25,10,1949,1950,False,,,,no
Frank,Mercovich,Carlton,,13,170,1898-02-19,10,1918,1920,False,,,,no
Bob,Milgate,Hawthorn,,19,178,1925-01-03,10,1948,1948,False,,,,no
Algy,Millhouse,Melbourne,,12,173,1887-05-13,10,1913,1913,False,,,,no
Arthur,Mills,Hawthorn,,18,183,1905-11-22,10,1930,1930,False,,,,no
Keith,Milte,Collingwood,,17,180,1917-05-28,10,1942,1943,False,,,,no
Damian,Monkhorst,Stkilda,,9,202,1969-08-21,10,2000,2000,False,,,,no
Joe,Morehouse,Stkilda,,,183,1864-04-06,10,1898,1898,False,,,,no
Harry,Morgan,Carlton,,23,180,1889-03-24,10,1921,1921,False,,,,no
Sam,Mortimer,Collingwood,,16,180,1892-11-18,10,1915,1915,False,,,,no
Shannon,Motlop,Melbourne,,44,182,1978-08-18,10,2005,2006,False,,,,no
Nick,Muller,Geelong,,16,175,1914-09-10,10,1936,1940,False,,,,no
Jeff,Murray,Hawthorn,,37,196,1952-04-07,10,1978,1978,False,,,,no
Clem,Neeson,Carlton,,30,182,1913-09-04,10,1936,1937,False,,,,no
Bill,Nicholls,Richmond,,26,184,1981-01-02,10,2003,2004,False,,,,no
Colin,Nish,Geelong,,37,182,1955-12-14,10,1976,1977,False,,,,no
Alan,Noonan,Richmond,,9,188,1947-10-13,10,1977,1977,False,,,,no
Michael,Norris,Sydney,,39,171,1954-10-06,10,1972,1974,False,,,,no
Leo,OConnor,Essendon,,,175,1890-04-11,10,1910,1911,False,,,,no
John,OKeefe,Carlton,,39,180,1936-11-17,10,1959,1960,False,,,,no
Peter,OKeefe,Melbourne,,38,181,1956-03-24,10,1976,1979,False,,,,no
Chris,Oliver,Stkilda,,25,195,1982-07-09,10,2001,2003,False,,,,no
Jackson,Paine,Brisbane,,39,192,1993-06-21,10,2014,2016,False,,,,no
Kevin,Parks,Essendon,,24,184,1935-07-09,10,1958,1959,False,,,,no
Mick,Pavone,Sydney,,23,185,1951-01-06,10,1970,1971,False,,,,no
Tom,Pelly,NorthMelbourne,,8,178,1936-06-01,10,1957,1958,False,,,,no
Brenton,Phillips,Essendon,,19,180,1962-11-05,10,1986,1986,False,,,,no
Kevin,Pirrie,Hawthorn,,24,183,1922-02-16,10,1941,1946,False,,,,no
Jayden,Pitt,Fremantle.xlsx,,4,189,1992-10-07,10,2011,2012,False,,,,no
Frank,Pomeroy,NorthMelbourne,,37,188,1939-07-27,10,1964,1964,False,,,,no
Robert,Powell,Stkilda,,26,180,1976-03-19,10,2001,2001,False,,,,no
Braydon,Preuss,GWS,,11,206,1995-06-16,10,2022,2022,False,,,,no
Jack,Price,Hawthorn,,27,170,1901-06-26,10,1925,1925,False,,,,no
Joe,Prince,Carlton,,24,164,1885-09-30,10,1919,1919,False,,,,no
Bill,Purcell,NorthMelbourne,,11,,1905-03-16,10,1931,1931,False,,,,no
Ray,Reed,Sydney,,30,175,1934-04-24,10,1955,1956,False,,,,no
Maurie,Reeves,Melbourne,,39,175,1930-02-28,10,1953,1953,False,,,,no
John,Reid,Sydney,,22,185,1953-02-25,10,1982,1983,False,,,,no
Matt,Riggio,NorthMelbourne,,28,188,1988-03-14,10,2007,2009,False,,,,no
Bill,Ripper,Hawthorn,,26,175,1912-12-10,10,1936,1936,False,,,,no
Bob,Ross,Collingwood,,25,163,1908-08-17,10,1929,1931,False,,,,no
Lester,Ross,Stkilda,,5,177,1936-08-27,10,1959,1959,False,,,,no
Jimmy,Rudd,WesternBulldogs,,8,178,1901-09-02,10,1925,1925,False,,,,no
Matthew,Ryan,Sydney,,8,175,1967-06-02,10,1990,1990,False,,,,no
Graeme,Saunders,NorthMelbourne,,10,179,1938-07-26,10,1961,1962,False,,,,no
Nathan,Saunders,WesternBulldogs,,12,193,1976-07-22,10,2002,2002,False,,,,no
Gerry,Sexton,WesternBulldogs,,22,180,1925-04-04,10,1944,1945,False,,,,no
Colin,Shaw,WesternBulldogs,,32,191,1950-09-24,10,1971,1972,False,,,,no
Jack,Sherman,WesternBulldogs,,28,,1900-09-23,10,1925,1925,False,,,,no
David,Sierakowski,WestCoast,,25,193,1974-12-29,10,2001,2003,False,,,,no
Alby,Smedts,Stkilda,,23,184,1952-01-09,10,1980,1981,False,,,,no
Ron,Smith,Geelong,,37,192,1937-10-28,10,1957,1959,False,,,,no
Dylan,Smith,Fremantle.xlsx,,13,175,1982-07-18,10,2004,2005,False,,,,no
Basil,Smith,Richmond,,30,183,1901-12-21,10,1924,1924,False,,,,no
Jack,Somerville,WesternBulldogs,,6,171,1911-08-14,10,1933,1934,False,,,,no
Ben,Speight,NorthMelbourne,,46,180,1990-05-02,10,2010,2011,False,,,,no
Trevor,Spencer,Geelong,,34,190,1965-06-28,10,1991,1991,False,,,,no
George,Stanley,WesternBulldogs,,10,,1909-07-26,10,1929,1930,False,,,,no
Ariel,Steinberg,Essendon,,25,191,1992-08-26,10,2014,2015,False,,,,no
Doug,Stephenson,Geelong,,20,175,1951-08-05,10,1970,1972,False,,,,no
Ian,Stevenson,Essendon,,25,193,1944-09-23,10,1969,1970,False,,,,no
Rod,Stokes,Geelong,,7,185,1952-07-14,10,1971,1972,False,,,,no
David,Sullivan,Essendon,,19,184,1966-05-15,10,1987,1988,False,,,,no
Cliff,Taylor,Geelong,,33,180,1914-04-06,10,1938,1938,False,,,,no
Jeremy,Taylor,Goldcoast,,21,191,1992-06-17,10,2011,2012,False,,,,no
Frank,Thomas,Hawthorn,,24,188,1905-01-19,10,1927,1927,False,,,,no
Sid,Thompson,WesternBulldogs,,5,180,1905-07-17,10,1925,1927,False,,,,no
Jimmy,Toumpas,PortAdelaide,,18,183,1994-01-02,10,2016,2017,False,,,,no
Cooper,Trembath,NorthMelbourne,North Melbourne,47,193,2005-10-17,10,2025,2026,True,KEY_FORWARD,other,10,yes
Horrie,Trinder,Stkilda,,,173,1875-08-29,10,1902,1903,False,,,,no
Bruce,Tschirpig,Richmond,,35,180,1949-10-11,10,1971,1976,False,,,,no
Simon,Tunbridge,WestCoast,,32,191,1993-04-01,10,2013,2016,False,,,,no
Herb,Turner,Hawthorn,,25,170,1921-07-06,10,1950,1950,False,,,,no
Nathan,Turvey,Hawthorn,,22,183,1977-10-17,10,1998,1999,False,,,,no
Jim,Warne,Stkilda,,,175,1879-04-11,10,1898,1899,False,,,,no
Norm,Watson,Hawthorn,,15,188,1940-10-24,10,1962,1964,False,,,,no
Neil,Whitaker,Melbourne,,27,180,1931-04-09,10,1952,1953,False,,,,no
Don,Whitford,Melbourne,,27,182,1956-11-15,10,1979,1981,False,,,,no
Jim,Willis,Carlton,,16,,1891-09-13,10,1914,1918,False,,,,no
Andrew,Wills,WesternBulldogs,,1,184,1972-01-03,10,2000,2000,False,,,,no
Norm,Wilson,Melbourne,,30,184,1927-02-04,10,1945,1946,False,,,,no
Harry,Wilson,Sydney,,,,1885-07-16,10,1907,1908,False,,,,no
Herbie,Wood,NorthMelbourne,,24,165,1920-08-08,10,1944,1945,False,,,,no
Kevin,Woodward,Hawthorn,,40,177,1942-10-24,10,1962,1964,False,,,,no
Willie,Woolf,Hawthorn,,22,177,1907-04-21,10,1928,1931,False,,,,no
Murray,Wrensted,Collingwood,,18,174,1964-08-26,10,1989,1989,False,,,,no
Jack,Wunhym,WesternBulldogs,,12,183,1908-05-31,10,1927,1929,False,,,,no
Gus,Young,Hawthorn,,21,183,1915-05-18,10,1939,1940,False,,,,no
Bill,Aldag,Collingwood,,2,183,1905-11-30,9,1930,1931,False,,,,no
Steven,Allan,Stkilda,,23,180,1956-09-22,9,1982,1982,False,,,,no
Brett,Allison,Sydney,,15,182,1968-05-26,9,2000,2000,False,,,,no
Stuart,Anderson,Fremantle.xlsx,,6,181,1974-06-27,9,1998,1998,False,,,,no
Ray,Anderson,Sydney,,35,191,1947-08-26,9,1968,1969,False,,,,no
George,Andrew,Stkilda,,23,182,1917-10-05,9,1938,1938,False,,,,no
Les,Angus,Collingwood,,26,170,1905-11-08,9,1928,1928,False,,,,no
Frank,Arnold,Sydney,,,165,1877-08-13,9,1899,1899,False,,,,no
Matt,Arnot,Richmond,,44,180,1993-10-21,9,2013,2015,False,,,,no
Harold,Arthur,NorthMelbourne,,2,177,1916-09-21,9,1941,1945,False,,,,no
Ken,Baker,Stkilda,,29,188,1944-09-09,9,1965,1966,False,,,,no
Jon,Ballantyne,Collingwood,,9,190,1969-07-29,9,1994,1995,False,,,,no
Elvin,Barr,Collingwood,,2,179,1908-11-05,9,1930,1932,False,,,,no
George,Barton,Hawthorn,,9,178,1934-08-23,9,1956,1956,False,,,,no
Adrian,Battiston,Sydney,,34,175,1963-09-16,9,1988,1989,False,,,,no
Ern,Batty,Geelong,,,171,1879-09-20,9,1902,1902,False,,,,no
George,Bayliss,WesternBulldogs,,12,179,1895-03-30,9,1925,1925,False,,,,no
Ross,Beale,NorthMelbourne,,28,188,1952-05-21,9,1970,1971,False,,,,no
Ron,Beattie,Hawthorn,,28,192,1953-09-21,9,1974,1974,False,,,,no
Tommy,Bell,Essendon,,23,182,1895-03-21,9,1921,1921,False,,,,no
Edo,Benetti,Richmond,,9,183,1941-12-02,9,1961,1962,False,,,,no
Lloyd,Bennett,Melbourne,,19,182,1916-04-08,9,1944,1944,False,,,,no
Albert,Bickford,Melbourne,,,177,1887-08-24,9,1908,1909,False,,,,no
Tommy,Bird,Collingwood,,28,170,1904-08-31,9,1925,1928,False,,,,no
Jace,Bode,Melbourne,,43,183,1987-09-14,9,2007,2008,False,,,,no
Bill,Box,Essendon,,20,183,1938-06-11,9,1958,1958,False,,,,no
Jim,Bradford,NorthMelbourne,,15,155,1926-03-02,9,1949,1949,False,,,,no
Daniel,Bradshaw,Sydney,,19,191,1978-11-21,9,2010,2010,False,,,,no
Campbell,Brady,Melbourne,,23,177,1891-10-05,9,1913,1913,False,,,,no
Shadeau,Brain,Brisbane,Brisbane Lions,34,183,2004-02-13,9,2024,2024,False,MEDIUM_DEFENDER,other,NA,yes
Jack,Brenchley,Stkilda,,12,179,1910-11-23,9,1942,1942,False,,,,no
Luke,Brennan,Sydney,,7,185,1985-03-03,9,2007,2008,False,,,,no
Stan,Brett,Richmond,,34,178,1913-03-07,9,1938,1938,False,,,,no
Robert,Briedis,NorthMelbourne,,49,175,1957-01-01,9,1976,1978,False,,,,no
Mitch,Brown,Melbourne,,38,196,1990-08-28,9,2020,2022,False,,,,no
Stan,Brown,Sydney,,23,177,1921-11-08,9,1940,1944,False,,,,no
Bill,Brunier,Melbourne,,22,171,1889-04-28,9,1914,1919,False,,,,no
Wylie,Buzza,Geelong,,12,198,1996-03-02,9,2017,2018,False,,,,no
Joe,Canavan,Melbourne,,,,1880-11-04,9,1907,1907,False,,,,no
Jim,Canfield,Carlton,,1,191,1958-03-13,9,1977,1977,False,,,,no
Les,Carr,Carlton,,34,173,1929-05-22,9,1947,1948,False,,,,no
Hugh,Carroll,NorthMelbourne,,41,178,1909-05-28,9,1932,1932,False,,,,no
Alf,Catlin,Collingwood,,,,1875-08-18,9,1899,1899,False,,,,no
John,Caulfield,Richmond,,53,183,1944-01-25,9,1963,1963,False,,,,no
Jonathon,Ceglar,Geelong,,15,204,1991-02-14,9,2022,2023,False,,,,no
Aub,Charleston,Essendon,,26,185,1901-11-22,9,1928,1928,False,,,,no
Mitch,Clark,Geelong,,19,200,1987-10-19,9,2015,2016,False,,,,no
Zac,Clarke,Essendon,,20,203,1990-03-28,9,2019,2019,False,,,,no
Kelvin,Clarke,Melbourne,,17,168,1947-12-26,9,1968,1970,False,,,,no
Eric,Cochran,Carlton,,27,184,1890-06-18,9,1912,1912,False,,,,no
Don,Cockatoo-Collins,Melbourne,,31,182,1978-04-01,9,1996,1998,False,,,,no
Ted,Collis,Hawthorn,,19,184,1921-06-12,9,1946,1946,False,,,,no
Walter,Cooke,Geelong,,,,1876-11-18,9,1898,1898,False,,,,no
Fred,Coppock,WesternBulldogs,,21,178,1905-01-18,9,1930,1930,False,,,,no
Jack,Cotter,Sydney,,3,180,1915-01-08,9,1946,1946,False,,,,no
Bill,Cowell,Stkilda,,,,1887-02-19,9,1905,1905,False,,,,no
Gary,Crouch,Essendon,,5,184,1946-09-27,9,1969,1970,False,,,,no
Bernie,Crowe,Geelong,,25,194,1932-11-28,9,1957,1957,False,,,,no
John,Dalgleish,NorthMelbourne,,10,184,1940-07-10,9,1960,1961,False,,,,no
Denis,Dalton,Collingwood,,27,170,1942-10-10,9,1964,1965,False,,,,no
Mike,Darby,NorthMelbourne,,48,185,1942-06-19,9,1961,1962,False,,,,no
Jim,Darcy,Essendon,,,,1875-01-29,9,1897,1897,False,,,,no
Kevin,Darrigan,Collingwood,,33,185,1931-10-15,9,1950,1951,False,,,,no
Harry,Davie,Carlton,,8,169,1905-05-22,9,1928,1928,False,,,,no
Laurie,Davies,NorthMelbourne,,13,182,1916-08-05,9,1940,1940,False,,,,no
Russell,Davies,Stkilda,,47,175,1954-02-28,9,1973,1973,False,,,,no
Craig,Davis,Sydney,,60,183,1954-10-02,9,1988,1988,False,,,,no
Jacob,Dawson,Goldcoast,,45,182,1999-11-03,9,2018,2019,False,,,,no
Maurie,De Araugo,Stkilda,,24,188,1902-05-24,9,1928,1928,False,,,,no
Jim,Demetriou,Essendon,,9,173,1955-06-07,9,1975,1976,False,,,,no
Ted,Derrick,Richmond,,18,170,1894-05-14,9,1916,1916,False,,,,no
William,Dicks,Stkilda,,22,173,1930-09-16,9,1950,1952,False,,,,no
Ron,Digney,Sydney,,25,171,1932-02-28,9,1951,1953,False,,,,no
Jack,Donaldson,Melbourne,,,183,1880-04-25,9,1908,1908,False,,,,no
Roy,Donovan,Hawthorn,,24,182,1903-11-26,9,1925,1926,False,,,,no
Dick,Doran,Sydney,,,,1868-03-22,9,1897,1897,False,,,,no
Tom,Downie,GWS,,44,203,1993-04-27,9,2013,2016,False,,,,no
Alf,Dowsing,Sydney,,,169,1882-11-10,9,1900,1902,False,,,,no
Vince,Driver,Melbourne,,7,165,1908-01-07,9,1928,1930,False,,,,no
Harvey,Dunn,Carlton,,22,170,1931-09-06,9,1951,1954,False,,,,no
Derek,Eggmolesse-Smith,Richmond,,43,180,1998-05-04,9,2019,2021,False,,,,no
Russ,Elliott,Hawthorn,,40,185,1918-07-12,9,1939,1942,False,,,,no
Cam,Ellis-Yolmen,Brisbane,,28,190,1993-01-28,9,2020,2020,False,,,,no
Craig,Evans,Geelong,,43,175,1965-02-26,9,1986,1986,False,,,,no
Charlie,Fincher,Sydney,,13,170,1892-01-23,9,1913,1913,False,,,,no
Peter,Fitzpatrick,Carlton,,6,184,1959-07-17,9,1978,1980,False,,,,no
Frank,Fitzpatrick,Geelong,,8,193,1932-03-02,9,1958,1958,False,,,,no
Ian,Fleming,WesternBulldogs,,5,174,1937-11-14,9,1958,1959,False,,,,no
Rowley,Flynne,WesternBulldogs,,33,178,1913-01-12,9,1937,1937,False,,,,no
John,Forster,Melbourne,,27,178,1948-06-18,9,1968,1970,False,,,,no
Andrew,Foster,Fremantle.xlsx,,21,183,1985-08-31,9,2007,2009,False,,,,no
Orm,Fowler,Stkilda,,28,173,1891-12-04,9,1914,1915,False,,,,no
Mark,Foyster,Stkilda,,47,183,1964-03-09,9,1983,1984,False,,,,no
Bill,Garvie,Richmond,,10,170,1910-12-31,9,1934,1935,False,,,,no
Alf,Giblett,Hawthorn,,10,182,1908-05-30,9,1935,1935,False,,,,no
Jack,Gilbert,Carlton,,,,1875-03-25,9,1899,1900,False,,,,no
Jonathan,Giles,WestCoast,,22,201,1988-01-08,9,2016,2017,False,,,,no
Bob,Gluyas,Essendon,,38,185,1937-02-02,9,1957,1958,False,,,,no
Bill,Glynn,Collingwood,,9,185,1900-07-09,9,1922,1923,False,,,,no
Leo,Glynn,Essendon,,18,180,1903-11-27,9,1930,1930,False,,,,no
Fred,Goding,Richmond,,31,168,1905-02-26,9,1928,1928,False,,,,no
Chris,Gomez,Essendon,,1,179,1899-05-07,9,1926,1928,False,,,,no
John,Gorwell,Richmond,,27,160,1935-02-12,9,1955,1955,False,,,,no
Campbell,Gray,Richmond,Richmond,50,195,2003-09-01,9,2025,2026,True,RUCK,NA,NA,yes
Troy,Gray,Stkilda,,21,188,1973-02-26,9,1997,1997,False,,,,no
Harry,Gray,Sydney,,27,183,1916-04-23,9,1940,1940,False,,,,no
Harry,Greaves,Carlton,,19,,1895-02-18,9,1916,1917,False,,,,no
Warwick,Green,Stkilda,,13,194,1966-12-27,9,1987,1988,False,,,,no
Harry,Gyles,Essendon,,13,171,1911-08-10,9,1934,1934,False,,,,no
Harold,Gyton,Collingwood,,,180,1884-03-21,9,1908,1908,False,,,,no
Charlie,Hackett,Collingwood,,,174,1885-04-16,9,1910,1910,False,,,,no
Charlie,Haigbloom,Essendon,,,169,1882-08-05,9,1907,1907,False,,,,no
Cyril,Hall,Melbourne,,26,175,1889-12-14,9,1919,1919,False,,,,no
Greg,Harding,WestCoast,,12,185,1976-09-17,9,2001,2001,False,,,,no
Daniel,Harford,Carlton,,2,177,1977-03-19,9,2004,2004,False,,,,no
Allan,Harper,Stkilda,,24,183,1954-03-25,9,1973,1974,False,,,,no
Tom,Hart,Carlton,,19,175,1896-06-29,9,1923,1923,False,,,,no
Billy,Harvey,Essendon,,26,175,1892-10-25,9,1912,1912,False,,,,no
Graeme,Hatcher,Essendon,,16,193,1957-02-11,9,1975,1976,False,,,,no
Les,Hazelwood,Sydney,,15,170,1920-09-09,9,1943,1944,False,,,,no
Josh,Head,Fremantle.xlsx,,42,189,1983-04-07,9,2008,2009,False,,,,no
Bill,Henry,Essendon,,14,180,1904-11-25,9,1928,1928,False,,,,no
Alby,Hodges,Hawthorn,,23,178,1918-04-19,9,1941,1941,False,,,,no
Athol,Hodgetts,NorthMelbourne,,14,188,1951-01-20,9,1971,1972,False,,,,no
Edmund,Hood,Richmond,,26,168,1898-04-29,9,1916,1919,False,,,,no
Len,Hooke,NorthMelbourne,,28,173,1909-05-08,9,1931,1931,False,,,,no
Toner,Hosking,Sydney,,,174,1891-05-09,9,1908,1910,False,,,,no
Ron,Howell,NorthMelbourne,,2,174,1919-11-14,9,1941,1942,False,,,,no
Darryl,Howland,Sydney,,12,187,1943-02-18,9,1962,1963,False,,,,no
Ryan,Jackson,Carlton,,38,183,1987-04-04,9,2006,2008,False,,,,no
Hugh,Jackson,PortAdelaide,,39,182,2003-05-03,9,2025,2025,False,,,,no
Matthew,Jefferson,Melbourne,Melbourne,21,195,2004-03-08,9,2025,2026,True,KEY_FORWARD,NA,NA,yes
Danny,Jennings,Melbourne,,45,174,1949-07-27,9,1969,1970,False,,,,no
Allan,Jennings,WesternBulldogs,,15,180,1959-03-23,9,1982,1982,False,,,,no
Lloyd,Johnston,Goldcoast,,38,184,2004-09-21,9,2023,2024,False,,,,no
Con,Kenney,Melbourne,,17,179,1896-06-21,9,1919,1919,False,,,,no
Robbert,Klomp,WesternBulldogs,,21,183,1955-05-14,9,1983,1984,False,,,,no
Allan,Knorr,Collingwood,,13,187,1927-09-23,9,1946,1946,False,,,,no
Bill,Kuhlken,Carlton,,1,185,1910-04-17,9,1936,1937,False,,,,no
Garnet,Lamb,Geelong,,14,174,1908-01-23,9,1928,1929,False,,,,no
Bill,Latham,Melbourne,,39,175,1907-03-04,9,1927,1928,False,,,,no
Jack,Lawrence,NorthMelbourne,,5,185,1934-07-02,9,1955,1957,False,,,,no
Allan,Le Nepveu,Stkilda,,6,177,1927-10-07,9,1953,1953,False,,,,no
Rod,Leffanue,Carlton,,34,174,1913-01-03,9,1933,1933,False,,,,no
Neil,Lewthwaite,Sydney,,7,175,1939-08-11,9,1961,1961,False,,,,no
Mani,Liddy,PortAdelaide,Port Adelaide,50,181,2002-02-20,9,2025,2025,False,MIDFIELDER,other,16,yes
Bert,Lithgow,Carlton,,,,1881-03-19,9,1903,1904,False,,,,no
Rupe,Lowell,Melbourne,,6,169,1893-08-30,9,1914,1915,False,,,,no
Brad,Lynch,WesternBulldogs,,36,187,1997-07-11,9,2018,2018,False,,,,no
Tom,MacKay,Geelong,,11,175,1911-03-08,9,1932,1935,False,,,,no
Norm,MacPherson,Sydney,,19,,1907-08-25,9,1931,1932,False,,,,no
Harrison,Macreadie,Carlton,,26,196,1998-04-11,9,2017,2019,False,,,,no
Mick,Maguire,Collingwood,,14,177,1894-06-06,9,1918,1918,False,,,,no
Percy,Malbon,WesternBulldogs,,11,185,1917-10-07,9,1941,1941,False,,,,no
Harry,Matheson,Collingwood,,17,174,1891-06-12,9,1914,1914,False,,,,no
Ashley,Matthews,Carlton,,48,190,1969-11-26,9,1989,1991,False,,,,no
Alec,Mawhinney,Melbourne,,20,183,1894-12-01,9,1919,1919,False,,,,no
Dick,May,NorthMelbourne,,21,180,1910-05-16,9,1933,1934,False,,,,no
Jack,McCoy,Stkilda,,27,183,1910-11-30,9,1934,1935,False,,,,no
Austin,McCrabb,Hawthorn,,38,186,1965-01-27,9,1992,1992,False,,,,no
Phil,McCumisky,Carlton,,31,177,1897-05-28,9,1917,1919,False,,,,no
Paddy,McDonald,Essendon,,28,174,1897-03-27,9,1918,1919,False,,,,no
Hugh,McKay,Geelong,,,,1883-11-05,9,1907,1908,False,,,,no
Stuart,McKenzie,Melbourne,,49,191,1961-03-27,9,1982,1982,False,,,,no
Tom,McLean,NorthMelbourne,,16,191,1931-11-30,9,1954,1956,False,,,,no
Bill,McVitty,Essendon,,,188,1881-12-25,9,1905,1907,False,,,,no
Arthur,Mesley,Geelong,,,169,1876-08-07,9,1903,1903,False,,,,no
Danny,Meyer,PortAdelaide,,42,183,1986-08-03,9,2009,2010,False,,,,no
Charlie,Milburn,Essendon,,18,174,1899-03-10,9,1929,1929,False,,,,no
Billy,Miller,Geelong,,,,1884-03-09,9,1907,1909,False,,,,no
Bruce,Mills,Geelong,,13,175,1901-12-24,9,1926,1926,False,,,,no
Hugh,Moffatt,Richmond,,14,185,1894-02-19,9,1921,1922,False,,,,no
Con,Molan,Geelong,,,,1886-10-15,9,1904,1908,False,,,,no
George,Morrissey,Carlton,,8,174,1908-03-10,9,1931,1931,False,,,,no
Bill,Munn,Collingwood,,16,171,1911-07-18,9,1932,1933,False,,,,no
John,Murphy,NorthMelbourne,,26,183,1949-11-20,9,1979,1980,False,,,,no
Tom,Murphy,NorthMelbourne,,40,189,1998-01-19,9,2018,2020,False,,,,no
Gerard,Neesham,Sydney,,5,175,1954-12-11,9,1982,1982,False,,,,no
Ken,Newton,Hawthorn,,17,183,1924-04-17,9,1950,1951,False,,,,no
Jack,Nolan,NorthMelbourne,,5,188,1902-05-14,9,1926,1926,False,,,,no
Kevin,OBrien,Carlton,,37,188,1932-04-10,9,1954,1957,False,,,,no
Cyril,OBrien,Richmond,,5,183,1912-08-26,9,1936,1936,False,,,,no
Rod,OConnor,WesternBulldogs,,23,183,1948-01-11,9,1965,1967,False,,,,no
Joe,OGrady,Stkilda,,,180,1872-09-15,9,1897,1897,False,,,,no
Leo,OHalloran,Sydney,,17,189,1925-06-11,9,1953,1953,False,,,,no
Brian,OHalloran,NorthMelbourne,,31,188,1937-10-29,9,1955,1958,False,,,,no
Brett,OHanlon,Richmond,,45,189,1993-07-17,9,2012,2014,False,,,,no
Phillip,OKeeffe,WesternBulldogs,,31,187,1966-12-17,9,1989,1989,False,,,,no
Ricky,OLoughlin,Adelaide,,27,183,1979-07-04,9,2000,2001,False,,,,no
Mick,OLoughlin,Stkilda,,,180,1876-02-12,9,1901,1901,False,,,,no
Ernie,ORourke,NorthMelbourne,,26,173,1926-04-08,9,1949,1949,False,,,,no
Peter,OShea,Hawthorn,,37,170,1945-10-05,9,1965,1965,False,,,,no
Jack,OSullivan,NorthMelbourne,,4,173,1906-06-11,9,1926,1927,False,,,,no
Rod,Owen,Melbourne,,7,185,1967-01-31,9,1991,1991,False,,,,no
Clive,Pasquill,Sydney,,36,179,1946-12-06,9,1966,1967,False,,,,no
Tom,Paterson,Collingwood,,,,1874-10-26,9,1897,1897,False,,,,no
Peter,Paterson,Essendon,,32,185,1916-07-27,9,1938,1945,False,,,,no
Paul,Patterson,Adelaide,,46,189,1965-09-28,9,1991,1993,False,,,,no
Frank,Penney,NorthMelbourne,,34,185,1914-01-07,9,1937,1937,False,,,,no
Ken,Phelan,Stkilda,,34,184,1925-11-02,9,1951,1951,False,,,,no
Simon,Phillips,PortAdelaide,,22,174,1987-04-05,9,2011,2012,False,,,,no
Frank,Pike,Geelong,,18,180,1925-06-03,9,1945,1947,False,,,,no
Brian,Pilcher,Richmond,,12,180,1935-11-22,9,1957,1958,False,,,,no
Phillip,Plumb,Sydney,,2,198,1958-08-22,9,1978,1981,False,,,,no
Roy,Pope,NorthMelbourne,,28,173,1914-06-15,9,1933,1933,False,,,,no
Ezra,Poyas,Richmond,,26,184,1981-03-24,9,2000,2002,False,,,,no
Michael,Prior,WestCoast,,16,182,1973-09-06,9,2001,2002,False,,,,no
Dudley,Probyn,Stkilda,,11,182,1912-10-01,9,1942,1942,False,,,,no
Harry,Purdy,Sydney,,21,168,1898-03-18,9,1917,1919,False,,,,no
Max,Ramsden,Hawthorn,Hawthorn,38,203,2003-04-19,9,2023,2025,False,KEY_FORWARD,NA,NA,yes
Alan,Randall,Essendon,,2,175,1925-04-24,9,1944,1945,False,,,,no
Doug,Rankin,Geelong,,35,183,1915-12-21,9,1938,1939,False,,,,no
Tony,Richardson,Stkilda,,9,169,1925-06-28,9,1947,1948,False,,,,no
Garry,Robertson,Sydney,,15,184,1953-03-02,9,1971,1972,False,,,,no
Alex,Robinson,Essendon,,,,1886-08-19,9,1904,1904,False,,,,no
Peter,Robinson,NorthMelbourne,,52,185,1953-02-15,9,1972,1972,False,,,,no
David,Rodan,Melbourne,,15,173,1983-10-08,9,2013,2013,False,,,,no
Herbert,Rodd,Melbourne,,,178,1889-02-10,9,1910,1910,False,,,,no
Dave,Rogers,NorthMelbourne,,24,182,1942-03-27,9,1965,1966,False,,,,no
Robert,Rose,WesternBulldogs,,22,180,1952-02-06,9,1973,1973,False,,,,no
Hector,Ross,Carlton,,9,165,1899-04-28,9,1928,1928,False,,,,no
Jordan,Russell,Collingwood,,2,188,1986-11-06,9,2013,2013,False,,,,no
Bernie,Ryan,Geelong,,38,183,1934-08-10,9,1956,1957,False,,,,no
Jack,Ryan,NorthMelbourne,,15,180,1914-12-03,9,1940,1941,False,,,,no
Oscar,Skalberg,NorthMelbourne,,34,177,1929-09-24,9,1951,1952,False,,,,no
Billie,Smedts,Carlton,,16,190,1992-06-08,9,2017,2017,False,,,,no
Darren,Smith,Adelaide,,28,193,1965-02-09,9,1991,1992,False,,,,no
Ivan,Soldo,PortAdelaide,Port Adelaide,13,204,1996-04-14,9,2024,2025,False,RUCK,rookieElevation,NA,yes
John,Sparks,Melbourne,,26,174,1957-01-05,9,1975,1977,False,,,,no
Bill,Spry,NorthMelbourne,,12,,1906-08-08,9,1930,1931,False,,,,no
Howard,Steel,Melbourne,,30,189,1911-05-14,9,1930,1932,False,,,,no
Jim,Steigenberger,NorthMelbourne,,33,183,1911-12-30,9,1936,1937,False,,,,no
Jack,Steven,Geelong,,9,180,1990-03-28,9,2020,2020,False,,,,no
Robert,Stevens,Collingwood,,19,193,1951-05-30,9,1970,1971,False,,,,no
Lewis,Stevenson,PortAdelaide,,15,189,1989-07-30,9,2013,2013,False,,,,no
Alex,Stewart,Hawthorn,,6,180,1908-02-14,9,1931,1931,False,,,,no
Mac,Stokes,Geelong,,9,174,1909-05-20,9,1929,1931,False,,,,no
Wilfred,Stott,Richmond,,31,178,1889-03-18,9,1919,1920,False,,,,no
Clarrie,Sullivan,Stkilda,,20,179,1898-04-05,9,1924,1925,False,,,,no
Jarrad,Sundqvist,Sydney,,35,189,1982-12-11,9,2002,2003,False,,,,no
Cam,Sutcliffe,PortAdelaide,,50,186,1992-05-23,9,2019,2020,False,,,,no
Rick,Sutherland,Stkilda,,30,196,1960-11-05,9,1981,1981,False,,,,no
Reg,Sutterby,Geelong,,23,175,1899-04-25,9,1919,1919,False,,,,no
Andrew,Tarpey,Collingwood,,9,196,1965-07-25,9,1988,1991,False,,,,no
Terry,Tate,Sydney,,3,173,1943-04-04,9,1964,1965,False,,,,no
Percy,Taylor,Melbourne,,28,168,1919-04-10,9,1944,1945,False,,,,no
Fred,Taylor,Stkilda,,25,170,1918-12-18,9,1943,1944,False,,,,no
Les,Thompson,Collingwood,,33,178,1928-04-30,9,1949,1950,False,,,,no
Joe,Toleman,Collingwood,,10,182,1921-09-26,9,1942,1946,False,,,,no
Paul,Tolson,Hawthorn,,11,179,1948-02-02,9,1968,1969,False,,,,no
Barry,Toy,Hawthorn,,19,175,1939-04-20,9,1959,1960,False,,,,no
Mario,Turco,NorthMelbourne,,35,179,1956-03-21,9,1980,1982,False,,,,no
Daryl,Vernon,Richmond,,42,175,1960-06-09,9,1981,1985,False,,,,no
Bill,Waldron,Stkilda,,34,183,1935-02-11,9,1956,1957,False,,,,no
Harry,Walker,Richmond,,8,,1892-08-07,9,1912,1913,False,,,,no
Joe,Weldon,WesternBulldogs,,35,185,1922-06-18,9,1943,1946,False,,,,no
John,Welsh,Essendon,,29,183,1938-01-05,9,1961,1963,False,,,,no
Mark,Whiley,Carlton,,24,188,1992-12-01,9,2015,2016,False,,,,no
Kevin,White,WesternBulldogs,,29,175,1933-03-21,9,1953,1956,False,,,,no
Charlie,Whitehead,Stkilda,,18,188,1899-05-18,9,1932,1932,False,,,,no
Bill,Williams,Richmond,,12,180,1929-06-22,9,1948,1949,False,,,,no
Max,Wilson,Carlton,,27,170,1914-07-09,9,1943,1944,False,,,,no
Blayne,Wilson,WestCoast,,30,188,1992-01-26,9,2013,2014,False,,,,no
Chris,Wittman,Stkilda,,17,180,1965-08-30,9,1993,1993,False,,,,no
Walt,Wollermann,Essendon,,29,189,1908-06-21,9,1933,1933,False,,,,no
Bill,Wylie,Essendon,,9,182,1891-12-07,9,1915,1918,False,,,,no
Ty,Zantuck,Essendon,,36,188,1982-02-15,9,2005,2005,False,,,,no
Bill,Albress,Richmond,,28,180,1897-10-13,8,1917,1918,False,,,,no
Ivor,Aldridge,Stkilda,,5,178,1899-11-13,8,1920,1921,False,,,,no
Jack,Allen,Geelong,,,,1887-10-13,8,1907,1907,False,,,,no
John,Anthony,Fremantle.xlsx,,22,192,1988-01-19,8,2011,2012,False,,,,no
Jack,Arnott,Collingwood,,9,183,1920-10-06,8,1942,1944,False,,,,no
Stan,Attenborough,NorthMelbourne,,14,165,1915-10-19,8,1943,1944,False,,,,no
Fred,Ayers,Carlton,,3,183,1912-05-08,8,1937,1938,False,,,,no
Gerry,Bahen,NorthMelbourne,,33,180,1929-02-17,8,1951,1951,False,,,,no
Noel,Baker,Melbourne,,21,179,1933-12-22,8,1953,1955,False,,,,no
Kaine,Baldwin,Essendon,,26,193,2002-05-30,8,2022,2023,False,,,,no
Don,Balfour,Richmond,,20,175,1918-11-11,8,1945,1946,False,,,,no
Craig,Barbary,Essendon,,48,173,1960-07-11,8,1979,1979,False,,,,no
Ed,Barlow,WesternBulldogs,,43,196,1987-01-27,8,2011,2011,False,,,,no
Harry,Barnes,NorthMelbourne,,3,180,1903-04-19,8,1926,1926,False,,,,no
John,Barnett,Collingwood,,11,175,1975-08-15,8,1997,1997,False,,,,no
Des,Barry,Sydney,,16,180,1933-05-12,8,1955,1955,False,,,,no
Greg,Beck,Collingwood,,53,170,1956-04-11,8,1973,1975,False,,,,no
Peter,Bedford,Carlton,,6,180,1947-04-11,8,1977,1978,False,,,,no
Norman,Belcher,Geelong,,,182,1879-07-10,8,1899,1906,False,,,,no
Herb,Bennett,Geelong,,,,1885-03-12,8,1907,1908,False,,,,no
Charlie,Bennie,Richmond,,22,,1887-04-04,8,1912,1912,False,,,,no
Brendon,Bermingham,Stkilda,,31,187,1914-05-26,8,1944,1944,False,,,,no
Lloyd,Bertram,Essendon,,18,175,1903-10-10,8,1928,1930,False,,,,no
John,Bingley,Stkilda,,24,185,1940-11-10,8,1965,1966,False,,,,no
Jaxon,Binns,Carlton,,25,183,2004-10-29,8,2024,2025,False,,,,no
Harry,Boully,Melbourne,,,179,1879-12-28,8,1901,1902,False,,,,no
Alex,Boyle,Carlton,,6,183,1929-12-14,8,1953,1954,False,,,,no
Brendan,Brady,Hawthorn,,30,180,1917-02-03,8,1940,1941,False,,,,no
Peter,Brady,Stkilda,,,,1875-05-20,8,1898,1899,False,,,,no
Chris,Burgess,Adelaide,,21,191,1995-11-26,8,2024,2025,False,,,,no
Ed,Burston,Melbourne,,21,193,1944-01-19,8,1966,1966,False,,,,no
Jedd,Busslinger,WesternBulldogs,Western Bulldogs,5,198,2004-03-11,8,2025,2026,True,KEY_DEFENDER,NA,NA,yes
Fred,Buttsworth,Essendon,,27,180,1927-05-29,8,1945,1945,False,,,,no
Arthur,Caldwell,Stkilda,,,168,1886-02-23,8,1909,1909,False,,,,no
Bryce,Campbell,Adelaide,,31,184,1984-09-07,8,2007,2008,False,,,,no
Josh,Carmichael,Collingwood,,45,190,1999-09-23,8,2022,2023,False,,,,no
Tom,Carmody,Collingwood,,,,1880-02-10,8,1899,1903,False,,,,no
Ron,Carruthers,Collingwood,,36,173,1943-05-03,8,1961,1961,False,,,,no
Vin,Casey,NorthMelbourne,,20,177,1918-05-05,8,1940,1943,False,,,,no
Vin,Catoggio,Sydney,,2,179,1954-05-13,8,1983,1983,False,,,,no
Sean,Charles,Stkilda,,14,175,1975-05-18,8,2000,2000,False,,,,no
Percy,Cheffers,Stkilda,,1,178,1913-06-01,8,1936,1938,False,,,,no
Doug,Clarke,Richmond,,41,188,1938-05-11,8,1958,1959,False,,,,no
Jeremy,Clayton,NorthMelbourne,,43,175,1981-02-09,8,2003,2004,False,,,,no
Mitch,Clisby,Melbourne,,50,182,1990-01-05,8,2013,2013,False,,,,no
Des,Cole,Stkilda,,33,183,1933-10-27,8,1954,1955,False,,,,no
Kevin,Colls,Richmond,,3,177,1922-04-23,8,1942,1947,False,,,,no
Tim,Cook,Adelaide,,2,176,1974-02-20,8,1997,1998,False,,,,no
Gordon,Coulter,Melbourne,,10,188,1898-10-05,8,1919,1919,False,,,,no
Hugh,Coventry,Collingwood,,32,179,1922-04-08,8,1941,1941,False,,,,no
Henry,Crane,Carlton,,,,1869-09-12,8,1897,1897,False,,,,no
Gordon,Crisp,Carlton,,8,177,1910-04-30,8,1936,1938,False,,,,no
Ryan,Crowley,Essendon,,51,188,1984-03-05,8,2016,2016,False,,,,no
John,Daly,Melbourne,,10,185,1890-12-13,8,1914,1914,False,,,,no
Alick,Davison,Richmond,,,175,1886-10-12,8,1910,1910,False,,,,no
Wil,Dawson,NorthMelbourne,North Melbourne,18,200,2005-12-20,8,2024,2025,False,KEY_DEFENDER,nationalDraft,22,yes
Matthew,Dent,Hawthorn,,36,185,1972-01-17,8,2001,2001,False,,,,no
Rochford,Devenish-Meares,Hawthorn,,24,187,1948-03-23,8,1968,1968,False,,,,no
Merv,Dihm,Stkilda,,8,185,1933-09-16,8,1955,1955,False,,,,no
Ernie,Dingwall,Carlton,,24,173,1898-08-29,8,1922,1922,False,,,,no
Noel,Doherty,Richmond,,32,178,1921-08-05,8,1943,1945,False,,,,no
Fred,Dore,Stkilda,,16,,1903-09-04,8,1924,1924,False,,,,no
Craig,Dowsett,Geelong,,27,175,1960-02-09,8,1978,1981,False,,,,no
Harry,Duigan,Stkilda,,,180,1875-12-24,8,1897,1898,False,,,,no
Trent,Dumont,PortAdelaide,,43,186,1995-06-30,8,2022,2022,False,,,,no
Roland,Duncan,Collingwood,,,175,1879-02-06,8,1900,1900,False,,,,no
Ryley,Dunn,Fremantle.xlsx,,5,182,1985-10-07,8,2004,2008,False,,,,no
Tom,Dunne,NorthMelbourne,,10,183,1906-11-12,8,1932,1933,False,,,,no
Alf,Dupe,Geelong,,,,1876-01-01,8,1906,1907,False,,,,no
George,Dykes,NorthMelbourne,,31,,1903-09-23,8,1929,1930,False,,,,no
Allen,Eade,Collingwood,,26,189,1960-09-11,8,1984,1985,False,,,,no
Billy,Egan,Stkilda,,,173,1886-11-07,8,1909,1909,False,,,,no
Les,Eldering,Stkilda,,31,196,1938-01-18,8,1960,1960,False,,,,no
Chris,Elliott,Sydney,,36,171,1953-10-06,8,1976,1977,False,,,,no
Harry,Evans,Carlton,,,174,1879-09-04,8,1899,1901,False,,,,no
Charlie,Evans,Sydney,,17,175,1942-01-07,8,1964,1964,False,,,,no
Roy,Farmer,Stkilda,,8,182,1892-12-07,8,1914,1914,False,,,,no
Joe,Finn,Geelong,,19,173,1917-02-25,8,1945,1945,False,,,,no
Ryan,Fitzgerald,Adelaide,,15,199,1976-10-16,8,2002,2002,False,,,,no
John,Fitzgerald,Geelong,,49,178,1961-11-21,8,1986,1987,False,,,,no
Darren,Flanigan,Stkilda,,10,200,1962-03-08,8,1992,1992,False,,,,no
Andrew,Ford,Melbourne,,43,178,1970-09-16,8,1991,1992,False,,,,no
Maurie,Fowler,Carlton,,29,180,1944-08-10,8,1966,1966,False,,,,no
Bob,Galbally,Collingwood,,8,191,1921-01-18,8,1944,1944,False,,,,no
Ralph,Gardiner,Essendon,,10,173,1897-02-19,8,1920,1921,False,,,,no
Teddy,Gardiner,Essendon,,10,179,1890-11-09,8,1921,1922,False,,,,no
George,Garlick,NorthMelbourne,,7,170,1921-02-26,8,1943,1944,False,,,,no
Dick,Gill,Carlton,,20,185,1932-01-11,8,1953,1953,False,,,,no
Ray,Gillett,Sydney,,31,182,1917-02-02,8,1937,1939,False,,,,no
Wally,Glenister,WesternBulldogs,,25,180,1918-05-30,8,1937,1938,False,,,,no
Sam,Glover,WesternBulldogs,,24,188,1901-12-26,8,1927,1927,False,,,,no
Godfrey,Goldin,Essendon,,31,175,1919-06-10,8,1939,1939,False,,,,no
Jimmy,Gordon,Essendon,,24,175,1896-01-01,8,1913,1914,False,,,,no
Allan,Graco,Essendon,,52,183,1948-01-29,8,1971,1971,False,,,,no
Wally,Graham,Stkilda,,,175,1889-10-21,8,1911,1911,False,,,,no
Tom,Gross,WestCoast,West Coast,27,181,2006-09-15,8,2025,2025,False,MIDFIELDER_FORWARD,nationalDraft,46,yes
Wally,Guy,NorthMelbourne,,18,169,1910-10-25,8,1934,1934,False,,,,no
Dick,Hallo,NorthMelbourne,,36,188,1941-01-31,8,1964,1964,False,,,,no
Vic,Hambridge,Collingwood,,,,1886-10-05,8,1906,1907,False,,,,no
Cooper,Hamilton,GWS,,43,184,2003-09-24,8,2022,2023,False,,,,no
Tom,Hanily,Sydney,Sydney,40,179,2005-05-31,8,2025,2025,False,MEDIUM_FORWARD,NA,NA,yes
Jack,Hansen,Stkilda,,19,177,1898-02-28,8,1920,1920,False,,,,no
Stan,Harris,WesternBulldogs,,18,170,1909-03-01,8,1930,1930,False,,,,no
Graeme,Haslem,Hawthorn,,18,168,1940-10-08,8,1961,1963,False,,,,no
Jonathan,Hay,NorthMelbourne,,2,194,1979-08-13,8,2006,2006,False,,,,no
Jack,Hayes,Stkilda,,47,193,1996-03-06,8,2022,2024,False,,,,no
Stan,Heal,Melbourne,,1,170,1920-07-30,8,1941,1941,False,,,,no
Des,Herbert,Collingwood,,47,183,1959-03-15,8,1980,1981,False,,,,no
Marcel,Hilsz,Stkilda,,1,178,1921-02-09,8,1942,1942,False,,,,no
Joe,Hinson,Richmond,,1,174,1919-08-31,8,1942,1944,False,,,,no
Gavin,Hoare,Richmond,,38,175,1934-07-04,8,1952,1953,False,,,,no
Ron,Hobba,Melbourne,,26,174,1918-03-15,8,1943,1943,False,,,,no
Ben,Hollands,Richmond,,43,177,1978-01-12,8,1999,1999,False,,,,no
Bryan,Horskins,Hawthorn,,19,183,1945-10-25,8,1965,1965,False,,,,no
Frank,Howard,Richmond,,28,170,1923-08-01,8,1943,1948,False,,,,no
Jim,Howe,Carlton,,15,,1895-11-07,8,1918,1919,False,,,,no
Frank,Hughes,Melbourne,,31,180,1921-02-09,8,1945,1945,False,,,,no
Roy,Hugo,Stkilda,,8,179,1909-07-17,8,1932,1932,False,,,,no
Phil,Hunt,Melbourne,,,174,1884-01-10,8,1907,1907,False,,,,no
Len,Hustler,Collingwood,,8,185,1920-09-30,8,1942,1945,False,,,,no
Les,Irving,Essendon,,2,170,1904-10-20,8,1927,1927,False,,,,no
Bob,Jacobson,Carlton,,,171,1885-11-15,8,1903,1903,False,,,,no
Jarrad,Jansen,Brisbane,,16,192,1995-05-02,8,2016,2017,False,,,,no
Keith,Jenkinson,Sydney,,2,173,1926-11-03,8,1947,1947,False,,,,no
Charlie,Johnson,Melbourne,,,,1875-11-13,8,1907,1907,False,,,,no
Matt,Johnson,WesternBulldogs,,8,180,1959-03-09,8,1977,1981,False,,,,no
Lewis,Johnston,Adelaide,,8,193,1991-03-03,8,2012,2014,False,,,,no
Russell,Johnston,Collingwood,,49,193,1960-02-10,8,1980,1980,False,,,,no
George,Johnstone,Melbourne,,,,1869-11-04,8,1897,1898,False,,,,no
John,Keast,WesternBulldogs,,33,192,1953-02-24,8,1971,1973,False,,,,no
Ernie,Kelly,Carlton,,,191,1884-11-17,8,1908,1908,False,,,,no
Mark,Kennedy,Stkilda,,40,185,1972-05-24,8,1995,1995,False,,,,no
Reg,Kent,WesternBulldogs,,10,183,1943-11-21,8,1960,1962,False,,,,no
Ned,Kick,Carlton,,5,185,1904-10-12,8,1925,1925,False,,,,no
Les,Laver,Geelong,,21,173,1900-12-09,8,1926,1932,False,,,,no
Dennis,Le Gassick,Collingwood,,34,185,1947-03-12,8,1968,1969,False,,,,no
Tom,Ledger,Stkilda,,15,178,1992-03-17,8,2011,2013,False,,,,no
Ted,Lees,Melbourne,,21,194,1948-03-30,8,1967,1968,False,,,,no
Max,Leslie,Stkilda,,15,180,1922-06-26,8,1946,1946,False,,,,no
Warren,Lewis,Melbourne,,11,183,1923-04-10,8,1941,1944,False,,,,no
Greg,Lindquist,Geelong,,8,178,1954-01-31,8,1972,1973,False,,,,no
Ike,Little,Carlton,,,,1888-01-19,8,1906,1906,False,,,,no
Tim,Livingstone,Richmond,,43,183,1967-09-21,8,1992,1993,False,,,,no
Matthew,Lobbe,Carlton,,27,200,1989-02-12,8,2018,2019,False,,,,no
Will,Lorenz,PortAdelaide,Port Adelaide,36,186,2005-02-19,8,2024,2025,False,MIDFIELDER,nationalDraft,57,yes
Bob,Love,Melbourne,,5,173,1896-07-20,8,1919,1919,False,,,,no
Gary,Lowe,Essendon,,37,185,1953-12-31,8,1974,1974,False,,,,no
Harry,Luck,Stkilda,,,177,1876-10-28,8,1901,1901,False,,,,no
Joe,Lukeman,WesternBulldogs,,25,183,1901-08-16,8,1928,1929,False,,,,no
Max,Lynch,Hawthorn,,18,200,1998-09-12,8,2022,2023,False,,,,no
Marty,Lynch,Sydney,,4,175,1926-08-08,8,1952,1952,False,,,,no
Bailey,Macdonald,Hawthorn,Hawthorn,42,182,2004-08-04,8,2023,2025,False,MEDIUM_DEFENDER,NA,NA,yes
Ewan,Mackinlay,PortAdelaide,Port Adelaide,31,182,2003-07-18,8,2025,2026,True,MIDFIELDER_FORWARD,other,11,yes
Alik,Magin,Goldcoast,,6,181,1991-04-13,8,2011,2012,False,,,,no
Val,Marchesi,Essendon,,27,178,1900-03-06,8,1923,1924,False,,,,no
Bob,Marshall,Sydney,,17,179,1940-05-15,8,1959,1959,False,,,,no
Harold,Maskell,Hawthorn,,29,178,1911-03-17,8,1935,1936,False,,,,no
Lew,Massey,Melbourne,,,,1869-02-13,8,1897,1897,False,,,,no
Peter,Maynard,Melbourne,,36,175,1960-06-28,8,1980,1981,False,,,,no
Joe,McElholum,NorthMelbourne,,34,179,1910-04-06,8,1930,1931,False,,,,no
Frank,McGrath,Carlton,,19,185,1917-08-22,8,1945,1945,False,,,,no
Jimmy,McKnight,Sydney,,10,170,1923-08-09,8,1944,1946,False,,,,no
Tom,McNeil,Stkilda,,18,178,1929-06-09,8,1951,1952,False,,,,no
Alan,McPherson,Sydney,,19,183,1932-01-01,8,1953,1954,False,,,,no
Jim,Mellan,Geelong,,27,184,1898-11-10,8,1920,1920,False,,,,no
Allan,Mennie,Stkilda,,39,175,1935-04-27,8,1955,1956,False,,,,no
Max,Millen,NorthMelbourne,,19,172,1909-07-07,8,1932,1932,False,,,,no
Len,Mills,Hawthorn,,16,203,1898-02-08,8,1930,1930,False,,,,no
Ron,Mills,NorthMelbourne,,13,179,1938-03-09,8,1959,1960,False,,,,no
Kevin,Moore,Melbourne,,39,181,1954-02-06,8,1974,1974,False,,,,no
Jack,Morgan,Geelong,,18,179,1920-12-03,8,1944,1945,False,,,,no
Jim,Morgan,Hawthorn,,8,188,1924-02-28,8,1947,1947,False,,,,no
Shane,Morrison,Richmond,,16,193,1981-01-10,8,2004,2005,False,,,,no
Les,Morrison,Stkilda,,15,182,1895-01-25,8,1922,1922,False,,,,no
John,Mrakov,Richmond,,39,189,1968-11-17,8,1991,1991,False,,,,no
Jack,Mulligan,Sydney,,27,180,1919-06-18,8,1941,1941,False,,,,no
Richard,Murrie,Richmond,,33,189,1955-06-25,8,1983,1983,False,,,,no
Bob,Myers,Stkilda,,22,180,1930-11-29,8,1953,1954,False,,,,no
Dion,Myles,Sydney,,26,188,1976-05-02,8,1995,1997,False,,,,no
Jay,Nash,PortAdelaide,,22,188,1985-12-21,8,2010,2010,False,,,,no
Bernie,Neenan,Melbourne,,33,188,1917-09-25,8,1940,1942,False,,,,no
Max,Nicolson,Geelong,,9,180,1917-10-12,8,1941,1941,False,,,,no
Victor,Nielsen,Melbourne,,,173,1883-01-25,8,1907,1907,False,,,,no
Ricky,Nixon,Hawthorn,,36,186,1963-04-03,8,1992,1993,False,,,,no
Max,Nowlan,Stkilda,,38,183,1939-03-09,8,1959,1962,False,,,,no
Jimmy,OBrien,Essendon,,,,1885-07-24,8,1905,1905,False,,,,no
Danny,OBrien,Geelong,,43,180,1980-02-06,8,2000,2000,False,,,,no
Ossie,OConnell,Stkilda,,,,1884-09-16,8,1905,1906,False,,,,no
Des,ODwyer,Melbourne,,47,187,1961-08-24,8,1978,1982,False,,,,no
Chris,ODwyer,Sydney,,33,188,1971-10-27,8,1990,1991,False,,,,no
Hudson,OKeeffe,Carlton,Carlton,40,202,2004-12-16,8,2025,2026,True,RUCK,preseason,NA,yes
Darren,Ogier,Sydney,,43,184,1963-02-02,8,1989,1989,False,,,,no
Setanta,OhAilpin,GWS,,37,199,1983-03-18,8,2012,2013,False,,,,no
Ray,Orchard,Richmond,,46,194,1946-08-09,8,1966,1968,False,,,,no
Luke,Parks,Carlton,,26,189,2001-04-18,8,2021,2022,False,,,,no
Martin,Pask,Brisbane,,41,191,1985-01-02,8,2006,2006,False,,,,no
Pat,Patterson,Geelong,,39,179,1946-11-13,8,1969,1969,False,,,,no
Pat,Pelly,Carlton,,,183,1877-11-12,8,1904,1904,False,,,,no
Mark,Perkins,Collingwood,,41,179,1964-05-23,8,1987,1989,False,,,,no
Joel,Perry,NorthMelbourne,,37,196,1985-06-18,8,2006,2006,False,,,,no
Viv,Peterson,NorthMelbourne,,14,166,1942-02-14,8,1963,1964,False,,,,no
Len,Peterson,NorthMelbourne,,42,178,1946-06-30,8,1967,1968,False,,,,no
Max,Piggott,Sydney,,16,183,1920-06-20,8,1946,1947,False,,,,no
Percy,Pitt,Carlton,,,174,1883-09-08,8,1904,1904,False,,,,no
Billy,Plunkett,Geelong,,33,183,1914-05-02,8,1935,1935,False,,,,no
Tom,Pollard,Essendon,,6,177,1894-07-07,8,1915,1915,False,,,,no
Harry,Powell,Carlton,,,170,1878-07-22,8,1901,1902,False,,,,no
Mark,Powell,Sydney,,29,193,1984-03-15,8,2003,2004,False,,,,no
Michael,Quinn,Essendon,,41,185,1990-01-26,8,2009,2010,False,,,,no
Arthur,Retell,Stkilda,,2,183,1906-01-22,8,1935,1935,False,,,,no
Cameron,Richardson,NorthMelbourne,,21,189,1987-12-02,8,2011,2011,False,,,,no
Jim,Robertson,Carlton,,17,174,1903-03-04,8,1924,1926,False,,,,no
Jonathon,Robran,Essendon,,12,196,1972-10-21,8,2000,2001,False,,,,no
Willie,Rogers,Melbourne,,,175,1883-05-23,8,1906,1906,False,,,,no
Ron,Rolfe,Sydney,,18,179,1941-03-10,8,1961,1961,False,,,,no
Gower,Ross,Stkilda,,,170,1890-04-01,8,1909,1909,False,,,,no
Alex,Rosser,Essendon,,,178,1879-11-19,8,1903,1903,False,,,,no
Brad,Rowe,Fremantle.xlsx,,3,174,1969-11-23,8,1996,1996,False,,,,no
Joseph,Rugolo,Melbourne,,26,193,1965-09-02,8,1985,1987,False,,,,no
Stephen,Russ,Sydney,,48,179,1955-04-29,8,1975,1976,False,,,,no
Anthony,Russell,Collingwood,,42,188,1961-01-13,8,1982,1984,False,,,,no
Stephen,Ryan,Collingwood,,41,190,1970-07-06,8,1994,1994,False,,,,no
Richie,Saunders,Richmond,,30,178,1913-08-08,8,1933,1934,False,,,,no
Henry,Schade,Collingwood,,41,197,1993-10-08,8,2017,2017,False,,,,no
Ted,Schwarzman,Stkilda,,32,185,1946-03-08,8,1965,1967,False,,,,no
Graham,Scott,Melbourne,,26,185,1946-10-16,8,1974,1974,False,,,,no
Ken,Seymour,Sydney,,24,185,1930-09-16,8,1956,1957,False,,,,no
Keith,Shea,Hawthorn,,1,175,1914-08-10,8,1945,1945,False,,,,no
Jim,Silvestro,Sydney,,36,173,1963-05-30,8,1988,1988,False,,,,no
Zephaniah,Skinner,WesternBulldogs,,26,189,1989-06-27,8,2011,2012,False,,,,no
Kevin,Slattery,NorthMelbourne,,36,187,1926-09-18,8,1947,1947,False,,,,no
Craig,Somerville,WesternBulldogs,,25,178,1968-09-24,8,1986,1986,False,,,,no
John,Spaull,NorthMelbourne,,25,184,1977-08-20,8,2000,2001,False,,,,no
Max,Spencer,Goldcoast,,43,190,1997-10-04,8,2017,2018,False,,,,no
Arthur,Staveley,NorthMelbourne,,22,169,1908-07-24,8,1927,1928,False,,,,no
Des,Steele,Collingwood,,17,185,1943-11-27,8,1962,1963,False,,,,no
Joe,Stephens,Stkilda,,,,1887-07-23,8,1911,1911,False,,,,no
Ray,Stewart,Carlton,,7,180,1892-02-23,8,1918,1919,False,,,,no
Bob,Stone,Melbourne,,32,183,1925-05-26,8,1942,1949,False,,,,no
Chris,Sullivan,Richmond,,26,180,1972-08-08,8,1995,1996,False,,,,no
Bob,Svorinich,Sydney,,36,180,1950-04-14,8,1969,1971,False,,,,no
Hughie,Tait,Essendon,,8,174,1892-04-20,8,1913,1913,False,,,,no
Bill,Taylor,Geelong,,30,188,1902-06-02,8,1926,1926,False,,,,no
Paul,Thomas,Essendon,,17,182,1982-05-06,8,2005,2005,False,,,,no
Reg,Thompson,Stkilda,,20,175,1895-04-09,8,1918,1919,False,,,,no
Ron,Thornton,Richmond,,37,183,1961-06-19,8,1986,1986,False,,,,no
Kristin,Thornton,Sydney,,27,184,1988-03-05,8,2009,2009,False,,,,no
George,Threlfall,Richmond,,7,188,1899-11-11,8,1919,1924,False,,,,no
John,Timothee,Melbourne,,,174,1870-02-04,8,1897,1898,False,,,,no
Brendan,Tranter,Collingwood,,43,177,1971-04-21,8,1989,1992,False,,,,no
Fred,Turnbull,Stkilda,,12,182,1884-02-04,8,1915,1918,False,,,,no
Russell,Tweeddale,WesternBulldogs,,23,185,1954-06-27,8,1980,1980,False,,,,no
Callum,Urch,NorthMelbourne,,14,184,1984-07-21,8,2004,2006,False,,,,no
George,Valentine,WesternBulldogs,,31,173,1899-06-20,8,1927,1928,False,,,,no
Brenton,Vilcins,WesternBulldogs,,30,191,1966-05-15,8,1987,1988,False,,,,no
Bill,Walford,Richmond,,13,191,1947-08-11,8,1965,1966,False,,,,no
Don,Wallace,WesternBulldogs,,25,166,1898-08-11,8,1927,1927,False,,,,no
Neville,Way,Stkilda,,30,183,1924-03-16,8,1942,1942,False,,,,no
Noel,Webster,Hawthorn,,29,178,1932-06-09,8,1952,1952,False,,,,no
Bill,Welsh,Collingwood,,23,178,1924-08-03,8,1950,1950,False,,,,no
Tony,West,Essendon,,29,179,1956-09-11,8,1982,1984,False,,,,no
Bill,White,Richmond,,35,175,1916-10-06,8,1941,1941,False,,,,no
Ike,Whittaker,WesternBulldogs,,17,181,1935-08-13,8,1958,1959,False,,,,no
Geoff,Whitton,Melbourne,,25,185,1942-02-01,8,1967,1968,False,,,,no
Roy,Williams,Collingwood,,32,182,1929-03-03,8,1952,1952,False,,,,no
Craig,Williams,Stkilda,,44,187,1954-08-14,8,1977,1977,False,,,,no
Gary,Williamson,Sydney,,45,198,1941-09-25,8,1965,1965,False,,,,no
Tom,Wilson,Collingwood,,12,194,1997-06-24,8,2021,2023,False,,,,no
Fred,Wimbridge,Sydney,,11,188,1893-03-09,8,1925,1925,False,,,,no
Flynn,Young,Carlton,Carlton,45,181,2002-02-03,8,2025,2025,False,MEDIUM_FORWARD,other,4,yes
Michael,Zemski,Hawthorn,,10,177,1953-08-10,8,1973,1974,False,,,,no
Jed,Adcock,WesternBulldogs,,44,183,1985-11-15,7,2016,2016,False,,,,no
Ben,Ainsworth,Carlton,Carlton,12,178,1998-02-10,7,2026,2026,True,MEDIUM_FORWARD,nationalDraft,4,yes
Alec,Albiston,NorthMelbourne,,15,175,1917-11-16,7,1950,1950,False,,,,no
Oscar,Allen,Brisbane,Brisbane Lions,4,196,1999-03-19,7,2026,2026,True,KEY_FORWARD,nationalDraft,21,yes
Noel,Alsop,WesternBulldogs,,22,178,1914-12-24,7,1937,1938,False,,,,no
Dale,Anderson,Melbourne,,32,183,1931-06-10,7,1953,1954,False,,,,no
Bruce,Armstrong,Essendon,,33,183,1943-11-03,7,1965,1966,False,,,,no
Bert,Atkins,Stkilda,,9,180,1885-01-17,7,1918,1919,False,,,,no
Dick,Atkinson,Melbourne,,36,183,1934-06-30,7,1955,1957,False,,,,no
Ted,Aumann,Richmond,,20,183,1897-12-29,7,1919,1919,False,,,,no
Logan,Austin,Stkilda,,24,195,1995-07-08,7,2018,2018,False,,,,no
Ned,Baptiste,Sydney,,,175,1883-03-09,7,1903,1903,False,,,,no
Jaxson,Barham,Collingwood,,43,182,1988-05-20,7,2009,2010,False,,,,no
Arthur,Barlow,WesternBulldogs,,4,169,1904-10-23,7,1928,1929,False,,,,no
Tony,Barnes,Melbourne,,38,182,1956-05-16,7,1980,1981,False,,,,no
Bob,Barr,WesternBulldogs,,35,179,1945-07-09,7,1964,1965,False,,,,no
Maurie,Bartlett,Melbourne,,3,191,1946-06-09,7,1964,1966,False,,,,no
Stan,Beal,WesternBulldogs,,29,185,1924-04-05,7,1952,1953,False,,,,no
Graeme,Bean,WesternBulldogs,,34,180,1948-04-24,7,1968,1968,False,,,,no
Jim,Beasley,Geelong,,,178,1880-12-19,7,1902,1902,False,,,,no
Don,Beauvais,Hawthorn,,26,187,1920-10-20,7,1946,1946,False,,,,no
Des,Bell,Melbourne,,36,180,1923-05-23,7,1946,1948,False,,,,no
James,Bennett,Hawthorn,,18,188,1964-11-05,7,1984,1985,False,,,,no
Harold,Bennett,Sydney,,4,180,1891-06-09,7,1914,1914,False,,,,no
Lewis,Blackmore,Essendon,,,173,1886-05-21,7,1905,1907,False,,,,no
Percy,Blencowe,Sydney,,,,1887-01-27,7,1905,1906,False,,,,no
Jim,Board,Collingwood,,11,180,1956-02-17,7,1976,1976,False,,,,no
Jack,Boldiston,NorthMelbourne,,13,179,1921-04-26,7,1943,1943,False,,,,no
Pat,Bowd,Sydney,,29,184,1945-08-05,7,1964,1964,False,,,,no
Norm,Bradford,Sydney,,28,165,1894-08-17,7,1915,1915,False,,,,no
Stan,Brady,Stkilda,,26,173,1887-04-20,7,1914,1914,False,,,,no
Albert,Bragg,Stkilda,,1,166,1896-08-05,7,1920,1920,False,,,,no
Terry,Brain,Sydney,,16,175,1938-12-31,7,1958,1961,False,,,,no
Gerald,Brennan,Sydney,,16,173,1938-06-26,7,1958,1960,False,,,,no
Bob,Briggs,Stkilda,,,180,1883-11-20,7,1911,1911,False,,,,no
Alby,Broman,Richmond,,33,173,1917-01-19,7,1937,1939,False,,,,no
Keith,Brooks,Richmond,,21,178,1917-04-08,7,1941,1941,False,,,,no
George,Brown,WesternBulldogs,,12,180,1959-07-14,7,1978,1979,False,,,,no
Harry,Bruce,Melbourne,,22,171,1895-07-12,7,1921,1921,False,,,,no
Arthur,Budd,Sydney,,16,185,1945-12-27,7,1969,1969,False,,,,no
George,Burbury,Geelong,,31,186,1992-06-16,7,2013,2014,False,,,,no
Les,Burns,Stkilda,,32,178,1920-02-23,7,1945,1945,False,,,,no
Max,Byers,Essendon,,37,183,1939-12-29,7,1962,1963,False,,,,no
Jack,Bytel,Collingwood,,27,189,2000-03-14,7,2024,2024,False,,,,no
Jim,Caffery,Carlton,,,183,1872-05-07,7,1897,1897,False,,,,no
Laurie,Cahill,Richmond,,10,171,1912-09-22,7,1943,1943,False,,,,no
Kevin,Callander,Richmond,,14,179,1940-06-18,7,1961,1962,False,,,,no
Fred,Campbell,Stkilda,,41,175,1979-12-14,7,2000,2000,False,,,,no
Warren,Canning,Geelong,,31,197,1927-06-10,7,1949,1951,False,,,,no
Adam,Carter,WestCoast,,19,179,1994-04-17,7,2013,2014,False,,,,no
Geoff,Cartledge,Hawthorn,,30,173,1922-08-17,7,1946,1947,False,,,,no
Gilbert,Cartwright,Hawthorn,,21,165,1916-04-18,7,1938,1938,False,,,,no
Stuart,Cartwright,Richmond,,26,180,1919-09-07,7,1945,1945,False,,,,no
John,Catarinich,Sydney,,,169,1882-11-13,7,1904,1905,False,,,,no
David,Ceglar,NorthMelbourne,,22,195,1966-06-14,7,1986,1987,False,,,,no
Herbert,Cheffers,Collingwood,,,,1883-11-26,7,1907,1907,False,,,,no
Harry,Clapson,NorthMelbourne,,15,165,1895-03-05,7,1925,1925,False,,,,no
Leo,Clements,Hawthorn,,30,175,1907-11-08,7,1933,1934,False,,,,no
Jack,Clements,Hawthorn,,23,180,1915-10-29,7,1936,1937,False,,,,no
Adam,Cockie,WestCoast,,48,180,1989-04-18,7,2009,2009,False,,,,no
Tommy,Cockram,Collingwood,,28,178,1890-02-26,7,1912,1912,False,,,,no
Richard,Cole,Essendon,,28,186,1983-07-15,7,2006,2007,False,,,,no
Dan,Collins,Stkilda,,,182,1872-08-22,7,1897,1898,False,,,,no
Barry,Colliver,Essendon,,4,177,1935-02-28,7,1954,1955,False,,,,no
George,Condon,Sydney,,21,,1906-07-06,7,1928,1930,False,,,,no
Leo,Connolly,Stkilda,,37,181,2001-08-07,7,2021,2021,False,,,,no
Paul,Considine,Hawthorn,,36,178,1962-06-11,7,1981,1985,False,,,,no
Craig,Considine,Richmond,,39,184,1959-06-18,7,1979,1979,False,,,,no
Sudjai,Cook,Adelaide,,40,176,1976-06-27,7,1998,1998,False,,,,no
Gary,Cooke,Melbourne,,36,174,1958-11-10,7,1978,1978,False,,,,no
Ralph,Cornall,Essendon,,1,168,1894-03-17,7,1920,1920,False,,,,no
Syd,Coventry,Collingwood,,30,185,1932-03-14,7,1954,1954,False,,,,no
George,Cowell,Carlton,,,,1870-11-01,7,1899,1899,False,,,,no
Jim,Cowell,Melbourne,,,,1885-05-28,7,1909,1909,False,,,,no
Darryl,Cowie,Richmond,,26,196,1961-03-15,7,1986,1987,False,,,,no
Lance,Cox,Richmond,,36,169,1933-10-11,7,1954,1955,False,,,,no
Geoff,Craighead,Sydney,,30,192,1949-10-14,7,1973,1973,False,,,,no
Tom,Crane,Sydney,,26,185,1921-12-21,7,1942,1945,False,,,,no
Ben,Crocker,Adelaide,,20,188,1997-02-19,7,2020,2020,False,,,,no
Jordan,Croft,WesternBulldogs,Western Bulldogs,16,201,2005-05-12,7,2025,2026,True,KEY_FORWARD,NA,NA,yes
Len,Crone,Carlton,,34,179,1903-01-02,7,1928,1930,False,,,,no
Fred,Cronin,Geelong,,,,1882-09-16,7,1902,1903,False,,,,no
Tommy,Crow,Melbourne,,,173,1887-06-30,7,1910,1910,False,,,,no
Arthur,Cummins,Carlton,,,,1876-08-19,7,1897,1897,False,,,,no
Daryl,Cunningham,Essendon,,38,174,1960-11-25,7,1987,1987,False,,,,no
Charlie,Curnow,Sydney,Sydney,35,192,1997-02-03,7,2026,2026,True,KEY_FORWARD,NA,NA,yes
Alan,Daly,Melbourne,,9,168,1929-05-11,7,1951,1951,False,,,,no
Percy,Damman,Stkilda,,,170,1876-05-07,7,1898,1898,False,,,,no
Sam,Darley,WesternBulldogs,,33,186,1993-02-15,7,2014,2015,False,,,,no
Arthur,Davidson,Hawthorn,,16,173,1912-11-30,7,1939,1939,False,,,,no
Jack,Davidson,Sydney,,,178,1875-05-10,7,1900,1900,False,,,,no
Alf,Day,Geelong,,,,1884-05-19,7,1907,1907,False,,,,no
Tom,De Koning,Stkilda,St Kilda,21,203,1999-07-16,7,2026,2026,True,RUCK,NA,NA,yes
Greg,Dean,Stkilda,,32,182,1928-10-14,7,1949,1950,False,,,,no
Josaia,Delana,GWS,GWS,38,176,2006-07-01,7,2025,2026,True,MEDIUM_FORWARD,other,NA,yes
Brian,Devitt,NorthMelbourne,,44,193,1948-04-05,7,1970,1970,False,,,,no
Charlie,Dibbs,Geelong,,6,175,1905-04-03,7,1936,1936,False,,,,no
Willie,Dick,Essendon,,2,179,1966-03-16,7,1992,1992,False,,,,no
Barry,Donegan,Collingwood,,23,178,1938-05-05,7,1958,1959,False,,,,no
Frank,Driscoll,Essendon,,16,183,1934-07-30,7,1957,1958,False,,,,no
Cooper,Duff-Tytler,WestCoast,West Coast,21,201,2007-08-22,7,2026,2026,True,KEY_FORWARD,nationalDraft,4,yes
Brian,Dunsford,Melbourne,,29,178,1936-09-26,7,1957,1957,False,,,,no
Corey,Durdin,PortAdelaide,Port Adelaide,44,173,2002-04-14,7,2026,2026,True,MEDIUM_FORWARD,nationalDraft,37,yes
Willem,Duursma,WestCoast,West Coast,1,193,2007-06-21,7,2026,2026,True,MIDFIELDER,nationalDraft,1,yes
Craig,Ednie,Richmond,,43,172,1982-02-16,7,2002,2002,False,,,,no
Tom,Eldridge,Carlton,,24,182,1923-09-22,7,1946,1947,False,,,,no
Billy,Evans,Brisbane,,46,187,1996-10-19,7,2015,2016,False,,,,no
Hope,Evans,Carlton,,17,,1902-05-13,7,1925,1925,False,,,,no
Max,Evans,Richmond,,6,173,1923-05-16,7,1947,1948,False,,,,no
Bobby,Ewer,Melbourne,,21,182,1904-07-02,7,1924,1925,False,,,,no
Josh,Fahey,GWS,,34,187,2003-11-11,7,2023,2023,False,,,,no
Wilfred,Fell,Collingwood,,,182,1879-04-15,7,1899,1899,False,,,,no
Paul,Feltham,Richmond,,3,175,1948-10-01,7,1978,1978,False,,,,no
Dave,Ferguson,NorthMelbourne,,35,177,1903-02-05,7,1931,1931,False,,,,no
John,Ferguson,Richmond,,15,185,1949-03-19,7,1969,1969,False,,,,no
Sam,Flanders,Stkilda,St Kilda,9,182,2001-07-24,7,2026,2026,True,MIDFIELDER,NA,NA,yes
Don,Fletcher,Hawthorn,,39,175,1958-04-25,7,1976,1977,False,,,,no
Oliver,Florent,Carlton,Carlton,14,185,1998-07-22,7,2026,2026,True,MEDIUM_DEFENDER,nationalDraft,11,yes
Ashley,Foley,Essendon,,27,179,1915-12-27,7,1939,1939,False,,,,no
Jack,Forty,Stkilda,,22,177,1906-03-07,7,1927,1927,False,,,,no
Patrick,Foy,Sydney,,29,181,1965-01-01,7,1984,1984,False,,,,no
Michael,Francis,Hawthorn,,31,199,1947-05-01,7,1968,1970,False,,,,no
Bill,Freyer,WesternBulldogs,,21,179,1900-03-11,7,1926,1926,False,,,,no
Jack,Galbally,Collingwood,,31,178,1910-08-02,7,1933,1934,False,,,,no
David,Gallagher,Carlton,,14,183,1980-08-05,7,2002,2002,False,,,,no
Joe,Garbutt,Stkilda,,,185,1903-09-23,7,1935,1935,False,,,,no
Keith,Gent,Essendon,,2,182,1945-04-13,7,1965,1966,False,,,,no
Ian,George,Stkilda,,46,173,1954-04-06,7,1973,1974,False,,,,no
Alex,Georgiou,Melbourne,,41,187,1990-02-01,7,2014,2014,False,,,,no
Tom,Gibney,Geelong,,,,1886-10-28,7,1906,1906,False,,,,no
Billy,Gill,Geelong,,,,1876-04-12,7,1901,1902,False,,,,no
George,Gill,Geelong,,25,,1892-07-14,7,1915,1915,False,,,,no
Murray,Gilmour,Geelong,,19,193,1950-11-28,7,1975,1975,False,,,,no
Ernie,Glenister,Stkilda,,,,1873-10-12,7,1899,1899,False,,,,no
Bill,Goddard,Stkilda,,,,1880-02-24,7,1911,1911,False,,,,no
Matthew,Golding,Adelaide,,37,196,1980-12-30,7,1999,1999,False,,,,no
Alf,Goonan,NorthMelbourne,,5,178,1904-04-03,7,1925,1926,False,,,,no
Phoenix,Gothard,GWS,GWS,11,179,2005-09-07,7,2026,2026,True,MEDIUM_FORWARD,nationalDraft,12,yes
Paul,Gow,WesternBulldogs,,19,189,1969-05-27,7,1991,1991,False,,,,no
Cec,Graeme,Stkilda,,,179,1873-06-03,7,1901,1901,False,,,,no
David,Grant,Melbourne,,16,184,1966-08-07,7,1996,1996,False,,,,no
Sam,Gray,Sydney,,15,176,1992-02-01,7,2020,2020,False,,,,no
Brent,Green,Sydney,,16,197,1976-03-29,7,1998,1998,False,,,,no
Mark,Greene,Stkilda,,6,188,1959-05-08,7,1976,1977,False,,,,no
Sam,Grlj,Richmond,Richmond,24,182,2007-07-26,7,2026,2026,True,MEDIUM_DEFENDER,NA,NA,yes
Michael,Gurrie,Geelong,,48,184,1968-04-16,7,1990,1990,False,,,,no
Jim,Gutterson,WesternBulldogs,,32,183,1939-07-01,7,1961,1962,False,,,,no
Josh,Hall,Goldcoast,,46,197,1990-04-03,7,2012,2015,False,,,,no
Charlie,Harbour,Stkilda,,5,183,1924-06-20,7,1945,1946,False,,,,no
Dave,Hardie,Melbourne,,23,179,1928-02-08,7,1947,1948,False,,,,no
Pat,Harrington,Sydney,,19,173,1928-03-17,7,1954,1954,False,,,,no
Phil,Harrison,Geelong,,23,182,1961-07-27,7,1981,1982,False,,,,no
Ed,Harrison,Sydney,,,177,1884-06-26,7,1906,1909,False,,,,no
Jack,Hartigan,Stkilda,,22,173,1928-07-12,7,1952,1953,False,,,,no
Harold,Hay,Melbourne,,,170,1881-12-31,7,1900,1900,False,,,,no
John,Hayes,Stkilda,,42,188,1936-02-27,7,1958,1958,False,,,,no
Mark,Hepburn,Sydney,,21,195,1968-08-29,7,1994,1994,False,,,,no
Darryl,Herrod,Geelong,,13,179,1945-06-02,7,1966,1967,False,,,,no
Gerry,Hickey,Hawthorn,,11,185,1912-07-24,7,1934,1935,False,,,,no
Garry,Higgins,Carlton,,29,180,1955-06-15,7,1975,1976,False,,,,no
Willie,Hines,Geelong,,,,1880-04-28,7,1903,1903,False,,,,no
Barry,Hodges,Melbourne,,32,185,1950-01-20,7,1970,1971,False,,,,no
John,Hoiles,Geelong,,49,183,1961-02-03,7,1985,1986,False,,,,no
Gary,Holmes,Stkilda,,22,170,1938-01-02,7,1960,1961,False,,,,no
Todd,Holmes,WestCoast,,25,187,1979-07-14,7,1998,2000,False,,,,no
Warren,Holyoak,Hawthorn,,29,178,1934-12-19,7,1954,1954,False,,,,no
Andrew,Hooper,WesternBulldogs,,41,172,1991-01-18,7,2010,2012,False,,,,no
George,Horlin-Smith,Goldcoast,,33,188,1992-12-22,7,2019,2019,False,,,,no
Taj,Hotton,Richmond,Richmond,24,182,2006-06-17,7,2025,2025,False,MEDIUM_FORWARD,NA,NA,yes
Ben,Hudson,Collingwood,,25,196,1979-02-24,7,2013,2013,False,,,,no
Jackie,Huggard,NorthMelbourne,,32,170,1926-01-28,7,1946,1946,False,,,,no
Rod,Hughes,Stkilda,,7,178,1954-06-20,7,1977,1977,False,,,,no
Sam,Hunt,Essendon,,30,193,1983-04-13,7,2002,2005,False,,,,no
Jack,Hunter,NorthMelbourne,,27,192,1914-10-05,7,1944,1945,False,,,,no
Paul,Hunter,Stkilda,,41,200,1993-02-09,7,2021,2021,False,,,,no
Rupe,Hutton,Sydney,,32,,1906-11-19,7,1929,1929,False,,,,no
Percy,Ilott,Sydney,,7,184,1916-03-06,7,1937,1937,False,,,,no
Gary,Irvine,WesternBulldogs,,47,185,1965-08-17,7,1988,1988,False,,,,no
Sam,Jacobs,GWS,,10,200,1988-04-10,7,2020,2020,False,,,,no
Alby,Jacobsen,Essendon,,27,180,1902-09-10,7,1933,1933,False,,,,no
Allen,Jakovich,WesternBulldogs,,13,187,1968-03-21,7,1996,1996,False,,,,no
Kristian,Jaksch,Carlton,,18,196,1994-10-07,7,2015,2016,False,,,,no
Ern,James,Geelong,,,,1883-10-26,7,1905,1906,False,,,,no
Emerson,Jeka,Hawthorn,,39,197,2001-09-18,7,2021,2022,False,,,,no
Bill,Johnson,Carlton,,29,177,1886-01-05,7,1912,1912,False,,,,no
Blaine,Johnson,Carlton,,45,186,1995-07-28,7,2014,2015,False,,,,no
Ross,Johnson,Hawthorn,,19,189,1951-07-22,7,1971,1972,False,,,,no
Jim,Jolly,Sydney,,,,1872-06-16,7,1898,1898,False,,,,no
Chad,Jones,WestCoast,,15,196,1984-06-15,7,2007,2008,False,,,,no
Charlie,Jones,Sydney,,13,178,1888-11-02,7,1914,1915,False,,,,no
Graeme,Jonson,Collingwood,,35,188,1940-10-26,7,1960,1963,False,,,,no
Wayne,Judd,Richmond,,38,185,1948-10-26,7,1969,1969,False,,,,no
Malcolm,Karpany,WestCoast,,39,176,1995-06-01,7,2016,2017,False,,,,no
Paddy,Kelly,Stkilda,,3,174,1896-02-08,7,1920,1920,False,,,,no
Bill,Kelly,WesternBulldogs,,10,178,1930-06-01,7,1950,1950,False,,,,no
Rene,Kink,Stkilda,,23,183,1956-11-22,7,1986,1986,False,,,,no
Phil,Krakouer,WesternBulldogs,,31,178,1960-01-15,7,1991,1991,False,,,,no
Robert,Lamb,Sydney,,24,185,1955-01-17,7,1979,1979,False,,,,no
Orville,Lamplough,Stkilda,,20,177,1897-03-13,7,1922,1923,False,,,,no
Jayden,Laverde,GWS,GWS,25,191,1996-04-12,7,2026,2026,True,KEY_DEFENDER,nationalDraft,20,yes
Alby,Law,Essendon,,2,175,1929-12-24,7,1951,1953,False,,,,no
Gary,Lawson-Smith,Carlton,,16,191,1947-06-30,7,1970,1971,False,,,,no
Barney,Lazarus,Carlton,,,,1879-12-18,7,1902,1902,False,,,,no
Tom,Leehane,Essendon,,1,180,1928-02-14,7,1950,1951,False,,,,no
Jim,Little,NorthMelbourne,,3,191,1938-04-18,7,1959,1959,False,,,,no
John,Long,Sydney,,4,182,1946-04-12,7,1965,1966,False,,,,no
Greg,Lourey,Melbourne,,17,188,1927-08-01,7,1948,1950,False,,,,no
Rod,Lucas,Geelong,,26,178,1905-11-30,7,1927,1929,False,,,,no
Jim,Lundberg,Stkilda,,29,178,1921-06-19,7,1947,1947,False,,,,no
Ken,Luscombe,Sydney,,39,173,1951-02-06,7,1969,1969,False,,,,no
Roy,MacDonald,Melbourne,,1,173,1891-07-04,7,1914,1914,False,,,,no
Bob,Mallett,Sydney,,40,188,1947-03-18,7,1967,1968,False,,,,no
Leo,Maloney,Essendon,,10,185,1937-04-28,7,1957,1957,False,,,,no
Ben,Marsh,Richmond,,15,201,1976-07-09,7,2004,2004,False,,,,no
George,Marsh,Collingwood,,,173,1884-12-31,7,1905,1905,False,,,,no
Ray,Martini,Carlton,,27,180,1930-07-14,7,1953,1953,False,,,,no
Alec,Mathieson,Geelong,,31,180,1921-05-11,7,1944,1944,False,,,,no
Dick,Maynard,Essendon,,6,173,1897-08-20,7,1921,1921,False,,,,no
Lachlan,McAndrew,Adelaide,Adelaide,42,209,2000-05-26,7,2026,2026,True,RUCK,other,12,yes
Les,McCann,Carlton,,7,173,1920-08-29,7,1944,1944,False,,,,no
Grahame,McConechy,Collingwood,,,182,1880-06-06,7,1904,1904,False,,,,no
Clive,McCorkell,Essendon,,5,182,1910-05-20,7,1933,1933,False,,,,no
Fred,McEvoy,WesternBulldogs,,30,174,1913-11-03,7,1935,1935,False,,,,no
Jeff,McGee,Sydney,,26,185,1948-01-27,7,1967,1968,False,,,,no
Jack,McGrath,Geelong,,13,180,1924-02-13,7,1948,1950,False,,,,no
Luke,McGuane,Brisbane,,1,192,1987-02-12,7,2014,2015,False,,,,no
Scott,McIvor,Brisbane,,7,191,1966-08-09,7,1997,1997,False,,,,no
Martin,McKinnon,Brisbane,,25,189,1975-07-05,7,1999,2000,False,,,,no
Liam,McMahon,Essendon,Essendon,48,197,2002-05-02,7,2025,2025,False,KEY_FORWARD,nationalDraft,31,yes
Marty,McMillan,WesternBulldogs,,16,180,1953-02-17,7,1974,1975,False,,,,no
Neil,McMullin,Melbourne,,40,180,1954-01-11,7,1974,1974,False,,,,no
Jim,McNeilage,Geelong,,,175,1885-02-17,7,1907,1907,False,,,,no
Judd,McVee,Fremantle.xlsx,Fremantle,17,185,2003-08-07,7,2026,2026,True,MEDIUM_DEFENDER,other,NA,yes
Eddy,Melai,Sydney,,40,193,1941-02-28,7,1964,1964,False,,,,no
Connor,Menadue,NorthMelbourne,,31,187,1996-09-19,7,2021,2021,False,,,,no
Daniel,Menzel,Sydney,,2,190,1991-09-13,7,2019,2019,False,,,,no
Jack,Meuleman,WesternBulldogs,,25,179,1894-01-17,7,1925,1925,False,,,,no
Brenton,Miels,Richmond,,23,183,1948-01-12,7,1969,1970,False,,,,no
Brody,Mihocek,Melbourne,Melbourne,28,192,1993-02-04,7,2026,2026,True,KEY_FORWARD,NA,NA,yes
Neil,Mildenhall,Fremantle.xlsx,,50,176,1968-09-08,7,1995,1995,False,,,,no
George,Millard,Stkilda,,27,183,1914-03-11,7,1936,1936,False,,,,no
Rod,Mohr,Sydney,,12,187,1950-05-24,7,1968,1969,False,,,,no
Jack,Monohan,Collingwood,,3,185,1902-09-09,7,1924,1925,False,,,,no
Stan,Moon,Collingwood,,31,185,1927-01-08,7,1947,1947,False,,,,no
Flurence,Moore,Essendon,,23,174,1890-11-17,7,1915,1915,False,,,,no
Brendon,Moore,Essendon,,38,176,1969-08-09,7,1987,1990,False,,,,no
Clarrie,Morelli,Collingwood,,18,180,1906-10-06,7,1927,1927,False,,,,no
Paul,Morrish,Essendon,,47,188,1968-05-12,7,1991,1991,False,,,,no
Harry,Mort,Hawthorn,,31,180,1906-03-24,7,1928,1929,False,,,,no
Tom,Mullens,Carlton,,12,180,1900-04-13,7,1926,1926,False,,,,no
John,Murnane,Melbourne,,27,180,1948-02-11,7,1966,1967,False,,,,no
Brad,Murphy,WesternBulldogs,,33,189,1984-10-27,7,2004,2005,False,,,,no
Phillip,Murton,Hawthorn,,43,185,1973-09-29,7,1992,1994,False,,,,no
Fred,Mutch,Carlton,,9,174,1898-11-21,7,1926,1926,False,,,,no
Brendan,Mutimer,NorthMelbourne,,38,182,1963-10-19,7,1984,1984,False,,,,no
Dave,Nelson,NorthMelbourne,,17,173,1910-02-26,7,1929,1929,False,,,,no
Ernie,Nelson,Sydney,,,,1874-09-09,7,1900,1900,False,,,,no
Jayden,Nguyen,Essendon,Essendon,42,178,2006-07-27,7,2025,2026,True,MEDIUM_DEFENDER,other,NA,yes
Stephen,Nichols,Geelong,,2,182,1963-06-18,7,1982,1983,False,,,,no
Stuart,Nicol,WesternBulldogs,,37,193,1966-09-30,7,1988,1989,False,,,,no
Dan,Nielson,NorthMelbourne,,26,194,1996-05-09,7,2017,2017,False,,,,no
Liam,OConnell,Stkilda,St Kilda,45,189,2003-03-04,7,2025,2025,False,MEDIUM_DEFENDER,NA,NA,yes
Roy,ODonnell,WesternBulldogs,,29,,1907-11-12,7,1930,1930,False,,,,no
Matthew,ODwyer,Sydney,,43,181,1988-07-21,7,2008,2010,False,,,,no
Dick,OShea,Essendon,,27,185,1909-01-31,7,1932,1932,False,,,,no
Danny,OSullivan,Collingwood,,41,173,1952-08-16,7,1973,1973,False,,,,no
Clayton,Oliver,GWS,GWS,10,187,1997-07-22,7,2026,2026,True,MIDFIELDER,nationalDraft,4,yes
Les,Oram,Collingwood,,19,178,1893-03-18,7,1916,1916,False,,,,no
Max,Orr,Melbourne,,9,178,1931-01-09,7,1952,1953,False,,,,no
Mark,Orval,Collingwood,,10,188,1968-03-19,7,1987,1988,False,,,,no
Bill,Paez,Stkilda,,33,175,1912-02-12,7,1934,1934,False,,,,no
Les,Parish,Melbourne,,21,180,1955-09-28,7,1985,1985,False,,,,no
Gary,Parkes,Richmond,,32,185,1951-07-02,7,1978,1979,False,,,,no
Martin,Pash,Sydney,,,180,1883-11-12,7,1906,1906,False,,,,no
Eddie,Phillips,WesternBulldogs,,29,169,1931-04-09,7,1952,1952,False,,,,no
Adam,Pickering,Carlton,,6,187,1981-04-18,7,2001,2002,False,,,,no
Latrelle,Pickett,Melbourne,Melbourne,33,182,2005-12-28,7,2026,2026,True,MEDIUM_FORWARD,NA,NA,yes
Alf,Pitman,Sydney,,,173,1881-12-10,7,1905,1905,False,,,,no
Max,Pitt,Stkilda,,37,185,1946-01-04,7,1968,1969,False,,,,no
James,Polkinghorne,Essendon,,50,184,1989-01-21,7,2016,2016,False,,,,no
Maurie,Pope,Carlton,,26,199,1936-09-04,7,1956,1958,False,,,,no
Arthur,Pound,Melbourne,,34,180,1930-03-19,7,1950,1950,False,,,,no
Danny,Powell,Melbourne,,35,169,1922-05-29,7,1942,1942,False,,,,no
Ray,Preston,Sydney,,10,170,1930-12-27,7,1953,1953,False,,,,no
Joe,Price,Richmond,,,,1886-07-04,7,1911,1911,False,,,,no
Jim,Pumphrey,Sydney,,45,180,1941-12-02,7,1962,1962,False,,,,no
Peter,Quirk,Sydney,,20,183,1961-01-26,7,1987,1987,False,,,,no
Bruce,Rae,Stkilda,,5,,1900-01-23,7,1925,1926,False,,,,no
Garry,Rasmussen,Hawthorn,,37,187,1937-11-28,7,1958,1959,False,,,,no
Bill,Redmond,Carlton,,2,182,1927-05-29,7,1947,1948,False,,,,no
Ted,Regan,Essendon,,11,178,1915-06-06,7,1939,1941,False,,,,no
Lance,Regnier,Carlton,,13,193,1919-07-17,7,1941,1941,False,,,,no
Joe,Ritchie,Stkilda,,,,1886-09-26,7,1909,1909,False,,,,no
Russ,Robinson,Melbourne,,20,183,1928-11-19,7,1947,1948,False,,,,no
Vern,Rowe,Melbourne,,26,175,1896-03-11,7,1920,1920,False,,,,no
Kevin,Rush,Richmond,,29,175,1901-03-29,7,1923,1924,False,,,,no
Stuart,Russell,Hawthorn,,11,173,1906-07-17,7,1932,1932,False,,,,no
Liam,Ryan,Stkilda,St Kilda,31,179,1996-10-02,7,2026,2026,True,MEDIUM_FORWARD,NA,NA,yes
Reg,Sanders,NorthMelbourne,,38,185,1947-01-01,7,1967,1970,False,,,,no
Ray,Sartori,Essendon,,,173,1885-03-31,7,1906,1907,False,,,,no
Herb,Sawatzky,Richmond,,24,183,1933-10-24,7,1954,1955,False,,,,no
Gordon,Sawley,Sydney,,12,179,1913-06-28,7,1941,1941,False,,,,no
Fred,Sayer,Hawthorn,,7,177,1913-06-06,7,1933,1934,False,,,,no
Jim,Schellnack,Sydney,,,179,,7,1904,1904,False,,,,no
George,Schlitz,Stkilda,,11,180,1909-08-11,7,1933,1933,False,,,,no
Arie,Schoenmaker,Stkilda,,27,194,2005-01-07,7,2024,2025,False,,,,no
Jayden,Schofield,WesternBulldogs,,24,182,1992-05-14,7,2011,2011,False,,,,no
Jacob,Schuback,Adelaide,,26,180,1983-11-28,7,2003,2004,False,,,,no
Michael,Sellwood,WesternBulldogs,Western Bulldogs,37,186,2003-10-02,7,2026,2026,True,MEDIUM_DEFENDER,NA,NA,yes
Robert,Semmens,WesternBulldogs,,31,173,1961-12-05,7,1983,1984,False,,,,no
Dannie,Seow,Melbourne,,30,188,1967-04-02,7,1989,1990,False,,,,no
Renato,Serafini,Carlton,,10,189,1953-03-18,7,1977,1978,False,,,,no
Jai,Serong,Sydney,Sydney,13,193,2003-02-16,7,2026,2026,True,MIDFIELDER,NA,NA,yes
Ernie,Sheil,Carlton,,8,179,1906-05-02,7,1929,1930,False,,,,no
Jack,Shelton,Sydney,,21,180,1905-01-24,7,1930,1930,False,,,,no
Peter,Sherman,Stkilda,,33,183,1925-06-08,7,1949,1949,False,,,,no
Garry,Sidebottom,Geelong,,6,193,1954-11-21,7,1981,1981,False,,,,no
Gerry,Sier,Richmond,,6,180,1928-06-04,7,1950,1950,False,,,,no
Will,Sierakowski,NorthMelbourne,,28,187,1990-07-26,7,2013,2013,False,,,,no
Jack,Silvagni,Stkilda,St Kilda,3,194,1997-12-17,7,2026,2026,True,KEY_DEFENDER,NA,NA,yes
Alex,Silvagni,Carlton,,44,192,1987-09-29,7,2017,2017,False,,,,no
Clem,Smith,Carlton,,25,178,1996-02-03,7,2015,2015,False,,,,no
Jagga,Smith,Carlton,Carlton,7,182,2006-01-28,7,2026,2026,True,MIDFIELDER,nationalDraft,3,yes
Clyde,Smith,Collingwood,,20,174,1901-01-28,7,1921,1922,False,,,,no
Max,Smith,Essendon,,23,177,1915-12-21,7,1940,1940,False,,,,no
Dale,Smyth,Geelong,,25,175,1962-05-18,7,1980,1982,False,,,,no
Geoff,Stafford,Hawthorn,,32,178,1945-03-17,7,1966,1966,False,,,,no
Jack,Steele,Melbourne,Melbourne,9,187,1995-12-13,7,2026,2026,True,MIDFIELDER,NA,NA,yes
Les,Stephens,Geelong,,18,,1898-10-24,7,1919,1920,False,,,,no
Cooper,Stephens,Geelong,,12,188,2001-01-17,7,2022,2022,False,,,,no
Billy,Stephens,WesternBulldogs,,36,180,1918-07-28,7,1937,1938,False,,,,no
Orren,Stephenson,Richmond,,37,200,1982-07-15,7,2013,2014,False,,,,no
Max,Stephenson,Stkilda,,32,178,1935-05-07,7,1955,1957,False,,,,no
Kade,Stewart,Hawthorn,,40,180,1997-01-16,7,2016,2017,False,,,,no
David,Stirling,Sydney,,32,183,1962-09-10,7,1983,1983,False,,,,no
Kieran,Strachan,Adelaide,,45,204,1995-10-05,7,2020,2024,False,,,,no
Bob,Strachan,Sydney,,28,183,1944-06-08,7,1963,1965,False,,,,no
Phil,Sullivan,Hawthorn,,21,184,1903-09-08,7,1926,1926,False,,,,no
Michael,Svilar,WesternBulldogs,,13,185,1969-09-08,7,1988,1990,False,,,,no
Alf,Swift,Essendon,,,,1871-08-05,7,1904,1904,False,,,,no
Sydney,Sykes,Sydney,,,165,1882-02-28,7,1905,1906,False,,,,no
Jack,Synon,Collingwood,,31,177,1924-07-28,7,1944,1944,False,,,,no
Tom,Tarrant,Collingwood,,28,180,1931-09-29,7,1953,1954,False,,,,no
Charlie,Taylor,Stkilda,,23,182,1878-12-08,7,1911,1912,False,,,,no
Eddie,Thomas,Collingwood,,20,,1891-06-24,7,1911,1911,False,,,,no
Lindsay,Thomas,PortAdelaide,,48,180,1988-02-29,7,2018,2018,False,,,,no
Grant,Thomas,NorthMelbourne,,18,186,1958-02-14,7,1984,1984,False,,,,no
Joel,Tippett,NorthMelbourne,,36,196,1988-10-26,7,2014,2015,False,,,,no
Norm,Tivendale,WesternBulldogs,,43,187,1955-10-02,7,1978,1979,False,,,,no
Jack,Todd,Sydney,,,,1879-04-29,7,1903,1903,False,,,,no
Clarrie,Tolson,Collingwood,,30,170,1911-11-17,7,1931,1931,False,,,,no
Bill,Tomlinson,Geelong,,36,187,1927-07-05,7,1946,1946,False,,,,no
Eddie,Toms,Sydney,,,174,1872-07-28,7,1897,1897,False,,,,no
Alf,Tredinnick,Melbourne,,,174,1873-06-16,7,1901,1901,False,,,,no
David,Trotter,NorthMelbourne,,13,186,1986-03-04,7,2005,2007,False,,,,no
Charlie,Troughton,Sydney,,14,168,1906-07-24,7,1930,1930,False,,,,no
Fred,Ulbrick,WesternBulldogs,,18,,1894-08-08,7,1925,1927,False,,,,no
Geoff,Umbers,Geelong,,19,180,1933-10-31,7,1955,1956,False,,,,no
Zeke,Uwland,Goldcoast,Gold Coast,32,179,2007-04-24,7,2026,2026,True,MIDFIELDER,NA,NA,yes
Charlie,Vanderbist,Hawthorn,,32,166,1915-06-15,7,1939,1940,False,,,,no
Stan,Wallis,WesternBulldogs,,34,168,1927-11-17,7,1948,1949,False,,,,no
Bill,Ward,Stkilda,,28,,1901-03-30,7,1922,1923,False,,,,no
George,Waterhouse,Richmond,,7,182,1899-02-04,7,1926,1926,False,,,,no
Ashley,Watson,NorthMelbourne,,1,181,1984-03-26,7,2003,2005,False,,,,no
Jacob,Wehr,PortAdelaide,Port Adelaide,15,184,1998-07-05,7,2026,2026,True,MIDFIELDER,nationalDraft,59,yes
Luke,Weller,Richmond,,30,190,1982-01-13,7,2004,2004,False,,,,no
Robert,West,WesternBulldogs,,28,178,1969-03-07,7,1994,1994,False,,,,no
Henry,Whight,Carlton,,,,1882-03-11,7,1904,1904,False,,,,no
Brent,Williams,Adelaide,,29,190,1978-02-13,7,1997,1997,False,,,,no
Peter,Williams,Richmond,,28,193,1957-12-14,7,1979,1979,False,,,,no
Merv,Williams,NorthMelbourne,,3,191,1937-12-18,7,1957,1958,False,,,,no
Billy,Williams,Stkilda,,,,1888-05-02,7,1907,1907,False,,,,no
Ron,Williams,Stkilda,,34,174,1917-06-30,7,1945,1945,False,,,,no
Bert,Williams,Sydney,,,,1873-02-12,7,1900,1900,False,,,,no
Brian,Wilson,Stkilda,,17,180,1961-09-30,7,1991,1991,False,,,,no
Fred,Wilson,Richmond,,33,182,1912-07-17,7,1937,1937,False,,,,no
Eric,Wilson,Sydney,,34,193,1945-04-29,7,1966,1967,False,,,,no
Callum,Wilson,WestCoast,,36,191,1988-06-09,7,2009,2010,False,,,,no
Don,Wilson,WesternBulldogs,,13,178,1914-10-22,7,1937,1939,False,,,,no
Harold,Winberg,NorthMelbourne,,6,171,1918-05-25,7,1947,1947,False,,,,no
Isiah,Winder,WestCoast,,22,180,2002-05-16,7,2021,2022,False,,,,no
Andrew,Witts,Collingwood,,65,183,1961-08-22,7,1985,1985,False,,,,no
Billy,Wood,Carlton,,21,178,1905-08-31,7,1928,1928,False,,,,no
Justin,Wood,Geelong,,42,183,1979-12-18,7,1998,1998,False,,,,no
Herb,Woodhead,Richmond,,,171,1888-04-02,7,1910,1912,False,,,,no
Bill,Woodhouse,Stkilda,,,180,1873-09-14,7,1898,1898,False,,,,no
Tylar,Young,WestCoast,West Coast,20,196,1998-09-05,7,2026,2026,True,KEY_DEFENDER,other,NA,yes
Peter,Adams,Collingwood,,23,178,1964-06-20,6,1986,1987,False,,,,no
David,Allday,WesternBulldogs,,14,198,1964-11-27,6,1988,1988,False,,,,no
Norm,Alvin,Hawthorn,,28,178,1916-05-31,6,1942,1944,False,,,,no
Jim,Ambler,Collingwood,,27,178,1887-08-23,6,1912,1912,False,,,,no
Mark,Amos,Carlton,,38,189,1951-08-05,6,1970,1971,False,,,,no
Bill,Anderson,Geelong,,30,,1911-02-12,6,1932,1932,False,,,,no
Alf,Andrew-Street,Collingwood,,37,174,1914-04-08,6,1933,1934,False,,,,no
Ron,Andrews,Collingwood,,9,191,1955-05-13,6,1984,1984,False,,,,no
Bill,Angwin,Stkilda,,14,,1891-03-13,6,1913,1914,False,,,,no
Bob,Annesley,Essendon,,8,173,1919-07-10,6,1945,1945,False,,,,no
Tony,Antrobus,Stkilda,,11,174,1962-04-08,6,1991,1991,False,,,,no
Tony,Armstrong,Collingwood,,27,183,1989-09-29,6,2014,2015,False,,,,no
Alan,Atkinson,WesternBulldogs,,16,182,1951-10-20,6,1980,1980,False,,,,no
Bob,Austen,Hawthorn,,29,180,1914-05-24,6,1942,1942,False,,,,no
Jack,Austin,Stkilda,,39,188,1945-10-15,6,1966,1966,False,,,,no
Brian,Backhouse,NorthMelbourne,,21,177,1948-05-07,6,1968,1968,False,,,,no
Con,Bahen,Stkilda,,20,178,1909-01-29,6,1927,1929,False,,,,no
Doug,Baird,Carlton,,27,188,1950-11-16,6,1969,1970,False,,,,no
Garry,Baker,Sydney,,1,193,1953-03-24,6,1983,1983,False,,,,no
Zac,Banch,NorthMelbourne,North Melbourne,45,175,2003-07-21,6,2025,2026,True,MEDIUM_FORWARD,other,2,yes
Reg,Barnes,Hawthorn,,18,178,1920-12-15,6,1944,1945,False,,,,no
Fred,Barnes,Hawthorn,,17,187,1921-02-21,6,1947,1947,False,,,,no
Gerard,Barrett,Geelong,,26,173,1925-09-15,6,1944,1944,False,,,,no
Gary,Barrow,WesternBulldogs,,38,183,1970-01-18,6,1992,1993,False,,,,no
Jeff,Bates,Geelong,,11,180,1950-07-16,6,1969,1971,False,,,,no
Hugh,Beasley,Brisbane,,48,190,1995-11-12,6,2015,2015,False,,,,no
Ned,Bennett,Carlton,,,177,1876-07-19,6,1900,1900,False,,,,no
Alf,Beus,Sydney,,36,191,1954-05-02,6,1974,1975,False,,,,no
Percy,Bice,Richmond,,8,173,1915-09-21,6,1944,1944,False,,,,no
Bernie,Bignell,Carlton,,34,174,1917-05-12,6,1940,1945,False,,,,no
Tom,Blamires,NorthMelbourne,North Melbourne,39,181,2002-08-13,6,2026,2026,True,MIDFIELDER,preseason,NA,yes
Nathan,Blee,PortAdelaide,,24,191,1990-09-07,6,2012,2013,False,,,,no
Ramsay,Bogunovich,Geelong,,29,200,1961-03-23,6,1981,1982,False,,,,no
Brian,Boland,Hawthorn,,1,180,1931-07-26,6,1955,1955,False,,,,no
Jordon,Bourke,Brisbane,,45,193,1994-11-11,6,2014,2015,False,,,,no
Sean,Bowden,Richmond,,11,183,1970-09-22,6,1990,1991,False,,,,no
Stephen,Boyle,WesternBulldogs,,44,178,1953-09-04,6,1972,1972,False,,,,no
Kevin,Bradley,Richmond,,12,187,1931-10-27,6,1954,1954,False,,,,no
Ed,Bray,NorthMelbourne,,17,165,1910-09-12,6,1927,1929,False,,,,no
Ross,Brewer,Richmond,,26,188,1953-08-14,6,1982,1983,False,,,,no
Bill,Brodie,NorthMelbourne,,33,180,1908-09-13,6,1931,1934,False,,,,no
Don,Brookes,Sydney,,1,185,1951-06-07,6,1968,1968,False,,,,no
Harry,Bulpit,Sydney,,5,164,1895-04-07,6,1918,1919,False,,,,no
Brendan,Burnett,NorthMelbourne,,45,182,1957-08-02,6,1978,1978,False,,,,no
Tom,Burns,Geelong,,29,180,1916-10-13,6,1944,1944,False,,,,no
Charlie,Butler,Sydney,,,,1881-06-03,6,1903,1904,False,,,,no
Ned,Cahill,Essendon,,28,178,2001-01-11,6,2020,2021,False,,,,no
Peter,Campbell,Geelong,,11,187,1938-04-01,6,1958,1958,False,,,,no
Jack,Cannan,Melbourne,,33,183,1899-01-14,6,1925,1926,False,,,,no
Mark,Carlon,Stkilda,,21,185,1953-10-18,6,1977,1977,False,,,,no
Peter,Castrikum,WesternBulldogs,,38,183,1943-02-19,6,1965,1965,False,,,,no
Eric,Chalmers,Richmond,,23,168,1900-11-29,6,1924,1924,False,,,,no
Keith,Chapman,Essendon,,36,178,1934-03-03,6,1955,1955,False,,,,no
Steven,Clark,Stkilda,,19,173,1961-05-15,6,1992,1992,False,,,,no
Nathan,Clarke,Brisbane,,38,186,1979-10-27,6,2000,2001,False,,,,no
Eric,Clarke,Stkilda,,44,183,1957-02-16,6,1980,1980,False,,,,no
Michael,Coad,Goldcoast,,27,190,1983-09-13,6,2011,2012,False,,,,no
David,Code,Melbourne,,44,184,1957-04-06,6,1978,1978,False,,,,no
Brian,Coleman,Hawthorn,,35,175,1935-05-28,6,1959,1959,False,,,,no
Tim,Colley,Geelong,,38,189,1950-08-08,6,1970,1971,False,,,,no
Colin,Colquhoun,Sydney,,27,184,1932-07-18,6,1957,1957,False,,,,no
Aubrey,Comben,Geelong,,3,173,1904-09-01,6,1926,1928,False,,,,no
Greg,Conlan,Richmond,,39,185,1963-01-16,6,1983,1984,False,,,,no
Matt,Connors,Richmond,,24,180,1894-10-23,6,1922,1923,False,,,,no
Toby,Conway,Geelong,Geelong,6,206,2003-04-24,6,2023,2024,False,RUCK,nationalDraft,24,yes
Frank,Corby,Collingwood,,32,174,1924-12-24,6,1948,1948,False,,,,no
John,Cordner,Melbourne,,21,187,1929-03-20,6,1951,1951,False,,,,no
Ivan,Corry,Hawthorn,,26,182,1907-07-21,6,1926,1932,False,,,,no
Matthew,Coulthard,Richmond,,26,176,2001-05-11,6,2023,2024,False,,,,no
Don,Coulton,NorthMelbourne,,23,175,1922-01-17,6,1947,1947,False,,,,no
Colin,Crampton,NorthMelbourne,,16,194,1933-04-19,6,1956,1957,False,,,,no
Daniel,Currie,Goldcoast,,15,201,1989-02-15,6,2016,2017,False,,,,no
Jack,Currie,Richmond,,25,175,1915-12-22,6,1939,1939,False,,,,no
Darcy,Daniher,Essendon,,28,191,1989-09-21,6,2008,2009,False,,,,no
Gary,Dark,WesternBulldogs,,32,187,1944-11-28,6,1964,1966,False,,,,no
Trojan,Darveniza,Stkilda,,5,187,1921-11-30,6,1946,1946,False,,,,no
Alf,Dear,Essendon,,,,1878-09-30,6,1900,1900,False,,,,no
Cameron,Delaney,NorthMelbourne,,31,194,1992-06-19,6,2012,2013,False,,,,no
Josh,Deluca,Carlton,,47,181,1996-05-11,6,2019,2019,False,,,,no
Matthew,Dick,Carlton,,31,187,1994-11-03,6,2015,2015,False,,,,no
Fred,Dick,Melbourne,,33,174,1898-11-18,6,1926,1927,False,,,,no
Don,Dilks,WesternBulldogs,,11,180,1912-05-20,6,1937,1938,False,,,,no
Dave,Donaldson,Sydney,,11,175,1933-12-16,6,1953,1954,False,,,,no
Jack,Donovan,NorthMelbourne,,34,173,1908-01-17,6,1930,1930,False,,,,no
Kevin,Dore,Sydney,,38,185,1945-01-01,6,1965,1966,False,,,,no
Jim,Dowdall,Collingwood,,,,1867-08-08,6,1897,1897,False,,,,no
Cameron,Doyle,Collingwood,,51,180,1964-07-12,6,1985,1987,False,,,,no
Sam,Draper,Brisbane,Brisbane Lions,2,203,1998-09-28,6,2026,2026,True,RUCK,other,NA,yes
Norm,Dugdell,NorthMelbourne,,21,174,1906-11-17,6,1928,1929,False,,,,no
Ian,Dunstan,NorthMelbourne,,22,185,1955-02-28,6,1984,1984,False,,,,no
Matt,Eagles,Brisbane,,41,200,1990-02-09,6,2018,2020,False,,,,no
Tom,Edwards,Essendon,,45,191,2000-05-20,6,2025,2026,True,,,,no
Mitchell,Edwards,Geelong,Geelong,11,206,2005-06-02,6,2026,2026,True,RUCK,nationalDraft,32,yes
Frank,Ellis,Melbourne,,31,179,1883-07-07,6,1913,1913,False,,,,no
Tony,Elshaug,Collingwood,,18,178,1960-07-19,6,1988,1988,False,,,,no
Steve,Emery,Hawthorn,,38,183,1958-01-15,6,1978,1979,False,,,,no
Paul,Evans,PortAdelaide,,40,187,1978-12-29,6,1998,1998,False,,,,no
John,Fanning,Essendon,,27,188,1948-09-05,6,1968,1970,False,,,,no
Pat,Farrelly,Sydney,,30,190,1913-05-28,6,1938,1938,False,,,,no
Garry,Fenton,Essendon,,8,191,1942-12-01,6,1963,1964,False,,,,no
Simon,Fletcher,Richmond,,34,188,1978-08-17,6,2004,2004,False,,,,no
Basil,Flynn,Geelong,,34,178,1955-12-06,6,1983,1984,False,,,,no
John,Fogarty,Sydney,,32,194,1942-03-05,6,1962,1963,False,,,,no
Jordan,Foote,Sydney,,6,183,1996-01-02,6,2016,2017,False,,,,no
Jack,Francis,Hawthorn,,33,170,1908-06-22,6,1926,1926,False,,,,no
Roy,Franklin,Melbourne,,24,,1892-12-25,6,1915,1915,False,,,,no
Wally,Fraser,WesternBulldogs,,20,178,1897-06-18,6,1925,1925,False,,,,no
Harry,Frei,WesternBulldogs,,40,184,1951-03-01,6,1973,1973,False,,,,no
Lou,Frost,Sydney,,18,182,1917-01-24,6,1944,1944,False,,,,no
Herb,Fry,Melbourne,,,180,1870-10-28,6,1897,1898,False,,,,no
Bob,Furler,Hawthorn,,30,175,1918-06-28,6,1945,1945,False,,,,no
Frank,Galbally,Collingwood,,12,189,1922-10-13,6,1942,1942,False,,,,no
Ted,Garside,Hawthorn,,16,171,1904-11-22,6,1931,1931,False,,,,no
Corey,Gault,Collingwood,,44,200,1992-10-28,6,2014,2016,False,,,,no
Barry,Gavin,NorthMelbourne,,42,188,1944-08-20,6,1965,1966,False,,,,no
Les,Gell,Geelong,,,,1886-08-12,6,1908,1908,False,,,,no
Ray,Gibb,Richmond,,29,188,1928-12-05,6,1952,1953,False,,,,no
Ian,Giles,Melbourne,,6,179,1918-07-25,6,1939,1939,False,,,,no
Jacob,Gillbee,Goldcoast,,49,184,1992-09-13,6,2011,2013,False,,,,no
Marcus,Glasscock,Melbourne,,31,183,1900-09-03,6,1923,1924,False,,,,no
Fred,Godfrey,WesternBulldogs,,23,183,1910-11-19,6,1938,1938,False,,,,no
Tim,Golds,GWS,,15,193,1993-04-06,6,2012,2014,False,,,,no
John,Goldsmith,Geelong,,25,180,1931-06-17,6,1956,1956,False,,,,no
Billy,Green,Stkilda,,18,175,1910-01-01,6,1932,1933,False,,,,no
Doug,Green,Sydney,,5,189,1951-10-28,6,1980,1980,False,,,,no
Barry,Grinter,Richmond,,28,191,1951-10-11,6,1978,1978,False,,,,no
Ben,Hair,Stkilda,,22,178,1892-09-29,6,1919,1919,False,,,,no
Steven,Hamilton,NorthMelbourne,,12,180,1970-09-07,6,1990,1990,False,,,,no
Vince,Hamilton,WesternBulldogs,,23,175,1916-03-01,6,1935,1935,False,,,,no
Alan,Hammond,Collingwood,,36,184,1912-03-19,6,1932,1933,False,,,,no
Damian,Hampson,WestCoast,,40,180,1970-03-27,6,1993,1994,False,,,,no
Bob,Hancock,NorthMelbourne,,20,193,1942-08-26,6,1961,1963,False,,,,no
Peter,Hannan,WesternBulldogs,,23,173,1908-10-18,6,1933,1933,False,,,,no
Harry,Hardiman,NorthMelbourne,,22,184,1915-03-31,6,1935,1938,False,,,,no
Jacky,Harris,Sydney,,26,165,1900-11-17,6,1924,1925,False,,,,no
Allan,Hassell,Stkilda,,56,188,1958-05-11,6,1982,1982,False,,,,no
Gerry,Hayes,Sydney,,32,180,1914-11-09,6,1938,1944,False,,,,no
Syd,Hayhow,Hawthorn,,6,182,1906-06-29,6,1928,1928,False,,,,no
Spencer,Hayman,Melbourne,,,178,1885-01-06,6,1906,1906,False,,,,no
Will,Hayward,Carlton,Carlton,19,187,1998-10-26,6,2026,2026,True,MEDIUM_FORWARD,nationalDraft,21,yes
Denis,Heagney,Geelong,,29,180,1898-04-13,6,1925,1926,False,,,,no
Bill,Hearn,Richmond,,18,178,1914-03-04,6,1935,1935,False,,,,no
Terry,Hecker,Collingwood,,25,183,1970-01-06,6,1989,1992,False,,,,no
Neville,Heffernan,NorthMelbourne,,10,174,1908-07-12,6,1929,1930,False,,,,no
Bill,Hennington,Sydney,,11,178,,6,1914,1914,False,,,,no
Noel,Hickey,Hawthorn,,32,178,1925-01-10,6,1945,1947,False,,,,no
Alan,Hickinbotham,Geelong,,3,183,1925-12-09,6,1949,1951,False,,,,no
Merv,Hicks,Collingwood,,41,188,1936-08-21,6,1956,1959,False,,,,no
Marcus,Hines,Stkilda,,34,170,1919-11-20,6,1940,1941,False,,,,no
Geoff,Hocking,Carlton,,48,193,1959-03-10,6,1981,1981,False,,,,no
Paul,Holdsworth,Sydney,,11,180,1970-02-17,6,1989,1989,False,,,,no
Mick,Holligan,Geelong,,,,1881-09-16,6,1904,1905,False,,,,no
Rhan,Hooper,Hawthorn,,20,177,1988-01-09,6,2010,2010,False,,,,no
Max,Horder,Collingwood,,11,183,1923-03-23,6,1948,1948,False,,,,no
Harry,Horsenail,Stkilda,,16,160,1892-01-18,6,1914,1918,False,,,,no
Wayne,Hovey,Geelong,,34,173,1956-07-13,6,1977,1977,False,,,,no
Don,Howard,Sydney,,16,171,1913-02-04,6,1938,1938,False,,,,no
Gus,Howell,WesternBulldogs,,32,177,1897-06-25,6,1926,1926,False,,,,no
Tommy,Hughes,Carlton,,19,166,1886-12-25,6,1911,1911,False,,,,no
Tony,Hughes,Sydney,,40,183,1963-03-12,6,1984,1985,False,,,,no
Ray,Hunt,Richmond,,16,180,1918-03-06,6,1943,1943,False,,,,no
Cliff,Hutton,Richmond,,26,188,1887-07-27,6,1913,1913,False,,,,no
Les,Irwin,Richmond,,,182,1887-03-03,6,1911,1911,False,,,,no
Bill,Jackson,Stkilda,,,180,1874-04-13,6,1903,1903,False,,,,no
Lachie,Jaques,WesternBulldogs,Western Bulldogs,11,184,2006-06-01,6,2026,2026,True,MEDIUM_DEFENDER,NA,NA,yes
Max,Jeffers,Melbourne,,15,179,1929-11-14,6,1950,1950,False,,,,no
Neil,Jeffrey,NorthMelbourne,,14,184,1916-05-13,6,1939,1939,False,,,,no
Alan,Jenkin,Stkilda,,47,173,1962-12-10,6,1984,1984,False,,,,no
Noel,Jenkinson,Sydney,,3,191,1957-03-18,6,1980,1981,False,,,,no
Harvey,Johnston,WestCoast,West Coast,24,185,2005-08-18,6,2024,2024,False,MEDIUM_DEFENDER,nationalDraft,49,yes
Hayden,Jolly,Goldcoast,,13,184,1992-04-04,6,2011,2011,False,,,,no
Scott,Jones,Fremantle.xlsx,,40,203,1995-05-20,6,2018,2019,False,,,,no
Ian,Jones,NorthMelbourne,,18,183,1932-07-20,6,1954,1955,False,,,,no
Laurie,Kaine,Collingwood,,11,177,1952-02-24,6,1971,1973,False,,,,no
Aaron,Keating,Adelaide,,20,200,1974-05-24,6,1997,1998,False,,,,no
John,Kemp,Carlton,,7,180,1944-06-06,6,1965,1966,False,,,,no
Alec,King,Geelong,,,,1874-06-01,6,1898,1898,False,,,,no
Charlie,King,Geelong,,36,178,1926-07-31,6,1949,1949,False,,,,no
Bryan,King,Stkilda,,37,174,1935-07-27,6,1956,1956,False,,,,no
Mark,Kinnear,Sydney,,39,188,1979-08-21,6,1997,1998,False,,,,no
Ted,Kirchner,Sydney,,,179,1888-01-07,6,1910,1910,False,,,,no
Chris,Knights,Richmond,,15,184,1986-09-25,6,2013,2015,False,,,,no
Harry,Lakin,Stkilda,,36,183,1897-01-30,6,1926,1927,False,,,,no
Ray,Lalor,Essendon,,8,173,1936-08-30,6,1956,1956,False,,,,no
Mike,Lanyon,Stkilda,,39,178,1951-04-06,6,1972,1972,False,,,,no
Alan,Lavery,Geelong,,23,170,1904-05-20,6,1932,1933,False,,,,no
Jack,Law,WesternBulldogs,,33,168,1924-07-18,6,1943,1944,False,,,,no
Gordon,Lawrie,Melbourne,,43,189,1950-12-03,6,1971,1971,False,,,,no
Brent,LeCras,NorthMelbourne,,40,190,1981-10-12,6,2005,2006,False,,,,no
Warren,Lee,Hawthorn,,29,183,1958-05-21,6,1978,1978,False,,,,no
Maurie,Lehmann,Melbourne,,8,180,1931-05-18,6,1952,1952,False,,,,no
Bruce,Leslie,Melbourne,,1,179,1940-02-10,6,1961,1961,False,,,,no
Bruce,Lindsay,Adelaide,,32,178,1961-07-22,6,1991,1991,False,,,,no
Josh,Lindsay,WestCoast,West Coast,5,183,2007-04-07,6,2026,2026,True,MEDIUM_DEFENDER,nationalDraft,19,yes
Fred,Long,Melbourne,,31,175,1896-05-27,6,1921,1922,False,,,,no
Arch,Lowe,Stkilda,,,,1875-09-04,6,1897,1898,False,,,,no
Fred,Lynch,Essendon,,4,182,1936-05-10,6,1956,1956,False,,,,no
Nick,Madden,GWS,,41,204,2004-05-17,6,2025,2026,True,,,,no
Jim,Maguire,Hawthorn,,25,183,1918-11-02,6,1944,1945,False,,,,no
Mathew,Mahoney,Melbourne,,46,200,1968-12-12,6,1990,1992,False,,,,no
Jack,Malone,WesternBulldogs,,28,168,1919-12-22,6,1941,1943,False,,,,no
Matthew,Manfield,Richmond,,36,192,1977-04-14,6,1997,1998,False,,,,no
Charlie,Marendaz,NorthMelbourne,,1,175,1935-09-02,6,1956,1956,False,,,,no
Kyle,Martin,Collingwood,,37,178,1990-09-17,6,2013,2014,False,,,,no
Geoff,Martin,Richmond,,32,180,1958-06-25,6,1981,1983,False,,,,no
Jim,Matthews,Stkilda,,16,179,1919-11-07,6,1942,1942,False,,,,no
Jim,May,WesternBulldogs,,27,188,1910-04-15,6,1940,1941,False,,,,no
Daniel,McAlister,Essendon,,4,185,1978-08-22,6,1997,2002,False,,,,no
Stephen,McBroom,Sydney,,46,169,1964-04-01,6,1983,1984,False,,,,no
Bobby,McCubbin,Collingwood,,,,1868-06-16,6,1898,1898,False,,,,no
Cleve,McDiarmid,Geelong,,29,175,1901-07-16,6,1927,1927,False,,,,no
Andy,McDonell,Sydney,,,179,1882-08-24,6,1905,1906,False,,,,no
Andy,McGillivray,Geelong,,27,188,1954-02-19,6,1977,1977,False,,,,no
Dave,McGlashan,Melbourne,,41,194,1958-01-02,6,1981,1982,False,,,,no
Jim,McGlone,WesternBulldogs,,15,,1897-02-12,6,1926,1926,False,,,,no
Mick,McGlynn,Geelong,,30,178,1922-02-12,6,1946,1946,False,,,,no
Bob,McIlveen,Richmond,,20,170,1919-06-18,6,1943,1943,False,,,,no
Ivan,McIntosh,Collingwood,,19,178,1913-12-14,6,1933,1933,False,,,,no
Bill,McIntosh,NorthMelbourne,,23,187,1898-11-02,6,1925,1925,False,,,,no
Keith,McKee,Geelong,,2,178,1928-12-15,6,1950,1950,False,,,,no
Bob,McKendry,Richmond,,25,173,1889-08-18,6,1914,1914,False,,,,no
Joe,McKenzie,Richmond,,,174,1889-04-23,6,1910,1910,False,,,,no
Mark,McKeon,Melbourne,,26,183,1957-05-15,6,1978,1978,False,,,,no
Will,McLachlan,Brisbane,Brisbane Lions,28,185,2005-04-13,6,2025,2025,False,MEDIUM_FORWARD,other,6,yes
Norm,McLean,Essendon,,32,179,1896-12-19,6,1920,1920,False,,,,no
Andrew,McLean,Stkilda,,42,193,1973-07-18,6,1996,1996,False,,,,no
Jock,McLorinan,Stkilda,,13,184,1906-08-31,6,1931,1931,False,,,,no
Frank,McWilliams,Geelong,,2,168,1915-11-25,6,1944,1944,False,,,,no
James,Meiklejohn,Sydney,,43,197,1984-06-28,6,2003,2004,False,,,,no
Peter,Melesso,WestCoast,,26,191,1961-11-30,6,1989,1990,False,,,,no
Josh,Mellington,Fremantle.xlsx,,25,188,1992-12-29,6,2011,2013,False,,,,no
Daniel,Metropolis,Fremantle.xlsx,,3,188,1972-03-17,6,2001,2001,False,,,,no
Max,Miers,Carlton,,26,185,1940-10-06,6,1960,1961,False,,,,no
Pat,Milburn,Collingwood,,11,173,1932-05-12,6,1953,1953,False,,,,no
Johnny,Miles,WesternBulldogs,,44,173,1945-08-23,6,1964,1964,False,,,,no
Bernie,Miller,Geelong,,31,170,1915-05-03,6,1937,1937,False,,,,no
Jack,Mitchell,Melbourne,,31,160,1924-09-18,6,1945,1945,False,,,,no
Mark,Mitchell,Melbourne,,44,182,1951-09-04,6,1969,1969,False,,,,no
Len,Mitchell,Richmond,,21,185,1935-05-29,6,1957,1957,False,,,,no
Vin,Moloney,Sydney,,30,178,1920-07-22,6,1943,1943,False,,,,no
Andy,Moniz-Wakefield,Melbourne,Melbourne,45,182,2003-10-26,6,2024,2024,False,MEDIUM_DEFENDER,NA,NA,yes
Caolan,Mooney,Collingwood,,48,184,1993-01-25,6,2012,2013,False,,,,no
Gavin,Morgan,Essendon,,9,166,1911-11-17,6,1932,1933,False,,,,no
Brian,Morrison,Richmond,,41,180,1938-07-14,6,1960,1960,False,,,,no
George,Morrison,Stkilda,,,,1873-02-01,6,1897,1899,False,,,,no
Bill,Morrow,Melbourne,,24,183,1928-10-05,6,1953,1953,False,,,,no
Graeme,Moyle,Collingwood,,44,188,1954-07-01,6,1976,1977,False,,,,no
Bobby,Mullenger,Sydney,,2,173,1916-07-22,6,1939,1946,False,,,,no
Fred,Mundy,Richmond,,22,180,1941-01-05,6,1960,1960,False,,,,no
Ken,Munro,Hawthorn,,33,175,1922-03-14,6,1946,1947,False,,,,no
Ray,Murnane,Collingwood,,23,180,1937-09-06,6,1959,1960,False,,,,no
Danny,Murnane,Stkilda,,14,188,1925-03-23,6,1947,1948,False,,,,no
David,Murray,Melbourne,,29,182,1955-11-12,6,1974,1974,False,,,,no
Romano,Negri,Adelaide,,1,204,1964-09-30,6,1991,1992,False,,,,no
Frank,Negri,Collingwood,,21,175,1917-11-01,6,1943,1943,False,,,,no
Murray,Newman,WestCoast,,38,179,1993-11-18,6,2012,2015,False,,,,no
Max,Nixon,Essendon,,17,183,1931-12-24,6,1956,1956,False,,,,no
Leo,Nolan,Melbourne,,1,191,1910-02-09,6,1932,1932,False,,,,no
Phil,ODonohue,Hawthorn,,19,180,1926-08-08,6,1945,1946,False,,,,no
Harry,OFarrell,Carlton,Carlton,22,196,2006-05-03,6,2025,2025,False,KEY_DEFENDER,nationalDraft,40,yes
Eddie,OHalloran,WesternBulldogs,,41,180,1943-03-11,6,1963,1964,False,,,,no
Sean,OKeeffe,Carlton,,26,189,1982-05-10,6,2002,2003,False,,,,no
Michael,Oaten,Sydney,,4,188,1961-08-20,6,1980,1982,False,,,,no
Tim,Olle,Stkilda,,34,189,1926-09-30,6,1949,1951,False,,,,no
Bill,Osborne,Stkilda,,4,,1902-11-04,6,1919,1921,False,,,,no
Luke,Partington,WestCoast,,24,181,1997-03-05,6,2017,2017,False,,,,no
Jonathon,Patton,Hawthorn,,25,198,1993-05-20,6,2020,2020,False,,,,no
Gordon,Peake,Richmond,,37,178,1935-01-26,6,1957,1958,False,,,,no
Daniel,Pearce,WesternBulldogs,,20,191,1993-01-22,6,2012,2015,False,,,,no
Arthur,Pearson,Hawthorn,,9,184,1896-02-11,6,1925,1925,False,,,,no
Robert,Percy,WesternBulldogs,,12,180,1947-06-25,6,1967,1968,False,,,,no
George,Peters,NorthMelbourne,,7,183,1912-06-16,6,1931,1931,False,,,,no
Bill,Pickering,Stkilda,,,,1879-06-21,6,1902,1902,False,,,,no
Robert,Porter,Hawthorn,,21,177,1942-08-13,6,1962,1962,False,,,,no
Ern,Potter,Geelong,,,,1878-03-21,6,1902,1902,False,,,,no
John,Powell,Collingwood,,35,184,1937-03-11,6,1957,1959,False,,,,no
Jack,Quinn,Melbourne,,15,169,1918-06-11,6,1946,1946,False,,,,no
Andrew,Raines,Goldcoast,,29,183,1986-03-08,6,2015,2015,False,,,,no
Ron,Rann,NorthMelbourne,,13,180,1913-08-25,6,1938,1939,False,,,,no
Bob,Rees,Richmond,,34,178,1938-10-03,6,1959,1959,False,,,,no
Ron,Reiffel,Richmond,,6,175,1932-03-15,6,1951,1952,False,,,,no
Brendon,Retzlaff,Fremantle.xlsx,,12,180,1969-04-22,6,1995,1995,False,,,,no
Jon,Riggs,Stkilda,,16,183,1962-11-14,6,1984,1985,False,,,,no
Wally,Roach,Stkilda,,,,1885-12-20,6,1910,1910,False,,,,no
Charlie,Robertson,Sydney,,,179,1873-01-02,6,1900,1901,False,,,,no
Bill,Robinson,Hawthorn,,30,185,1919-01-22,6,1938,1939,False,,,,no
Kevin,Roche,Sydney,,44,183,1947-04-04,6,1967,1967,False,,,,no
Jimmy,Rodgers,Geelong,,7,179,1897-07-13,6,1923,1923,False,,,,no
Malcolm,Rosas,Sydney,Sydney,10,175,2001-06-27,6,2026,2026,True,MEDIUM_FORWARD,NA,NA,yes
Luke,Rounds,Collingwood,,14,181,1991-02-10,6,2011,2012,False,,,,no
Joe,Rouse,Collingwood,,,,1883-05-13,6,1900,1901,False,,,,no
Bob,Rowse,Melbourne,,27,183,1926-09-08,6,1951,1951,False,,,,no
Bert,Russell,Sydney,,28,160,1899-06-07,6,1921,1925,False,,,,no
Paul,Ryan,Collingwood,,45,180,1962-05-23,6,1982,1982,False,,,,no
Vin,Sabbatucci,Stkilda,,16,166,1935-01-12,6,1954,1955,False,,,,no
Lou,Salvana,Melbourne,,24,183,1897-01-20,6,1919,1919,False,,,,no
Glen,Sampson,WesternBulldogs,,54,179,1960-03-07,6,1980,1980,False,,,,no
Jack,Sands,WesternBulldogs,,6,180,1902-10-06,6,1925,1925,False,,,,no
Pat,Scanlan,Melbourne,,,,1878-07-07,6,1898,1899,False,,,,no
Ernie,Schunke,Richmond,,,169,1882-10-26,6,1909,1909,False,,,,no
Andrew,Scott,Hawthorn,,21,183,1952-03-12,6,1972,1973,False,,,,no
Garry,Scott,Sydney,,39,183,1954-02-24,6,1975,1975,False,,,,no
Frank,Seymour,Carlton,,27,180,1904-05-14,6,1927,1928,False,,,,no
Greg,Sharp,Stkilda,,22,192,1959-07-28,6,1984,1984,False,,,,no
Clinton,Shaw,Stkilda,,39,181,1976-05-05,6,1994,1994,False,,,,no
Jack,Sheedy,Sydney,,6,170,1926-09-28,6,1944,1944,False,,,,no
Ciaran,Sheehan,Carlton,,47,188,1990-11-19,6,2014,2017,False,,,,no
Nick,Shipley,GWS,,34,188,1999-06-25,6,2018,2021,False,,,,no
Teddy,Shorten,NorthMelbourne,,9,168,1898-04-28,6,1925,1926,False,,,,no
Fred,Sigmont,Sydney,,,175,1873-05-14,6,1897,1897,False,,,,no
Jack,Simpson,Essendon,,21,192,1929-02-08,6,1949,1951,False,,,,no
Jim,Sinclair,Hawthorn,,2,166,1907-05-14,6,1927,1927,False,,,,no
Bob,Slater,WesternBulldogs,,4,178,1934-03-13,6,1952,1953,False,,,,no
Henry,Smith,Brisbane,Brisbane Lions,25,206,2002-09-24,6,2024,2025,False,KEY_FORWARD,nationalDraft,48,yes
Barrie,Smith,Carlton,,36,170,1939-08-28,6,1960,1960,False,,,,no
Lon,Smith,Essendon,,,,1886-06-10,6,1908,1908,False,,,,no
Harry,Somerville,NorthMelbourne,,14,170,1923-07-02,6,1947,1947,False,,,,no
Billy,Spears,Collingwood,,,180,1877-07-29,6,1903,1903,False,,,,no
Bob,Spurling,WesternBulldogs,,24,184,1943-06-10,6,1963,1965,False,,,,no
Ray,Stamp,WesternBulldogs,,15,180,1950-09-12,6,1972,1972,False,,,,no
Tom,Stapleton,Geelong,,9,182,1907-07-17,6,1933,1935,False,,,,no
Kelvin,Steel,Essendon,,20,182,1955-06-07,6,1979,1979,False,,,,no
Gary,Steel,WesternBulldogs,,33,175,1954-06-11,6,1972,1973,False,,,,no
Phil,Stephens,Stkilda,,31,188,1935-07-31,6,1959,1959,False,,,,no
Bill,Stevens,NorthMelbourne,,24,,1908-06-08,6,1927,1927,False,,,,no
Dick,Stewart,Carlton,,,177,1873-03-18,6,1898,1900,False,,,,no
Fred,Stewart,Stkilda,,,170,1875-04-11,6,1897,1897,False,,,,no
Mark,Stockdale,Richmond,,49,195,1968-10-26,6,1989,1991,False,,,,no
Ryley,Stoddart,Sydney,,33,184,1999-10-15,6,2018,2020,False,,,,no
David,Strooper,Stkilda,,15,191,1968-02-25,6,1994,1994,False,,,,no
Jack,Sweet,Sydney,,26,188,1919-12-21,6,1943,1943,False,,,,no
Colin,Sylvia,Fremantle.xlsx,,4,186,1985-11-08,6,2014,2014,False,,,,no
Bill,Talbot,Stkilda,,29,168,1895-03-18,6,1919,1919,False,,,,no
Harry,Tampling,Stkilda,,26,184,1896-11-22,6,1924,1924,False,,,,no
Len,Thomas,NorthMelbourne,,1,179,1908-07-20,6,1940,1940,False,,,,no
Ralph,Thomas,WesternBulldogs,,42,189,1952-03-07,6,1972,1972,False,,,,no
Harry,Thompson,Carlton,,,,1871-12-01,6,1899,1899,False,,,,no
Paul,Thompson,Melbourne,,47,188,1958-04-19,6,1978,1978,False,,,,no
Bobby,Thoms,Stkilda,,30,184,1909-07-15,6,1937,1937,False,,,,no
Col,Thornton,Stkilda,,35,193,1927-05-08,6,1954,1954,False,,,,no
Ian,Todd,Melbourne,,50,191,1961-09-11,6,1981,1981,False,,,,no
Jack,Toohey,Stkilda,,33,183,1925-04-04,6,1952,1952,False,,,,no
Jack,Trehey,Essendon,,,,1882-05-28,6,1903,1903,False,,,,no
Bernie,Treweek,Carlton,,28,178,1914-09-27,6,1934,1935,False,,,,no
Max,Trewin,Geelong,,15,183,1927-01-02,6,1948,1948,False,,,,no
Allen,Turner,NorthMelbourne,,32,173,1913-09-20,6,1938,1939,False,,,,no
Dom,Tyson,NorthMelbourne,,21,186,1993-06-08,6,2019,2021,False,,,,no
Clarrie,Uren,Carlton,,16,180,1900-01-06,6,1924,1924,False,,,,no
Jack,Uwins,Richmond,,9,178,1913-09-04,6,1937,1937,False,,,,no
Matt,Vane,Stkilda,,51,193,1961-02-22,6,1980,1980,False,,,,no
Ty,Vickery,Hawthorn,,27,200,1990-05-31,6,2017,2017,False,,,,no
Will,Walker,NorthMelbourne,,27,186,1999-03-30,6,2018,2020,False,,,,no
Don,Walsh,Collingwood,,33,175,1934-08-25,6,1954,1955,False,,,,no
Jack,Watkins,PortAdelaide,Port Adelaide,37,176,2000-12-18,6,2026,2026,True,MIDFIELDER_FORWARD,rookieElevation,4,yes
Harry,Weatherill,Richmond,,19,185,1893-10-07,6,1919,1919,False,,,,no
Edmund,Webber,Geelong,,4,180,1894-03-12,6,1912,1913,False,,,,no
Matthew,Westhoff,PortAdelaide,,40,199,1988-06-05,6,2008,2009,False,,,,no
Fred,Whelpton,Melbourne,,,174,1885-03-11,6,1910,1911,False,,,,no
Artie,White,Essendon,,,180,1879-06-11,6,1901,1901,False,,,,no
Milton,White,Geelong,,11,,1902-06-19,6,1928,1929,False,,,,no
James,Williams,Richmond,,3,178,1937-02-01,6,1957,1958,False,,,,no
Gary,Williams,Sydney,,44,183,1950-06-29,6,1969,1970,False,,,,no
Stan,Wilson,Richmond,,6,177,1928-01-23,6,1949,1949,False,,,,no
John,Wilson,Richmond,,40,175,1940-05-18,6,1959,1959,False,,,,no
Oliver,Wiltshire,Geelong,Geelong,21,180,2002-09-15,6,2025,2026,True,MEDIUM_FORWARD,nationalDraft,61,yes
Les,Witto,Carlton,,31,177,1903-05-06,6,1926,1926,False,,,,no
Charlie,Wolfe,Sydney,,20,179,1892-04-26,6,1913,1913,False,,,,no
Doug,Woolley,NorthMelbourne,,40,180,1940-03-26,6,1962,1962,False,,,,no
Marc,Woolnough,Geelong,,10,195,1980-05-20,6,1998,2002,False,,,,no
Stan,Wootton,Richmond,,26,177,1895-04-28,6,1923,1923,False,,,,no
Shane,Yarran,Fremantle.xlsx,,41,185,1989-06-02,6,2016,2016,False,,,,no
Jack,Young,Melbourne,,29,179,1908-08-14,6,1934,1934,False,,,,no
Ross,Young,Carlton,,41,180,1983-09-09,6,2007,2007,False,,,,no
Dylan,Addison,GWS,,46,184,1987-10-07,5,2014,2014,False,,,,no
Ian,Aitken,Stkilda,,34,192,1967-05-16,5,1993,1993,False,,,,no
Jim,Alexander,Essendon,,14,166,1899-03-15,5,1918,1919,False,,,,no
Jasper,Alger,Richmond,Richmond,29,183,2006-12-17,5,2025,2026,True,MEDIUM_FORWARD,NA,NA,yes
Marcus,Allan,Brisbane,,42,180,1986-05-23,5,2006,2007,False,,,,no
Geoff,Amoore,Stkilda,,42,188,1964-05-03,5,1983,1984,False,,,,no
Mark,Arceri,Stkilda,,16,170,1964-10-25,5,1993,1993,False,,,,no
Artie,Archer,Stkilda,,,169,1871-10-25,5,1898,1898,False,,,,no
Ossy,Armstrong,Geelong,,,166,1892-05-30,5,1915,1915,False,,,,no
Max,Atkin,Geelong,,16,178,1924-11-09,5,1944,1945,False,,,,no
Brodie,Atkinson,Adelaide,,2,177,1972-07-31,5,1999,1999,False,,,,no
Bob,Aubrey,Stkilda,,23,174,1921-11-14,5,1945,1945,False,,,,no
Cec,Austen,Hawthorn,,5,187,1918-11-30,5,1942,1942,False,,,,no
Seddon,Bagley,WesternBulldogs,,45,,1901-12-31,5,1925,1926,False,,,,no
Lindsay,Baglin,NorthMelbourne,,17,180,1929-03-02,5,1949,1949,False,,,,no
Peter,Baldwin,Geelong,,44,183,1968-08-24,5,1987,1990,False,,,,no
Marcus,Baldwin,Geelong,,46,196,1979-10-24,5,2000,2001,False,,,,no
Allan,Baldwin,Hawthorn,,5,187,1924-02-09,5,1949,1949,False,,,,no
Fred,Ball,Essendon,,,182,1868-09-01,5,1897,1897,False,,,,no
Ron,Banfield,Stkilda,,14,182,1933-04-07,5,1952,1952,False,,,,no
Geoff,Barber,Essendon,,6,177,1937-11-01,5,1959,1960,False,,,,no
Peter,Barran,Geelong,,33,185,1936-12-30,5,1957,1957,False,,,,no
Dom,Barry,PortAdelaide,,41,179,1994-03-07,5,2018,2018,False,,,,no
Jack,Bavin,Carlton,,33,183,1917-08-15,5,1940,1940,False,,,,no
Tom,Bawden,Essendon,,9,185,1912-10-19,5,1934,1934,False,,,,no
Gavin,Bayes,Richmond,,45,191,1965-05-07,5,1985,1987,False,,,,no
Dick,Bayford,Essendon,,,,1885-05-10,5,1910,1910,False,,,,no
Clyde,Beattie,Stkilda,,5,174,1905-08-21,5,1930,1930,False,,,,no
Bob,Beaven,Richmond,,50,180,1941-03-12,5,1961,1961,False,,,,no
Tony,Beers,Collingwood,,39,183,1962-11-07,5,1982,1983,False,,,,no
Tony,Begovich,Sydney,,26,180,1967-08-07,5,1993,1993,False,,,,no
Harley,Bennell,Melbourne,,17,185,1992-10-02,5,2020,2020,False,,,,no
Greg,Bentley,Carlton,,47,187,1987-04-09,5,2009,2009,False,,,,no
Kevin,Bergin,Collingwood,,18,175,1936-09-15,5,1957,1957,False,,,,no
Arthur,Birtles,Richmond,,26,178,1899-07-21,5,1922,1922,False,,,,no
Bob,Bodington,Melbourne,,18,169,1894-12-22,5,1919,1920,False,,,,no
Vic,Bodsworth,WesternBulldogs,,16,170,1931-07-10,5,1949,1950,False,,,,no
Ian,Borchard,Richmond,,51,177,1957-08-05,5,1976,1978,False,,,,no
Martin,Bourke,Geelong,,12,185,1936-05-28,5,1957,1960,False,,,,no
Tim,Bourke,Geelong,,31,199,1969-04-14,5,1989,1990,False,,,,no
Ted,Bourke,NorthMelbourne,,7,183,1925-11-13,5,1946,1947,False,,,,no
Bill,Bourke,NorthMelbourne,,25,179,1927-02-07,5,1951,1951,False,,,,no
Kaiden,Brand,Sydney,,2,198,1994-04-08,5,2020,2021,False,,,,no
Jarrod,Brander,GWS,,31,195,1999-02-11,5,2022,2022,False,,,,no
John,Brinkkotter,Sydney,,44,185,1966-05-06,5,1988,1989,False,,,,no
Craig,Brittain,NorthMelbourne,,33,178,1964-06-06,5,1984,1984,False,,,,no
John,Brown,Geelong,,14,179,1944-10-24,5,1967,1967,False,,,,no
Peter,Brown,Stkilda,,59,187,1963-11-15,5,1985,1986,False,,,,no
Jim,Brown,Geelong,,26,187,1925-03-26,5,1946,1946,False,,,,no
Eddie,Brown,Sydney,,,178,1877-10-10,5,1898,1898,False,,,,no
Bill,Browne,Hawthorn,,31,184,1902-03-19,5,1928,1928,False,,,,no
Jack,Bruce,Sydney,,16,174,1926-07-01,5,1949,1949,False,,,,no
Connor,Budarick,WesternBulldogs,Western Bulldogs,19,175,2001-04-06,5,2026,2026,True,MEDIUM_DEFENDER,other,NA,yes
Ewen,Bumpstead,Geelong,,23,,1910-03-03,5,1929,1930,False,,,,no
Cliff,Burge,Melbourne,,25,183,1892-04-27,5,1914,1914,False,,,,no
Terry,Burgess,Stkilda,,42,171,1934-07-20,5,1959,1959,False,,,,no
Ted,Burgess,WesternBulldogs,,12,180,1945-02-11,5,1966,1966,False,,,,no
Alf,Burrell,Geelong,,13,174,1922-10-08,5,1947,1948,False,,,,no
Dick,Burrows,Richmond,,33,189,1941-10-17,5,1961,1961,False,,,,no
Norm,Busbridge,Essendon,,,178,1887-10-23,5,1907,1907,False,,,,no
Tom,Bush,Melbourne,,5,185,1918-01-07,5,1942,1944,False,,,,no
Don,Butling,Stkilda,,17,179,1926-05-14,5,1945,1945,False,,,,no
Garry,Byers,Melbourne,,50,188,1939-01-13,5,1962,1963,False,,,,no
Talor,Byrne,Carlton,Carlton,39,174,2007-11-14,5,2026,2026,True,MEDIUM_FORWARD,nationalDraft,45,yes
Jim,Byrne,Stkilda,,34,188,1933-06-22,5,1956,1957,False,,,,no
Tom,Calder,Sydney,,15,183,1917-12-17,5,1945,1945,False,,,,no
Chris,Cameron,Carlton,,27,170,1894-05-22,5,1913,1913,False,,,,no
Stuart,Cameron,Melbourne,,39,188,1964-02-12,5,1990,1990,False,,,,no
Bruce,Campbell,Melbourne,,30,179,1890-05-02,5,1920,1920,False,,,,no
Bill,Carden,Collingwood,,,177,1886-05-24,5,1908,1908,False,,,,no
Tom,Carr,PortAdelaide,,32,182,1978-06-16,5,1997,1999,False,,,,no
Tommy,Carr,Stkilda,,,,1882-04-15,5,1901,1901,False,,,,no
Bill,Carrick,Richmond,,5,187,1934-11-23,5,1956,1956,False,,,,no
Terry,Cashion,Sydney,,11,178,1921-04-07,5,1942,1942,False,,,,no
Trevor,Castlehow,Sydney,,48,173,1944-03-21,5,1962,1962,False,,,,no
Bob,Cave,Stkilda,,15,165,1888-08-13,5,1912,1912,False,,,,no
Norm,Charles,WesternBulldogs,,27,185,1931-08-01,5,1950,1951,False,,,,no
Eric,Chisholm,Melbourne,,19,177,1892-03-13,5,1919,1919,False,,,,no
Justin,Cicolella,Adelaide,,42,178,1978-09-12,5,2000,2000,False,,,,no
Bobby,Clark,WesternBulldogs,,6,173,1940-07-28,5,1957,1958,False,,,,no
Jack,Clarkson,Essendon,,29,173,1935-02-28,5,1956,1958,False,,,,no
Oscar,Clavarino,Stkilda,,38,197,1999-05-22,5,2021,2021,False,,,,no
Steve,Clifton,GWS,,24,182,1987-05-27,5,2012,2012,False,,,,no
Clarrie,Clowe,Essendon,,19,170,1893-01-30,5,1922,1922,False,,,,no
Wally,Coates,Essendon,,27,180,1911-01-04,5,1937,1937,False,,,,no
Johnny,Coghlan,Melbourne,,,,1876-04-24,5,1898,1898,False,,,,no
Percy,Colee,Melbourne,,4,180,1892-11-11,5,1914,1914,False,,,,no
Jack,Connell,Stkilda,,39,189,1912-08-24,5,1932,1935,False,,,,no
Lindsay,Cooke,Stkilda,,26,191,1935-10-10,5,1957,1958,False,,,,no
Josh,Corbett,Fremantle.xlsx,,19,190,1996-04-23,5,2023,2023,False,,,,no
David,Cordner,Sydney,,11,192,1962-05-25,5,1988,1988,False,,,,no
Joe,Corfield,Richmond,,14,177,1895-03-08,5,1926,1926,False,,,,no
Johnny,Cormick,Sydney,,,,1880-01-22,5,1902,1903,False,,,,no
Graham,Cornes,NorthMelbourne,,11,189,1948-03-31,5,1979,1979,False,,,,no
Jim,Coucher,Carlton,,,,1874-12-22,5,1898,1898,False,,,,no
Dave,Coutts,Sydney,,19,,1905-03-05,5,1930,1930,False,,,,no
Ian,Craig,Richmond,,54,175,1952-10-23,5,1970,1971,False,,,,no
Henry,Crisfield,Carlton,,,178,1877-09-13,5,1902,1902,False,,,,no
Matt,Crowe,Carlton,,,,1883-09-01,5,1903,1904,False,,,,no
Cec,Cumberland,Melbourne,,,192,1875-02-22,5,1899,1899,False,,,,no
Scott,Cummings,Collingwood,,32,194,1974-01-18,5,2002,2002,False,,,,no
Percy,Cummings,Hawthorn,,50,178,1946-09-05,5,1964,1965,False,,,,no
Gil,Curran,Sydney,,,,1883-03-17,5,1906,1907,False,,,,no
John,DArcy,Richmond,,38,185,1935-08-22,5,1959,1959,False,,,,no
Eric,Dalton,Essendon,,35,175,1910-12-26,5,1934,1934,False,,,,no
Harold,Daly,Stkilda,,32,173,1915-10-18,5,1945,1946,False,,,,no
Vern,Daniel,Melbourne,,,191,1887-05-30,5,1909,1912,False,,,,no
Greg,Daniels,Collingwood,,37,180,1963-08-27,5,1986,1986,False,,,,no
Greg,Davis,WesternBulldogs,,46,199,1955-06-01,5,1978,1981,False,,,,no
Joe,De Medici,Sydney,,15,180,1920-05-28,5,1944,1944,False,,,,no
Kevin,Deagan,Richmond,,3,183,1923-12-25,5,1944,1946,False,,,,no
Harry,Dean,Carlton,Carlton,35,194,2007-11-13,5,2026,2026,True,MEDIUM_DEFENDER,fatherSon,3,yes
Fred,Dean,NorthMelbourne,,18,173,1909-04-14,5,1930,1930,False,,,,no
Maurie,Deery,Richmond,,34,185,1947-01-07,5,1964,1965,False,,,,no
Bob,Delanty,Collingwood,,13,180,1940-05-21,5,1961,1961,False,,,,no
John,Delanty,Stkilda,,17,178,1938-11-08,5,1960,1960,False,,,,no
Len,Delfs,Sydney,,15,168,1920-05-04,5,1942,1942,False,,,,no
Kevin,Dellar,Essendon,,12,183,1937-05-28,5,1959,1959,False,,,,no
Matthew,Dennis,Hawthorn,,28,189,1978-02-11,5,1998,1999,False,,,,no
Wolfgang,Dietrich,NorthMelbourne,,35,185,1949-05-20,5,1970,1970,False,,,,no
Peter,Dilnot,Melbourne,,39,178,1952-11-06,5,1972,1973,False,,,,no
Vin,Doherty,Hawthorn,,39,169,1911-03-26,5,1940,1940,False,,,,no
Jim,Don,Hawthorn,,8,179,1930-09-11,5,1950,1950,False,,,,no
Jack,Dore,Geelong,,,,1875-05-23,5,1898,1898,False,,,,no
Lachy,Dovaston,NorthMelbourne,North Melbourne,1,178,2007-05-29,5,2026,2026,True,MEDIUM_FORWARD,nationalDraft,16,yes
Tom,Drummond,Sydney,,30,170,1897-08-06,5,1926,1926,False,,,,no
Bob,Drummond,NorthMelbourne,,14,183,1919-04-15,5,1946,1946,False,,,,no
Nathan,Drummond,Richmond,,39,182,1995-01-19,5,2015,2016,False,,,,no
Harold,Dunbar,Melbourne,,28,191,1900-10-01,5,1922,1922,False,,,,no
Kyle,Dunkley,Melbourne,,48,185,2000-06-20,5,2019,2019,False,,,,no
Graham,Dunscombe,NorthMelbourne,,29,168,1924-07-07,5,1947,1947,False,,,,no
Luke,Dunstan,Melbourne,,27,185,1995-01-29,5,2022,2022,False,,,,no
Michael,Dunstan,WestCoast,,15,185,1971-03-12,5,1995,1995,False,,,,no
Stephen,Eather,Sydney,,41,191,1961-02-24,5,1980,1981,False,,,,no
Jake,Edwards,Carlton,,37,192,1988-01-06,5,2008,2008,False,,,,no
Johnny,Edwards,NorthMelbourne,,25,178,1912-03-27,5,1932,1933,False,,,,no
Simon,Eishold,Richmond,,23,186,1967-03-26,5,1993,1993,False,,,,no
Roy,Eliason,NorthMelbourne,,36,178,1926-02-18,5,1948,1949,False,,,,no
Bruce,Elliott,Melbourne,,32,188,1956-07-30,5,1979,1980,False,,,,no
Bill,Ewing,Essendon,,33,191,1909-05-28,5,1933,1933,False,,,,no
Jim,Fargie,Melbourne,,,169,1886-10-30,5,1909,1909,False,,,,no
Reg,Farrant,Hawthorn,,30,180,1920-09-09,5,1940,1940,False,,,,no
Jacob,Farrow,Essendon,Essendon,2,188,2007-09-21,5,2026,2026,True,MEDIUM_DEFENDER,nationalDraft,10,yes
Brian,Fitzgerald,Geelong,,6,185,1927-12-29,5,1947,1947,False,,,,no
Jack,Flanigan,Hawthorn,,7,184,1905-04-29,5,1930,1930,False,,,,no
Charlie,Fowler,Geelong,,25,,1902-01-24,5,1928,1928,False,,,,no
Bert,Francis,Melbourne,,13,182,1885-06-26,5,1912,1912,False,,,,no
Bob,Franklin,Sydney,,,,1886-10-05,5,1906,1906,False,,,,no
Kane,Fraser,Hawthorn,,39,185,1977-07-22,5,1996,1998,False,,,,no
Peter,Freeman,Stkilda,,39,188,1969-04-01,5,1988,1990,False,,,,no
Phil,Furlong,Essendon,,14,171,1893-02-18,5,1918,1918,False,,,,no
Len,Gandini,Melbourne,,43,180,1962-01-05,5,1986,1986,False,,,,no
Len,Gardner,Richmond,,34,180,1931-02-16,5,1951,1951,False,,,,no
Harry,Gardner,Sydney,,,171,1878-03-03,5,1898,1900,False,,,,no
Lou,Gatti,Stkilda,,32,168,1915-03-07,5,1936,1937,False,,,,no
Bill,Getsom,Geelong,,,,1885-01-11,5,1906,1907,False,,,,no
Jack,Gibby,WesternBulldogs,,17,183,1920-10-17,5,1942,1942,False,,,,no
Sam,Gibson,Adelaide,,20,185,1986-05-27,5,2018,2018,False,,,,no
Dave,Gillespie,Carlton,,,182,1887-12-13,5,1907,1908,False,,,,no
Josh,Glenn,Goldcoast,,34,180,1994-03-10,5,2015,2015,False,,,,no
Bruce,Gonsalves,Collingwood,,37,198,1956-12-26,5,1975,1976,False,,,,no
Con,Gorozidis,WesternBulldogs,,11,183,1961-09-20,5,1983,1983,False,,,,no
Dick,Gosling,Essendon,,21,183,1901-07-26,5,1926,1927,False,,,,no
Jamie,Grant,WesternBulldogs,,44,183,1970-06-23,5,1991,1991,False,,,,no
Alf,Gray,Essendon,,,171,1874-11-20,5,1898,1902,False,,,,no
Ralph,Green,Carlton,,13,183,1911-06-08,5,1932,1932,False,,,,no
Leo,Groenewegen,NorthMelbourne,,42,193,1953-12-17,5,1971,1971,False,,,,no
Chris,Groom,NorthMelbourne,,23,194,1973-08-28,5,1997,1998,False,,,,no
Gordon,Hale,WesternBulldogs,,11,179,1923-06-01,5,1943,1943,False,,,,no
Peter,Hall,Sydney,,37,191,1957-11-26,5,1978,1979,False,,,,no
George,Hancock,Hawthorn,,34,187,1931-01-16,5,1956,1956,False,,,,no
Jim,Harbison,Geelong,,9,178,1911-09-22,5,1932,1932,False,,,,no
Bernie,Harris,Stkilda,,47,175,1962-08-25,5,1990,1990,False,,,,no
Kevin,Hart,Carlton,,36,171,1927-04-21,5,1950,1950,False,,,,no
Don,Hart,Richmond,,4,180,1930-09-29,5,1954,1954,False,,,,no
Michael,Hartley,Hawthorn,,27,198,1993-06-07,5,2020,2021,False,,,,no
Brad,Hartman,Geelong,,36,188,1994-11-16,5,2014,2014,False,,,,no
Will,Hayes,Collingwood,,39,180,2006-05-16,5,2025,2026,True,,,,no
Kevin,Hayes,NorthMelbourne,,10,185,1924-11-19,5,1947,1947,False,,,,no
Tim,Hazell,Hawthorn,,14,186,1981-06-13,5,2001,2001,False,,,,no
Graham,Heal,NorthMelbourne,,28,179,1945-02-16,5,1968,1968,False,,,,no
Bill,Heaphy,Essendon,,,177,1888-12-18,5,1908,1909,False,,,,no
Harry,Heard,Geelong,,24,180,1920-12-03,5,1941,1941,False,,,,no
Kurt,Heatherley,Hawthorn,,34,193,1995-01-01,5,2016,2017,False,,,,no
Jack,Henderson,Melbourne,Melbourne,43,176,1999-10-01,5,2025,2025,False,MEDIUM_FORWARD,NA,NA,yes
Kevin,Hevey,Hawthorn,,17,180,1923-04-30,5,1946,1947,False,,,,no
Les,Heywood,Sydney,,48,177,1942-11-04,5,1964,1964,False,,,,no
Mitchell,Hibberd,Essendon,,46,190,1996-09-23,5,2020,2020,False,,,,no
Ron,Hibbert,Collingwood,,6,178,1924-03-24,5,1944,1944,False,,,,no
Ellis,Hicks,Sydney,,24,188,1934-10-10,5,1956,1956,False,,,,no
Frank,Hill,Sydney,,19,182,1914-03-05,5,1940,1945,False,,,,no
Leo,Hillis,WesternBulldogs,,26,180,1920-01-12,5,1939,1944,False,,,,no
Frank,Holden,Geelong,,32,184,1913-03-29,5,1935,1936,False,,,,no
Tom,Holland,Collingwood,,,179,1885-09-15,5,1908,1908,False,,,,no
John,Holligan,Essendon,,,,1875-11-01,5,1902,1903,False,,,,no
Jason,Holmes,Stkilda,,45,203,1989-10-28,5,2015,2016,False,,,,no
Bruce,Hone,Hawthorn,,38,183,1913-07-26,5,1940,1940,False,,,,no
Artie,Hopkins,Geelong,,,,1879-08-21,5,1903,1905,False,,,,no
Bill,Hopkins,Sydney,,48,179,1936-03-13,5,1961,1962,False,,,,no
Percy,Hordern,Melbourne,,,169,1884-11-24,5,1906,1906,False,,,,no
Lachlan,Hosie,NorthMelbourne,,46,180,1997-02-25,5,2020,2020,False,,,,no
Bill,Hosking,Geelong,,16,178,1940-07-19,5,1962,1962,False,,,,no
Percy,Howard,Melbourne,,,,1871-02-13,5,1898,1898,False,,,,no
Bill,Hudson,Stkilda,,45,185,1920-11-11,5,1942,1942,False,,,,no
Basil,Hunter,Carlton,,32,175,1925-11-29,5,1948,1948,False,,,,no
Morrie,Hutcheson,WesternBulldogs,,15,180,1928-02-19,5,1950,1950,False,,,,no
Ray,Hutchins,Melbourne,,24,179,1929-03-23,5,1950,1951,False,,,,no
Mark,Jamar,Essendon,,53,198,1983-08-09,5,2016,2016,False,,,,no
Ray,Jamieson,Sydney,,4,180,1959-08-01,5,1977,1978,False,,,,no
Sam,Jamison,Richmond,,28,180,1905-11-13,5,1926,1929,False,,,,no
Russell,Jessop,Collingwood,,49,180,1957-09-25,5,1976,1977,False,,,,no
Les,Johnson,WesternBulldogs,,10,183,1917-02-10,5,1936,1936,False,,,,no
Jack,Johnson,Essendon,,11,170,1926-03-12,5,1947,1947,False,,,,no
Aidan,Johnson,Melbourne,Melbourne,42,193,2000-03-09,5,2025,2025,False,KEY_FORWARD,NA,NA,yes
Llew,Jones,Essendon,,,185,1880-05-31,5,1900,1900,False,,,,no
Gordon,Kearney,Essendon,,,174,1885-02-05,5,1907,1907,False,,,,no
Will,Kelly,Collingwood,,20,194,2000-08-16,5,2020,2023,False,,,,no
Stephen,Kenna,Carlton,,17,170,1981-10-10,5,2004,2004,False,,,,no
Keith,Kent,Collingwood,,15,180,1912-11-06,5,1933,1933,False,,,,no
Don,Kerley,Stkilda,,36,184,1917-03-10,5,1943,1944,False,,,,no
Bob,Kerr,Geelong,,,,1875-05-01,5,1902,1903,False,,,,no
Morley,Kidgell,Sydney,,,177,1881-03-27,5,1904,1904,False,,,,no
Scott,Knight,Collingwood,,26,189,1959-04-28,5,1984,1984,False,,,,no
Josh,Lai,PortAdelaide,Port Adelaide,43,185,2005-10-01,5,2026,2026,True,MEDIUM_DEFENDER,preseason,NA,yes
Brian,Lambert,Hawthorn,,17,166,1930-10-10,5,1949,1949,False,,,,no
Norm,Le Brun,Carlton,,18,171,1908-04-22,5,1935,1935,False,,,,no
James,Leake,GWS,GWS,30,188,2005-10-02,5,2025,2026,True,MEDIUM_DEFENDER,nationalDraft,17,yes
Andrew,Lee,Essendon,,32,196,1986-07-01,5,2006,2006,False,,,,no
Graeme,Linke,WesternBulldogs,,44,187,1951-11-17,5,1977,1978,False,,,,no
Les,Lobb,Collingwood,,14,180,1894-09-05,5,1920,1920,False,,,,no
Ken,Lockhart,WesternBulldogs,,24,184,1913-05-23,5,1934,1934,False,,,,no
Jake,Long,Essendon,,34,186,1996-02-03,5,2016,2018,False,,,,no
Joe,Lovett,Essendon,,33,180,1902-10-18,5,1932,1932,False,,,,no
Chris,Lynch,Geelong,,31,188,1953-09-23,5,1972,1974,False,,,,no
Alan,Lynch,WesternBulldogs,,6,175,1954-01-22,5,1976,1976,False,,,,no
Horrie,Lyons,Stkilda,,,,1876-01-04,5,1898,1898,False,,,,no
Les,MacPherson,Melbourne,,,175,1880-05-17,5,1898,1899,False,,,,no
Jim,Mackie,Melbourne,,18,168,1889-12-31,5,1913,1913,False,,,,no
Christin,Macri,WesternBulldogs,,33,189,1974-08-28,5,1999,2000,False,,,,no
Dick,Maddocks,NorthMelbourne,,21,168,1928-07-30,5,1948,1948,False,,,,no
Sam,Magill,WesternBulldogs,,7,174,1945-06-22,5,1964,1965,False,,,,no
Paul,Maher,Fremantle.xlsx,,34,190,1976-06-11,5,1998,1999,False,,,,no
Tony,Malakellis,Sydney,,33,175,1970-03-24,5,1993,1993,False,,,,no
Finnbar,Maley,Adelaide,Adelaide,36,197,2003-07-18,5,2026,2026,True,KEY_FORWARD,other,NA,yes
Daryl,Mares,Hawthorn,,21,174,1946-10-03,5,1965,1967,False,,,,no
Tom,Martin,Geelong,,,174,1888-11-17,5,1911,1911,False,,,,no
Bryan,Martin,Melbourne,,36,179,1918-09-22,5,1942,1943,False,,,,no
Liam,McBean,Richmond,,34,202,1994-08-25,5,2015,2016,False,,,,no
Dave,McColl,Sydney,,,,1876-01-29,5,1904,1904,False,,,,no
John,McDermott,Sydney,,,,1872-05-17,5,1898,1898,False,,,,no
Andrew,McDougall,WesternBulldogs,,32,197,1983-06-29,5,2007,2007,False,,,,no
Bob,McGann,WesternBulldogs,,4,179,1905-09-08,5,1928,1928,False,,,,no
Todd,McHardy,Melbourne,,45,183,1977-04-06,5,1996,1997,False,,,,no
Jack,McKenzie,Essendon,,13,177,1908-08-19,5,1929,1929,False,,,,no
Rod,McKindlay,NorthMelbourne,,16,188,1935-10-25,5,1957,1959,False,,,,no
Allan,McLean,Melbourne,,19,187,1899-01-28,5,1919,1919,False,,,,no
Graeme,McLean,Stkilda,,24,185,1947-09-15,5,1968,1969,False,,,,no
Max,McMahon,Hawthorn,,24,183,1942-03-20,5,1961,1962,False,,,,no
Gavin,McMahon,Sydney,,16,187,1975-01-22,5,1993,1994,False,,,,no
Allan,McMullen,Stkilda,,33,173,1949-06-02,5,1967,1967,False,,,,no
Henry,McPetrie,Carlton,,,,1877-03-14,5,1897,1897,False,,,,no
Andrew,McQualter,Goldcoast,,51,179,1986-06-09,5,2012,2012,False,,,,no
Bill,McVeigh,Carlton,,,,1881-12-17,5,1905,1905,False,,,,no
Jim,Meehan,Richmond,,30,183,1935-06-30,5,1958,1958,False,,,,no
Andrew,Merryweather,Essendon,,34,192,1961-01-18,5,1988,1988,False,,,,no
Noel,Mewett,Carlton,,18,182,1949-04-02,5,1969,1969,False,,,,no
Eddie,Millar,Collingwood,,21,183,1938-06-24,5,1958,1959,False,,,,no
Alf,Millar,Geelong,,,180,1887-11-14,5,1905,1905,False,,,,no
David,Miller,Richmond,,34,188,1957-10-07,5,1977,1977,False,,,,no
Norm,Mitchell,WesternBulldogs,,26,178,1949-07-30,5,1969,1969,False,,,,no
Andrew,Moore,Richmond,,15,189,1991-05-30,5,2016,2016,False,,,,no
Jock,Morison,Collingwood,,29,178,1914-12-05,5,1939,1939,False,,,,no
Arthur,Morley,NorthMelbourne,,,175,1908-01-17,5,1930,1931,False,,,,no
Wayne,Morris,Sydney,,22,188,1947-07-19,5,1967,1967,False,,,,no
John,Morrison,Carlton,,22,175,1947-09-22,5,1966,1967,False,,,,no
Paul,Morrison,Richmond,,12,184,1952-07-22,5,1970,1970,False,,,,no
Terry,Morrissey,Richmond,,42,175,1944-12-07,5,1964,1964,False,,,,no
Marlon,Motlop,PortAdelaide,,11,179,1990-04-17,5,2008,2009,False,,,,no
Kobe,Mutch,Essendon,,19,187,1998-03-18,5,2018,2020,False,,,,no
Reg,Naylor,Hawthorn,,31,182,1897-11-11,5,1927,1927,False,,,,no
Brian,Neal,NorthMelbourne,,36,185,1948-05-14,5,1969,1970,False,,,,no
Frank,Neenan,NorthMelbourne,,24,188,1914-07-30,5,1936,1936,False,,,,no
Norm,Neeson,NorthMelbourne,,9,187,1934-02-19,5,1955,1956,False,,,,no
Jacob,Newton,WestCoast,West Coast,46,179,2006-03-20,5,2025,2026,True,MEDIUM_FORWARD,other,9,yes
Don,Nicolson,Essendon,,14,173,1939-11-05,5,1959,1959,False,,,,no
Bill,Norman,Hawthorn,,32,183,1926-08-26,5,1950,1950,False,,,,no
Ernie,Nunn,Collingwood,,35,179,1904-09-23,5,1932,1932,False,,,,no
Dermot,OBrien,Hawthorn,,30,177,1906-04-28,5,1928,1928,False,,,,no
Stan,OConnell,Richmond,,,,1883-04-29,5,1908,1908,False,,,,no
Clarrie,OConnor,Sydney,,17,184,1909-10-13,5,1939,1939,False,,,,no
Steven,ODwyer,Richmond,,1,201,1966-01-19,5,1992,1992,False,,,,no
Kevin,OHalloran,WesternBulldogs,,28,193,1915-01-17,5,1941,1941,False,,,,no
Bill,OHara,Sydney,,,173,1880-07-27,5,1901,1901,False,,,,no
Jack,Oatey,Sydney,,4,168,1920-08-29,5,1944,1944,False,,,,no
Rod,Oborne,Richmond,,23,183,1953-09-06,5,1979,1981,False,,,,no
Brad,Oborne,Collingwood,,34,176,1980-06-19,5,1999,2000,False,,,,no
Alan,Obst,NorthMelbourne,,40,192,1987-05-19,5,2008,2009,False,,,,no
Stan,Ogden,Hawthorn,,3,185,1910-11-01,5,1934,1934,False,,,,no
Lionel,Ollington,WesternBulldogs,,8,173,1927-12-19,5,1953,1953,False,,,,no
Bob,Oswald,NorthMelbourne,,23,,1909-04-04,5,1929,1929,False,,,,no
Glenn,Page,NorthMelbourne,,37,183,1970-03-24,5,1992,1992,False,,,,no
Keith,Palmer,WesternBulldogs,,18,185,1919-11-29,5,1943,1943,False,,,,no
Clif,Palmer,Geelong,,39,183,1937-01-01,5,1958,1959,False,,,,no
Brendan,Parker,Carlton,,18,184,1971-03-23,5,1992,1993,False,,,,no
Max,Parker,WesternBulldogs,,45,194,1953-10-29,5,1971,1971,False,,,,no
Fred,Parkinson,Collingwood,,26,184,1884-01-27,5,1912,1912,False,,,,no
Steve,Parsons,Richmond,,39,,1956-10-19,5,1974,1974,False,,,,no
Joe,Paton,Carlton,,,,1878-09-05,5,1897,1897,False,,,,no
Adam,Pattison,Stkilda,,34,198,1986-03-05,5,2010,2010,False,,,,no
Paul,Payne,Carlton,,27,189,1965-03-06,5,1989,1989,False,,,,no
Alec,Peak,Stkilda,,37,166,1916-11-11,5,1938,1938,False,,,,no
Horrie,Pearce,Stkilda,,,179,1886-07-02,5,1909,1909,False,,,,no
Ian,Pearson,Hawthorn,,30,174,1934-02-09,5,1956,1956,False,,,,no
Wayne,Peters,Richmond,,5,193,1969-06-04,5,1988,1989,False,,,,no
Christian,Petracca,Goldcoast,Gold Coast,3,186,1996-01-04,5,2026,2026,True,MIDFIELDER_FORWARD,NA,NA,yes
Fred,Petterson,Collingwood,,28,168,1897-03-24,5,1921,1921,False,,,,no
Terry,Philippe,Collingwood,,49,188,1957-07-16,5,1978,1978,False,,,,no
Lewis,Pierce,Stkilda,,42,203,1994-11-16,5,2016,2019,False,,,,no
Herb,Pitman,Geelong,,,178,1881-06-25,5,1902,1902,False,,,,no
Steven,Pitt,Melbourne,,14,188,1973-07-22,5,2000,2001,False,,,,no
Robert,Polkinghorne,Hawthorn,,11,183,1958-02-27,5,1979,1980,False,,,,no
Michael,Polley,Melbourne,,14,180,1976-09-14,5,1996,1996,False,,,,no
Gordon,Polson,WesternBulldogs,,19,180,1959-03-27,5,1979,1981,False,,,,no
Roy,Porter,Sydney,,26,185,1917-08-24,5,1941,1945,False,,,,no
Ted,Prendergast,Collingwood,,17,179,1893-08-20,5,1912,1912,False,,,,no
Dick,Price,Richmond,,13,175,1891-06-26,5,1912,1912,False,,,,no
Andrew,Pugsley,Collingwood,,47,186,1978-07-25,5,1998,1998,False,,,,no
Tom,Quinn,Melbourne,,44,191,1947-10-31,5,1967,1967,False,,,,no
Jason,Ralph,Sydney,,,180,1872-06-28,5,1898,1898,False,,,,no
Bill,Ralston,Melbourne,,21,178,1910-09-16,5,1936,1936,False,,,,no
Jay,Rantall,Collingwood,,1,184,2001-06-10,5,2021,2021,False,,,,no
Alex,Rennolds,Melbourne,,,177,1888-07-10,5,1910,1910,False,,,,no
Kelvin,Richards,Melbourne,,24,188,1960-03-06,5,1978,1979,False,,,,no
Arthur,Richardson,Sydney,,12,173,1928-04-04,5,1949,1949,False,,,,no
Charlie,Ricketts,Stkilda,,1,173,1885-07-03,5,1921,1921,False,,,,no
Ray,Riddell,Collingwood,,28,178,1918-03-26,5,1944,1946,False,,,,no
Harold,Rippon,Sydney,,,174,1874-02-23,5,1903,1903,False,,,,no
Jack,Roberts,Stkilda,,36,170,1935-05-06,5,1957,1958,False,,,,no
Rodney,Robson,Hawthorn,,15,183,1946-04-09,5,1966,1967,False,,,,no
Percy,Rodriguez,Melbourne,,2,173,1893-01-05,5,1915,1915,False,,,,no
Kevin,Rohleder,Stkilda,,18,178,1920-04-07,5,1943,1943,False,,,,no
Neville,Rollason,Geelong,,5,188,1895-02-16,5,1921,1922,False,,,,no
Tim,Ruffles,Fremantle.xlsx,,35,180,1990-10-05,5,2009,2010,False,,,,no
Peter,Rumney,Stkilda,,36,187,1949-11-16,5,1968,1969,False,,,,no
Jimmy,Russell,Melbourne,,,174,1879-08-29,5,1897,1898,False,,,,no
John,Ryan,Essendon,,12,175,1909-10-21,5,1931,1932,False,,,,no
Bert,Salkeld,Essendon,,,180,1876-05-24,5,1897,1897,False,,,,no
Alex,Salvado,Melbourne,,23,178,1890-10-19,5,1919,1919,False,,,,no
Lou,Salvas,Hawthorn,,25,188,1921-08-17,5,1943,1943,False,,,,no
Glenn,Sandford,Collingwood,,45,193,1971-09-20,5,1993,1994,False,,,,no
Tommy,Scanlon,Collingwood,,30,175,1899-08-16,5,1921,1921,False,,,,no
Glenn,Scanlon,WesternBulldogs,,50,180,1956-04-07,5,1978,1978,False,,,,no
Graham,Schodde,Stkilda,,50,182,1958-06-19,5,1980,1980,False,,,,no
Jordan,Schroder,Geelong,,15,182,1992-12-05,5,2012,2013,False,,,,no
Charlie,Sevior,Essendon,,35,174,1908-05-11,5,1930,1930,False,,,,no
Alf,Sharp,Carlton,,,183,1881-02-03,5,1905,1905,False,,,,no
Alan,Shaw,Essendon,,32,178,1923-11-17,5,1944,1945,False,,,,no
Stan,Sheehan,Stkilda,,,180,1886-09-08,5,1910,1910,False,,,,no
Jarrod,Silvester,Richmond,,36,191,1985-01-31,5,2009,2009,False,,,,no
Cooper,Simpson,Fremantle.xlsx,Fremantle,29,182,2005-02-13,5,2024,2025,False,MEDIUM_DEFENDER,nationalDraft,35,yes
Arthur,Sleith,Carlton,,26,183,1917-12-22,5,1942,1943,False,,,,no
Les,Smith,Collingwood,,13,179,1934-05-28,5,1952,1954,False,,,,no
Norman,Smith,Hawthorn,,31,183,1946-09-01,5,1967,1967,False,,,,no
Mal,Smith,Sydney,,33,173,1934-02-05,5,1958,1958,False,,,,no
George,Spero,Essendon,,21,183,1941-11-29,5,1960,1960,False,,,,no
David,Spriggs,Sydney,,8,175,1981-01-25,5,2005,2005,False,,,,no
Damian,Squire,PortAdelaide,,24,180,1973-11-15,5,1997,1997,False,,,,no
Howard,Staehr,Essendon,,32,185,1955-03-30,5,1974,1976,False,,,,no
Frank,Staines,Melbourne,,,173,1876-11-07,5,1898,1898,False,,,,no
Alby,Stamp,Essendon,,,,1879-12-26,5,1897,1899,False,,,,no
Oscar,Steene,Collingwood,Collingwood,21,201,2003-08-23,5,2026,2026,True,RUCK,preseason,NA,yes
Gary,Stevens,Sydney,,41,168,1972-10-10,5,1992,1993,False,,,,no
Keith,Storey,Stkilda,,27,182,1905-05-15,5,1930,1930,False,,,,no
Dean,Strauch,Carlton,,14,179,1966-06-04,5,1986,1989,False,,,,no
Percy,Streeter,WesternBulldogs,,29,173,1911-07-29,5,1934,1934,False,,,,no
Len,Strickland,Geelong,,,174,1880-05-13,5,1900,1900,False,,,,no
Edgar,Stubbs,Geelong,,,,1883-03-28,5,1906,1906,False,,,,no
George,Tansing,Geelong,,,,1884-03-25,5,1908,1908,False,,,,no
Greg,Taube,Sydney,,48,188,1938-04-18,5,1959,1960,False,,,,no
Alec,Tayler,Geelong,,22,182,1892-05-16,5,1923,1923,False,,,,no
Herbie,Taylor,Collingwood,,28,168,1899-01-30,5,1923,1923,False,,,,no
Lance,Taylor,Stkilda,,33,170,1952-05-04,5,1974,1974,False,,,,no
Robert,Thompson,Adelaide,,41,182,1967-10-22,5,1991,1991,False,,,,no
Norm,Thompson,Stkilda,,40,180,1933-06-15,5,1956,1956,False,,,,no
Cameron,Thurley,NorthMelbourne,,12,183,1981-11-26,5,2006,2006,False,,,,no
James,Tsitas,Goldcoast,,21,181,1995-03-03,5,2022,2023,False,,,,no
Lionel,Upton,NorthMelbourne,,5,168,1924-10-03,5,1948,1948,False,,,,no
Murray,Vance,Carlton,,6,189,1980-04-12,5,1999,2001,False,,,,no
Ron,Viney,Sydney,,44,185,1949-02-21,5,1968,1968,False,,,,no
Julian,Vise,Collingwood,,20,178,1945-01-28,5,1964,1964,False,,,,no
Robert,Walker,Richmond,,51,188,1970-03-20,5,1990,1992,False,,,,no
Tommy,Walsh,Sydney,,17,195,1988-02-26,5,2012,2013,False,,,,no
Tex,Wanganeen,Essendon,,40,179,2003-10-10,5,2022,2022,False,,,,no
Barry,Ward,Geelong,,27,185,1939-05-29,5,1960,1960,False,,,,no
Ron,Warren,Geelong,,27,178,1928-10-05,5,1949,1949,False,,,,no
Bryan,Waters,Hawthorn,,33,178,1938-01-21,5,1956,1957,False,,,,no
Ken,Watkins,NorthMelbourne,,13,179,1919-08-17,5,1944,1944,False,,,,no
Jack,Way,Essendon,,16,178,1902-08-17,5,1928,1928,False,,,,no
Peter,Weideman,Collingwood,,35,174,1940-03-23,5,1960,1961,False,,,,no
Charlie,Wells,Richmond,,21,175,1892-04-13,5,1912,1912,False,,,,no
Garry,Wheeler,WesternBulldogs,,49,174,1956-07-18,5,1976,1978,False,,,,no
Ron,White,Melbourne,,38,183,1920-05-22,5,1941,1943,False,,,,no
Brian,Wicks,NorthMelbourne,,33,175,1940-04-10,5,1962,1962,False,,,,no
Ern,Williamson,Stkilda,,,184,1880-05-26,5,1906,1906,False,,,,no
Mackenzie,Willis,Goldcoast,,34,182,1995-08-07,5,2016,2017,False,,,,no
Grant,Wilmot,Collingwood,,44,182,1956-10-15,5,1980,1980,False,,,,no
Mac,Wilson,Melbourne,,26,179,1922-07-29,5,1941,1941,False,,,,no
Brian,Winton,Stkilda,,9,192,1963-07-28,5,1989,1989,False,,,,no
Col,Witney,WesternBulldogs,,35,179,1920-01-11,5,1945,1945,False,,,,no
Barney,Wood,Melbourne,,2,179,1901-12-22,5,1928,1928,False,,,,no
Vern,Wright,Carlton,,26,173,1900-06-02,5,1920,1922,False,,,,no
Stan,Yates,Richmond,,7,179,1900-06-06,5,1925,1925,False,,,,no
Alby,Yeo,Essendon,,36,177,1929-11-06,5,1958,1958,False,,,,no
Gary,Young,Essendon,,29,185,1958-04-02,5,1977,1977,False,,,,no
Frank,Aked,WesternBulldogs,,32,180,1932-02-05,4,1951,1952,False,,,,no
Andy,Allan,Stkilda,,,,1869-06-13,4,1899,1899,False,,,,no
Jackson,Allen,Goldcoast,,31,179,1993-04-14,4,2012,2013,False,,,,no
Jarryd,Allen,Stkilda,,36,193,1988-01-14,4,2008,2008,False,,,,no
Mark,Alves,Melbourne,,39,180,1956-12-19,4,1977,1977,False,,,,no
Bill,Amery,Richmond,,9,,1894-09-16,4,1915,1915,False,,,,no
Les,Amery,Richmond,,31,170,1934-12-17,4,1956,1956,False,,,,no
Stephen,Anderson,Collingwood,,60,170,1968-01-17,4,1991,1991,False,,,,no
Syd,Anderson,Sydney,,28,191,1949-03-09,4,1976,1976,False,,,,no
Alby,Anderson,Richmond,,26,183,1894-08-26,4,1926,1926,False,,,,no
Bruce,Andrew,Stkilda,,22,183,1936-12-28,4,1958,1958,False,,,,no
Cody,Angove,GWS,GWS,29,182,2006-05-28,4,2025,2025,False,MEDIUM_FORWARD,nationalDraft,24,yes
Damien,Angove,Sydney,,24,184,1970-12-18,4,1992,1992,False,,,,no
Laurence,Angwin,Carlton,,47,200,1982-10-07,4,2003,2003,False,,,,no
Joe,Archer,Carlton,,,,1877-05-20,4,1899,1899,False,,,,no
Mac,Armstrong,Geelong,,,,1869-09-17,4,1897,1897,False,,,,no
Norm,Armstrong,WesternBulldogs,,15,170,1925-07-02,4,1947,1948,False,,,,no
Dave,Arrell,Carlton,,2,174,1913-04-05,4,1934,1934,False,,,,no
Jim,Ashton,Sydney,,7,,1891-04-12,4,1917,1917,False,,,,no
Jack,Atkins,Melbourne,,16,184,1916-12-19,4,1940,1940,False,,,,no
Art,Atkinson,Melbourne,,,174,1878-04-02,4,1898,1898,False,,,,no
Joe,Atley,PortAdelaide,,30,186,1998-08-04,4,2017,2019,False,,,,no
Harley,Balic,Fremantle.xlsx,,24,187,1997-01-05,4,2017,2017,False,,,,no
Paul,Barlow,Richmond,,48,193,1968-11-28,4,1988,1988,False,,,,no
Kevin,Barnewall,Richmond,,28,179,1925-08-04,4,1945,1945,False,,,,no
Kevin,Barrett,Sydney,,12,177,1915-07-10,4,1941,1941,False,,,,no
Bill,Barry,Collingwood,,2,,1899-02-07,4,1925,1925,False,,,,no
Grant,Bartholomaeus,Sydney,,44,178,1968-05-17,4,1986,1987,False,,,,no
Bill,Bartlett,Geelong,,32,179,1915-09-05,4,1941,1941,False,,,,no
Glen,Bartlett,WestCoast,,23,195,1964-06-10,4,1987,1987,False,,,,no
George,Batson,Stkilda,,28,177,1912-11-03,4,1933,1933,False,,,,no
Jim,Baxter,Collingwood,,,168,1887-10-08,4,1907,1909,False,,,,no
Mark,Bayliss,Collingwood,,11,193,1965-12-12,4,1989,1989,False,,,,no
Barrie,Beattie,WesternBulldogs,,9,188,1944-12-06,4,1964,1966,False,,,,no
Dave,Bedford,Melbourne,,26,178,1926-08-29,4,1950,1950,False,,,,no
Adrian,Beer,NorthMelbourne,,45,188,1943-09-25,4,1961,1961,False,,,,no
Rupe,Benstead,Essendon,,,,1889-06-05,4,1911,1911,False,,,,no
Ron,Blain,WesternBulldogs,,35,180,1940-10-05,4,1962,1963,False,,,,no
Justin,Bollenhagen,Fremantle.xlsx,,27,184,1991-12-17,4,2010,2011,False,,,,no
Herb,Boschen,Sydney,,21,188,1908-03-03,4,1932,1932,False,,,,no
Tony,Bourke,Carlton,,40,201,1976-06-13,4,1998,1999,False,,,,no
Stuart,Bown,Adelaide,,44,191,1978-08-24,4,2001,2001,False,,,,no
Rupe,Bradley,Carlton,,,175,1881-10-01,4,1904,1905,False,,,,no
Mark,Bradly,Melbourne,,40,197,1977-01-24,4,1998,1998,False,,,,no
Rob,Brady,Hawthorn,,18,177,1901-05-17,4,1928,1928,False,,,,no
Basil,Bretherton,NorthMelbourne,,21,180,1917-04-26,4,1943,1943,False,,,,no
Jeff,Brisbane,Geelong,,25,178,1924-10-22,4,1944,1947,False,,,,no
George,Brock,NorthMelbourne,,15,189,1919-04-03,4,1941,1941,False,,,,no
Fred,Brown,Hawthorn,,10,185,1896-01-30,4,1925,1926,False,,,,no
Bob,Brownhill,Richmond,,52,179,1943-12-05,4,1963,1963,False,,,,no
Dave,Browning,Carlton,,27,173,1932-05-26,4,1955,1955,False,,,,no
Clinton,Browning,WestCoast,,30,191,1962-07-03,4,1989,1989,False,,,,no
Arnold,Buntine,Stkilda,,28,180,1898-12-27,4,1918,1918,False,,,,no
Greg,Burgess,Hawthorn,,13,188,1945-08-08,4,1965,1966,False,,,,no
Adrian,Burns,Stkilda,,19,178,1971-08-05,4,1994,1994,False,,,,no
Peter,Burns,Stkilda,,36,175,1939-05-26,4,1959,1960,False,,,,no
Ian,Burt,Essendon,,20,183,1937-02-02,4,1959,1959,False,,,,no
Louis,Butler,WesternBulldogs,,18,184,2001-08-26,4,2020,2022,False,,,,no
Jack,Cahill,Carlton,,2,175,1895-06-01,4,1925,1925,False,,,,no
Tom,Calwell,Hawthorn,,26,179,1925-02-02,4,1946,1947,False,,,,no
Les,Cameron,NorthMelbourne,,37,183,1946-06-18,4,1967,1968,False,,,,no
Jim,Camm,Stkilda,,19,189,1932-05-27,4,1955,1955,False,,,,no
Tom,Campbell,Stkilda,Melbourne,38,200,1991-11-02,4,2022,2024,False,RUCK,NA,NA,yes
Russell,Campbell,Sydney,,23,180,1957-06-11,4,1978,1980,False,,,,no
John,Carlile,Sydney,,41,183,1942-01-08,4,1961,1961,False,,,,no
Bill,Carlson,Stkilda,,,,1885-11-17,4,1905,1906,False,,,,no
Clem,Carr,Melbourne,,19,180,1901-06-05,4,1928,1929,False,,,,no
Alister,Carr,Stkilda,,42,189,1973-05-03,4,1994,1994,False,,,,no
Bob,Carroll,Hawthorn,,20,185,1941-10-18,4,1965,1965,False,,,,no
Ben,Cavarra,WesternBulldogs,,25,173,1995-12-20,4,2020,2021,False,,,,no
Geoff,Cayzer,Stkilda,,31,191,1945-08-07,4,1967,1971,False,,,,no
Malakai,Champion,WestCoast,West Coast,37,172,2006-05-17,4,2025,2026,True,MEDIUM_FORWARD,other,NA,yes
John,Cheffers,Carlton,,32,180,1936-05-13,4,1955,1955,False,,,,no
Jim,Clapton,Carlton,,17,169,1927-02-27,4,1946,1946,False,,,,no
Bert,Clarke,NorthMelbourne,,15,185,1906-05-09,4,1933,1933,False,,,,no
Peter,Cleal,Stkilda,,10,185,1903-04-06,4,1925,1925,False,,,,no
Len,Clearson,Geelong,,9,,1901-03-07,4,1928,1928,False,,,,no
Ted,Collinson,Richmond,,10,175,1907-05-26,4,1932,1932,False,,,,no
Syd,Conlon,Sydney,,21,178,1898-10-09,4,1922,1922,False,,,,no
Jack,Connally,Stkilda,,21,178,1927-02-22,4,1947,1947,False,,,,no
Jim,Considine,WesternBulldogs,,,,1902-06-18,4,1926,1926,False,,,,no
Charlie,Constable,Goldcoast,,33,191,1999-05-18,4,2022,2023,False,,,,no
Brian,Cook,Melbourne,,20,180,1955-11-14,4,1977,1977,False,,,,no
Wally,Cook,Richmond,,13,177,1925-12-12,4,1947,1947,False,,,,no
Jarrod,Cotton,PortAdelaide,,44,185,1976-04-03,4,1997,1997,False,,,,no
Ron,Cotton,Sydney,,43,179,1942-12-24,4,1963,1963,False,,,,no
Frank,Coutts,NorthMelbourne,,,,1905-02-27,4,1928,1928,False,,,,no
Jaxon,Crabb,PortAdelaide,,42,178,1979-11-07,4,2002,2002,False,,,,no
Stewart,Crameri,Geelong,,36,190,1988-08-10,4,2018,2018,False,,,,no
Eddie,Cranage,Stkilda,,16,187,1917-06-12,4,1940,1940,False,,,,no
Bill,Crane,Collingwood,,29,173,1924-01-11,4,1943,1943,False,,,,no
Les,Crawley,Melbourne,,9,178,1927-03-11,4,1948,1948,False,,,,no
John,Crennan,Stkilda,,,171,1880-08-05,4,1901,1901,False,,,,no
Vince,Cross,NorthMelbourne,,36,184,1919-02-22,4,1943,1945,False,,,,no
Mark,Cross,WesternBulldogs,,46,171,1956-07-23,4,1974,1974,False,,,,no
Jim,Crossan,Sydney,,32,168,1902-12-19,4,1928,1928,False,,,,no
Shane,Crothers,Geelong,,38,198,1973-07-02,4,1994,1995,False,,,,no
Tom,Crouch,WesternBulldogs,,25,180,1916-02-23,4,1936,1936,False,,,,no
Jim,Crow,Stkilda,,,178,1885-10-31,4,1909,1910,False,,,,no
Joe,Crowl,Geelong,,,182,1883-12-13,4,1906,1906,False,,,,no
Alec,Crozier,Hawthorn,,28,188,1904-07-09,4,1926,1927,False,,,,no
John,Cumming,Melbourne,,40,178,1952-06-12,4,1973,1973,False,,,,no
Mark,Cumming,Stkilda,,,,1872-07-27,4,1898,1898,False,,,,no
Claude,Curtin,NorthMelbourne,,10,183,1920-07-04,4,1948,1948,False,,,,no
Ted,Davey,Richmond,,20,,1897-08-29,4,1917,1917,False,,,,no
Morrie,Davidson,NorthMelbourne,,,,,4,1930,1930,False,,,,no
Martin,Davis,Richmond,,37,177,1936-11-27,4,1956,1956,False,,,,no
Syd,Davis,Sydney,,37,183,1930-12-19,4,1949,1950,False,,,,no
Peter,Davison,NorthMelbourne,,39,180,1944-11-15,4,1964,1964,False,,,,no
Ray,Dawson,Sydney,,12,177,1941-05-08,4,1964,1964,False,,,,no
Bob,Dawson,Stkilda,,24,169,1921-01-03,4,1941,1941,False,,,,no
Roy,Day,NorthMelbourne,,24,177,1905-01-19,4,1926,1927,False,,,,no
Joseph,Daye,Goldcoast,,19,195,1990-02-02,4,2011,2011,False,,,,no
Harden,Dean,Melbourne,,29,178,1913-10-13,4,1936,1943,False,,,,no
John,Dean,Sydney,,38,188,1956-04-16,4,1975,1975,False,,,,no
George,Deas,Sydney,,8,178,1888-09-28,4,1911,1912,False,,,,no
Dave,Dick,WesternBulldogs,,25,173,1901-01-08,4,1926,1926,False,,,,no
Jock,Doherty,NorthMelbourne,,19,166,1894-10-03,4,1925,1925,False,,,,no
Doug,Dowling,Sydney,,34,168,1922-09-17,4,1946,1946,False,,,,no
Rob,Dowsing,Sydney,,27,173,1947-09-03,4,1969,1969,False,,,,no
Dal,Dozzi,NorthMelbourne,,29,183,1936-12-10,4,1956,1956,False,,,,no
Charlie,Dummett,Collingwood,,,175,1891-01-09,4,1909,1911,False,,,,no
Harry,Dwan,Hawthorn,,33,168,1918-12-08,4,1944,1944,False,,,,no
Ken,Dyer,Hawthorn,,30,183,1915-10-22,4,1941,1941,False,,,,no
Bill,Eastmure,Sydney,,25,187,1914-02-22,4,1943,1943,False,,,,no
Ben,Eckermann,PortAdelaide,,13,178,1987-03-12,4,2005,2005,False,,,,no
Wally,Edward,Essendon,,26,180,1899-04-06,4,1926,1926,False,,,,no
Ralph,Edwards,WesternBulldogs,,27,183,1935-06-07,4,1959,1959,False,,,,no
Jim,Eley,Stkilda,,35,185,1932-11-05,4,1953,1953,False,,,,no
Corey,Ellis,Goldcoast,,17,184,1996-10-09,4,2019,2019,False,,,,no
Bill,Elston,Melbourne,,31,170,1897-12-04,4,1915,1915,False,,,,no
Bert,Everett,Collingwood,,29,179,1904-11-27,4,1930,1930,False,,,,no
James,Ezard,PortAdelaide,,9,179,1986-03-24,4,2006,2006,False,,,,no
Jimmy,Farrell,Essendon,,18,178,1919-03-06,4,1943,1943,False,,,,no
Liam,Fawcett,Richmond,Richmond,43,197,2005-04-22,4,2025,2026,True,KEY_FORWARD,NA,NA,yes
Charlie,Fehring,Essendon,,7,188,1899-03-21,4,1921,1921,False,,,,no
George,Finegan,Geelong,,34,183,1935-03-31,4,1958,1958,False,,,,no
Ted,Fisher,Richmond,,28,179,1887-07-11,4,1918,1918,False,,,,no
Jack,Fitzpatrick,Hawthorn,,32,200,1991-06-26,4,2016,2017,False,,,,no
Danny,Flaherty,Collingwood,,,180,1873-03-19,4,1897,1897,False,,,,no
Trevor,Fletcher,Carlton,,33,192,1953-09-30,4,1976,1977,False,,,,no
Kevin,Flint,Collingwood,,13,180,1932-11-09,4,1952,1953,False,,,,no
Ernie,Foo,Stkilda,,23,177,1891-07-30,4,1914,1914,False,,,,no
Brad,Fox,Richmond,,42,185,1969-10-09,4,1993,1993,False,,,,no
Robert,Fuller,Richmond,,26,185,1964-10-21,4,1984,1984,False,,,,no
Col,Galbraith,Melbourne,,27,182,1920-04-03,4,1944,1944,False,,,,no
Billy,Gallagher,Geelong,,,,1885-08-11,4,1906,1906,False,,,,no
Billy,Gambetta,Sydney,,12,179,1897-04-06,4,1922,1922,False,,,,no
Joel,Garner,PortAdelaide,,27,184,1999-05-21,4,2019,2019,False,,,,no
Jack,Gaudion,Geelong,,26,180,1910-07-23,4,1936,1936,False,,,,no
Bobby,Gibb,Sydney,,5,,1902-06-01,4,1921,1921,False,,,,no
Brett,Gloury,Collingwood,,38,193,1968-12-03,4,1986,1987,False,,,,no
Dick,Godfrey,Richmond,,30,,1888-09-12,4,1917,1917,False,,,,no
Daniel,Gorringe,Carlton,,37,200,1992-06-02,4,2016,2016,False,,,,no
Paul,Goss,Melbourne,,31,169,1954-06-19,4,1976,1976,False,,,,no
Will,Gould,Sydney,,17,192,2001-01-14,4,2023,2023,False,,,,no
David,Gourdis,Richmond,,33,193,1989-03-14,4,2010,2011,False,,,,no
James,Gowans,Stkilda,,42,180,1977-03-13,4,1999,1999,False,,,,no
Billy,Grace,Essendon,,,180,1876-07-08,4,1900,1900,False,,,,no
Pat,Grace,Sydney,,19,185,1924-05-28,4,1944,1944,False,,,,no
Kevin,Green,Essendon,,37,180,1935-01-16,4,1957,1958,False,,,,no
Lindsay,Green,Sydney,,4,179,1930-02-21,4,1952,1954,False,,,,no
Dave,Griffiths,Stkilda,,28,185,1895-12-04,4,1924,1924,False,,,,no
Norm,Grigg,Geelong,,,174,1893-06-22,4,1911,1911,False,,,,no
Sam,Grimley,Essendon,,54,199,1991-01-03,4,2016,2016,False,,,,no
Housie,Grounds,Stkilda,,23,179,1903-09-09,4,1924,1924,False,,,,no
Byron,Guthrie,WesternBulldogs,,36,182,1935-12-28,4,1956,1957,False,,,,no
Harry,Guy,Sydney,,,,1881-06-04,4,1903,1903,False,,,,no
Owen,Guyatt,Sydney,,3,178,1921-04-26,4,1945,1945,False,,,,no
Brad,Gwilliam,Richmond,,39,190,1966-08-09,4,1992,1992,False,,,,no
Eric,Haggis,NorthMelbourne,,26,178,1915-04-29,4,1944,1944,False,,,,no
George,Hall,Stkilda,,,173,1880-04-16,4,1903,1903,False,,,,no
Frank,Halloran,WesternBulldogs,,27,183,1912-12-13,4,1937,1937,False,,,,no
Billy,Hammond,Collingwood,,,178,1887-10-25,4,1911,1911,False,,,,no
Ernie,Hammond,NorthMelbourne,,24,179,1910-06-26,4,1935,1935,False,,,,no
Robert,Handley,Stkilda,,21,183,1965-01-08,4,1989,1989,False,,,,no
Oliver,Hannaford,GWS,GWS,13,180,2006-09-01,4,2026,2026,True,MEDIUM_FORWARD,nationalDraft,18,yes
Jack,Hardy,Carlton,,8,166,1927-04-10,4,1949,1949,False,,,,no
Jim,Harper,Geelong,,,,1884-08-15,4,1906,1906,False,,,,no
Ray,Harrip,Geelong,,22,180,1935-10-21,4,1957,1957,False,,,,no
George,Harris,Geelong,,29,183,1902-01-31,4,1923,1923,False,,,,no
Johnny,Hart,Essendon,,,178,1888-10-01,4,1911,1911,False,,,,no
Aubrey,Hart,Stkilda,,19,171,1893-09-04,4,1911,1912,False,,,,no
Les,Harvey,Collingwood,,34,173,1909-11-10,4,1932,1932,False,,,,no
Anthony,Harvey,Stkilda,,16,176,1973-05-25,4,1994,1994,False,,,,no
George,Hawking,Carlton,,9,185,1902-05-22,4,1927,1927,False,,,,no
Bill,Hay,Hawthorn,,43,180,1934-06-27,4,1958,1958,False,,,,no
Bernie,Hayden,Stkilda,,40,180,1915-01-04,4,1936,1936,False,,,,no
Bill,Hayes,Essendon,,4,175,1896-04-30,4,1923,1924,False,,,,no
Arthur,Hewitson,Geelong,,27,175,1893-02-27,4,1920,1920,False,,,,no
Peter,Higgins,WestCoast,,29,198,1966-10-11,4,1989,1989,False,,,,no
Allan,Hird,Essendon,,39,183,1946-03-30,4,1966,1967,False,,,,no
Jack,Hiscock,Melbourne,,4,178,1924-03-01,4,1950,1950,False,,,,no
Gerald,Hogan,Richmond,,23,175,1891-09-06,4,1911,1912,False,,,,no
Jack,Holden,Geelong,,19,184,1910-09-07,4,1935,1935,False,,,,no
Artie,Hollis,Sydney,,,166,1878-05-20,4,1901,1901,False,,,,no
Allan,Hope,Melbourne,,6,180,1903-02-19,4,1928,1928,False,,,,no
Rod,Horrocks,Hawthorn,,37,175,1934-03-05,4,1955,1956,False,,,,no
Mike,Horsburgh,Collingwood,,17,197,1958-01-15,4,1980,1980,False,,,,no
Alby,Hosking,Stkilda,,,177,1885-07-27,4,1909,1909,False,,,,no
Eric,Humphrey,Carlton,,29,180,1900-11-20,4,1922,1922,False,,,,no
Kevin,Hunt,Carlton,,27,174,1933-12-03,4,1954,1954,False,,,,no
Graham,Hunter,Geelong,,25,183,1945-10-26,4,1965,1965,False,,,,no
Frank,Hunting,Essendon,,12,177,1910-03-08,4,1933,1933,False,,,,no
Les,Huntington,Collingwood,,10,180,1892-05-14,4,1914,1914,False,,,,no
Peter,Huntley,Stkilda,,52,185,1961-12-07,4,1981,1982,False,,,,no
Eric,Huppatz,WesternBulldogs,,10,173,1918-01-11,4,1941,1942,False,,,,no
Arthur,Hutchinson,NorthMelbourne,,18,183,1903-03-24,4,1926,1926,False,,,,no
John,Hynes,Carlton,,26,184,1979-02-23,4,1998,1998,False,,,,no
Adam,Iacobucci,Collingwood,,38,180,1986-01-17,4,2005,2006,False,,,,no
Matthew,Jackson,Stkilda,,18,179,1974-08-15,4,1995,1995,False,,,,no
Henri,Jeanneret,Melbourne,,,178,1878-01-01,4,1904,1904,False,,,,no
Bernie,Jeffrey,Sydney,,29,191,1933-09-03,4,1956,1956,False,,,,no
Changkuoth,Jiath,Melbourne,Melbourne,14,185,1999-06-13,4,2026,2026,True,MEDIUM_DEFENDER,NA,NA,yes
Ben,Jolley,Essendon,,35,185,1986-02-12,4,2006,2006,False,,,,no
Barney,Jorgensen,Stkilda,,48,177,1922-07-12,4,1943,1943,False,,,,no
Patrick,Karnezis,Collingwood,,33,191,1992-04-23,4,2015,2015,False,,,,no
Joe,Keating,Stkilda,,24,185,1922-01-24,4,1945,1945,False,,,,no
Jack,Keily,Carlton,,8,171,1898-08-06,4,1918,1918,False,,,,no
Sam,Kekovich,Collingwood,,8,187,1950-03-11,4,1977,1977,False,,,,no
Con,Kennedy,Essendon,,,,1879-06-10,4,1906,1906,False,,,,no
Jim,Keogh,Collingwood,,11,180,1897-09-10,4,1921,1921,False,,,,no
Johnny,Keon,Geelong,,,,1885-10-01,4,1908,1908,False,,,,no
Pat,Kerr,Carlton,,36,194,1998-07-31,4,2018,2018,False,,,,no
Kim,Kershaw,Hawthorn,,14,198,1959-01-25,4,1981,1982,False,,,,no
Col,Kimmorley,Collingwood,,39,188,1956-08-24,4,1976,1976,False,,,,no
Leo,King,Geelong,,38,198,1955-09-10,4,1981,1981,False,,,,no
Tasman,Knight,Sydney,,5,175,1906-11-20,4,1930,1930,False,,,,no
Dan,Knott,Richmond,,13,178,1918-06-20,4,1947,1947,False,,,,no
Wally,Koochew,Carlton,,,,1887-07-06,4,1908,1908,False,,,,no
Jim,Lacey,Richmond,,,,1887-11-22,4,1910,1910,False,,,,no
Bernie,Laffey,WesternBulldogs,,14,175,1928-03-03,4,1949,1949,False,,,,no
Lindsay,Lamb,Geelong,,12,177,1913-10-24,4,1933,1935,False,,,,no
Chris,Lamborn,Stkilda,,14,180,1916-04-03,4,1944,1944,False,,,,no
Alby,Landt,Stkilda,,,174,1888-09-19,4,1908,1908,False,,,,no
Gil,Langley,Essendon,,18,173,1919-09-14,4,1943,1943,False,,,,no
Martin,Larkin,Hawthorn,,31,182,1903-12-20,4,1925,1926,False,,,,no
Andy,Larkins,Geelong,,31,168,1928-10-30,4,1950,1950,False,,,,no
Trevor,Larkins,Richmond,,27,177,1963-08-06,4,1985,1985,False,,,,no
Paddy,Leahy,Carlton,,,,1874-05-16,4,1902,1902,False,,,,no
Archie,Leitch,Hawthorn,,2,177,1906-03-12,4,1928,1928,False,,,,no
Barry,Leslie,NorthMelbourne,,39,188,1946-04-27,4,1968,1968,False,,,,no
Ian,Letcher,Stkilda,,5,180,1935-07-21,4,1957,1957,False,,,,no
Bill,Lewis,NorthMelbourne,,33,191,1909-09-03,4,1931,1932,False,,,,no
Harry,Lewis,Carlton,,,,1880-06-05,4,1899,1899,False,,,,no
Cain,Liddle,Geelong,,35,182,1975-06-11,4,1994,1994,False,,,,no
Rex,Liddy,Goldcoast,,33,185,1992-01-02,4,2011,2011,False,,,,no
Matt,Ling,Sydney,,19,184,1999-04-21,4,2020,2021,False,,,,no
Jack,Loes,Stkilda,,17,183,1910-06-18,4,1932,1932,False,,,,no
Jim,Loriot,Carlton,,,,1879-01-16,4,1901,1901,False,,,,no
Richard,Lounder,Richmond,,37,203,1967-01-20,4,1989,1989,False,,,,no
Noel,Lovell,Richmond,,11,178,1961-09-26,4,1985,1986,False,,,,no
Mal,Lowrie,Sydney,,26,177,1898-03-10,4,1917,1917,False,,,,no
George,Lucas,Sydney,,18,175,1920-08-18,4,1947,1947,False,,,,no
Len,Ludbrooke,Collingwood,,14,175,1894-11-09,4,1920,1921,False,,,,no
Bruce,Lundgren,Stkilda,,3,174,1931-11-11,4,1952,1952,False,,,,no
Maurie,Lyon,Sydney,,5,179,1931-01-16,4,1953,1953,False,,,,no
Greg,MacDonald,Melbourne,,45,170,1954-12-01,4,1973,1973,False,,,,no
Johnny,MacGregor,Richmond,,,170,1889-12-03,4,1911,1911,False,,,,no
Neil,MacLeod,Stkilda,,28,175,1960-01-15,4,1980,1980,False,,,,no
Jack,MacMillan,WesternBulldogs,,29,178,1912-09-22,4,1936,1936,False,,,,no
Rhys,Magin,Essendon,,34,180,1989-03-04,4,2008,2008,False,,,,no
Jimmy,Maher,Sydney,,6,171,1913-04-11,4,1937,1937,False,,,,no
Joshua,Mail,Adelaide,,8,172,1974-12-18,4,1994,1994,False,,,,no
Brett,Marchant,Melbourne,,48,185,1959-10-29,4,1977,1977,False,,,,no
Peter,Marshall,Collingwood,,26,171,1954-12-09,4,1977,1977,False,,,,no
Nick,Marshall,Geelong,,,185,1875-11-28,4,1907,1908,False,,,,no
Neil,Marshall,WestCoast,,43,182,1977-07-06,4,1997,1998,False,,,,no
Ron,Martin,Sydney,,8,177,1904-09-14,4,1930,1930,False,,,,no
Geoff,Mason,Melbourne,,15,182,1930-05-06,4,1951,1951,False,,,,no
Vic,Mather,WesternBulldogs,,34,175,1924-12-09,4,1945,1946,False,,,,no
Ian,Mathers,Hawthorn,,33,183,1930-09-07,4,1951,1954,False,,,,no
Les,May,Geelong,,2,180,1934-04-06,4,1956,1956,False,,,,no
Charlie,McCartney,Essendon,,,,1873-03-17,4,1899,1899,False,,,,no
John,McCashney,Hawthorn,,23,170,1932-05-31,4,1953,1954,False,,,,no
Tom,McCluskey,Carlton,,,179,1890-08-31,4,1910,1910,False,,,,no
Daniel,McConnell,NorthMelbourne,,5,189,1986-06-21,4,2006,2006,False,,,,no
Frank,McCooey,Melbourne,,,174,1888-09-26,4,1906,1906,False,,,,no
Peter,McCormack,Richmond,,15,188,1956-08-01,4,1986,1986,False,,,,no
Damien,McCormack,WesternBulldogs,,28,182,1987-01-28,4,2006,2006,False,,,,no
Alan,McCrory,Sydney,,24,178,1918-02-26,4,1941,1943,False,,,,no
Rhoda,McDonald,Carlton,,,180,1878-04-29,4,1901,1901,False,,,,no
Ernie,McDonald,Richmond,,,184,1883-01-26,4,1908,1908,False,,,,no
Ernie,McDougall,Sydney,,,161,1885-09-28,4,1902,1903,False,,,,no
Hector,McFadyen,Essendon,,21,178,1892-10-29,4,1920,1920,False,,,,no
Rod,McFarlane,Essendon,,20,191,1950-12-16,4,1971,1971,False,,,,no
George,McGann,Carlton,,,,1881-01-17,4,1901,1901,False,,,,no
Wes,McGaw,Collingwood,,39,185,1950-06-06,4,1972,1972,False,,,,no
Martin,McGrath,Richmond,,30,180,1984-02-23,4,2003,2003,False,,,,no
Jack,McIntosh,Melbourne,,,177,1878-09-26,4,1906,1906,False,,,,no
Bob,McIntosh,Stkilda,,29,183,1921-10-17,4,1945,1946,False,,,,no
Jack,McIntyre,Essendon,,,,1881-09-24,4,1903,1903,False,,,,no
Joel,McKay,Geelong,,38,184,1979-07-16,4,1998,2000,False,,,,no
Don,McKellar,Melbourne,,,179,1884-07-06,4,1903,1905,False,,,,no
Arthur,McKenzie,Geelong,,,183,1879-12-25,4,1898,1898,False,,,,no
Bill,McKenzie,Richmond,,19,183,1934-12-11,4,1958,1958,False,,,,no
Shaun,McKernan,Stkilda,,27,196,1990-09-01,4,2021,2021,False,,,,no
Mick,McLaren,Stkilda,,27,182,1936-04-03,4,1955,1955,False,,,,no
Lindsay,McLure,WesternBulldogs,,16,187,1913-06-12,4,1937,1938,False,,,,no
Tom,McNamara,Melbourne,,30,190,1990-04-29,4,2009,2011,False,,,,no
Lindsay,McNamara,Sydney,,12,183,1918-08-13,4,1939,1940,False,,,,no
Leo,McPartland,Collingwood,,32,170,1920-06-26,4,1943,1943,False,,,,no
Peter,McPhee,WesternBulldogs,,29,170,1934-01-12,4,1954,1954,False,,,,no
Ian,McTaggart,NorthMelbourne,,25,185,1920-05-10,4,1942,1942,False,,,,no
Kevin,Meade,NorthMelbourne,,24,178,1935-03-24,4,1957,1958,False,,,,no
Johnny,Meadows,Essendon,,,,1880-07-25,4,1903,1903,False,,,,no
Jack,Meagher,Sydney,,3,182,1930-07-23,4,1953,1954,False,,,,no
John,Meesen,Melbourne,,26,200,1986-06-20,4,2009,2009,False,,,,no
Troy,Menzel,Adelaide,,32,187,1994-09-22,4,2017,2017,False,,,,no
Jock,Menzies,Stkilda,,10,170,1887-10-31,4,1913,1913,False,,,,no
Ian,Miles,Richmond,,48,183,1952-10-15,4,1971,1972,False,,,,no
Darren,Minchington,Hawthorn,,38,179,1993-12-09,4,2020,2020,False,,,,no
Kevin,Mithen,Sydney,,3,178,1936-04-14,4,1962,1962,False,,,,no
Jack,Mohr,Stkilda,,14,179,1906-07-11,4,1929,1929,False,,,,no
Duncan,Moodie,Stkilda,,24,179,1897-05-07,4,1923,1923,False,,,,no
Bill,Moodie,Geelong,,,,1879-10-24,4,1901,1901,False,,,,no
Vern,Moore,Richmond,,23,164,1895-05-11,4,1925,1925,False,,,,no
John,Morgan,Melbourne,,42,188,1953-04-28,4,1973,1973,False,,,,no
Hugh,Morris,Stkilda,,8,182,1932-01-22,4,1956,1956,False,,,,no
Colin,Morse,Collingwood,,17,188,1955-06-29,4,1973,1974,False,,,,no
Irving,Mosquito,Essendon,,22,176,2000-08-24,4,2020,2020,False,,,,no
Lance,Mounsey,Collingwood,,5,177,1890-06-02,4,1912,1912,False,,,,no
Frank,Mount,Carlton,,23,163,1903-03-17,4,1927,1928,False,,,,no
Milan,Murdock,WestCoast,West Coast,47,180,2000-06-30,4,2026,2026,True,MEDIUM_FORWARD,preseason,NA,yes
Alex,Murray,Richmond,,,178,1885-12-26,4,1909,1909,False,,,,no
Frank,Murrells,Geelong,,26,169,1902-09-15,4,1924,1925,False,,,,no
Kurt,Mutimer,WestCoast,,38,184,1997-03-11,4,2017,2017,False,,,,no
Tendai,Mzungu,GWS,,25,183,1986-02-28,4,2017,2017,False,,,,no
Vic,Nankervis,Sydney,,22,169,1918-11-17,4,1946,1946,False,,,,no
Stephen,Nankervis,Geelong,,23,175,1890-02-11,4,1912,1913,False,,,,no
Jeremy,Nichols,Melbourne,,39,178,1965-11-04,4,1986,1986,False,,,,no
Frank,Nielsen,WesternBulldogs,,18,178,1891-03-01,4,1925,1925,False,,,,no
Jack,Nilson,Collingwood,,20,175,1919-03-15,4,1944,1944,False,,,,no
Dick,OBree,Collingwood,,34,188,1936-06-05,4,1956,1957,False,,,,no
Tom,OBrien,Melbourne,,21,184,1904-04-13,4,1926,1926,False,,,,no
Jamie,OReilly,Richmond,,42,184,1988-04-28,4,2010,2011,False,,,,no
Basil,ORourke,Richmond,,25,173,1930-01-27,4,1951,1951,False,,,,no
Con,OToole,Melbourne,,9,182,1930-02-25,4,1950,1950,False,,,,no
Jim,Oakes,Hawthorn,,10,180,1912-06-10,4,1936,1936,False,,,,no
Max,Oates,WesternBulldogs,,48,173,1942-04-19,4,1960,1960,False,,,,no
Laurie,Ogilvie,Melbourne,,,175,1877-05-31,4,1901,1901,False,,,,no
Alex,Ogilvy,Melbourne,,33,171,1901-12-26,4,1921,1921,False,,,,no
Keith,Osmond,Collingwood,,30,165,1899-01-26,4,1926,1926,False,,,,no
Luke,Ottens,Melbourne,,37,194,1976-05-22,4,1999,1999,False,,,,no
Roy,Outram,Richmond,,28,178,1901-02-19,4,1928,1928,False,,,,no
John,Paice,Carlton,,33,180,1931-12-04,4,1955,1955,False,,,,no
Jack,Palmer,Stkilda,,5,,1905-01-02,4,1926,1926,False,,,,no
Bob,Parsons,WesternBulldogs,,32,180,1941-12-19,4,1963,1963,False,,,,no
Ben,Paton,Sydney,,25,187,1998-10-19,4,2025,2025,False,,,,no
Artie,Pattinson,Stkilda,,,189,1880-05-13,4,1909,1909,False,,,,no
Frank,Pattison,Stkilda,,3,183,1928-09-29,4,1951,1951,False,,,,no
Les,Patton,Richmond,,28,168,1915-10-24,4,1936,1937,False,,,,no
Fred,Pearce,Collingwood,,36,175,1916-09-04,4,1938,1938,False,,,,no
Alan,Peel,Stkilda,,25,174,1908-12-29,4,1932,1933,False,,,,no
Dan,Pender,Carlton,,,174,1873-03-17,4,1898,1898,False,,,,no
Jack,Pender,Geelong,,,177,1885-11-01,4,1908,1908,False,,,,no
Justin,Perkins,NorthMelbourne,,43,188,1983-01-07,4,2005,2005,False,,,,no
Nick,Pesch,Melbourne,,28,173,1974-06-25,4,1997,1997,False,,,,no
Bill,Peters,Sydney,,24,178,1898-03-26,4,1922,1922,False,,,,no
Len,Phillips,Essendon,,30,171,1890-04-14,4,1918,1918,False,,,,no
John,Pike,Essendon,,26,175,1891-07-18,4,1913,1913,False,,,,no
Jeff,Pitts,Collingwood,,38,175,1950-07-12,4,1969,1969,False,,,,no
Mick,Plant,Sydney,,49,177,1953-06-01,4,1972,1972,False,,,,no
Eric,Poole,Sydney,,40,,1903-08-29,4,1929,1929,False,,,,no
John,Price,Hawthorn,,47,191,1944-09-24,4,1965,1965,False,,,,no
Vic,Profitt,Geelong,,2,171,1898-05-24,4,1924,1925,False,,,,no
Josh,Prudden,WesternBulldogs,,28,182,1994-09-06,4,2015,2015,False,,,,no
Bob,Puflett,Melbourne,,,174,1881-08-17,4,1902,1902,False,,,,no
Mick,Pullen,NorthMelbourne,,,185,1921-01-07,4,1943,1946,False,,,,no
Ray,Quinn,Carlton,,30,175,1913-12-24,4,1933,1935,False,,,,no
Joe,Rahilly,Stkilda,,21,174,1896-06-22,4,1918,1918,False,,,,no
Harry,Ralph,Essendon,,32,174,1919-05-21,4,1945,1945,False,,,,no
Roy,Rawlings,WesternBulldogs,,12,179,1921-01-28,4,1945,1945,False,,,,no
Farren,Ray,NorthMelbourne,,44,187,1986-03-23,4,2016,2016,False,,,,no
Jim,Redstone,Sydney,,8,179,1915-12-03,4,1938,1938,False,,,,no
Doy,Reed,Geelong,,30,165,1895-07-01,4,1919,1919,False,,,,no
George,Renwick,Carlton,,,187,1886-05-12,4,1909,1909,False,,,,no
Tom,Reynolds,Stkilda,,30,180,1916-11-21,4,1945,1945,False,,,,no
Almond,Richards,Essendon,,22,179,1911-04-03,4,1936,1936,False,,,,no
Doug,Ringholt,Carlton,,35,179,1942-09-08,4,1963,1964,False,,,,no
Deven,Robertson,WestCoast,West Coast,40,182,2001-06-30,4,2026,2026,True,MIDFIELDER,nationalDraft,22,yes
Haydn,Robins,Richmond,,32,184,1972-08-09,4,1994,1994,False,,,,no
John,Robson,Stkilda,,20,189,1933-07-12,4,1956,1956,False,,,,no
Jack,Rogers,Stkilda,,13,183,1913-03-30,4,1940,1941,False,,,,no
Carl,Rohde,Hawthorn,,18,184,1910-09-29,4,1935,1935,False,,,,no
Bruce,Rohde,WesternBulldogs,,45,183,1950-01-31,4,1971,1971,False,,,,no
Eddie,Rosenbrock,Sydney,,18,187,1908-02-06,4,1929,1930,False,,,,no
Ben,Ross,Hawthorn,,21,179,1988-09-21,4,2014,2014,False,,,,no
Tom,Rowe,Hawthorn,,9,185,1920-01-07,4,1942,1942,False,,,,no
Peter,Ruscuklic,Geelong,,29,191,1955-12-15,4,1977,1977,False,,,,no
Arthur,Ryan,Carlton,,,174,1880-10-01,4,1904,1904,False,,,,no
Laurie,Sandilands,Collingwood,,19,188,1949-04-30,4,1978,1978,False,,,,no
Ray,Sarcevic,Geelong,,13,183,1964-02-14,4,1984,1985,False,,,,no
Billy,Sarll,Stkilda,,12,174,1899-10-09,4,1920,1920,False,,,,no
George,Savige,WesternBulldogs,,21,178,1940-11-15,4,1962,1962,False,,,,no
Harry,Sawyer,Essendon,,28,178,1893-10-22,4,1918,1918,False,,,,no
Chris,Scerri,Fremantle.xlsx,,45,177,2006-07-06,4,2026,2026,True,,,,no
Josh,Schache,Melbourne,,19,199,1997-08-21,4,2023,2024,False,,,,no
Barry,Schmidt,Carlton,,34,180,1944-02-15,4,1965,1965,False,,,,no
Harry,Schoenberg,WestCoast,West Coast,48,180,2001-02-21,4,2026,2026,True,MEDIUM_FORWARD,nationalDraft,24,yes
Bill,Scott,Essendon,,29,188,1890-02-19,4,1915,1915,False,,,,no
Clarrie,Semmel,NorthMelbourne,,,179,1910-04-30,4,1930,1930,False,,,,no
Ben,Sexton,Carlton,,25,191,1972-10-29,4,1996,1996,False,,,,no
Jack,Sexton,NorthMelbourne,,26,173,1925-08-13,4,1946,1946,False,,,,no
Damian,Sexton,Stkilda,,52,178,1968-12-03,4,1990,1990,False,,,,no
Haydn,Sharp,WesternBulldogs,,14,173,1920-10-20,4,1939,1939,False,,,,no
Percy,Sheehan,Richmond,,4,180,1883-07-05,4,1912,1912,False,,,,no
David,Shepherd,Stkilda,,48,173,1956-08-03,4,1976,1977,False,,,,no
Frank,Silcock,Stkilda,,6,,1894-10-17,4,1921,1921,False,,,,no
George,Simmonds,Melbourne,,27,177,1895-07-16,4,1924,1924,False,,,,no
Fred,Simms,Sydney,,36,180,1929-03-06,4,1949,1950,False,,,,no
Jonathan,Simpkin,Essendon,,52,181,1987-10-28,4,2016,2016,False,,,,no
Jim,Slater,Carlton,,,177,1884-02-21,4,1905,1905,False,,,,no
Wal,Smallhorn,Sydney,,,175,1881-07-05,4,1905,1906,False,,,,no
Oskar,Smartt,Essendon,,47,180,2005-10-26,4,2025,2025,False,,,,no
Andrew,Smith,Sydney,,8,180,1960-08-28,4,1985,1985,False,,,,no
Tanner,Smith,Fremantle.xlsx,,22,196,1994-03-08,4,2013,2016,False,,,,no
Jim,Smith,Hawthorn,,8,188,1947-12-08,4,1968,1968,False,,,,no
Kim,Smith,Melbourne,,32,191,1952-06-23,4,1975,1975,False,,,,no
Percy,Smith,Richmond,,20,,1887-09-30,4,1912,1912,False,,,,no
Anthony,Smith,Richmond,,33,188,1951-04-12,4,1969,1972,False,,,,no
John,Smith,Stkilda,,28,173,1933-04-19,4,1952,1952,False,,,,no
Shayne,Smith,Sydney,,40,190,1975-06-12,4,1994,1994,False,,,,no
Wally,Southern,Stkilda,,13,178,1921-10-26,4,1946,1946,False,,,,no
Bradley,Sparks,Melbourne,,42,180,1967-08-21,4,1987,1988,False,,,,no
Percy,Speakman,Richmond,,,179,1885-11-05,4,1908,1908,False,,,,no
Ernie,Spence,Carlton,,33,166,1918-09-21,4,1944,1944,False,,,,no
Don,Stanley,Sydney,,36,178,1945-04-16,4,1964,1964,False,,,,no
Frank,Stewart,Hawthorn,,18,166,1910-08-11,4,1931,1931,False,,,,no
Don,Stewart,Stkilda,,23,178,1913-07-16,4,1932,1932,False,,,,no
Cyril,Suares,Collingwood,,27,170,1888-06-02,4,1913,1913,False,,,,no
Bill,Sweeney,Melbourne,,35,171,1914-06-02,4,1934,1935,False,,,,no
Eric,Sweet,Sydney,,16,179,1918-03-02,4,1941,1943,False,,,,no
Alby,Sykes,Essendon,,,,1883-02-17,4,1907,1907,False,,,,no
Harry,Symonds,Melbourne,,,,1880-12-22,4,1907,1907,False,,,,no
Barry,Takle,Hawthorn,,31,188,1935-01-12,4,1955,1955,False,,,,no
Angelo,Tantsis,WesternBulldogs,,48,183,1958-01-03,4,1978,1979,False,,,,no
Jason,Taylor,Collingwood,,15,196,1968-09-23,4,1997,1997,False,,,,no
Troy,Taylor,Richmond,,44,189,1991-09-12,4,2010,2010,False,,,,no
Ron,Taylor,Stkilda,,40,188,1932-07-20,4,1958,1958,False,,,,no
Elijah,Taylor,Sydney,,37,188,2001-05-01,4,2020,2020,False,,,,no
Tony,Thiessen,NorthMelbourne,,38,183,1942-05-25,4,1965,1965,False,,,,no
Ray,Thomas,Collingwood,,17,175,1940-07-02,4,1961,1961,False,,,,no
Richie,Thomas,Essendon,,10,178,1915-07-13,4,1941,1941,False,,,,no
Bill,Thomas,NorthMelbourne,,16,173,1930-01-21,4,1951,1952,False,,,,no
Ewan,Thompson,Richmond,,34,179,1977-03-29,4,1997,1997,False,,,,no
Adam,Thomson,Richmond,,31,184,1986-08-21,4,2009,2010,False,,,,no
Jim,Tibballs,Collingwood,,30,178,1922-09-23,4,1944,1944,False,,,,no
Shane,Tongerie,Adelaide,,17,184,1971-02-10,4,1994,1994,False,,,,no
Bernie,Trafford,Hawthorn,,30,179,1902-09-03,4,1926,1927,False,,,,no
Mark,Trewella,Richmond,,36,186,1966-06-28,4,1991,1991,False,,,,no
Ern,Trickey,Sydney,,42,185,1933-11-08,4,1957,1957,False,,,,no
Gerry,Tuite,NorthMelbourne,,,179,1910-02-14,4,1929,1929,False,,,,no
Russell,Tulloch,Sydney,,45,178,1942-01-15,4,1962,1962,False,,,,no
Jack,Tuohill,Geelong,,5,178,1919-03-13,4,1944,1944,False,,,,no
Noel,Tyrrell,Sydney,,23,184,1932-09-12,4,1954,1955,False,,,,no
Keren,Ugle,Fremantle.xlsx,,41,176,1979-07-07,4,2001,2001,False,,,,no
Jim,Veal,Melbourne,,6,170,1901-09-13,4,1926,1927,False,,,,no
Jim,Veitch,Hawthorn,,32,185,1905-01-08,4,1930,1930,False,,,,no
Steven,Venner,NorthMelbourne,,50,200,1969-09-05,4,1989,1989,False,,,,no
John,Vickery,Collingwood,,20,184,1951-07-06,4,1971,1972,False,,,,no
Ernie,Vollugi,Melbourne,,,173,1879-01-06,4,1904,1904,False,,,,no
Peter,Warburton,Carlton,,23,174,1951-09-03,4,1971,1972,False,,,,no
Clive,Watson,Richmond,,13,173,1924-04-12,4,1948,1948,False,,,,no
Les,Weate,Sydney,,,,1885-03-18,4,1904,1907,False,,,,no
Bruce,Webb,Geelong,,23,175,1939-11-27,4,1960,1960,False,,,,no
Kevin,Webb,Melbourne,,6,173,1928-10-02,4,1951,1951,False,,,,no
Jack,West,Melbourne,,,173,1889-02-17,4,1906,1907,False,,,,no
Joel,Western,Fremantle.xlsx,,34,171,2002-10-12,4,2021,2021,False,,,,no
Albert,Western,Richmond,,25,178,1923-02-13,4,1952,1952,False,,,,no
Ken,Wharton,Sydney,,20,196,1942-06-02,4,1964,1964,False,,,,no
Stan,Whight,WesternBulldogs,,5,173,1907-05-02,4,1927,1927,False,,,,no
Bill,Whitbourne,Collingwood,,27,184,1902-08-03,4,1924,1924,False,,,,no
Greg,Whitcroft,Collingwood,,37,183,1960-04-06,4,1978,1978,False,,,,no
Horrie,White,Carlton,,29,,1892-05-20,4,1917,1918,False,,,,no
Mitch,White,Melbourne,,41,188,1996-04-10,4,2015,2017,False,,,,no
James,White,Richmond,,31,181,1980-01-21,4,2000,2000,False,,,,no
Clarrie,White,WesternBulldogs,,34,168,1914-02-27,4,1937,1937,False,,,,no
Gregory,Whittlesea,Hawthorn,,29,183,1963-07-23,4,1991,1991,False,,,,no
Mark,Williams,Essendon,,33,180,1983-04-13,4,2010,2010,False,,,,no
Frank,Williams,Melbourne,,20,177,1914-10-01,4,1938,1941,False,,,,no
Ted,Williams,Hawthorn,,26,178,1912-05-23,4,1935,1935,False,,,,no
Grant,Williams,Melbourne,,36,188,1969-11-15,4,1992,1992,False,,,,no
Bob,Willis,Hawthorn,,40,178,1942-10-24,4,1965,1965,False,,,,no
Bob,Wilson,Essendon,,26,180,1945-10-04,4,1966,1966,False,,,,no
Billy,Wilson,Carlton,Carlton,35,183,2005-06-16,4,2025,2025,False,MEDIUM_DEFENDER,nationalDraft,34,yes
Ben,Wilson,Sydney,,32,191,1977-02-25,4,1997,1997,False,,,,no
Lou,Wilson,Richmond,,23,180,1887-04-19,4,1913,1915,False,,,,no
Clinton,Wolf,Fremantle.xlsx,,20,195,1968-12-18,4,1995,1995,False,,,,no
Don,Worland,Geelong,,31,189,1932-06-08,4,1953,1953,False,,,,no
John,Worland,Geelong,,39,183,1934-01-17,4,1957,1957,False,,,,no
Len,Worle,Essendon,,8,174,1889-05-26,4,1912,1912,False,,,,no
James,Worpel,Geelong,Geelong,29,185,1999-01-24,4,2026,2026,True,MIDFIELDER,nationalDraft,45,yes
Ray,Wynd,NorthMelbourne,,25,173,1921-01-06,4,1940,1941,False,,,,no
Les,Abbott,Melbourne,,27,178,1885-06-09,3,1912,1912,False,,,,no
Ian,Abraham,Collingwood,,2,180,1941-10-24,3,1960,1961,False,,,,no
Artie,Adams,Sydney,,14,182,1891-09-04,3,1915,1915,False,,,,no
Jack,Adamson,Sydney,,,178,1873-01-06,3,1897,1898,False,,,,no
Charlie,Ahern,Collingwood,,2,180,1905-06-25,3,1929,1929,False,,,,no
Peter,Allan,Stkilda,,27,182,1935-01-09,3,1955,1955,False,,,,no
Dick,Allen,Collingwood,,3,168,1921-12-22,3,1943,1943,False,,,,no
John,Altmann,Geelong,,14,180,1916-12-08,3,1944,1944,False,,,,no
Richard,Ambrose,Sydney,,37,191,1972-06-10,3,1993,1993,False,,,,no
Les,Ames,Collingwood,,31,182,1912-08-29,3,1931,1931,False,,,,no
Bert,Amey,Hawthorn,,35,166,1924-11-25,3,1944,1944,False,,,,no
Angus,Anderson,Collingwood,Collingwood,41,193,2003-05-25,3,2026,2026,True,MIDFIELDER_FORWARD,nationalDraft,57,yes
John,Anderson,Essendon,,,,1888-05-31,3,1907,1907,False,,,,no
Bernie,Anderson,Richmond,,39,188,1941-01-29,3,1959,1960,False,,,,no
David,Antonowicz,WestCoast,,4,194,1980-06-01,3,2000,2000,False,,,,no
George,Ashman,Collingwood,,,,1879-08-29,3,1901,1901,False,,,,no
Rory,Atkins,PortAdelaide,,32,186,1994-07-12,3,2025,2025,False,,,,no
Bill,Atkinson,Melbourne,,,171,1876-10-12,3,1898,1898,False,,,,no
Ted,Atkinson,NorthMelbourne,,7,175,1920-09-22,3,1946,1946,False,,,,no
Jack,Atkinson,Richmond,,20,187,1928-06-23,3,1950,1950,False,,,,no
Mark,Attard,NorthMelbourne,,48,176,1974-07-29,3,1992,1992,False,,,,no
Fred,Backway,Melbourne,,21,170,1913-10-02,3,1935,1937,False,,,,no
Travis,Baird,WesternBulldogs,,20,193,1986-07-25,3,2006,2006,False,,,,no
Edward,Baker,WesternBulldogs,,9,165,1901-01-21,3,1934,1934,False,,,,no
Ian,Baker,Richmond,,26,185,1955-08-04,3,1980,1980,False,,,,no
Herb,Baker,Stkilda,,,179,1879-06-09,3,1910,1910,False,,,,no
Connor,Ballenden,Brisbane,,38,200,1999-03-29,3,2020,2021,False,,,,no
Craig,Balme,Richmond,,36,191,1961-03-05,3,1983,1983,False,,,,no
Vern,Banbury,Stkilda,,,180,1890-08-21,3,1909,1910,False,,,,no
Matthew,Banks,Essendon,,48,199,1976-07-20,3,1997,1998,False,,,,no
Chris,Bant,Geelong,,24,174,1881-02-21,3,1912,1912,False,,,,no
Bert,Barnes,Richmond,,20,,1890-05-22,3,1915,1916,False,,,,no
Pat,Barr,Essendon,,,,1878-02-03,3,1898,1898,False,,,,no
Sam,Barrett,Richmond,,6,183,1905-01-22,3,1925,1925,False,,,,no
Arthur,Batchelor,NorthMelbourne,,40,168,1902-11-25,3,1932,1932,False,,,,no
George,Bates,Sydney,,10,180,1914-01-05,3,1940,1940,False,,,,no
Ron,Battams,Stkilda,,22,182,1928-04-16,3,1952,1952,False,,,,no
Harry,Beasley,Geelong,,14,184,1919-07-26,3,1944,1944,False,,,,no
Jonathon,Beech,Adelaide,,1,188,1990-11-09,3,2017,2017,False,,,,no
Aiden,Begg,Collingwood,,39,197,2002-10-08,3,2022,2022,False,,,,no
Col,Bendelle,WesternBulldogs,,38,173,1944-07-13,3,1963,1963,False,,,,no
Cliff,Bennett,Essendon,,,178,1884-03-17,3,1907,1907,False,,,,no
Don,Benson,Richmond,,29,170,1920-04-09,3,1945,1945,False,,,,no
Barry,Besanko,Essendon,,49,179,1956-08-15,3,1980,1980,False,,,,no
Francis,Biehl,Sydney,,,,1890-05-23,3,1910,1910,False,,,,no
Billy,Billett,Sydney,,20,171,1888-05-21,3,1923,1923,False,,,,no
Johnny,Blake,Carlton,,21,180,1930-11-17,3,1951,1951,False,,,,no
Colin,Bock,Stkilda,,27,185,1934-09-29,3,1956,1956,False,,,,no
Glenn,Boland,Stkilda,,13,180,1962-07-04,3,1985,1985,False,,,,no
Merv,Bolger,NorthMelbourne,,2,166,1919-06-14,3,1940,1940,False,,,,no
Frank,Booth,Hawthorn,,36,179,1916-02-28,3,1939,1939,False,,,,no
Jack,Borlase,WesternBulldogs,,,182,1921-01-09,3,1941,1941,False,,,,no
Darren,Bower,Richmond,,37,182,1968-01-20,3,1987,1987,False,,,,no
Reg,Boyle,Collingwood,,2,185,1903-03-03,3,1925,1932,False,,,,no
Ryan,Brabazon,Sydney,,34,182,1986-12-26,3,2008,2009,False,,,,no
Joe,Bray,Melbourne,,,179,1886-10-26,3,1908,1908,False,,,,no
Peter,Bretherton,Geelong,,9,173,1905-04-18,3,1929,1929,False,,,,no
Lloyd,Brewer,Richmond,,21,193,1929-02-21,3,1953,1953,False,,,,no
John,Brimacombe,Geelong,,7,193,1953-07-12,3,1977,1977,False,,,,no
David,Brine,Collingwood,,51,185,1960-04-04,3,1980,1980,False,,,,no
Arthur,Britt,Stkilda,,,,1883-05-17,3,1903,1903,False,,,,no
Alan,Broadley,Sydney,,19,189,1920-09-13,3,1941,1941,False,,,,no
Ray,Broadway,Sydney,,50,178,1938-01-26,3,1959,1959,False,,,,no
Norm,Brooker,Richmond,,,177,1889-09-28,3,1911,1911,False,,,,no
Len,Brown,NorthMelbourne,,35,187,1910-11-02,3,1934,1934,False,,,,no
Harry,Brown,Stkilda,,5,173,1903-10-16,3,1927,1927,False,,,,no
Hedley,Bryant,Essendon,,,171,1885-11-23,3,1910,1910,False,,,,no
Ken,Bryant,Stkilda,,16,183,1922-11-12,3,1943,1943,False,,,,no
Dick,Bryar,Essendon,,10,179,1925-02-16,3,1948,1948,False,,,,no
Otto,Buck,Carlton,,,,1876-11-15,3,1897,1897,False,,,,no
Ed,Buckley,Melbourne,,15,191,1889-02-09,3,1915,1915,False,,,,no
Jim,Burchill,Richmond,,27,170,1897-10-25,3,1918,1918,False,,,,no
Ted,Burke,Collingwood,,,,1877-07-18,3,1900,1900,False,,,,no
David,Burke,Essendon,,29,189,1959-11-06,3,1980,1980,False,,,,no
Harry,Burton,Richmond,,,,1887-03-18,3,1910,1910,False,,,,no
Fred,Burton,Stkilda,,22,182,1918-06-04,3,1943,1943,False,,,,no
Gerard,Butts,Carlton,,40,190,1966-11-19,3,1988,1989,False,,,,no
Matt,Byrachevski,WesternBulldogs,,28,169,1958-11-03,3,1980,1980,False,,,,no
Pat,Cahill,Stkilda,,,188,1919-07-25,3,1948,1948,False,,,,no
Jackson,Callow,Hawthorn,,45,194,2002-06-11,3,2022,2022,False,,,,no
Jim,Calvert,Stkilda,,46,179,1917-09-06,3,1943,1943,False,,,,no
Lucas,Camporeale,Carlton,Carlton,21,184,2006-07-21,3,2025,2025,False,MIDFIELDER,fatherSon,54,yes
Stefan,Carey,Brisbane,,30,197,1976-01-25,3,2000,2000,False,,,,no
Harry,Carey,Essendon,,4,,1916-01-30,3,1936,1936,False,,,,no
Vernon,Carkeek,Collingwood,,3,169,1893-02-13,3,1915,1916,False,,,,no
George,Carpenter,Stkilda,,,,1881-05-28,3,1901,1902,False,,,,no
Trevor,Carrodus,Sydney,,38,188,1952-11-29,3,1971,1972,False,,,,no
Ted,Carroll,Collingwood,,39,183,1955-07-11,3,1978,1978,False,,,,no
Tommy,Carswell,Stkilda,,16,,1901-10-22,3,1925,1926,False,,,,no
Nick,Carter,Melbourne,,32,179,1978-04-28,3,1999,1999,False,,,,no
Joe,Chandler,Sydney,,,,1877-09-18,3,1898,1898,False,,,,no
Campbell,Chesser,Carlton,Carlton,31,186,2003-04-27,3,2026,2026,True,MIDFIELDER,nationalDraft,14,yes
Brian,Chirgwin,Geelong,,28,175,1948-03-22,3,1966,1966,False,,,,no
Les,Chisholm,Geelong,,,,1888-07-01,3,1908,1909,False,,,,no
Joe,Churchman,Hawthorn,,11,185,1924-09-18,3,1949,1949,False,,,,no
Leo,Clarke,Richmond,,23,170,1930-02-11,3,1949,1949,False,,,,no
Justin,Clarkson,Sydney,,56,180,1968-10-05,3,1991,1991,False,,,,no
Pat,Cleary,Collingwood,,,169,1874-02-05,3,1900,1900,False,,,,no
Arthur,Clements,Hawthorn,,24,166,1921-01-22,3,1943,1943,False,,,,no
Tom,Cochrane,PortAdelaide,Port Adelaide,37,182,2006-01-27,3,2025,2025,False,MEDIUM_FORWARD,rookieElevation,13,yes
Herbert,Cock,Carlton,,,171,1888-03-14,3,1911,1911,False,,,,no
Jack,Cockbill,Sydney,,,178,1880-03-07,3,1899,1899,False,,,,no
Rod,Coelli,Sydney,,15,189,1955-04-23,3,1975,1975,False,,,,no
Jack,Coles,Richmond,,,,1886-09-07,3,1909,1909,False,,,,no
Brant,Colledge,WestCoast,,21,192,1994-10-25,3,2014,2015,False,,,,no
Jack,Compton,Melbourne,,1,180,1918-02-14,3,1944,1944,False,,,,no
Leo,Conlon,WesternBulldogs,,24,173,1901-01-03,3,1928,1928,False,,,,no
Bob,Constable,Melbourne,,40,180,1932-04-14,3,1953,1953,False,,,,no
Paul,Constance,Carlton,,40,168,1947-05-11,3,1966,1966,False,,,,no
James,Cook,Melbourne,,8,190,1974-01-07,3,2000,2000,False,,,,no
Sam,Cooke,Richmond,,,,1883-11-05,3,1909,1909,False,,,,no
Jack,Cooper,Carlton,,19,188,1922-12-29,3,1947,1947,False,,,,no
Peter,Cooper,Stkilda,,38,180,1935-08-05,3,1954,1955,False,,,,no
Claude,Cornish,Carlton,,,179,1888-08-31,3,1910,1910,False,,,,no
Anthony,Corrie,Collingwood,,14,186,1984-06-22,3,2009,2009,False,,,,no
Bill,Cosgrove,Richmond,,21,188,1918-11-11,3,1940,1940,False,,,,no
Tom,Couch,Melbourne,,47,177,1988-06-17,3,2012,2012,False,,,,no
Garry,Cowmeadow,Sydney,,1,180,1954-08-21,3,1975,1975,False,,,,no
Doug,Cox,Essendon,,21,187,1957-09-16,3,1984,1984,False,,,,no
Colin,Cox,Melbourne,,26,175,1922-10-11,3,1948,1949,False,,,,no
Bobby,Craig,Melbourne,,,179,1882-03-29,3,1902,1902,False,,,,no
Ben,Crameri,Melbourne,,22,185,1936-06-06,3,1957,1958,False,,,,no
Ron,Critchley,Hawthorn,,35,183,1940-12-16,3,1960,1960,False,,,,no
Tom,Crowe,Stkilda,,,,1880-10-03,3,1902,1902,False,,,,no
Claude,Crowl,Stkilda,,,179,1892-12-26,3,1911,1911,False,,,,no
Jack,Cuffe,Stkilda,,32,170,1931-03-08,3,1954,1955,False,,,,no
John,Currie,Richmond,,10,191,1931-06-13,3,1952,1952,False,,,,no
Frank,Cutter,Hawthorn,,33,183,1921-02-25,3,1941,1941,False,,,,no
Lauchlan,Dalgleish,Essendon,,36,185,1993-06-22,3,2013,2013,False,,,,no
Anthony,Darcy,Stkilda,,41,184,1972-03-22,3,1996,1996,False,,,,no
Rob,Dashwood,Carlton,,,170,1882-01-02,3,1902,1902,False,,,,no
Jesse,Dattoli,Sydney,Sydney,18,179,2006-07-07,3,2025,2025,False,MEDIUM_FORWARD,NA,NA,yes
Bill,Davern,Geelong,,,,1883-09-03,3,1908,1908,False,,,,no
Bruce,Davidson,WesternBulldogs,,27,179,1950-06-25,3,1969,1969,False,,,,no
James,Davies,Essendon,,35,191,1982-07-30,3,2002,2003,False,,,,no
Reg,Davies,Hawthorn,,23,182,1909-11-24,3,1930,1931,False,,,,no
Allan,Davis,Collingwood,,32,180,1948-09-29,3,1980,1980,False,,,,no
Howard,Day,Hawthorn,,2,177,1917-08-10,3,1939,1939,False,,,,no
Albert,Deagan,Stkilda,,24,179,1902-08-14,3,1925,1925,False,,,,no
Col,Deane,Stkilda,,1,185,1900-07-11,3,1933,1933,False,,,,no
Jack,Deas,Essendon,,,179,1875-11-05,3,1902,1902,False,,,,no
Andrew,Demetriou,Hawthorn,,36,182,1961-04-14,3,1988,1988,False,,,,no
Darren,Denneman,Sydney,,38,185,1968-03-23,3,1990,1990,False,,,,no
Eon,Densworth,WesternBulldogs,,6,175,1938-01-28,3,1959,1959,False,,,,no
Ron,Derrick,Stkilda,,7,180,1933-02-17,3,1954,1955,False,,,,no
Robert,Di Rosa,Geelong,,24,178,1977-07-04,3,1995,1995,False,,,,no
Rupe,Dodd,Hawthorn,,30,168,1907-01-19,3,1931,1931,False,,,,no
Luke,Donald,Stkilda,,51,183,1971-02-04,3,1990,1990,False,,,,no
Jack,Dorgan,Melbourne,,17,,1926-11-08,3,1949,1949,False,,,,no
Harcourt,Dowsley,Carlton,,20,188,1919-07-15,3,1941,1941,False,,,,no
Jack,Drake,Hawthorn,,23,187,1904-03-15,3,1926,1926,False,,,,no
Reg,Drew,Stkilda,,14,173,1910-08-21,3,1932,1932,False,,,,no
Ian,Drohan,Stkilda,,37,173,1932-08-22,3,1955,1955,False,,,,no
Max,Duffy,Fremantle.xlsx,,24,184,1993-04-11,3,2014,2015,False,,,,no
Hugh,Dunbar,Stkilda,,15,185,1903-06-27,3,1930,1930,False,,,,no
Arthur,Duncan,NorthMelbourne,,10,,1913-02-20,3,1936,1936,False,,,,no
Johnny,Dunn,Collingwood,,,,1878-06-14,3,1903,1903,False,,,,no
Bill,Dunn,NorthMelbourne,,20,179,1915-02-07,3,1941,1941,False,,,,no
Jack,Dyer,Richmond,,17,182,1940-12-15,3,1960,1960,False,,,,no
Brett,Eddy,PortAdelaide,,27,193,1989-08-26,3,2017,2017,False,,,,no
Bruce,Edge,Melbourne,,33,180,1924-04-30,3,1945,1945,False,,,,no
Maurie,Edwards,NorthMelbourne,,30,185,1922-10-17,3,1947,1947,False,,,,no
Fred,Edwards,Melbourne,,26,178,1891-10-09,3,1913,1913,False,,,,no
Norm,Edwards,WesternBulldogs,,10,187,1928-10-23,3,1950,1951,False,,,,no
Jack,Egan,Melbourne,,6,170,1898-02-22,3,1924,1924,False,,,,no
Ernie,Eiffler,Collingwood,,9,179,1925-11-04,3,1945,1945,False,,,,no
Dave,Elliman,Hawthorn,,23,175,1902-03-17,3,1925,1925,False,,,,no
Noel,Ellis,Melbourne,,35,178,1921-07-09,3,1940,1941,False,,,,no
Ron,Ellis,Stkilda,,26,185,1915-09-19,3,1943,1943,False,,,,no
John,Emin,Essendon,,29,193,1951-03-29,3,1973,1973,False,,,,no
Louis,Emmett,WesternBulldogs,Western Bulldogs,25,200,2007-03-23,3,2026,2026,True,RUCK,NA,NA,yes
Stan,Enfield,Geelong,,,177,1873-08-31,3,1897,1897,False,,,,no
Michael,Erwin,Collingwood,,38,178,1965-12-10,3,1984,1985,False,,,,no
Jack,Eudey,NorthMelbourne,,27,175,1906-01-03,3,1926,1926,False,,,,no
Alfie,Evans,NorthMelbourne,,27,178,1917-06-09,3,1945,1945,False,,,,no
Bill,Fahey,Sydney,,,,1880-05-23,3,1902,1902,False,,,,no
Bill,Fallon,Sydney,,52,179,1939-06-28,3,1959,1959,False,,,,no
Dave,Farrell,NorthMelbourne,,4,179,1905-12-24,3,1929,1929,False,,,,no
Alex,Fasolo,Carlton,,32,179,1992-06-08,3,2019,2019,False,,,,no
Peter,Faulks,Fremantle.xlsx,,28,192,1988-04-24,3,2011,2013,False,,,,no
Brendon,Feddema,Fremantle.xlsx,,35,190,1974-05-14,3,1998,1998,False,,,,no
Derek,Feldmann,Stkilda,,24,182,1948-10-06,3,1972,1972,False,,,,no
Frank,Finn,WesternBulldogs,,35,175,1911-11-18,3,1936,1937,False,,,,no
Henry,Fischer,Geelong,,,178,1880-07-11,3,1906,1906,False,,,,no
Gerard,FitzGerald,Geelong,,32,188,1957-07-25,3,1977,1977,False,,,,no
Cash,Fitzgerald,Hawthorn,,26,175,1921-05-16,3,1947,1947,False,,,,no
Piers,Flanagan,Goldcoast,,15,189,1992-03-31,3,2012,2012,False,,,,no
Phil,Fleming,WesternBulldogs,,19,177,1957-09-18,3,1977,1977,False,,,,no
Joe,Foden,NorthMelbourne,,17,177,1918-03-10,3,1942,1942,False,,,,no
Fred,Fooks,Essendon,,,175,1880-11-26,3,1903,1903,False,,,,no
Dale,Foster,Hawthorn,,53,191,1958-05-07,3,1980,1980,False,,,,no
Graham,Fox,Sydney,,17,173,1957-07-14,3,1978,1978,False,,,,no
Arthur,Franklin,Melbourne,,22,178,1918-02-06,3,1942,1942,False,,,,no
Alex,Fraser,Stkilda,,15,175,1908-12-25,3,1931,1931,False,,,,no
Bill,French,Essendon,,,182,1884-04-20,3,1908,1909,False,,,,no
Lloyd,French,Richmond,,31,185,1947-12-22,3,1970,1971,False,,,,no
Neil,Gaghan,Carlton,,52,183,1963-03-24,3,1985,1985,False,,,,no
Murray,Gainger,Richmond,,9,175,1939-09-11,3,1960,1960,False,,,,no
Jack,Gale,Richmond,,25,173,1899-08-28,3,1924,1924,False,,,,no
Tom,Gale,Stkilda,,35,183,1912-10-14,3,1937,1937,False,,,,no
Les,Gardner,Stkilda,,,178,1923-09-30,3,1947,1947,False,,,,no
Michael,Gargan,NorthMelbourne,,9,183,1947-12-02,3,1968,1968,False,,,,no
Michael,Garvey,Carlton,,36,187,1965-10-16,3,1988,1989,False,,,,no
Harry,Gathercole,Stkilda,,,177,1887-04-13,3,1910,1911,False,,,,no
Frank,Gaudion,Collingwood,,,,1882-06-22,3,1906,1906,False,,,,no
Michael,George,Melbourne,,,179,1888-12-18,3,1910,1910,False,,,,no
Bill,Gerrand,Stkilda,,37,169,1941-11-23,3,1963,1963,False,,,,no
Shannon,Gibson,Collingwood,,38,183,1975-11-07,3,1998,1998,False,,,,no
Don,Gibson,NorthMelbourne,,4,178,1908-08-24,3,1929,1929,False,,,,no
Peter,Gilbert,Carlton,,50,177,1948-12-31,3,1966,1966,False,,,,no
Tom,Gilligan,Adelaide,,31,198,1978-11-03,3,1997,1997,False,,,,no
Max,Glass,Sydney,,2,173,1925-10-02,3,1945,1945,False,,,,no
Bill,Golding,Sydney,,30,183,1916-09-14,3,1942,1942,False,,,,no
George,Goodall,Collingwood,,11,,1891-07-10,3,1913,1914,False,,,,no
Albert,Gourlay,Carlton,,,175,1881-07-31,3,1904,1904,False,,,,no
David,Granger,Stkilda,,7,188,1955-01-23,3,1979,1979,False,,,,no
Norm,Gravell,Stkilda,,28,170,1915-07-15,3,1942,1942,False,,,,no
Wally,Gray,Richmond,,26,173,1909-12-12,3,1931,1932,False,,,,no
John,Green,Essendon,,,177,1885-03-02,3,1906,1906,False,,,,no
Charlie,Greenhill,Carlton,,6,183,1902-03-23,3,1922,1922,False,,,,no
Geoff,Greetham,Stkilda,,46,188,1962-06-05,3,1980,1980,False,,,,no
Les,Gregory,Stkilda,,22,179,1938-06-12,3,1959,1959,False,,,,no
Reg,Gregson,Stkilda,,,184,1891-02-13,3,1911,1911,False,,,,no
Archie,Grigg,Melbourne,,32,175,1895-02-15,3,1919,1919,False,,,,no
Lachlan,Gulbin,Goldcoast,Gold Coast,39,187,2006-11-24,3,2025,2026,True,MEDIUM_FORWARD,NA,NA,yes
Bill,Hager,NorthMelbourne,,6,185,1925-10-29,3,1945,1945,False,,,,no
Arthur,Hall,Carlton,,25,180,1918-04-20,3,1945,1945,False,,,,no
Bill,Hanson,Essendon,,28,177,1893-09-14,3,1918,1918,False,,,,no
Willis,Hardy,Carlton,,26,166,1897-03-03,3,1917,1917,False,,,,no
Daniel,Hargraves,Fremantle.xlsx,,21,192,1976-01-24,3,1998,1999,False,,,,no
Les,Harrison,Melbourne,,44,193,1945-01-29,3,1966,1966,False,,,,no
Eric,Harrower,Sydney,,17,182,1907-11-03,3,1931,1931,False,,,,no
Shane,Harvey,NorthMelbourne,,28,176,1983-01-03,3,2004,2004,False,,,,no
Jack,Haskett,NorthMelbourne,,23,180,1911-06-25,3,1933,1933,False,,,,no
Michael,Hawking,NorthMelbourne,,42,191,1952-06-01,3,1972,1972,False,,,,no
Robb,Hawkins,Geelong,,12,197,1957-10-10,3,1984,1984,False,,,,no
Jack,Heal,Melbourne,,7,183,1919-02-23,3,1942,1942,False,,,,no
Adrian,Hearn,Carlton,,19,185,1920-03-16,3,1945,1945,False,,,,no
Alf,Hearnden,Carlton,,,,1874-01-19,3,1899,1899,False,,,,no
Victor,Heath,Richmond,,28,,1890-07-26,3,1917,1917,False,,,,no
Martin,Heffernan,Geelong,,38,193,1972-08-28,3,1992,1992,False,,,,no
Darryl,Henderson,Sydney,,40,183,1958-07-15,3,1983,1983,False,,,,no
Fred,Hepner,Sydney,,11,163,1940-02-14,3,1960,1960,False,,,,no
Carl,Herbert,Collingwood,,34,170,1964-05-28,3,1983,1983,False,,,,no
Louis,Herbert,Goldcoast,,39,188,1994-06-27,3,2014,2014,False,,,,no
Nick,Heyne,Stkilda,,21,187,1990-07-22,3,2010,2010,False,,,,no
Robert,Hicks,Richmond,,45,176,1991-10-09,3,2010,2010,False,,,,no
Wally,Hillis,Richmond,,21,185,1938-03-02,3,1962,1962,False,,,,no
David,Hinchliffe,Geelong,,13,185,1939-01-12,3,1960,1960,False,,,,no
Bob,Hirst,NorthMelbourne,,17,178,1941-10-12,3,1965,1965,False,,,,no
Vin,Hogan,Stkilda,,17,180,1920-11-06,3,1947,1947,False,,,,no
Norm,Hogg,Carlton,,,,1883-06-01,3,1903,1904,False,,,,no
Ray,Holden,Melbourne,,5,191,1959-09-03,3,1984,1984,False,,,,no
Dave,Holliday,NorthMelbourne,,38,173,1904-02-11,3,1931,1931,False,,,,no
Frank,Holmes,NorthMelbourne,,30,,1900-04-01,3,1930,1930,False,,,,no
Dale,Holmes,NorthMelbourne,,44,178,1967-06-04,3,1987,1987,False,,,,no
Frank,House,Stkilda,,,,1884-02-22,3,1905,1905,False,,,,no
Paul,Hudson,Richmond,,17,185,1970-07-20,3,2002,2002,False,,,,no
Jon,Hummel,Collingwood,,27,177,1957-01-31,3,1980,1980,False,,,,no
Herb,Hunter,Essendon,,,177,1881-11-18,3,1900,1900,False,,,,no
Bill,Huntington,Carlton,,5,184,1929-08-11,3,1950,1951,False,,,,no
Stan,Huntington,Melbourne,,18,175,1889-04-17,3,1919,1919,False,,,,no
John,Hurley,Geelong,,,177,1884-01-19,3,1902,1902,False,,,,no
Frank,Hurrey,Melbourne,,,178,1885-06-23,3,1905,1906,False,,,,no
Jarrad,Irons,PortAdelaide,,47,179,1992-09-20,3,2011,2011,False,,,,no
Bonnie,Izzard,WesternBulldogs,,32,173,1908-07-15,3,1929,1929,False,,,,no
Percy,Jackson,WesternBulldogs,,1,179,1907-01-19,3,1934,1934,False,,,,no
Victor,Jackson,Collingwood,,9,185,1889-04-09,3,1912,1912,False,,,,no
Jarrhan,Jacky,Adelaide,,10,177,1989-04-05,3,2008,2008,False,,,,no
Les,Jacobs,NorthMelbourne,,14,180,1913-06-10,3,1938,1938,False,,,,no
Bill,James,Geelong,,13,187,1937-03-23,3,1957,1957,False,,,,no
Roy,James,Melbourne,,23,173,1900-01-28,3,1923,1924,False,,,,no
Bert,James,Richmond,,6,188,1923-06-05,3,1947,1947,False,,,,no
Tommy,Jenkins,NorthMelbourne,,32,173,1902-06-06,3,1927,1927,False,,,,no
Barney,Jenkins,Essendon,,,174,1884-03-07,3,1907,1907,False,,,,no
Billy,Jenkins,Richmond,,3,168,1914-06-04,3,1938,1938,False,,,,no
Jim,Jenkinson,Melbourne,,24,168,1943-06-01,3,1962,1963,False,,,,no
Murray,Johnstone,Stkilda,,17,187,1925-05-19,3,1945,1945,False,,,,no
Geoff,Jones,NorthMelbourne,,5,173,1944-11-04,3,1965,1965,False,,,,no
Sam,Jones,Stkilda,,38,192,1974-05-03,3,1994,1994,False,,,,no
Bill,Jordan,Sydney,,10,183,1906-11-04,3,1930,1930,False,,,,no
Percy,Kay,Stkilda,,13,180,1910-06-30,3,1932,1932,False,,,,no
Jarrod,Kayler-Thomson,Hawthorn,,45,188,1985-07-26,3,2010,2010,False,,,,no
Dan,Kearney,NorthMelbourne,,2,183,1921-05-23,3,1942,1942,False,,,,no
Fred,Keays,Collingwood,,12,178,1898-07-12,3,1922,1922,False,,,,no
Tony,Keenan,Collingwood,,56,193,1964-05-06,3,1982,1984,False,,,,no
David,Kelly,Melbourne,,36,194,1953-09-18,3,1975,1976,False,,,,no
Ron,Kennedy,Essendon,,4,169,1919-10-13,3,1944,1944,False,,,,no
Graham,Kerr,Melbourne,,32,178,1934-04-06,3,1957,1957,False,,,,no
Frank,Kight,Richmond,,5,170,1905-09-19,3,1927,1928,False,,,,no
Neil,King,Essendon,,23,175,1889-07-07,3,1914,1915,False,,,,no
Kent,Kingsley,Richmond,,18,193,1978-09-26,3,2007,2007,False,,,,no
Bill,Kinnear,Essendon,,18,183,1914-08-19,3,1936,1936,False,,,,no
Lyster,Kirkpatrick,Richmond,,,185,1885-07-11,3,1909,1909,False,,,,no
Frank,Kirwin,Collingwood,,33,180,1921-10-20,3,1943,1943,False,,,,no
Julian,Kirzner,NorthMelbourne,,48,188,1976-10-24,3,1997,1997,False,,,,no
Joshua,Kitchen,Stkilda,,37,175,1975-05-15,3,1995,1995,False,,,,no
Roy,Kline,Stkilda,,26,175,1915-06-08,3,1939,1939,False,,,,no
George,Knight,Melbourne,,,175,1887-02-09,3,1913,1913,False,,,,no
Alan,Knight,Sydney,,18,179,1936-03-16,3,1957,1957,False,,,,no
Charlie,Kolb,Richmond,,15,168,1907-05-14,3,1932,1932,False,,,,no
Trevor,Korn,Melbourne,,54,183,1959-01-24,3,1981,1981,False,,,,no
Bill,Kyme,Essendon,,30,187,1891-12-04,3,1912,1912,False,,,,no
Harry,Lack,Melbourne,,18,179,1927-10-31,3,1952,1952,False,,,,no
Wally,Laidlaw,Sydney,,7,178,1891-07-24,3,1914,1919,False,,,,no
John,Laird,Geelong,,30,188,1935-08-16,3,1957,1957,False,,,,no
Damian,Lang,Carlton,,44,191,1976-03-03,3,1998,1998,False,,,,no
Bob,Langford,Melbourne,,52,188,1948-10-03,3,1966,1967,False,,,,no
Doulton,Langlands,Stkilda,,46,187,1999-07-29,3,2019,2019,False,,,,no
Vernon,Lanigan,Sydney,,25,175,1899-09-04,3,1920,1921,False,,,,no
Stan,Lawler,Essendon,,34,177,1909-11-19,3,1933,1933,False,,,,no
Bert,Lawrence,Melbourne,,30,174,1902-01-07,3,1926,1926,False,,,,no
Bennie,Le Sueur,Collingwood,,30,175,1917-03-22,3,1940,1940,False,,,,no
Jack,Lee,Geelong,,,,1878-11-09,3,1903,1903,False,,,,no
David,Legge,Stkilda,,37,189,1954-11-22,3,1974,1975,False,,,,no
Shawn,Lewfatt,Essendon,,33,174,1977-03-11,3,1995,1995,False,,,,no
John,Lewis,Hawthorn,,44,188,1949-07-25,3,1970,1970,False,,,,no
Allen,Lewis,Richmond,,3,178,1916-11-27,3,1944,1944,False,,,,no
Terry,Lewis,Sydney,,5,168,1937-10-22,3,1958,1958,False,,,,no
Will,Lewis,WesternBulldogs,Western Bulldogs,28,194,1999-05-05,3,2026,2026,True,KEY_FORWARD,NA,NA,yes
Brendan,Littler,Stkilda,,47,185,1965-12-21,3,1986,1986,False,,,,no
Frank,Ludlow,NorthMelbourne,,1,185,1902-04-17,3,1929,1929,False,,,,no
Jack,Lyngcoln,Collingwood,,27,173,1910-01-05,3,1932,1932,False,,,,no
Gerry,Lynn,Hawthorn,,29,175,1955-08-24,3,1974,1975,False,,,,no
Andrew,MacNish,Geelong,,18,180,1965-09-11,3,1992,1992,False,,,,no
Artie,Machin,Sydney,,,,1874-09-01,3,1898,1898,False,,,,no
Phillip,Maddock,Geelong,,30,182,1961-10-09,3,1982,1982,False,,,,no
Artie,Malberg,NorthMelbourne,,30,,1907-05-24,3,1928,1928,False,,,,no
Stuart,Mangin,Collingwood,,25,190,1977-02-08,3,1998,1998,False,,,,no
Arthur,Mann,Essendon,,26,170,1889-07-26,3,1914,1919,False,,,,no
Alan,Maple,Richmond,,3,183,1917-04-12,3,1937,1937,False,,,,no
Graham,March,Stkilda,,22,187,1925-05-04,3,1952,1952,False,,,,no
Bill,Marchbank,Carlton,,,178,1887-08-23,3,1908,1908,False,,,,no
Peter,Marchesi,NorthMelbourne,,13,179,1933-09-13,3,1955,1955,False,,,,no
Ken,Marks,WesternBulldogs,,35,170,1951-12-13,3,1972,1972,False,,,,no
Rodger,Marsden,Geelong,,20,184,1944-08-17,3,1967,1968,False,,,,no
Phonse,Marshall,Geelong,,19,175,1917-08-29,3,1944,1944,False,,,,no
Bill,Marshall,Richmond,,18,184,1892-03-26,3,1915,1915,False,,,,no
Will,Martyn,Richmond,,36,186,2001-03-29,3,2021,2021,False,,,,no
Allan,Matheson,Essendon,,4,161,1925-05-03,3,1946,1946,False,,,,no
Jack,Mathews,NorthMelbourne,,23,177,1914-10-22,3,1941,1941,False,,,,no
Dudley,Mattingly,Stkilda,,,178,1928-04-03,3,1948,1948,False,,,,no
Len,Maxwell,Hawthorn,,26,175,1906-03-17,3,1927,1927,False,,,,no
John,May,Essendon,,55,173,1951-04-15,3,1970,1970,False,,,,no
Shane,McAdam,Melbourne,Melbourne,23,181,1995-05-28,3,2024,2024,False,MEDIUM_FORWARD,NA,NA,yes
Alan,McAsey,WesternBulldogs,,28,178,1937-10-14,3,1958,1958,False,,,,no
Bill,McCarthy,Essendon,,,178,1874-08-06,3,1903,1903,False,,,,no
Shane,McCarthy,Geelong,,8,191,1952-04-22,3,1970,1971,False,,,,no
Allan,McCasker,NorthMelbourne,,31,184,1902-10-06,3,1925,1925,False,,,,no
Broc,McCauley,Hawthorn,,40,202,1986-12-20,3,2012,2012,False,,,,no
Jim,McColl,Essendon,,26,189,1933-06-17,3,1954,1957,False,,,,no
Henry,McCrae,Melbourne,,28,177,1910-07-24,3,1929,1929,False,,,,no
Bert,McDonald,Collingwood,,21,168,1890-03-12,3,1913,1913,False,,,,no
Charlie,McGillivray,Hawthorn,,32,185,1910-07-10,3,1933,1933,False,,,,no
George,McGorlick,Essendon,,13,174,1916-01-31,3,1935,1937,False,,,,no
Norm,McGorlick,Geelong,,,,1887-11-28,3,1908,1908,False,,,,no
Jaden,McGrath,Brisbane,,29,180,1996-06-15,3,2015,2015,False,,,,no
John,McGreevy,Hawthorn,,17,184,1930-05-11,3,1952,1952,False,,,,no
Mick,McGuane,Carlton,,31,186,1967-12-29,3,1997,1997,False,,,,no
Geoff,McInnes,Stkilda,,2,185,1909-02-05,3,1934,1934,False,,,,no
Russell,McInnes,Sydney,,9,182,1912-12-10,3,1937,1937,False,,,,no
Ken,McKernan,NorthMelbourne,,40,182,1911-08-09,3,1934,1935,False,,,,no
Bob,McLean,Stkilda,,10,194,1914-02-01,3,1941,1941,False,,,,no
George,McLear,Richmond,,21,178,1891-08-21,3,1914,1914,False,,,,no
Angus,McLennan,Stkilda,,41,188,2003-09-02,3,2024,2025,False,,,,no
Mark,McLeod,Richmond,,39,196,1968-12-27,3,1989,1989,False,,,,no
James,McLure,Geelong,,8,175,1974-09-18,3,1995,1995,False,,,,no
Cyril,McNamara,Sydney,,30,,1908-04-03,3,1931,1931,False,,,,no
Dermot,McNicholl,Stkilda,,60,180,1965-11-06,3,1990,1990,False,,,,no
Barney,Meadway,Collingwood,,,175,1879-10-16,3,1907,1907,False,,,,no
Bill,Mearns,Stkilda,,,,1885-05-04,3,1910,1910,False,,,,no
Neil,Melesso,Sydney,,,173,1931-04-07,3,1956,1956,False,,,,no
Henry,Merrett,Stkilda,,,171,1886-06-29,3,1911,1911,False,,,,no
Charlie,Merton,WesternBulldogs,,35,183,1918-11-24,3,1939,1939,False,,,,no
Riley,Milne,Hawthorn,,45,193,1990-07-20,3,2009,2011,False,,,,no
Les,Mitchell,Melbourne,,,168,1891-04-15,3,1910,1910,False,,,,no
Caleb,Mitchell,Sydney,,35,186,2004-08-10,3,2024,2025,False,,,,no
Arnold,Moffitt,Stkilda,,,171,1883-12-12,3,1904,1904,False,,,,no
Phillip,Moir,Sydney,,33,183,1958-12-28,3,1981,1981,False,,,,no
John,Moloney,Stkilda,,,,1881-11-15,3,1904,1904,False,,,,no
Gary,Moorcroft,Melbourne,,7,173,1976-04-16,3,2003,2003,False,,,,no
Peter,Morcom,Stkilda,,,188,1923-11-09,3,1944,1944,False,,,,no
Charlie,Morley,Essendon,,,178,1883-03-02,3,1906,1906,False,,,,no
Ian,Morrison,Essendon,,12,188,1954-01-29,3,1981,1981,False,,,,no
Cale,Morton,WestCoast,,40,192,1990-01-18,3,2013,2013,False,,,,no
Barry,Mugeli,Collingwood,,49,180,1948-03-19,3,1968,1968,False,,,,no
George,Muir,Carlton,,30,177,1896-01-11,3,1915,1918,False,,,,no
James,Mulligan,WesternBulldogs,,31,199,1989-06-14,3,2011,2011,False,,,,no
Luke,Mullins,Collingwood,,30,187,1984-12-24,3,2004,2004,False,,,,no
Johnny,Murphy,Geelong,,,,1879-12-12,3,1905,1906,False,,,,no
Tony,Murphy,Richmond,,48,168,1940-09-13,3,1960,1960,False,,,,no
Tommy,Murphy,Sydney,,15,180,1903-11-08,3,1928,1928,False,,,,no
Charlie,Mutch,Collingwood,,18,180,1893-08-31,3,1914,1914,False,,,,no
Sam,Naismith,Richmond,,24,206,1992-07-16,3,2024,2024,False,,,,no
Harry,Neate,Essendon,,20,178,1894-04-26,3,1914,1915,False,,,,no
Tom,Nelson,Collingwood,,,,1883-02-03,3,1906,1906,False,,,,no
Bill,Newton,Stkilda,,,,1875-02-08,3,1897,1897,False,,,,no
Jim,Neylan,Carlton,,,,1885-04-30,3,1909,1910,False,,,,no
Andrew,Nichol,WesternBulldogs,,13,196,1974-12-01,3,1995,1995,False,,,,no
Bigoa,Nyuon,NorthMelbourne,,28,197,2001-05-18,3,2024,2024,False,,,,no
Paul,OBrien,Essendon,,36,177,1961-04-16,3,1988,1988,False,,,,no
Brock,OBrien,Fremantle.xlsx,,12,181,1988-05-30,3,2007,2008,False,,,,no
Martin,OBrien,Stkilda,,,,1875-10-16,3,1903,1903,False,,,,no
Joe,OCarroll,Melbourne,,20,169,1891-03-21,3,1920,1920,False,,,,no
Ronin,OConnor,Adelaide,,37,191,2001-02-01,3,2021,2021,False,,,,no
Jack,OConnor,Collingwood,,19,179,1900-11-08,3,1918,1918,False,,,,no
George,OConnor,Richmond,,,173,1892-03-28,3,1910,1911,False,,,,no
Brendon,ODonnell,Stkilda,,13,191,1917-04-12,3,1939,1945,False,,,,no
Bob,ODonnell,Sydney,,,,1870-04-23,3,1898,1898,False,,,,no
Ian,OHalloran,Geelong,,2,183,1935-04-12,3,1957,1957,False,,,,no
Don,OHara,Geelong,,35,178,1933-02-15,3,1954,1954,False,,,,no
Jack,OKeefe,Sydney,,34,193,1915-09-29,3,1947,1947,False,,,,no
Brian,OKeefe,WesternBulldogs,,36,196,1956-12-10,3,1980,1980,False,,,,no
Rhys,OKeeffe,Carlton,,20,188,1990-08-08,3,2011,2012,False,,,,no
Jack,OLoughlin,Stkilda,,,179,1873-08-10,3,1902,1902,False,,,,no
Dennis,OSullivan,Carlton,,35,179,1946-01-05,3,1965,1965,False,,,,no
Alf,Oldham,Melbourne,,4,182,1899-10-16,3,1922,1922,False,,,,no
Ken,Onley,Hawthorn,,26,175,1914-12-14,3,1934,1934,False,,,,no
Jim,Oppy,Melbourne,,32,180,1921-03-08,3,1945,1945,False,,,,no
Ryan,Pagan,NorthMelbourne,,39,180,1977-07-12,3,2000,2000,False,,,,no
Ron,Page,Sydney,,18,183,1951-03-31,3,1971,1971,False,,,,no
Jesse,Palmer,PortAdelaide,,37,188,1996-10-17,3,2016,2016,False,,,,no
John,Parish,Collingwood,,,179,1875-09-18,3,1900,1900,False,,,,no
Tom,Park,Essendon,,54,180,1954-09-04,3,1974,1974,False,,,,no
Neil,Park,Stkilda,,45,183,1962-07-23,3,1982,1982,False,,,,no
Geoffrey,Parker,Essendon,,25,181,1968-03-31,3,1987,1989,False,,,,no
Harold,Parker,Stkilda,,,177,1892-09-26,3,1911,1911,False,,,,no
John,Parkinson,Collingwood,,17,179,1944-11-07,3,1971,1971,False,,,,no
Gil,Patrick,WesternBulldogs,,24,,1908-01-22,3,1929,1929,False,,,,no
Geordie,Payne,NorthMelbourne,,23,184,2005-11-06,3,2025,2025,False,,,,no
Ernie,Payne,Sydney,,3,173,1934-04-29,3,1954,1954,False,,,,no
Graham,Peck,Stkilda,,44,179,1930-05-15,3,1956,1956,False,,,,no
Robbie,Peers,WesternBulldogs,,50,182,1956-05-14,3,1979,1979,False,,,,no
Terry,Peirce,Melbourne,,15,175,1930-09-07,3,1951,1952,False,,,,no
Jack,Pemberton,Richmond,,,180,1883-01-11,3,1908,1908,False,,,,no
Flynn,Perez,Hawthorn,Hawthorn,39,187,2001-08-25,3,2026,2026,True,MEDIUM_DEFENDER,NA,NA,yes
Alex,Perry,Geelong,,11,170,1940-07-29,3,1959,1959,False,,,,no
Stan,Petrie,Hawthorn,,28,183,1906-09-15,3,1928,1928,False,,,,no
Marty,Phelan,WesternBulldogs,,22,170,1916-08-05,3,1935,1935,False,,,,no
Sam,Phillipou,WesternBulldogs,,21,189,1974-09-18,3,1995,1995,False,,,,no
Garry,Phillips,Geelong,,41,185,1968-07-20,3,1990,1990,False,,,,no
Dick,Pirrie,Hawthorn,,30,175,1920-06-06,3,1940,1941,False,,,,no
Mike,Pokrovsky,WesternBulldogs,,46,179,1953-02-02,3,1970,1972,False,,,,no
Billy,Porter,Stkilda,,,168,1875-07-25,3,1898,1898,False,,,,no
Phillip,Poursanidis,Carlton,,49,192,1968-05-09,3,1988,1989,False,,,,no
Jack,Power,Collingwood,,3,185,1910-03-16,3,1935,1935,False,,,,no
Archie,Pratt,Melbourne,,,,1882-01-31,3,1910,1910,False,,,,no
Warren,Prest,Essendon,,28,187,1932-12-09,3,1955,1956,False,,,,no
Ross,Price,NorthMelbourne,,15,183,1944-02-12,3,1965,1965,False,,,,no
Lex,Pritchard,Collingwood,,29,180,1954-06-16,3,1976,1977,False,,,,no
Bill,Punch,Collingwood,,,168,1885-06-13,3,1906,1906,False,,,,no
Percy,Purcell,NorthMelbourne,,,173,1911-05-18,3,1935,1935,False,,,,no
Tom,Purvis,Sydney,,23,180,1916-05-05,3,1938,1938,False,,,,no
Tom,Quade,NorthMelbourne,,10,193,1931-09-17,3,1957,1958,False,,,,no
John,Quirk,Melbourne,,45,175,1945-07-28,3,1966,1966,False,,,,no
Charles,Raff,Carlton,,,,1878-10-09,3,1901,1901,False,,,,no
Don,Rainsford,Carlton,,40,189,1937-09-17,3,1959,1959,False,,,,no
Ralph,Raisbeck,Essendon,,20,183,1898-12-25,3,1922,1923,False,,,,no
Jade,Rawlings,NorthMelbourne,,27,196,1977-10-09,3,2006,2006,False,,,,no
Mick,Rea,Melbourne,,49,196,1956-12-10,3,1978,1978,False,,,,no
Michael,Redenbach,Essendon,,3,170,1959-06-03,3,1978,1978,False,,,,no
Nic,Reid,WestCoast,,46,188,1995-09-04,3,2020,2020,False,,,,no
Brian,Renwood,Collingwood,,34,175,1935-08-18,3,1957,1957,False,,,,no
Phil,Rhoden,Melbourne,,38,178,1945-10-15,3,1968,1969,False,,,,no
Bill,Richardson,Stkilda,,,177,1880-02-10,3,1900,1900,False,,,,no
Eric,Richardson,Stkilda,,12,178,1891-07-23,3,1915,1915,False,,,,no
George,Ricketts,Geelong,,,179,1888-12-13,3,1910,1910,False,,,,no
Bob,Rinder,Stkilda,,,179,1878-12-08,3,1901,1901,False,,,,no
Simon,Roberts,Carlton,,,,1876-12-12,3,1901,1901,False,,,,no
Ben,Robertson,Carlton,,50,178,1971-08-14,3,1992,1992,False,,,,no
David,Robertson,Essendon,,33,178,1962-08-15,3,1991,1991,False,,,,no
Sullivan,Robey,Essendon,Essendon,9,192,2007-10-04,3,2026,2026,True,MEDIUM_FORWARD,nationalDraft,9,yes
Bill,Rogers,Carlton,,28,,1893-04-15,3,1913,1913,False,,,,no
Les,Rogers,Essendon,,29,168,1896-06-25,3,1915,1915,False,,,,no
Paul,Ross,WesternBulldogs,,21,183,1960-11-09,3,1980,1980,False,,,,no
Bobby,Royle,Melbourne,,,166,1878-08-24,3,1898,1898,False,,,,no
Kym,Russell,Collingwood,,33,180,1968-04-11,3,1991,1991,False,,,,no
Robert,Saggers,NorthMelbourne,,18,185,1965-08-05,3,1986,1986,False,,,,no
Adam,Saliba,Adelaide,,37,176,1972-07-14,3,1992,1992,False,,,,no
Albert,Scaddan,Carlton,,23,180,1887-12-04,3,1914,1914,False,,,,no
Harold,Schedlich,Stkilda,,29,188,1915-09-05,3,1947,1947,False,,,,no
John,Schultz,Stkilda,,21,178,1959-02-26,3,1984,1984,False,,,,no
Sid,Searl,Richmond,,8,178,1917-01-10,3,1942,1942,False,,,,no
Harry,Selover,Melbourne,,34,177,1898-07-24,3,1919,1919,False,,,,no
Mo,Shapir,NorthMelbourne,,33,164,1917-09-09,3,1935,1935,False,,,,no
Dyson,Sharp,Essendon,Essendon,15,187,2007-05-23,3,2026,2026,True,MEDIUM_FORWARD,nationalDraft,13,yes
Jim,Shaw,Melbourne,,34,165,1924-10-16,3,1949,1949,False,,,,no
Bob,Shearer,Essendon,,12,187,1892-10-29,3,1915,1915,False,,,,no
Marc,Sheather,Sydney,,33,185,2002-06-11,3,2023,2023,False,,,,no
Jim,Shelton,Stkilda,,32,185,1897-03-13,3,1920,1921,False,,,,no
Russell,Shields,WesternBulldogs,,10,183,1962-07-22,3,1988,1988,False,,,,no
Shane,Sikora,WestCoast,,34,178,1977-03-11,3,1996,1998,False,,,,no
Scott,Simister,Melbourne,,42,185,1973-02-24,3,1993,1993,False,,,,no
Alex,Sinclair,Stkilda,,,175,1882-01-29,3,1902,1902,False,,,,no
Adam,Slater,Richmond,,43,200,1973-10-29,3,1993,1995,False,,,,no
Max,Smethurst,Hawthorn,,13,182,1914-12-06,3,1935,1935,False,,,,no
Lindsay,Smith,Carlton,,11,199,1980-02-29,3,2002,2002,False,,,,no
Arthur,Smith,WesternBulldogs,,19,,1908-06-07,3,1930,1930,False,,,,no
Charles,Smith,Richmond,,22,177,1901-05-26,3,1921,1922,False,,,,no
Rowley,Smith,Stkilda,,,160,1891-06-18,3,1911,1911,False,,,,no
Alistair,Smith,Stkilda,,39,184,1990-09-08,3,2011,2011,False,,,,no
Barrie,Somerville,NorthMelbourne,,36,174,1941-03-05,3,1958,1958,False,,,,no
Otto,Sonnleitner,Sydney,,30,184,1936-06-07,3,1961,1961,False,,,,no
Llane,Spaanderman,Brisbane,,24,198,1986-02-10,3,2005,2005,False,,,,no
Charlie,Spargo,NorthMelbourne,North Melbourne,13,173,1999-11-25,3,2026,2026,True,MEDIUM_FORWARD,nationalDraft,29,yes
Alf,Sparks,Collingwood,,31,,1903-01-07,3,1926,1926,False,,,,no
Reefton,Spicer,Richmond,,20,173,1898-07-17,3,1917,1918,False,,,,no
Eric,Sprague,Essendon,,,175,1894-09-18,3,1918,1918,False,,,,no
Jim,Sprigg,Stkilda,,28,175,1896-06-08,3,1915,1915,False,,,,no
Bill,Stamps,Stkilda,,23,178,1921-08-22,3,1947,1947,False,,,,no
Darren,Stanley,WesternBulldogs,,58,174,1972-02-02,3,1991,1991,False,,,,no
Cyril,Steele,Melbourne,,,177,1891-06-11,3,1910,1910,False,,,,no
Frank,Stephens,Sydney,,20,185,1927-03-14,3,1948,1948,False,,,,no
Jack,Stevens,Sydney,,24,177,1929-07-24,3,1953,1953,False,,,,no
Alec,Stewart,NorthMelbourne,,3,180,1915-02-22,3,1941,1942,False,,,,no
Les,Stillman,WesternBulldogs,,28,183,1949-10-05,3,1971,1971,False,,,,no
Nick,Stone,Stkilda,,29,196,1981-10-01,3,2004,2005,False,,,,no
Justin,Stubbs,Essendon,,45,177,1969-09-25,3,1988,1990,False,,,,no
Lance,Styles,Carlton,,35,185,1951-07-06,3,1973,1974,False,,,,no
Gene,Sullivan,WesternBulldogs,,2,173,1903-05-04,3,1929,1929,False,,,,no
Kevin,Sykes,NorthMelbourne,,38,188,1946-02-15,3,1968,1968,False,,,,no
Tony,Symonds,Hawthorn,,32,185,1962-02-15,3,1987,1987,False,,,,no
Reg,Taylor,NorthMelbourne,,29,173,1908-03-19,3,1936,1936,False,,,,no
Dan,Taylor,WesternBulldogs,,24,183,1922-03-08,3,1945,1945,False,,,,no
Barry,Teague,Richmond,,36,170,1946-03-19,3,1965,1967,False,,,,no
Pat,Tebble,Sydney,,20,,1903-11-09,3,1928,1928,False,,,,no
Jimmy,Thurgood,Essendon,,,179,1876-06-21,3,1897,1897,False,,,,no
Bob,Trainer,Sydney,,,183,1927-09-15,3,1950,1950,False,,,,no
Harry,Trend,Melbourne,,,,1878-11-02,3,1905,1905,False,,,,no
Jack,Trengove,PortAdelaide,,19,185,1991-09-02,3,2018,2018,False,,,,no
Jeff,Trotman,Carlton,,38,183,1943-12-07,3,1965,1965,False,,,,no
Brent,Tuckey,WestCoast,,48,192,1979-08-27,3,2002,2002,False,,,,no
Percy,Tulloh,Stkilda,,1,173,1900-09-19,3,1928,1928,False,,,,no
Lindsay,Turnbull,Hawthorn,,36,183,1930-10-09,3,1951,1951,False,,,,no
Arthur,Turner,Sydney,,15,177,1920-01-13,3,1940,1942,False,,,,no
Frank,Twomey,Richmond,,13,191,1890-01-22,3,1913,1914,False,,,,no
Athol,Tymms,Essendon,,,180,1886-02-21,3,1905,1905,False,,,,no
Kirk,Ugle,Collingwood,,37,172,1992-05-06,3,2012,2012,False,,,,no
Gerald,Ugle,GWS,,32,181,1993-01-31,3,2012,2013,False,,,,no
Rhys,Unwin,Essendon,Essendon,38,179,2006-10-11,3,2025,2025,False,MEDIUM_FORWARD,nationalDraft,61,yes
Bob,Vagg,Hawthorn,,9,183,1942-04-03,3,1964,1964,False,,,,no
Colin,Vance,Sydney,,26,191,1929-10-10,3,1955,1955,False,,,,no
Dick,Vandenberg,Carlton,,8,183,1947-10-09,3,1966,1966,False,,,,no
Stan,Vandersluys,Richmond,,6,183,1924-07-11,3,1953,1953,False,,,,no
Alec,Vary,Stkilda,,21,177,1908-01-03,3,1927,1927,False,,,,no
Cameron,Venables,Collingwood,,25,193,1975-10-29,3,1999,1999,False,,,,no
Ernie,Vernon,Stkilda,,,173,1895-09-03,3,1920,1920,False,,,,no
Carl,Vesty,WesternBulldogs,,36,170,1953-05-25,3,1972,1973,False,,,,no
Bill,Vickers,Essendon,,14,171,1902-12-28,3,1927,1927,False,,,,no
Paul,Walker,Collingwood,,37,183,1950-11-03,3,1968,1969,False,,,,no
Glenn,Walley,Melbourne,,46,182,1956-07-23,3,1975,1976,False,,,,no
Brad,Walsh,Carlton,,34,180,1996-09-03,3,2015,2015,False,,,,no
Billy,Walsh,Melbourne,,34,177,1911-02-18,3,1934,1934,False,,,,no
Leo,Walsh,Stkilda,,8,,1900-03-04,3,1920,1920,False,,,,no
Laurie,Walsh,WesternBulldogs,,41,177,1948-02-16,3,1967,1967,False,,,,no
Mick,Warren,Collingwood,,53,185,1959-06-19,3,1979,1980,False,,,,no
Stephen,Wearne,Melbourne,,22,180,1968-10-04,3,1992,1992,False,,,,no
Fred,Webster,Melbourne,,32,183,1935-04-19,3,1955,1955,False,,,,no
Rod,West,Geelong,,16,171,1936-08-13,3,1957,1957,False,,,,no
Peter,White,Carlton,,46,178,1970-07-11,3,1989,1991,False,,,,no
Julian,White,Stkilda,,37,179,1946-03-31,3,1965,1965,False,,,,no
Wally,White,WesternBulldogs,,27,,1901-12-28,3,1925,1925,False,,,,no
Jack,Whitehead,Stkilda,,15,175,1913-06-17,3,1942,1942,False,,,,no
Ray,Whitzell,WesternBulldogs,,41,196,1940-09-28,3,1960,1960,False,,,,no
Djaran,Whyman,NorthMelbourne,,44,179,1983-08-21,3,2007,2007,False,,,,no
George,Wickens,Carlton,,,,1878-03-07,3,1902,1902,False,,,,no
Terry,Wight,WesternBulldogs,,24,183,1956-11-11,3,1981,1981,False,,,,no
Reuben,William,Brisbane,,47,189,1997-12-31,3,2016,2016,False,,,,no
Russell,Williams,Essendon,,34,175,1974-01-20,3,1994,1994,False,,,,no
Alby,Williams,NorthMelbourne,,19,180,1916-08-03,3,1943,1943,False,,,,no
Charles,Williams,Richmond,,,179,1881-01-22,3,1908,1908,False,,,,no
Rod,Williams,Sydney,,10,170,1948-04-28,3,1967,1968,False,,,,no
Leigh,Willison,Geelong,,9,188,1969-10-14,3,1993,1993,False,,,,no
Ryan,Willits,PortAdelaide,,11,197,1987-01-23,3,2006,2006,False,,,,no
Hedley,Wills,Sydney,,29,188,1940-03-19,3,1959,1959,False,,,,no
Darryl,Wintle,Adelaide,,46,179,1976-04-07,3,1999,1999,False,,,,no
Ivor,Witnish,NorthMelbourne,,1,171,1934-05-23,3,1957,1957,False,,,,no
Fred,Wood,Richmond,,14,182,1901-03-29,3,1925,1925,False,,,,no
Tommy,Worle,Collingwood,,,174,1885-01-21,3,1907,1907,False,,,,no
Bert,Wregg,Melbourne,,,173,1879-05-03,3,1901,1901,False,,,,no
Billy,Wright,Richmond,,8,,1900-08-15,3,1922,1923,False,,,,no
Syd,Wright,Sydney,,,,1882-09-15,3,1904,1904,False,,,,no
Stephen,Wrigley,Brisbane,,48,187,1987-04-18,3,2012,2012,False,,,,no
Paul,Wynd,NorthMelbourne,,32,190,1976-05-02,3,1997,1997,False,,,,no
Bob,Wynne,Geelong,,28,188,1922-09-10,3,1946,1946,False,,,,no
Peter,Yeo,Melbourne,,9,183,1947-05-22,3,1972,1972,False,,,,no
Edgar,Yeomans,Carlton,,,,1886-02-14,3,1905,1905,False,,,,no
Rudy,Yonson,Sydney,,32,176,1963-09-20,3,1985,1985,False,,,,no
Alan,Young,Collingwood,,32,183,1933-12-08,3,1954,1954,False,,,,no
Robbie,Young,Stkilda,,41,178,1995-03-02,3,2019,2019,False,,,,no
George,Youren,Collingwood,,23,187,1891-11-19,3,1919,1919,False,,,,no
Zane,Zakostelsky,Brisbane,Brisbane Lions,21,196,2005-12-14,3,2026,2026,True,KEY_DEFENDER,nationalDraft,51,yes
Owen,Zinko,Melbourne,,7,179,1945-04-10,3,1963,1964,False,,,,no
Harold,Zucker,Hawthorn,,28,191,1917-12-23,3,1942,1942,False,,,,no
Bob,Abernethy,Melbourne,,6,177,1900-03-04,2,1923,1923,False,,,,no
Nathan,Ablett,Goldcoast,,55,195,1985-12-13,2,2011,2011,False,,,,no
Kevin,Ablett,Geelong,,26,185,1958-03-26,2,1985,1985,False,,,,no
Callum,Ah Chee,Adelaide,Adelaide,4,182,1997-10-09,2,2026,2026,True,MIDFIELDER_FORWARD,nationalDraft,8,yes
Matthew,AhMat,Sydney,,29,175,1974-06-27,2,1994,1994,False,,,,no
John,Ahern,Melbourne,,47,189,1970-09-10,2,1989,1989,False,,,,no
Ern,Aitchison,Hawthorn,,11,184,1905-06-10,2,1931,1931,False,,,,no
Ted,Alcorn,Stkilda,,,,1884-06-14,2,1909,1909,False,,,,no
Roy,Allen,Collingwood,,1,180,1901-03-27,2,1924,1924,False,,,,no
Bert,Allen,Richmond,,20,,1887-05-07,2,1912,1912,False,,,,no
Stephen,Allender,Hawthorn,,14,194,1960-07-24,2,1984,1984,False,,,,no
Ron,Alsop,Hawthorn,,20,168,1916-04-25,2,1944,1944,False,,,,no
Col,Anderson,Melbourne,,26,185,1951-08-31,2,1972,1972,False,,,,no
Claude,Anderson,Sydney,,10,183,1924-04-11,2,1947,1947,False,,,,no
Joe,Andrew,Carlton,,16,,1889-04-17,2,1914,1914,False,,,,no
Mick,Anthony,Stkilda,,28,174,1894-08-08,2,1926,1926,False,,,,no
Barry,Archbold,Carlton,,37,179,1933-12-11,2,1955,1955,False,,,,no
Bill,Armstrong,Carlton,,27,177,1936-06-28,2,1958,1959,False,,,,no
Frank,Asling,Hawthorn,,10,183,1912-03-07,2,1936,1936,False,,,,no
Paul,Atkins,Sydney,,32,180,1968-12-23,2,1992,1992,False,,,,no
Jack,Audsley,Geelong,,,171,1892-10-24,2,1915,1915,False,,,,no
Kurt,Aylett,Essendon,,43,189,1992-04-02,2,2014,2014,False,,,,no
Bill,Ayling,Collingwood,,,,1878-07-26,2,1903,1903,False,,,,no
Doug,Ayres,WesternBulldogs,,20,178,1906-09-26,2,1931,1931,False,,,,no
Ernie,Bailes,Collingwood,,,161,1888-06-18,2,1909,1909,False,,,,no
Frank,Bain,Richmond,,49,187,1959-06-10,2,1979,1979,False,,,,no
Jason,Baldwin,Richmond,,32,180,1969-11-07,2,1997,1997,False,,,,no
Albert,Barker,WesternBulldogs,,9,179,1901-09-16,2,1929,1929,False,,,,no
Harry,Barnett,WestCoast,West Coast,30,203,2004-01-22,2,2023,2024,False,RUCK,nationalDraft,23,yes
Ken,Barrett,Sydney,,6,178,1939-10-02,2,1960,1960,False,,,,no
Herman,Bartlett,Carlton,,30,,1892-03-05,2,1912,1912,False,,,,no
Bill,Barton,NorthMelbourne,,23,182,1936-03-15,2,1955,1956,False,,,,no
Percy,Barton,Richmond,,,,1888-09-09,2,1909,1909,False,,,,no
Frank,Barton,WesternBulldogs,,7,175,1900-10-31,2,1926,1926,False,,,,no
Tom,Barwick,Hawthorn,,7,179,1907-11-30,2,1928,1928,False,,,,no
Vin,Batchelor,Collingwood,,4,179,1900-02-17,2,1924,1924,False,,,,no
Mick,Bates,Essendon,,49,196,1949-06-26,2,1971,1971,False,,,,no
Gerry,Beare,Melbourne,,21,177,1905-07-03,2,1928,1928,False,,,,no
Art,Beaumont,Melbourne,,11,185,1904-12-08,2,1929,1929,False,,,,no
Lindsay,Beck,Hawthorn,,18,168,1900-04-04,2,1926,1926,False,,,,no
Dominic,Bedendo,WesternBulldogs,,26,191,2002-07-09,2,2022,2022,False,,,,no
Barry,Beitzel,Carlton,,35,182,1934-12-20,2,1955,1955,False,,,,no
Dennis,Bell,Collingwood,,3,177,1940-09-15,2,1961,1961,False,,,,no
John,Bell,Collingwood,,44,183,1949-08-30,2,1969,1969,False,,,,no
Neil,Bencraft,Melbourne,,34,165,1924-12-08,2,1944,1944,False,,,,no
Jason,Bevan,Collingwood,,40,180,1978-04-18,2,1996,1996,False,,,,no
Albert,Biggs,Stkilda,,,,1889-05-24,2,1911,1911,False,,,,no
Stan,Biggs,Sydney,,40,178,1935-03-11,2,1956,1956,False,,,,no
Fred,Birnstihl,WesternBulldogs,,8,171,1904-10-16,2,1927,1927,False,,,,no
Noel,Bishop,Carlton,,22,178,1948-02-12,2,1968,1968,False,,,,no
Tony,Bizzaca,Melbourne,,22,178,1921-05-16,2,1944,1944,False,,,,no
David,Blackburn,Stkilda,,40,173,1956-07-07,2,1977,1977,False,,,,no
Fred,Blackham,Melbourne,,,,1873-04-06,2,1897,1897,False,,,,no
Lawrie,Blades,NorthMelbourne,,7,168,1916-08-19,2,1942,1942,False,,,,no
Billy,Blair,Geelong,,24,178,1912-06-03,2,1935,1935,False,,,,no
John,Blair,Stkilda,,27,188,1955-03-17,2,1980,1980,False,,,,no
Jack,Blencowe,Geelong,,29,174,1891-05-17,2,1914,1914,False,,,,no
Ray,Bloodworth,Richmond,,27,178,1933-12-08,2,1955,1956,False,,,,no
Darren,Bolton,Fremantle.xlsx,,40,174,1976-11-26,2,1999,1999,False,,,,no
Harry,Bond,Stkilda,,,170,1869-05-27,2,1899,1899,False,,,,no
Alf,Boniface,WesternBulldogs,,31,170,1917-01-27,2,1940,1940,False,,,,no
John,Booth,Essendon,,40,180,1942-07-29,2,1963,1963,False,,,,no
Harold,Booth,Stkilda,,,,1886-08-04,2,1912,1912,False,,,,no
Jack,Boothman,Hawthorn,,6,170,1906-07-16,2,1927,1927,False,,,,no
Jack,Borthwick,Essendon,,,,1884-08-27,2,1906,1906,False,,,,no
Jarrad,Boumann,Hawthorn,,31,196,1989-08-18,2,2012,2012,False,,,,no
Joe,Bourke,Richmond,,,175,1884-11-08,2,1909,1909,False,,,,no
Charlie,Bourne,Stkilda,,51,170,1906-10-29,2,1933,1933,False,,,,no
Artie,Bowe,Essendon,,,,1888-02-11,2,1909,1909,False,,,,no
Ned,Bowen,Stkilda,,28,180,1889-08-12,2,1913,1913,False,,,,no
Brendan,Bower,NorthMelbourne,,37,188,1966-08-04,2,1993,1993,False,,,,no
Jack,Boyd,Essendon,,15,175,1906-02-24,2,1927,1927,False,,,,no
Len,Boyd-Gerny,Stkilda,,16,175,1916-05-21,2,1938,1938,False,,,,no
Terry,Boyle,Hawthorn,,34,173,1920-05-02,2,1942,1942,False,,,,no
Shane,Braddy,Melbourne,,38,188,1960-07-22,2,1981,1981,False,,,,no
Graeme,Bradly,Sydney,,35,192,1946-04-11,2,1967,1967,False,,,,no
Alan,Brand,Sydney,,46,180,1954-04-24,2,1975,1975,False,,,,no
Jim,Brennan,Richmond,,27,178,1927-06-16,2,1952,1952,False,,,,no
Lindsay,Bristow,Collingwood,,,171,1888-03-30,2,1909,1909,False,,,,no
Ray,Bromley,NorthMelbourne,,16,185,1915-09-23,2,1940,1940,False,,,,no
Tom,Brooker,NorthMelbourne,,5,173,1908-06-27,2,1936,1936,False,,,,no
Harold,Brookes,Stkilda,,,,1876-04-06,2,1898,1898,False,,,,no
Fred,Brooks,Carlton,,16,,1908-05-05,2,1931,1931,False,,,,no
Phil,Brooks,Hawthorn,,4,178,1901-10-11,2,1931,1931,False,,,,no
Rohan,Brown,Carlton,,30,192,1957-10-02,2,1983,1983,False,,,,no
Bill,Brown,Collingwood,,7,178,1914-03-08,2,1943,1943,False,,,,no
Brian,Brown,Essendon,,13,183,1957-09-27,2,1982,1982,False,,,,no
Kynan,Brown,Melbourne,,41,181,2005-01-13,2,2024,2024,False,,,,no
Neil,Brown,NorthMelbourne,,36,194,1952-04-21,2,1972,1972,False,,,,no
Barrie,Brown,Richmond,,26,180,1931-06-25,2,1952,1952,False,,,,no
Herbie,Brunning,Richmond,,8,170,1899-08-25,2,1923,1924,False,,,,no
Herb,Bruton,Sydney,,,,1880-05-27,2,1904,1904,False,,,,no
Nicholas,Bruton,WesternBulldogs,,24,201,1981-08-17,2,2003,2003,False,,,,no
Allan,Bryce,Stkilda,,16,183,1905-08-30,2,1927,1927,False,,,,no
Dylan,Buckley,GWS,,43,179,1993-03-16,2,2018,2018,False,,,,no
Stephen,Buckley,NorthMelbourne,,42,183,1959-04-23,2,1983,1983,False,,,,no
Bill,Buckley,Collingwood,,2,183,1896-04-06,2,1924,1924,False,,,,no
Paul,Buckley,Essendon,,18,178,1913-05-13,2,1938,1938,False,,,,no
Ben,Bucovaz,Fremantle.xlsx,,33,188,1990-11-02,2,2011,2011,False,,,,no
Jack,Buller,Collingwood,Collingwood,34,199,2001-05-16,2,2026,2026,True,KEY_FORWARD,other,13,yes
Ted,Bulmer,Stkilda,,,171,1889-09-02,2,1920,1920,False,,,,no
Cyril,Burke,Richmond,,28,180,1905-10-14,2,1926,1926,False,,,,no
Peter,Burke,Richmond,,41,187,1964-05-24,2,1987,1987,False,,,,no
Bob,Burns,Collingwood,,,,1884-06-03,2,1904,1904,False,,,,no
Ted,Burns,Stkilda,,,175,1889-02-02,2,1912,1912,False,,,,no
Jay,Burton,Fremantle.xlsx,,27,202,1972-10-25,2,1995,1995,False,,,,no
Archie,Butler,Sydney,,,,1879-09-01,2,1903,1903,False,,,,no
Ted,Butler,WesternBulldogs,,,,1903-07-16,2,1926,1927,False,,,,no
David,Buttifant,Richmond,,42,183,1964-03-03,2,1987,1987,False,,,,no
Ron,Byron,Stkilda,,22,184,1931-08-09,2,1955,1955,False,,,,no
Arthur,Cairns,Stkilda,,7,175,1917-04-07,2,1942,1942,False,,,,no
Ossie,Calvert,Geelong,,,175,1880-08-04,2,1898,1898,False,,,,no
Clarrie,Calwell,Carlton,,17,178,1896-09-09,2,1920,1920,False,,,,no
Artie,Cambridge,Melbourne,,30,178,1901-12-25,2,1922,1922,False,,,,no
Don,Cameron,Melbourne,,8,184,1931-07-17,2,1953,1953,False,,,,no
Adrian,Campbell,Melbourne,,1,190,1969-01-04,2,1993,1993,False,,,,no
Bill,Campbell,NorthMelbourne,,,175,1904-12-03,2,1929,1929,False,,,,no
Joe,Campbell,Stkilda,,20,183,1893-10-10,2,1920,1920,False,,,,no
Tom,Carlyon,Stkilda,,25,183,1902-04-27,2,1923,1923,False,,,,no
Max,Carmichael,Hawthorn,,34,177,1920-04-20,2,1940,1940,False,,,,no
John,Carpenter,Essendon,,50,177,1948-08-29,2,1969,1969,False,,,,no
Jack,Carr,Melbourne,,26,170,1913-12-26,2,1935,1935,False,,,,no
Jim,Carroll,Carlton,,42,175,1939-08-10,2,1961,1962,False,,,,no
Jason,Carter,Fremantle.xlsx,,35,185,2000-01-11,2,2019,2019,False,,,,no
Tristan,Cartledge,Richmond,,38,199,1985-06-11,2,2008,2008,False,,,,no
Brad,Cassidy,Collingwood,,38,185,1976-07-25,2,1997,1997,False,,,,no
Len,Catton,Melbourne,,10,187,1914-01-05,2,1938,1938,False,,,,no
Ernest,Cazaly,Stkilda,,17,179,1886-03-02,2,1910,1919,False,,,,no
Athol,Cerini,Essendon,,34,171,1907-12-12,2,1928,1928,False,,,,no
Bob,Chadwick,Melbourne,,4,185,1927-02-08,2,1949,1949,False,,,,no
Charlie,Challenger,Essendon,,22,174,1917-12-09,2,1940,1940,False,,,,no
Keith,Chamberlain,NorthMelbourne,,,177,1913-06-08,2,1934,1934,False,,,,no
Jeff,Chapman,Melbourne,,17,182,1948-02-22,2,1966,1966,False,,,,no
Alf,Chapman,Sydney,,,,1875-02-03,2,1900,1900,False,,,,no
Peter,Charleston,Sydney,,21,180,1930-08-28,2,1954,1954,False,,,,no
Peter,Chitty,Stkilda,,36,170,1912-03-11,2,1936,1936,False,,,,no
John,Chivers,Richmond,,7,177,1944-11-06,2,1965,1965,False,,,,no
Martin,Christensen,NorthMelbourne,,21,180,1965-09-10,2,1992,1992,False,,,,no
Isaac,Chugg,Collingwood,,34,181,2002-02-26,2,2022,2022,False,,,,no
Milton,Clark,NorthMelbourne,,,180,1922-06-27,2,1946,1946,False,,,,no
Eric,Clark,NorthMelbourne,,14,180,1916-03-13,2,1939,1939,False,,,,no
Jack,Clark,NorthMelbourne,,15,179,1924-08-02,2,1951,1951,False,,,,no
Alf,Clauscen,Stkilda,,,,1875-05-27,2,1898,1898,False,,,,no
Josh,Clayton,Brisbane,,19,190,1996-01-17,2,2016,2016,False,,,,no
Brian,Clegg,Sydney,,38,183,1930-04-12,2,1951,1951,False,,,,no
Dick,Clough,Essendon,,,174,1884-03-02,2,1907,1908,False,,,,no
Scott,Clouston,Brisbane,,41,193,1987-02-02,2,2008,2008,False,,,,no
Ivan,Clues,Collingwood,,31,180,1929-05-10,2,1951,1951,False,,,,no
Arthur,Cock,Stkilda,,24,166,1900-03-17,2,1924,1924,False,,,,no
David,Cockatoo-Collins,Melbourne,,30,180,1978-04-01,2,1996,1997,False,,,,no
Adam,Cockshell,PortAdelaide,,34,198,1986-08-19,2,2007,2007,False,,,,no
John,Coghlan,Sydney,,26,185,1946-11-27,2,1969,1969,False,,,,no
Brian,Cole,Collingwood,,47,178,1956-08-17,2,1977,1978,False,,,,no
Ken,Collicoat,Essendon,,9,179,1919-07-17,2,1944,1944,False,,,,no
Reg,Collier,WesternBulldogs,,,170,1908-10-05,2,1935,1935,False,,,,no
Billy,Collins,Melbourne,,25,175,1909-11-29,2,1931,1931,False,,,,no
Dick,Collinson,WesternBulldogs,,11,173,1923-05-28,2,1947,1947,False,,,,no
Hugh,Colquhoun,Stkilda,,,,1892-10-18,2,1912,1912,False,,,,no
Frank,Comer,Sydney,,27,171,1886-02-07,2,1912,1912,False,,,,no
Bernie,Conlen,Sydney,,48,163,1960-10-26,2,1981,1981,False,,,,no
Leo,Connors,Hawthorn,,8,185,1918-09-01,2,1942,1942,False,,,,no
Michael,Cooke,Hawthorn,,48,189,1953-12-17,2,1975,1975,False,,,,no
Bill,Cookson,Essendon,,19,168,1900-12-10,2,1924,1924,False,,,,no
Ron,Cooper,NorthMelbourne,,19,179,1911-06-08,2,1943,1943,False,,,,no
Stan,Cooper,Stkilda,,1,182,1899-04-08,2,1922,1922,False,,,,no
Reuben,Cooper,Sydney,,43,175,1951-08-14,2,1969,1969,False,,,,no
Kevin,Coppock,Richmond,,30,183,1932-05-09,2,1953,1953,False,,,,no
Shannon,Corcoran,Sydney,,16,182,1971-02-22,2,1997,1997,False,,,,no
Fred,Coulsell,Essendon,,3,188,1905-12-17,2,1931,1931,False,,,,no
Bert,Cowley,Carlton,,,,1886-02-08,2,1911,1911,False,,,,no
Mason,Cox,Fremantle.xlsx,Fremantle,18,211,1991-03-14,2,2026,2026,True,RUCK,rookieElevation,NA,yes
Harry,Cox,Melbourne,,,178,1884-09-25,2,1907,1907,False,,,,no
Charlie,Cox,Stkilda,,,,1873-02-18,2,1897,1897,False,,,,no
Fred,Crapper,Richmond,,18,185,1909-03-04,2,1936,1936,False,,,,no
Bertie,Crellin,WesternBulldogs,,28,,1902-05-27,2,1926,1926,False,,,,no
Ian,Crewes,NorthMelbourne,,26,178,1938-05-04,2,1956,1956,False,,,,no
Roy,Cullinan,Sydney,,35,180,1932-12-23,2,1953,1953,False,,,,no
Jim,Cullum,Sydney,,27,185,1898-04-09,2,1922,1922,False,,,,no
Trent,Cummings,WestCoast,,20,182,1973-12-28,2,1997,1997,False,,,,no
John,Cunningham,Geelong,,39,174,1974-02-19,2,1995,1995,False,,,,no
Tom,Cunningham,Richmond,,31,175,1901-11-30,2,1931,1931,False,,,,no
Harold,Curran,Melbourne,,,180,1888-06-10,2,1911,1911,False,,,,no
Peter,Curtain,Stkilda,,52,185,1962-12-05,2,1984,1985,False,,,,no
John,Curtin,Stkilda,,18,185,1924-11-08,2,1947,1947,False,,,,no
Peter,Curtis,NorthMelbourne,,,178,1933-01-13,2,1955,1955,False,,,,no
Frazer,Dale,Carlton,,39,187,1993-11-10,2,2012,2012,False,,,,no
Andrew,Dale,Melbourne,,59,188,1962-04-19,2,1986,1986,False,,,,no
Geoff,Dalley,NorthMelbourne,,11,183,1917-01-10,2,1939,1939,False,,,,no
Syd,Dalrymple,Melbourne,,,171,1885-05-11,2,1902,1902,False,,,,no
Jack,Dalton,Hawthorn,Hawthorn,34,178,2007-04-05,2,2026,2026,True,MEDIUM_FORWARD,NA,NA,yes
Johnny,Dalton,Melbourne,,33,177,1919-08-10,2,1943,1943,False,,,,no
Gordon,Dann,Sydney,,46,175,1944-08-02,2,1962,1962,False,,,,no
Tom,Davey,Hawthorn,,27,183,1916-11-15,2,1939,1939,False,,,,no
Peter,Davidson,WestCoast,,11,183,1963-08-29,2,1987,1987,False,,,,no
Gordon,Davie,Collingwood,,4,,1903-07-07,2,1924,1924,False,,,,no
Ben,Davies,NorthMelbourne,,34,187,1986-02-10,2,2008,2008,False,,,,no
Hugh,Davies,Fremantle.xlsx,Fremantle,12,196,2004-09-28,2,2024,2024,False,KEY_DEFENDER,nationalDraft,33,yes
Neil,Davies,Richmond,,10,185,1931-12-09,2,1955,1955,False,,,,no
Alwyn,Davies,Stkilda,,3,173,1896-03-19,2,1919,1919,False,,,,no
Darren,Davies,Stkilda,,33,181,1965-10-14,2,1991,1991,False,,,,no
Troy,Davis,Melbourne,,41,192,1992-06-10,2,2013,2013,False,,,,no
Norm,Davis,NorthMelbourne,,18,175,1904-08-04,2,1927,1927,False,,,,no
Alan,Dawson,Sydney,,34,188,1932-09-01,2,1958,1958,False,,,,no
Dick,Day,NorthMelbourne,,14,171,1920-02-17,2,1943,1943,False,,,,no
Simon,Deacon,Stkilda,,44,183,1954-06-03,2,1974,1975,False,,,,no
Ron,Dean,Richmond,,50,178,1943-09-29,2,1962,1962,False,,,,no
Lawrie,Delaney,Stkilda,,,170,1883-06-11,2,1901,1901,False,,,,no
Joe,Dell,Stkilda,,,180,1916-02-22,2,1937,1937,False,,,,no
John,Dellamarta,Melbourne,,33,185,1954-08-26,2,1979,1979,False,,,,no
Claude,Denman,Stkilda,,,170,1896-04-03,2,1920,1920,False,,,,no
Jack,Denning,Collingwood,,,182,1875-04-17,2,1899,1899,False,,,,no
Simon,Dennis,Richmond,,54,190,1973-02-21,2,1993,1993,False,,,,no
Wade,Derksen,Carlton,Carlton,47,194,2001-06-18,2,2026,2026,True,KEY_DEFENDER,other,5,yes
Harold,Dickinson,Essendon,,35,178,1908-08-08,2,1933,1933,False,,,,no
Tom,Dickson,Geelong,,,171,1888-06-09,2,1908,1908,False,,,,no
Reg,Digby,Geelong,,,,1879-01-21,2,1904,1904,False,,,,no
Artie,Dillon,Collingwood,,7,170,1894-08-14,2,1920,1920,False,,,,no
Eric,Dimsey,Melbourne,,36,178,1892-09-22,2,1913,1913,False,,,,no
Bart,Dinsmore,Stkilda,,,173,1879-11-17,2,1903,1903,False,,,,no
Renato,Dintinosante,Richmond,,48,180,1963-05-24,2,1987,1987,False,,,,no
Aldo,Dipetta,Sydney,,24,175,1972-01-03,2,1993,1993,False,,,,no
Leo,Dobrigh,Richmond,,21,177,1898-12-06,2,1923,1923,False,,,,no
Norm,Doig,Essendon,,21,175,1910-07-24,2,1939,1939,False,,,,no
Bill,Donald,Carlton,,7,178,1899-07-28,2,1927,1927,False,,,,no
Russell,Donaldson,Hawthorn,,38,183,1951-08-10,2,1974,1974,False,,,,no
Andy,Dougall,Carlton,,,180,1884-05-22,2,1902,1902,False,,,,no
Dinny,Dowd,NorthMelbourne,,25,183,1906-01-01,2,1932,1932,False,,,,no
Connor,Downie,Hawthorn,,41,185,2002-05-31,2,2021,2021,False,,,,no
George,Driscoll,Richmond,,27,184,1893-12-19,2,1914,1914,False,,,,no
Geoff,Driver,Sydney,,15,173,1920-12-31,2,1947,1947,False,,,,no
David,Droscher,Sydney,,15,185,1950-07-27,2,1971,1971,False,,,,no
Frank,Drum,Richmond,,34,191,1931-01-03,2,1950,1950,False,,,,no
Andy,Duff,Collingwood,,,,1890-05-22,2,1910,1910,False,,,,no
Leo,Duff,Stkilda,,,,1885-03-18,2,1908,1908,False,,,,no
Ron,Dunn,Essendon,,29,170,1928-04-19,2,1952,1952,False,,,,no
Sam,Durdin,Carlton,,38,198,1996-06-06,2,2022,2024,False,,,,no
Hugh,Earnshaw,Geelong,,6,173,1939-02-16,2,1959,1959,False,,,,no
Dave,Earsman,Carlton,,26,177,1882-01-06,2,1913,1913,False,,,,no
Gil,Ebbott,Stkilda,,,168,1890-08-26,2,1912,1912,False,,,,no
Ken,Edgar,Melbourne,,,177,1890-06-24,2,1911,1911,False,,,,no
Michael,Edmonds,Collingwood,,58,178,1966-11-13,2,1986,1986,False,,,,no
Charlie,Edwards,Adelaide,Adelaide,11,191,2005-05-18,2,2026,2026,True,MIDFIELDER,nationalDraft,21,yes
Bill,Edwards,Richmond,,6,183,1933-07-03,2,1959,1959,False,,,,no
Bryan,Edwards,WesternBulldogs,,50,185,1957-03-09,2,1980,1981,False,,,,no
Hussien,El Achkar,Essendon,Essendon,33,171,2007-04-02,2,2026,2026,True,MEDIUM_FORWARD,nationalDraft,53,yes
Max,Ellis,Carlton,,21,168,1933-08-13,2,1956,1956,False,,,,no
Ray,Ellis,Geelong,,5,,1897-05-12,2,1923,1923,False,,,,no
Harold,Evans,Carlton,,29,164,1889-02-28,2,1913,1913,False,,,,no
Barry,Evans,Collingwood,,57,175,1963-10-10,2,1981,1981,False,,,,no
Lew,Evans,Hawthorn,,4,163,1927-10-14,2,1949,1949,False,,,,no
Percy,Evans,NorthMelbourne,,30,,1906-08-11,2,1929,1929,False,,,,no
Sam,Everon,Stkilda,,,173,1922-07-31,2,1945,1945,False,,,,no
Frank,Fanning,WesternBulldogs,,17,178,1945-11-28,2,1966,1966,False,,,,no
Pat,Farnan,Sydney,,11,,1893-07-15,2,1915,1915,False,,,,no
Geoff,Farrelly,Hawthorn,,28,175,1908-04-09,2,1933,1933,False,,,,no
John,Favier,Sydney,,55,185,1960-07-23,2,1985,1985,False,,,,no
Bill,Fawcett,Essendon,,13,182,1890-05-15,2,1921,1921,False,,,,no
Ted,Feder,Geelong,,11,,1896-09-12,2,1921,1921,False,,,,no
Karl,Fedke,Geelong,,13,185,1962-07-28,2,1982,1982,False,,,,no
Arthur,Fehring,Richmond,,12,183,1900-05-04,2,1919,1919,False,,,,no
Jack,Fergeus,Sydney,,8,165,1918-06-05,2,1940,1940,False,,,,no
Arthur,Ferguson,Melbourne,,18,,1887-04-09,2,1912,1912,False,,,,no
Ashley,Fernee,Adelaide,,45,196,1977-06-24,2,1996,1996,False,,,,no
Artie,Fewster,Richmond,,23,,1894-10-18,2,1919,1919,False,,,,no
Des,Field,Collingwood,,39,180,1942-06-01,2,1960,1960,False,,,,no
Les,Field,Essendon,,13,173,1921-11-29,2,1947,1947,False,,,,no
Bert,Field,Stkilda,,,175,1884-06-05,2,1906,1906,False,,,,no
Tom,Fields,Carlton,,37,192,1992-12-19,2,2015,2015,False,,,,no
Bill,Finlayson,Richmond,,25,,1904-01-02,2,1926,1926,False,,,,no
Brayden,Fiorini,Essendon,Essendon,8,186,1997-08-22,2,2026,2026,True,MIDFIELDER,nationalDraft,20,yes
Jack,Fisher,Hawthorn,,18,182,1922-01-22,2,1947,1947,False,,,,no
Dick,Fitzgerald,Sydney,,10,187,1889-03-14,2,1913,1913,False,,,,no
Greg,Flanegan,Essendon,,28,185,1958-12-18,2,1980,1980,False,,,,no
Cameron,Fleeton,GWS,,29,192,2002-06-17,2,2023,2023,False,,,,no
Norm,Fletcher,Hawthorn,,5,182,1915-09-10,2,1943,1943,False,,,,no
John,Flint,WesternBulldogs,,27,174,1919-12-25,2,1939,1939,False,,,,no
Bill,Flynn,Sydney,,31,175,1907-09-26,2,1932,1932,False,,,,no
Chris,Fogarty,Essendon,,,185,1884-01-28,2,1906,1906,False,,,,no
Joe,Fogarty,Essendon,,,185,1885-12-24,2,1906,1906,False,,,,no
Zac,Foot,Sydney,,16,181,2000-12-24,2,2020,2020,False,,,,no
Harry,Ford,Essendon,,,,1884-06-11,2,1902,1902,False,,,,no
Michael,Ford,Stkilda,,45,183,1962-10-11,2,1992,1992,False,,,,no
Ian,Foreman,WesternBulldogs,,12,173,1930-10-11,2,1952,1952,False,,,,no
Neville,Forge,Sydney,,1,187,1940-04-10,2,1962,1962,False,,,,no
Keith,Forsyth,Essendon,,32,183,1917-10-17,2,1941,1941,False,,,,no
Grant,Fowler,Hawthorn,,2,180,1957-03-12,2,1983,1984,False,,,,no
Joe,Fox,Geelong,,,182,1879-01-20,2,1904,1904,False,,,,no
Syd,Francis,Hawthorn,,10,178,1913-02-20,2,1932,1932,False,,,,no
Les,Frauenfelder,Richmond,,,180,1888-02-26,2,1910,1910,False,,,,no
James,Frawley,Stkilda,,24,193,1988-09-20,2,2021,2021,False,,,,no
Jim,Freeman,Essendon,,12,180,1889-11-21,2,1914,1914,False,,,,no
Nathan,Freeman,Stkilda,,10,183,1995-06-16,2,2018,2018,False,,,,no
Jack,Frost,Brisbane,,45,195,1992-02-25,2,2017,2017,False,,,,no
Tom,Fullarton,Melbourne,,33,199,1999-02-23,2,2025,2025,False,,,,no
Bernie,Fyffe,Stkilda,,,163,1921-12-22,2,1944,1944,False,,,,no
George,Gardiner,Stkilda,,,177,1877-12-15,2,1906,1906,False,,,,no
Norm,Gardner,WesternBulldogs,,5,175,1921-12-16,2,1947,1947,False,,,,no
Maurie,Gear,Geelong,,32,170,1934-11-18,2,1954,1954,False,,,,no
Richard,Geary,WestCoast,,34,181,1963-09-24,2,1989,1989,False,,,,no
Jack,Geddes,Collingwood,,,174,1868-02-04,2,1899,1899,False,,,,no
Art,Gilchrist,Melbourne,,,175,1879-08-29,2,1905,1905,False,,,,no
Glenn,Giles,Melbourne,,37,186,1956-11-14,2,1981,1981,False,,,,no
Pat,Gill,NorthMelbourne,,1,173,1920-11-03,2,1946,1946,False,,,,no
Steve,Gill,Stkilda,,,173,1896-08-02,2,1920,1920,False,,,,no
Audley,Gillespie-Jones,Melbourne,,15,178,1914-07-01,2,1935,1935,False,,,,no
Tom,Gillies,Melbourne,,27,192,1990-03-07,2,2013,2013,False,,,,no
Bill,Gnaden,Essendon,,17,180,1932-07-11,2,1954,1954,False,,,,no
Jack,Godby,Essendon,,,174,1880-01-09,2,1903,1903,False,,,,no
Hugh,Goddard,Carlton,,45,196,1996-08-24,2,2019,2019,False,,,,no
Sean,Godsell,Stkilda,,42,196,1960-09-09,2,1980,1981,False,,,,no
Matthew,Goodyear,Collingwood,,27,185,1996-07-20,2,2016,2016,False,,,,no
Jim,Goonan,Carlton,,,,1873-07-26,2,1897,1897,False,,,,no
Eric,Gordon,Stkilda,,19,177,1898-06-14,2,1918,1918,False,,,,no
Glenn,Gorman,NorthMelbourne,,39,187,1976-01-26,2,1996,1996,False,,,,no
Bruce,Gotz,Stkilda,,23,188,1913-07-21,2,1934,1934,False,,,,no
Stephen,Goulding,NorthMelbourne,,35,185,1960-08-18,2,1981,1981,False,,,,no
Harry,Gower,Stkilda,,,,1874-12-24,2,1897,1897,False,,,,no
Bert,Graf,Carlton,,20,165,1896-08-02,2,1919,1919,False,,,,no
Harry,Graham,Melbourne,,,171,1870-11-22,2,1900,1900,False,,,,no
George,Grainger,Stkilda,,32,185,1921-07-02,2,1944,1944,False,,,,no
Wal,Grant,Carlton,,,178,1882-12-01,2,1906,1906,False,,,,no
Dick,Grant,Collingwood,,26,187,1909-06-25,2,1932,1932,False,,,,no
Gary,Gray,NorthMelbourne,,25,183,1953-11-22,2,1976,1976,False,,,,no
Anton,Grbac,Essendon,,40,189,1961-01-16,2,1982,1982,False,,,,no
Richie,Green,Sydney,,4,173,1925-09-17,2,1953,1953,False,,,,no
Malcolm,Greenslade,Richmond,,26,188,1948-06-17,2,1971,1971,False,,,,no
Harry,Greensmith,NorthMelbourne,,18,,1899-12-26,2,1925,1925,False,,,,no
Tom,Greenwood,Essendon,,29,178,1889-09-06,2,1918,1918,False,,,,no
Ernie,Greeves,Stkilda,,,,1873-04-22,2,1899,1899,False,,,,no
Bert,Gregory,Melbourne,,,182,1888-10-17,2,1907,1907,False,,,,no
Ilija,Grgic,Essendon,,37,203,1972-03-05,2,1999,1999,False,,,,no
Frank,Griffin,Stkilda,,,179,1886-06-16,2,1909,1910,False,,,,no
Nathan,Grima,Essendon,,55,192,1985-08-05,2,2016,2016,False,,,,no
Graeme,Gross,Geelong,,26,171,1938-04-17,2,1958,1958,False,,,,no
Geoff,Grover,Stkilda,,32,189,1943-09-19,2,1964,1964,False,,,,no
Stewart,Gull,Melbourne,,26,191,1951-06-24,2,1979,1979,False,,,,no
Martin,Gullan,Sydney,,,184,1876-10-05,2,1900,1900,False,,,,no
Herbert,Guthrie,Stkilda,,,171,1902-09-29,2,1925,1925,False,,,,no
Johnny,Hall,Hawthorn,,15,178,1917-05-14,2,1938,1938,False,,,,no
Christopher,Hall,PortAdelaide,,13,177,1982-03-03,2,2003,2003,False,,,,no
Harry,Hall,Stkilda,,,,1882-12-17,2,1908,1908,False,,,,no
Tom,Hall,Sydney,,30,180,1921-05-21,2,1941,1941,False,,,,no
Peter,Halsall,Carlton,,35,179,1958-01-06,2,1978,1978,False,,,,no
John,Hamilton,Melbourne,,41,183,1946-12-09,2,1966,1966,False,,,,no
Gordon,Hamilton,Sydney,,7,173,1920-07-13,2,1940,1940,False,,,,no
Cec,Hammer,Geelong,,27,168,1926-06-24,2,1945,1945,False,,,,no
Jack,Hammond,Melbourne,,,178,1884-09-30,2,1907,1907,False,,,,no
Henry,Hammond,Sydney,,,,1881-11-21,2,1902,1902,False,,,,no
Robert,Hando,Sydney,,30,191,1944-04-06,2,1967,1967,False,,,,no
Barry,Hannon,Sydney,,18,182,1940-01-02,2,1961,1961,False,,,,no
Hal,Hanton,Carlton,,5,183,1922-05-25,2,1945,1945,False,,,,no
Merv,Harbinson,Essendon,,37,180,1959-06-11,2,1984,1985,False,,,,no
Brad,Hardie,Collingwood,,9,181,1962-10-10,2,1992,1992,False,,,,no
Max,Hardie,Stkilda,,4,,1900-02-11,2,1919,1919,False,,,,no
Scott,Harding,PortAdelaide,,38,181,1986-06-19,2,2010,2010,False,,,,no
Steven,Hargrave,WesternBulldogs,,26,188,1954-06-26,2,1982,1982,False,,,,no
Gary,Harley,Sydney,,44,175,1954-06-05,2,1973,1973,False,,,,no
Ray,Harper,NorthMelbourne,,13,174,1900-07-26,2,1925,1925,False,,,,no
Brenton,Harris,NorthMelbourne,,38,185,1969-10-09,2,1988,1988,False,,,,no
Bill,Harris,Stkilda,,,170,1877-05-14,2,1900,1900,False,,,,no
Harry,Harrison,WesternBulldogs,,17,183,1901-01-01,2,1925,1925,False,,,,no
Vic,Harrison,Geelong,,7,183,1911-01-13,2,1935,1935,False,,,,no
Geoff,Harrold,Melbourne,,46,185,1953-07-20,2,1972,1972,False,,,,no
Ray,Harvey,Melbourne,,9,163,1929-07-28,2,1949,1949,False,,,,no
Bill,Harvey,NorthMelbourne,,,185,1926-10-10,2,1948,1948,False,,,,no
Brian,Harvey,WesternBulldogs,,45,178,1949-02-24,2,1968,1968,False,,,,no
Neil,Hasell,NorthMelbourne,,28,166,1918-09-15,2,1940,1940,False,,,,no
Michael,Hawkins,Geelong,,29,196,1951-09-18,2,1973,1973,False,,,,no
Charlie,Hay,Essendon,,,182,1881-11-04,2,1911,1911,False,,,,no
Peter,Hayes,Collingwood,,24,183,1938-12-22,2,1959,1960,False,,,,no
Tom,Hayes,NorthMelbourne,,29,175,1921-10-25,2,1946,1946,False,,,,no
Ray,Haynes,Geelong,,13,177,1947-11-24,2,1971,1971,False,,,,no
Kevin,Healy,Collingwood,,27,180,1937-11-26,2,1959,1959,False,,,,no
Tony,Heath,Collingwood,,12,174,1937-10-10,2,1957,1957,False,,,,no
Max,Heath,Melbourne,Melbourne,27,204,2002-10-24,2,2026,2026,True,RUCK,NA,NA,yes
Arthur,Heath,Richmond,,21,180,1890-02-07,2,1913,1913,False,,,,no
Ted,Heffernan,Carlton,,,,1869-05-16,2,1897,1897,False,,,,no
Mike,Heffernan,Collingwood,,18,183,1939-12-23,2,1961,1961,False,,,,no
Gus,Hefter,Stkilda,,,164,1873-04-29,2,1899,1899,False,,,,no
Max,Hellmrich,Stkilda,,13,174,1932-08-30,2,1954,1954,False,,,,no
Clyde,Helmer,Melbourne,,,184,1916-04-22,2,1942,1942,False,,,,no
Bob,Hempel,WesternBulldogs,,38,180,1936-11-09,2,1957,1957,False,,,,no
Brian,Henderson,Carlton,,38,185,1943-06-18,2,1964,1964,False,,,,no
Norm,Henderson,Melbourne,,32,173,1901-03-07,2,1920,1920,False,,,,no
Don,Henwood,WesternBulldogs,,45,180,1957-03-30,2,1978,1978,False,,,,no
Martin,Heppell,Melbourne,,38,178,1974-11-14,2,1995,1995,False,,,,no
Hugh,Heron,Essendon,,15,175,1890-05-22,2,1913,1913,False,,,,no
Les,Herring,WesternBulldogs,,33,179,1909-06-08,2,1932,1932,False,,,,no
Don,Hickey,Geelong,,2,170,1902-07-12,2,1926,1926,False,,,,no
Robert,Hickmott,Melbourne,,36,186,1969-01-28,2,1990,1990,False,,,,no
Nick,Hider,Collingwood,,40,174,1971-08-31,2,1995,1995,False,,,,no
Paul,Higgins,Sydney,,10,175,1946-03-08,2,1965,1965,False,,,,no
Mick,Higgins,WesternBulldogs,,1,174,1911-08-09,2,1933,1933,False,,,,no
Les,Hill,NorthMelbourne,,23,175,1916-04-19,2,1947,1947,False,,,,no
Ted,Hill,Collingwood,,31,187,1914-01-15,2,1939,1939,False,,,,no
Mac,Hill,Collingwood,,11,174,1925-03-22,2,1950,1950,False,,,,no
Fred,Hill,NorthMelbourne,,36,183,1927-05-13,2,1947,1947,False,,,,no
Ken,Hill,NorthMelbourne,,30,175,1950-04-04,2,1967,1967,False,,,,no
Ern,Hill,Richmond,,,175,1890-03-31,2,1909,1909,False,,,,no
Tony,Hirst,Melbourne,,53,183,1945-06-14,2,1966,1966,False,,,,no
John,Hogan,Collingwood,,18,180,1941-12-29,2,1960,1960,False,,,,no
Edwin,Hogan,Stkilda,,24,179,1893-05-12,2,1918,1918,False,,,,no
Bernie,Hogan,WesternBulldogs,,2,180,1925-11-18,2,1949,1949,False,,,,no
Reuben,Holland,Carlton,,,178,1890-06-27,2,1910,1910,False,,,,no
Keith,Hollands,NorthMelbourne,,13,173,1939-12-31,2,1961,1961,False,,,,no
Joe,Holligan,Geelong,,13,,1886-01-29,2,1913,1913,False,,,,no
Alf,Horman,Geelong,,,173,1885-04-11,2,1906,1906,False,,,,no
Harry,House,Stkilda,,,173,1919-07-15,2,1942,1942,False,,,,no
Dean,Howard,Adelaide,,47,179,1976-07-29,2,1999,1999,False,,,,no
Harry,Howard,Carlton,,,,1873-09-01,2,1897,1897,False,,,,no
Michael,Howard,Melbourne,,58,170,1965-03-08,2,1984,1984,False,,,,no
Barney,Howard,NorthMelbourne,,33,185,1941-11-11,2,1962,1962,False,,,,no
Brad,Howard,Stkilda,,30,182,1987-12-21,2,2007,2007,False,,,,no
Andrew,Howlett,WesternBulldogs,,48,188,1967-07-15,2,1987,1987,False,,,,no
Henry,Howson,Sydney,,,171,1877-07-15,2,1899,1899,False,,,,no
Craig,Hoyer,Hawthorn,,28,196,1960-09-06,2,1981,1982,False,,,,no
Jack,Hubbert,Essendon,,13,178,1916-03-19,2,1937,1937,False,,,,no
Herb,Hudson,Stkilda,,,,1880-05-28,2,1903,1903,False,,,,no
Danny,Hughes,Melbourne,,38,186,1986-12-10,2,2010,2010,False,,,,no
Harry,Hughes,Melbourne,,,,1876-05-24,2,1897,1897,False,,,,no
Dave,Hughes,Stkilda,,44,185,1945-02-16,2,1964,1964,False,,,,no
Victor,Hugo,Sydney,,39,191,1953-11-05,2,1980,1980,False,,,,no
Brett,Hungerford,Geelong,,43,188,1969-04-02,2,1990,1990,False,,,,no
Claude,Hunt,Stkilda,,,175,1887-12-06,2,1911,1911,False,,,,no
Kingsley,Hunter,Hawthorn,,32,191,1975-05-27,2,2003,2003,False,,,,no
Cameron,Hunter,Melbourne,,33,186,1984-03-30,2,2003,2003,False,,,,no
Kevin,Hurley,NorthMelbourne,,25,178,1914-01-24,2,1942,1942,False,,,,no
Frank,Hurren,Essendon,,6,174,1894-02-02,2,1914,1915,False,,,,no
Dave,Hutchison,Sydney,,,180,1870-03-01,2,1899,1899,False,,,,no
Allan,Hutton,Stkilda,,1,187,1908-08-27,2,1927,1927,False,,,,no
Jim,Illingworth,Stkilda,,10,182,1901-09-27,2,1924,1924,False,,,,no
George,Ilsley,Carlton,,27,174,1928-03-14,2,1954,1954,False,,,,no
Ike,Ilsley,Stkilda,,30,185,1940-01-03,2,1962,1962,False,,,,no
Matt,Incigneri,Melbourne,,25,183,1891-02-01,2,1913,1914,False,,,,no
Norm,Ingham,Stkilda,,,175,1890-05-25,2,1911,1911,False,,,,no
Adam,Inglis,Carlton,,30,170,1929-07-14,2,1951,1951,False,,,,no
Alec,Ingwersen,Melbourne,,44,169,1941-07-27,2,1962,1962,False,,,,no
Alan,Irwin,Stkilda,,,178,1889-02-20,2,1910,1910,False,,,,no
Billy,Irwin,Melbourne,,,175,1884-10-14,2,1911,1911,False,,,,no
Darren,Jackson,Geelong,,30,188,1961-12-07,2,1984,1984,False,,,,no
Colin,Jackson,Melbourne,,24,185,1906-03-06,2,1930,1930,False,,,,no
Lindsay,Jacob,NorthMelbourne,,21,173,1946-11-24,2,1969,1969,False,,,,no
Harry,Jacobs,Hawthorn,,8,181,1913-12-21,2,1939,1939,False,,,,no
Syd,James,Hawthorn,,24,183,1895-10-26,2,1925,1925,False,,,,no
Fred,James,Geelong,,,,1884-05-09,2,1908,1908,False,,,,no
Ted,James,Stkilda,,30,170,1889-06-19,2,1915,1915,False,,,,no
Jim,Jeffers,NorthMelbourne,,,175,1912-11-09,2,1935,1935,False,,,,no
Josh,Jenkins,Geelong,,11,200,1989-02-08,2,2020,2021,False,,,,no
Wal,Jenkins,Sydney,,22,180,1897-01-09,2,1917,1917,False,,,,no
Bill,Jennings,Stkilda,,,,1879-11-17,2,1902,1902,False,,,,no
Alan,Jewell,Hawthorn,,9,180,1932-02-19,2,1955,1955,False,,,,no
Jim,Jewitt,Stkilda,,18,180,1933-02-05,2,1955,1955,False,,,,no
Michael,Jez,Carlton,,13,187,1954-06-07,2,1979,1980,False,,,,no
Garry,Johns,Geelong,,46,185,1964-10-28,2,1984,1984,False,,,,no
Michael,Johnston,WesternBulldogs,,40,182,1971-02-16,2,1995,1995,False,,,,no
Bill,Johnstone,Collingwood,,11,177,1919-03-09,2,1941,1941,False,,,,no
Stephen,Jolley,Hawthorn,,42,188,1950-02-12,2,1970,1970,False,,,,no
Ray,Jones,Geelong,,18,168,1924-02-17,2,1950,1950,False,,,,no
Percy,Jones,Geelong,,29,179,1908-01-20,2,1929,1929,False,,,,no
Edgar,Jones,NorthMelbourne,,,179,1907-02-13,2,1928,1928,False,,,,no
Greg,Jones,Stkilda,,42,190,1970-02-20,2,1991,1991,False,,,,no
Jordan,Jones,WestCoast,,33,189,1990-06-29,2,2010,2010,False,,,,no
Tad,Joniec,WesternBulldogs,,41,187,1950-12-27,2,1969,1971,False,,,,no
Colin,Judd,Hawthorn,,22,178,1956-06-03,2,1973,1973,False,,,,no
Tom,Kavanagh,Melbourne,,13,188,1970-04-21,2,1989,1989,False,,,,no
Ron,Kee,Stkilda,,41,188,1938-11-04,2,1959,1959,False,,,,no
Robert,Keeble,Stkilda,,32,183,1959-03-17,2,1985,1985,False,,,,no
Darren,Keighran,Richmond,,14,188,1969-11-30,2,1990,1990,False,,,,no
Declan,Keilty,Melbourne,,45,194,1995-05-08,2,2019,2019,False,,,,no
Matthew,Kelly,Adelaide,,42,187,1971-07-02,2,1991,1992,False,,,,no
Frank,Kelly,Richmond,,33,179,1950-08-07,2,1971,1971,False,,,,no
Frank,Kendrick,Sydney,,11,173,1914-03-29,2,1937,1937,False,,,,no
Alby,Kennedy,Essendon,,,,1886-06-12,2,1909,1909,False,,,,no
Vin,Kenney,Richmond,,,178,1892-06-30,2,1912,1912,False,,,,no
Bob,Kenny,Stkilda,,,171,1876-02-24,2,1899,1899,False,,,,no
Frank,Kenny,Stkilda,,,,1878-08-09,2,1904,1904,False,,,,no
Billy,Kenny,Sydney,,,173,1871-09-17,2,1898,1898,False,,,,no
Bill,Kenny,Sydney,,2,171,1897-07-30,2,1919,1919,False,,,,no
Geoff,Kerr,Stkilda,,34,191,1944-04-17,2,1964,1964,False,,,,no
Jack,Kidd,Carlton,,24,183,1908-02-10,2,1931,1931,False,,,,no
Basil,Kiernan,Richmond,,24,174,1897-05-16,2,1916,1916,False,,,,no
John,Kilpatrick,Stkilda,,47,183,1938-11-20,2,1960,1960,False,,,,no
Joe,Kirkley,NorthMelbourne,,28,179,1903-04-13,2,1925,1926,False,,,,no
Kevin,Kirkpatrick,Geelong,,19,179,1944-01-11,2,1964,1964,False,,,,no
Kade,Kolodjashnij,Melbourne,,16,190,1995-08-09,2,2019,2019,False,,,,no
Max,Kondogiannis,Essendon,Essendon,29,191,2007-11-14,2,2026,2026,True,MEDIUM_DEFENDER,nationalDraft,36,yes
Bismarck,Kulpa,Stkilda,,,178,1886-11-17,2,1908,1908,False,,,,no
Bruce,Lake,WesternBulldogs,,35,189,1948-06-09,2,1971,1971,False,,,,no
Jack,Lake,Stkilda,,44,178,1914-07-20,2,1934,1934,False,,,,no
Hayden,Lamaro,Melbourne,,46,185,1978-10-03,2,1998,1998,False,,,,no
Wayne,Lamb,Melbourne,,45,173,1972-10-19,2,1992,1992,False,,,,no
John,Lander,NorthMelbourne,,19,178,1918-12-09,2,1942,1942,False,,,,no
Bill,Landy,Geelong,,,164,1897-06-25,2,1915,1915,False,,,,no
Bob,Lane,Carlton,,46,188,1946-12-12,2,1966,1966,False,,,,no
Fred,Larkin,Richmond,,,183,1888-03-21,2,1908,1908,False,,,,no
Joe,Larkin,Sydney,,,178,1888-08-24,2,1908,1908,False,,,,no
Ian,Lasslett,NorthMelbourne,,53,,1949-08-07,2,1971,1971,False,,,,no
Edwin,Latham,WesternBulldogs,,10,185,1914-10-16,2,1936,1936,False,,,,no
Tommy,Law,Sydney,,22,173,1895-03-08,2,1922,1922,False,,,,no
Tommy,Leahy,Essendon,,,,1870-08-05,2,1900,1900,False,,,,no
John,Leahy,Melbourne,,30,188,1941-03-07,2,1961,1961,False,,,,no
Brian,Leary,Hawthorn,,21,175,1930-05-24,2,1950,1950,False,,,,no
John,Leatham,Carlton,,45,183,1946-08-23,2,1967,1967,False,,,,no
Brendan,Lee,Essendon,,41,181,1987-09-24,2,2012,2012,False,,,,no
Les,Lee,Richmond,,12,182,1894-11-21,2,1913,1913,False,,,,no
Ian,Lee,Sydney,,32,177,1914-03-24,2,1934,1934,False,,,,no
Arthur,Leech,Stkilda,,,174,1896-08-20,2,1920,1920,False,,,,no
George,Leggett,Geelong,,,,1879-07-14,2,1906,1906,False,,,,no
Frank,Lesiputty,WesternBulldogs,,55,185,1967-08-26,2,1987,1987,False,,,,no
Norm,Leverton,Melbourne,,23,182,1924-10-09,2,1945,1945,False,,,,no
Brian,Lienert,Richmond,,39,183,1943-01-05,2,1963,1964,False,,,,no
Ron,Lienert,Richmond,,36,178,1945-12-10,2,1964,1964,False,,,,no
Peter,Light,Essendon,,19,180,1960-07-19,2,1980,1980,False,,,,no
Fred,Linay,Stkilda,,,174,1890-07-27,2,1911,1911,False,,,,no
Paul,Lindsay,Geelong,,46,198,1976-02-28,2,1999,1999,False,,,,no
Geoff,Linke,Stkilda,,2,181,1955-11-21,2,1982,1982,False,,,,no
Eric,Lissenden,NorthMelbourne,,41,193,1972-01-01,2,1996,1996,False,,,,no
Gil,Lockhart,Carlton,,45,180,1945-04-07,2,1966,1966,False,,,,no
Sam,Lonergan,Richmond,,22,182,1987-03-26,2,2013,2013,False,,,,no
Roy,Long,Hawthorn,,20,183,1914-09-04,2,1940,1940,False,,,,no
Robert,Longmire,Collingwood,,11,178,1944-11-26,2,1964,1964,False,,,,no
Don,Lord,Geelong,,,,1875-02-15,2,1901,1901,False,,,,no
Kieran,Lovell,Hawthorn,,36,174,1997-05-16,2,2016,2016,False,,,,no
Jack,Lugg,Sydney,,9,185,1919-12-03,2,1946,1946,False,,,,no
Michael,Luxford,Geelong,,37,186,1995-02-23,2,2015,2015,False,,,,no
Malcolm,Lynch,WesternBulldogs,,39,178,1988-03-16,2,2007,2007,False,,,,no
Des,Lyons,Carlton,,20,183,1938-06-09,2,1960,1960,False,,,,no
Geoff,MacIlwain,Richmond,,45,193,1963-10-28,2,1986,1986,False,,,,no
Cedric,MacLeod,Richmond,,24,173,1899-11-26,2,1923,1923,False,,,,no
Norm,Madigan,Richmond,,44,169,1944-12-12,2,1964,1964,False,,,,no
Frank,Magill,Sydney,,19,,1896-03-30,2,1918,1918,False,,,,no
Doug,Magor,WesternBulldogs,,38,180,1947-05-24,2,1968,1968,False,,,,no
Dave,Mahoney,Richmond,,,168,1892-05-30,2,1911,1911,False,,,,no
Brett,Mahony,Richmond,,29,173,1970-04-04,2,1989,1989,False,,,,no
Harry,Mallett,Essendon,,29,171,1914-12-02,2,1936,1936,False,,,,no
Arnold,Maltby,NorthMelbourne,,4,178,1913-08-01,2,1939,1939,False,,,,no
Phil,Manning,Hawthorn,,,175,1906-10-09,2,1927,1927,False,,,,no
Frank,Maple,Hawthorn,,,183,1904-10-26,2,1926,1926,False,,,,no
Adam,Marcon,Richmond,,44,180,1992-07-28,2,2016,2016,False,,,,no
Les,Marden,Carlton,,34,170,1919-09-23,2,1944,1944,False,,,,no
Marcus,Marigliani,Essendon,,47,182,1985-12-05,2,2010,2010,False,,,,no
Fred,Marriott,Carlton,,,175,1886-02-14,2,1911,1911,False,,,,no
Edwin,Marsh,Sydney,,12,,1899-07-02,2,1921,1921,False,,,,no
Ron,Marshall,Melbourne,,7,173,1915-11-26,2,1943,1943,False,,,,no
George,Martin,Melbourne,,,171,1883-07-27,2,1908,1908,False,,,,no
Arthur,Mason,NorthMelbourne,,24,170,1909-08-22,2,1929,1929,False,,,,no
Norm,Mason,Sydney,,31,185,1914-10-15,2,1938,1938,False,,,,no
Jack,Massey,Carlton,,,,1887-05-01,2,1910,1910,False,,,,no
Bob,Mathews,Essendon,,27,175,1912-08-26,2,1935,1935,False,,,,no
Jack,Mathisen,Hawthorn,,7,178,1921-09-22,2,1942,1942,False,,,,no
Barrie,Mau,Stkilda,,25,182,1939-08-02,2,1960,1960,False,,,,no
Bill,Maxwell,Melbourne,,,177,1882-04-12,2,1909,1909,False,,,,no
Tony,May,Melbourne,,33,187,1954-05-17,2,1978,1978,False,,,,no
Corey,Maynard,Melbourne,,48,185,1991-10-07,2,2017,2018,False,,,,no
Harry,Maynard,Richmond,,6,175,1890-05-17,2,1914,1914,False,,,,no
Graeme,McArthur,Hawthorn,,50,177,1944-11-21,2,1963,1964,False,,,,no
Noel,McCamish,Collingwood,,21,182,1900-05-07,2,1923,1923,False,,,,no
Clem,McCann,NorthMelbourne,,28,177,1911-08-20,2,1935,1935,False,,,,no
George,McCart,Stkilda,,,179,1883-06-24,2,1909,1910,False,,,,no
Gavan,McCarthy,NorthMelbourne,,36,183,1945-05-16,2,1965,1965,False,,,,no
Ted,McCarthy,Stkilda,,35,175,1911-03-19,2,1933,1933,False,,,,no
Norm,McCleary,Essendon,,6,191,1911-07-14,2,1933,1933,False,,,,no
Ted,McDonald,Essendon,,13,183,1891-01-06,2,1912,1912,False,,,,no
Angus,McDonald,Stkilda,,20,168,1890-10-26,2,1914,1914,False,,,,no
Allan,McDonald,Stkilda,,40,173,1946-06-03,2,1965,1965,False,,,,no
Tom,McEwan,Richmond,,,179,1885-12-14,2,1909,1909,False,,,,no
Sam,McFarlane,NorthMelbourne,,19,178,1975-12-05,2,1996,1996,False,,,,no
Brendan,McFaull,Hawthorn,,18,194,1957-05-08,2,1979,1979,False,,,,no
Jack,McGarity,Essendon,,29,180,1897-01-16,2,1918,1918,False,,,,no
Wal,McGrath,NorthMelbourne,,35,,1910-06-09,2,1930,1930,False,,,,no
Joe,McGrath,WesternBulldogs,,35,170,1911-09-22,2,1938,1938,False,,,,no
Stan,McGregor,Geelong,,26,179,1895-05-11,2,1923,1923,False,,,,no
Ian,McGregor,NorthMelbourne,,1,184,1942-03-27,2,1961,1964,False,,,,no
Bryan,McGuigan,Melbourne,,,178,1880-09-06,2,1900,1900,False,,,,no
Ian,McGuinness,Melbourne,,49,187,1953-10-15,2,1973,1973,False,,,,no
Keith,McGuinness,Sydney,,21,175,1933-03-24,2,1951,1951,False,,,,no
Roger,McHardy,WesternBulldogs,,42,180,1952-08-13,2,1970,1971,False,,,,no
Bill,McKay,Geelong,,,180,1879-07-10,2,1897,1897,False,,,,no
Allan,McKellar,Sydney,,17,178,1967-01-14,2,1992,1992,False,,,,no
John,McKenzie,Geelong,,,178,1885-05-19,2,1906,1906,False,,,,no
Denis,McKey,Stkilda,,30,188,1910-03-13,2,1932,1932,False,,,,no
Ben,McKinley,NorthMelbourne,,26,185,1987-03-04,2,2011,2011,False,,,,no
Darren,McLaine,Collingwood,,45,183,1961-10-11,2,1984,1984,False,,,,no
Ted,McLean,Geelong,,27,173,1893-10-12,2,1912,1912,False,,,,no
Tom,McMahon,WesternBulldogs,,11,177,1918-07-28,2,1943,1943,False,,,,no
Ernie,McMaster,Melbourne,,,173,1887-10-07,2,1910,1910,False,,,,no
Andy,McMaster,WesternBulldogs,,,185,1914-05-11,2,1939,1939,False,,,,no
Geoff,McNaughton,Melbourne,,21,182,1916-10-17,2,1938,1938,False,,,,no
Martin,McQuade,Melbourne,,30,170,1894-10-19,2,1915,1915,False,,,,no
Phil,McQueen,Geelong,,10,174,1895-06-03,2,1920,1920,False,,,,no
Des,Meadowcroft,Carlton,,,,1880-03-31,2,1898,1898,False,,,,no
Joe,Meehan,Sydney,,27,180,1911-04-05,2,1938,1938,False,,,,no
Tom,Mercer,Hawthorn,,1,180,1910-08-20,2,1933,1933,False,,,,no
Sam,Michael,Essendon,,56,199,1993-07-05,2,2016,2016,False,,,,no
Lloyd,Middleton,Essendon,,5,170,1928-02-13,2,1951,1951,False,,,,no
Dion,Miles,NorthMelbourne,,32,176,1978-08-09,2,1998,1998,False,,,,no
Luke,Miles,Stkilda,,45,185,1986-10-30,2,2010,2010,False,,,,no
Ted,Millar,Stkilda,,30,174,1918-10-31,2,1938,1938,False,,,,no
Keith,Miller,Geelong,,18,188,1953-02-14,2,1974,1974,False,,,,no
Russell,Mitchell,Geelong,,57,185,1964-06-17,2,1985,1986,False,,,,no
Bob,Molesworth,Stkilda,,,179,1879-11-24,2,1902,1902,False,,,,no
Leo,Monaghan,Sydney,,15,180,1916-08-22,2,1935,1935,False,,,,no
Jim,Money,Geelong,,32,,1907-02-08,2,1928,1928,False,,,,no
Fred,Monkhouse,Sydney,,,169,1871-06-10,2,1900,1900,False,,,,no
Alf,Moore,Carlton,,,,1870-03-21,2,1898,1898,False,,,,no
Callum,Moore,Carlton,,47,193,1996-09-03,2,2020,2020,False,,,,no
Alex,Moore,Collingwood,,18,180,1917-12-21,2,1943,1943,False,,,,no
Bob,Moore,Melbourne,,,178,1872-01-31,2,1898,1898,False,,,,no
Ned,Moran,Geelong,,,,1876-11-29,2,1897,1897,False,,,,no
Ivan,More,Essendon,,13,169,1897-03-10,2,1919,1919,False,,,,no
Reg,Morgan,Carlton,,25,182,1919-10-09,2,1942,1942,False,,,,no
Lyle,Morgan,Melbourne,,,175,1887-07-15,2,1906,1906,False,,,,no
Frank,Morgan,NorthMelbourne,,37,188,1912-03-06,2,1932,1932,False,,,,no
Alex,Morgan,NorthMelbourne,,21,182,1996-01-28,2,2018,2018,False,,,,no
Joe,Moroney,Stkilda,,,175,1890-04-26,2,1909,1909,False,,,,no
Ricky,Mott,Carlton,,19,200,1981-04-21,2,2004,2004,False,,,,no
Terry,Mountain,Geelong,,25,191,1935-07-07,2,1958,1958,False,,,,no
Declan,Mountford,WestCoast,,52,181,1997-02-13,2,2022,2022,False,,,,no
Noel,Mugavin,Richmond,,35,188,1956-06-28,2,1982,1982,False,,,,no
Allan,Mummery,Stkilda,,,178,1916-05-10,2,1945,1945,False,,,,no
Toby,Murray,Adelaide,Adelaide,39,200,2003-11-03,2,2026,2026,True,RUCK,other,7,yes
Damien,Murray,NorthMelbourne,,34,199,1970-12-06,2,1991,1991,False,,,,no
Murray,Murrell,Collingwood,,12,187,1923-04-16,2,1945,1945,False,,,,no
John,Murton,Collingwood,,34,188,1942-06-21,2,1963,1963,False,,,,no
Trevor,Mustey,Sydney,,40,204,1963-09-29,2,1982,1983,False,,,,no
Henry,Myers,Stkilda,,,180,1921-11-16,2,1948,1948,False,,,,no
Quinton,Narkle,Fremantle.xlsx,,19,181,1997-12-03,2,2025,2025,False,,,,no
Basil,Nehill,Essendon,,6,174,1891-06-10,2,1914,1914,False,,,,no
George,Nelson,Richmond,,3,170,1919-04-26,2,1946,1946,False,,,,no
Harry,New,Melbourne,,20,175,1920-07-16,2,1944,1945,False,,,,no
Alby,Newell,Sydney,,3,174,1921-09-16,2,1939,1939,False,,,,no
Clive,Newman,WesternBulldogs,,39,189,1949-05-06,2,1970,1971,False,,,,no
Geoff,Nicholls,Collingwood,,12,175,1919-09-22,2,1940,1940,False,,,,no
Ray,Niven,Melbourne,,33,180,1910-03-06,2,1934,1934,False,,,,no
Frank,Nolan,Hawthorn,,28,177,1915-06-10,2,1934,1934,False,,,,no
Bob,Northey,Stkilda,,,174,1882-03-13,2,1908,1908,False,,,,no
Tony,Notte,WestCoast,,34,194,1990-04-15,2,2008,2008,False,,,,no
Bill,OBrien,Sydney,,28,163,1905-01-03,2,1930,1930,False,,,,no
Cristian,OBrien,Geelong,,22,184,1974-01-15,2,1994,1995,False,,,,no
Dan,OBrien,Stkilda,,,,1884-10-27,2,1907,1907,False,,,,no
Eddie,OBrien,Stkilda,,,179,1883-05-04,2,1910,1910,False,,,,no
Fred,OBrien,Sydney,,,,1878-04-17,2,1905,1905,False,,,,no
Michael,OBrien,WestCoast,,21,180,1980-07-25,2,2000,2000,False,,,,no
Bert,OConnell,Stkilda,,,164,1885-09-07,2,1908,1908,False,,,,no
Mark,ODonoghue,NorthMelbourne,,49,177,1967-07-10,2,1988,1988,False,,,,no
Jack,OHara,Sydney,,,175,1866-09-24,2,1898,1898,False,,,,no
Nathan,OKeefe,NorthMelbourne,,23,188,1990-08-17,2,2010,2010,False,,,,no
Ray,ORourke,Geelong,,14,182,1948-01-11,2,1969,1969,False,,,,no
Len,OShea,Sydney,,33,178,1920-01-23,2,1944,1944,False,,,,no
Joe,Oakley,Essendon,,15,157,1914-01-28,2,1934,1934,False,,,,no
Loyal,Oakley,Richmond,,14,170,1898-11-20,2,1923,1923,False,,,,no
Stan,Obst,Stkilda,,22,179,1926-07-01,2,1945,1945,False,,,,no
Ted,Obudzinski,Sydney,,38,192,1954-01-17,2,1973,1973,False,,,,no
Henry,Ogilvie,Carlton,,24,184,1941-11-02,2,1962,1963,False,,,,no
George,Ogilvie,Richmond,,24,180,1899-05-12,2,1920,1920,False,,,,no
Alby,Outen,WesternBulldogs,,27,175,1936-02-19,2,1954,1954,False,,,,no
Llew,Owens,Sydney,,25,175,1927-09-26,2,1951,1951,False,,,,no
Frank,Palmer,Sydney,,,175,1925-06-18,2,1950,1950,False,,,,no
Albert,Pannam,Richmond,,12,169,1914-04-19,2,1947,1947,False,,,,no
Len,Park,Richmond,,41,174,1944-02-07,2,1962,1962,False,,,,no
Les,Parker,WesternBulldogs,,11,187,1927-03-19,2,1948,1948,False,,,,no
Viv,Parkinson,Stkilda,,,170,1882-07-03,2,1910,1910,False,,,,no
Eric,Parsons,Melbourne,,20,170,1891-01-26,2,1914,1914,False,,,,no
Norman,Paternoster,Sydney,,,182,1882-07-08,2,1908,1908,False,,,,no
Bob,Paterson,Geelong,,,,1875-10-10,2,1897,1897,False,,,,no
Laurie,Paul,Melbourne,,,174,1881-01-11,2,1899,1902,False,,,,no
Ray,Pearce,Stkilda,,16,170,1916-09-29,2,1944,1944,False,,,,no
Allan,Pearsall,Sydney,,18,180,1915-05-24,2,1941,1941,False,,,,no
Eric,Peck,Stkilda,,25,175,1899-08-01,2,1924,1924,False,,,,no
Artie,Percy,Sydney,,,,1880-04-05,2,1904,1904,False,,,,no
Rupe,Perrett,Collingwood,,25,182,1909-06-20,2,1931,1931,False,,,,no
Barry,Perry,Collingwood,,38,180,1939-04-02,2,1961,1961,False,,,,no
Wally,Perry,NorthMelbourne,,32,170,1922-05-21,2,1946,1946,False,,,,no
Gus,Petzke,Richmond,,25,193,1896-08-23,2,1923,1923,False,,,,no
Kevin,Phillips,Collingwood,,31,182,1928-11-11,2,1952,1952,False,,,,no
Sam,Philp,Carlton,,34,185,2001-08-04,2,2020,2020,False,,,,no
Jack,Pickford,Melbourne,,40,174,1904-04-18,2,1932,1932,False,,,,no
Mark,Pitura,Richmond,,50,192,1974-06-26,2,1993,1993,False,,,,no
Harry,Plummer,Essendon,,36,179,1912-04-22,2,1934,1934,False,,,,no
Andrew,Pollett,WesternBulldogs,,45,192,1960-03-12,2,1980,1980,False,,,,no
Ray,Potter,Richmond,,34,193,1925-06-04,2,1945,1947,False,,,,no
Daryl,Powell,Melbourne,,48,179,1952-05-31,2,1969,1969,False,,,,no
Mike,Power,Melbourne,,54,180,1955-03-14,2,1974,1974,False,,,,no
Henry,Power,WesternBulldogs,,8,,1904-08-10,2,1927,1927,False,,,,no
Andy,Preston,WesternBulldogs,,20,180,1957-08-16,2,1986,1986,False,,,,no
Addis,Priestley,Hawthorn,,34,178,1903-09-08,2,1927,1927,False,,,,no
Robert,Prosser,Sydney,,41,174,1964-07-08,2,1985,1985,False,,,,no
Ernie,Pye,Stkilda,,,,1880-04-25,2,1903,1903,False,,,,no
Allan,Quartermain,Hawthorn,,8,175,1913-12-10,2,1932,1932,False,,,,no
Laurie,Queay,Melbourne,,20,182,1952-11-17,2,1972,1972,False,,,,no
Cecil,Quinlan,Melbourne,,,177,1893-05-04,2,1910,1910,False,,,,no
Keith,Rae,Richmond,,30,180,1917-07-30,2,1946,1946,False,,,,no
Bob,Rahilly,Essendon,,8,170,1887-07-12,2,1914,1914,False,,,,no
Laurie,Raine,WesternBulldogs,,17,187,1925-05-21,2,1947,1947,False,,,,no
John,Ramsay,Essendon,,33,188,1930-02-18,2,1952,1952,False,,,,no
Trevor,Randall,Hawthorn,,49,183,1940-08-20,2,1960,1960,False,,,,no
George,Rankine,Richmond,,,,1884-11-04,2,1908,1908,False,,,,no
Trevor,Ranson,Stkilda,,12,187,1912-03-29,2,1934,1934,False,,,,no
Ken,Reed,Essendon,,35,188,1931-12-15,2,1955,1955,False,,,,no
Clive,Reid,Collingwood,,22,180,1922-04-20,2,1943,1943,False,,,,no
Allan,Reid,Geelong,,36,175,1926-12-14,2,1951,1951,False,,,,no
Liam,Reidy,Carlton,Carlton,25,204,2000-06-14,2,2026,2026,True,RUCK,other,NA,yes
Beres,Reilly,Stkilda,,13,178,1914-09-17,2,1938,1938,False,,,,no
Patrick,Retschko,Richmond,Richmond,33,186,2006-02-28,2,2026,2026,True,MIDFIELDER,NA,NA,yes
Ron,Reynolds,Sydney,,30,184,1916-04-29,2,1942,1942,False,,,,no
Renato,Ricci,Richmond,,8,173,1940-02-01,2,1960,1960,False,,,,no
George,Richards,Melbourne,,,174,1888-08-11,2,1906,1906,False,,,,no
Les,Richards,NorthMelbourne,,,,1900-12-21,2,1928,1928,False,,,,no
Charlie,Richards,WesternBulldogs,,29,187,1910-08-16,2,1933,1933,False,,,,no
Adam,Richardson,Adelaide,,15,194,1974-08-20,2,2001,2001,False,,,,no
Frank,Richardson,Melbourne,,23,165,1897-11-16,2,1925,1925,False,,,,no
Todd,Ridley,Hawthorn,,27,187,1969-02-11,2,1997,1997,False,,,,no
Frank,Rigaldi,Richmond,,31,183,1893-10-11,2,1918,1918,False,,,,no
Robert,Ritchie,Geelong,,,,1884-01-22,2,1908,1908,False,,,,no
Stephen,Roach,Stkilda,,32,183,1958-06-20,2,1981,1981,False,,,,no
Arthur,Robbins,Collingwood,,11,188,1920-02-04,2,1944,1944,False,,,,no
Relton,Roberts,Richmond,,50,176,1986-03-01,2,2010,2010,False,,,,no
Bert,Robertson,Stkilda,,,173,1880-10-10,2,1901,1901,False,,,,no
Keith,Robinson,Carlton,,6,183,1930-08-04,2,1956,1956,False,,,,no
Aaron,Rogers,Sydney,,45,192,1984-01-05,2,2004,2004,False,,,,no
Michael,Rolfe,WesternBulldogs,,25,180,1962-09-14,2,1986,1986,False,,,,no
Wal,Romari,Hawthorn,,30,178,1907-10-07,2,1934,1934,False,,,,no
Fred,Rose,Carlton,,21,175,1919-12-26,2,1945,1945,False,,,,no
Ken,Rosewarne,Collingwood,,30,179,1911-11-11,2,1932,1932,False,,,,no
Lachlan,Ross,Essendon,,33,170,1973-08-12,2,1994,1994,False,,,,no
Michael,Ross,Essendon,,38,185,1991-09-16,2,2011,2011,False,,,,no
Dean,Ross,Stkilda,,5,196,1955-01-19,2,1979,1979,False,,,,no
David,Round,WesternBulldogs,,41,192,1978-06-25,2,1997,1997,False,,,,no
Les,Rowe,Carlton,,,174,1890-10-29,2,1911,1911,False,,,,no
Harry,Rowe,Melbourne,,29,183,1925-02-02,2,1945,1946,False,,,,no
Claude,Rowe,NorthMelbourne,,6,175,1904-07-17,2,1929,1929,False,,,,no
Joe,Rowe,Richmond,,14,177,1901-05-26,2,1924,1924,False,,,,no
Trevor,Rowlands,Collingwood,,23,177,1904-05-07,2,1927,1927,False,,,,no
Shannon,Rusca,Brisbane,,29,182,1980-08-20,2,2000,2000,False,,,,no
Leo,Rush,Richmond,,25,177,1890-07-10,2,1912,1912,False,,,,no
Bob,Russell,Melbourne,,34,188,1945-10-04,2,1966,1966,False,,,,no
Neale,Rutzou,Geelong,,27,183,1927-07-30,2,1950,1950,False,,,,no
Chris,Ryan,Carlton,,,184,1879-11-03,2,1902,1903,False,,,,no
Jimmy,Ryan,Collingwood,,,173,1879-03-01,2,1899,1899,False,,,,no
Johnny,Ryan,Richmond,,7,185,1938-09-18,2,1959,1959,False,,,,no
Noel,Ryan,WesternBulldogs,,,177,1935-11-10,2,1957,1957,False,,,,no
Neil,Sachse,WesternBulldogs,,6,189,1951-01-03,2,1975,1975,False,,,,no
Alan,Saker,Hawthorn,,25,170,1921-02-15,2,1943,1943,False,,,,no
Will,Sangster,Sydney,,29,198,1978-10-11,2,1999,1999,False,,,,no
Vern,Sarsfield,Essendon,,24,177,1905-12-10,2,1929,1929,False,,,,no
Merv,Scanlan,Sydney,,19,179,1902-12-08,2,1924,1924,False,,,,no
Ron,Sceney,Geelong,,19,168,1917-10-12,2,1940,1940,False,,,,no
Mick,Schade,Richmond,,,175,1887-03-25,2,1911,1911,False,,,,no
Robert,Schultz,WesternBulldogs,,47,183,1944-02-13,2,1963,1963,False,,,,no
Peter,Scott,Hawthorn,,35,184,1931-03-24,2,1950,1950,False,,,,no
Ike,Sellers,Melbourne,,35,175,1905-07-17,2,1932,1932,False,,,,no
Tyler,Sellers,NorthMelbourne,,36,193,2002-08-09,2,2024,2024,False,,,,no
Don,Seymour,WesternBulldogs,,36,170,1916-03-16,2,1939,1939,False,,,,no
Ken,Shadbolt,Melbourne,,1,179,1921-10-09,2,1943,1943,False,,,,no
Jim,Shanahan,Carlton,,23,182,1901-06-01,2,1927,1927,False,,,,no
Ron,Shapter,Essendon,,29,184,1905-07-01,2,1936,1936,False,,,,no
Bertie,Sharp,WesternBulldogs,,25,171,1911-02-20,2,1930,1930,False,,,,no
Matt,Shaw,Carlton,,37,187,1992-02-05,2,2018,2018,False,,,,no
Bill,Shaw,WesternBulldogs,,31,180,1915-04-25,2,1939,1939,False,,,,no
Ray,Shearer,Melbourne,,19,175,1924-09-16,2,1942,1942,False,,,,no
Jack,Shelley,Stkilda,,29,179,1905-08-01,2,1925,1926,False,,,,no
Tom,Sheridan,GWS,,11,187,1993-10-28,2,2019,2020,False,,,,no
Jamie,Siddons,Sydney,,50,173,1964-04-25,2,1984,1984,False,,,,no
Dwayne,Simpson,Fremantle.xlsx,,13,183,1981-02-12,2,2001,2001,False,,,,no
Josh,Simpson,Fremantle.xlsx,,14,184,1994-02-09,2,2013,2014,False,,,,no
David,Simpson,Richmond,,41,178,1963-03-31,2,1984,1985,False,,,,no
Keith,Simpson,Sydney,,21,173,1907-07-17,2,1931,1931,False,,,,no
John,Sinclair,Essendon,,14,183,1948-06-29,2,1969,1969,False,,,,no
Allan,Sinclair,Stkilda,,13,196,1953-06-13,2,1979,1979,False,,,,no
Anthony,Sinclair,Sydney,,55,181,1966-03-13,2,1985,1985,False,,,,no
Sam,Skinner,PortAdelaide,,31,197,1997-06-29,2,2022,2022,False,,,,no
Frank,Slade,Collingwood,,36,185,1915-06-29,2,1933,1933,False,,,,no
Mark,Slater,Collingwood,,43,180,1951-07-11,2,1969,1970,False,,,,no
Ian,Slockwitch,Richmond,,40,168,1941-10-06,2,1961,1961,False,,,,no
Syd,Slocomb,Stkilda,,35,180,1930-05-21,2,1952,1952,False,,,,no
Lionel,Smale,Melbourne,,,168,1878-11-25,2,1904,1904,False,,,,no
Josh,Smith,WestCoast,,45,180,1994-01-02,2,2019,2019,False,,,,no
Tommy,Smith,WesternBulldogs,,19,189,1914-03-23,2,1937,1937,False,,,,no
Jan,Smith,Geelong,,13,191,1956-05-26,2,1980,1980,False,,,,no
Clive,Smith,NorthMelbourne,,,183,1923-10-01,2,1944,1944,False,,,,no
Tom,Smith,Sydney,,,173,1873-05-24,2,1898,1898,False,,,,no
Lindsay,Sneddon,Sydney,,54,194,1962-01-29,2,1985,1985,False,,,,no
Graeme,Spark,Hawthorn,,44,182,1957-10-08,2,1976,1976,False,,,,no
Percy,Sparks,Richmond,,,,1887-10-18,2,1909,1909,False,,,,no
Matthew,Spencer,Geelong,,25,193,1985-01-17,2,2006,2006,False,,,,no
Percy,Stainer,Stkilda,,,,1888-10-04,2,1911,1911,False,,,,no
Les,Stainsby,Richmond,,27,170,1898-06-07,2,1927,1927,False,,,,no
Ethan,Stanley,Fremantle.xlsx,,46,188,2003-11-13,2,2023,2023,False,,,,no
Johnny,Stanley,WesternBulldogs,,,,1905-11-26,2,1930,1930,False,,,,no
Stuart,Steele,Richmond,,32,185,1972-03-28,2,1993,1993,False,,,,no
Brad,Stephens,NorthMelbourne,,30,186,1979-07-11,2,2000,2000,False,,,,no
Jim,Stephenson,Stkilda,,19,180,1934-08-13,2,1956,1956,False,,,,no
Linden,Stevens,Adelaide,,39,186,1978-06-13,2,1998,1998,False,,,,no
George,Stevens,Geelong,Geelong,15,189,2005-04-14,2,2025,2025,False,MIDFIELDER,rookieElevation,13,yes
Walter,Stewart,Geelong,,,178,1875-04-15,2,1905,1905,False,,,,no
Sam,Stivey,Carlton,,,170,1881-03-15,2,1902,1903,False,,,,no
Merv,Storey,Essendon,,34,177,1913-11-20,2,1934,1934,False,,,,no
Colin,Strang,Stkilda,,,184,1910-08-10,2,1933,1933,False,,,,no
Luke,Strnadica,WestCoast,,34,203,1998-01-01,2,2022,2022,False,,,,no
Joe,Strong,Sydney,,,177,1876-06-10,2,1898,1898,False,,,,no
Sydney,Strong,Sydney,,23,178,1897-10-09,2,1917,1917,False,,,,no
Brian,Stynes,Melbourne,,49,190,1971-09-29,2,1992,1992,False,,,,no
Frank,Summers,Sydney,,11,171,1930-09-17,2,1953,1953,False,,,,no
Scott,Sutcliffe,Richmond,,18,185,1963-02-10,2,1986,1986,False,,,,no
Ross,Sutherland,Geelong,,13,183,1937-08-04,2,1958,1958,False,,,,no
Brian,Symes,NorthMelbourne,,39,183,1952-09-22,2,1972,1972,False,,,,no
George,Tanner,Stkilda,,36,183,1914-08-09,2,1942,1942,False,,,,no
Jimmy,Tate,NorthMelbourne,,18,174,1912-05-10,2,1935,1935,False,,,,no
Vic,Taylor,Geelong,,9,183,1922-10-23,2,1944,1944,False,,,,no
Ralph,Taylor,Hawthorn,,,178,1915-06-03,2,1937,1937,False,,,,no
Jack,Taylor,Hawthorn,,5,178,1924-05-09,2,1945,1945,False,,,,no
Xavier,Taylor,Melbourne,Melbourne,19,192,2007-01-30,2,2026,2026,True,MEDIUM_DEFENDER,NA,NA,yes
Graeme,Taylor,WesternBulldogs,,20,185,1942-06-05,2,1961,1962,False,,,,no
John,Taylor,WesternBulldogs,,23,194,1963-09-21,2,1983,1983,False,,,,no
Geoff,Thatcher,WesternBulldogs,,44,184,1950-09-22,2,1969,1969,False,,,,no
Josh,Thewlis,Sydney,,38,189,1984-07-20,2,2004,2004,False,,,,no
Syd,Thom,Stkilda,,,173,1889-03-16,2,1910,1910,False,,,,no
Max,Thomas,Carlton,,4,188,1945-05-11,2,1966,1966,False,,,,no
Les,Thomas,Collingwood,,24,162,1906-05-28,2,1928,1928,False,,,,no
Glyn,Thomas,Stkilda,,,,1882-12-09,2,1905,1905,False,,,,no
Keith,Thomas,Sydney,,19,178,1929-04-15,2,1954,1954,False,,,,no
Wade,Thompson,PortAdelaide,,37,176,1988-08-28,2,2009,2009,False,,,,no
Bruce,Thomson,Geelong,,44,188,1955-10-01,2,1975,1975,False,,,,no
Doug,Thomson,Stkilda,,29,164,1896-12-14,2,1918,1920,False,,,,no
Andrew,Thomson,Sydney,,42,173,1972-12-30,2,1993,1993,False,,,,no
Mitch,Thorp,Hawthorn,,31,194,1988-12-25,2,2007,2009,False,,,,no
Bill,Thorpe,Richmond,,26,180,1894-01-07,2,1914,1914,False,,,,no
Paul,Tilley,Stkilda,,13,194,1964-07-03,2,1987,1987,False,,,,no
Reg,Todd,Geelong,,,,1889-10-04,2,1910,1910,False,,,,no
John,Toll,Melbourne,,40,183,1946-02-04,2,1967,1967,False,,,,no
Norm,Tomkinson,NorthMelbourne,,25,178,1917-12-11,2,1940,1940,False,,,,no
Leon,Toohey,Hawthorn,,36,168,1934-11-02,2,1955,1955,False,,,,no
George,Tory,Collingwood,,23,177,1899-06-03,2,1922,1922,False,,,,no
John,Tossol,Melbourne,,48,178,1961-08-26,2,1981,1981,False,,,,no
Gordon,Towan,Collingwood,,17,188,1954-03-24,2,1982,1982,False,,,,no
Harry,Townley,Hawthorn,,,174,1905-02-16,2,1927,1927,False,,,,no
Jacob,Townsend,Goldcoast,,21,187,1993-06-20,2,2021,2021,False,,,,no
Barrie,Trotter,Richmond,,51,183,1960-02-16,2,1979,1979,False,,,,no
Tom,Tucker,Collingwood,,31,179,1912-10-03,2,1932,1932,False,,,,no
Jim,Tumilty,Carlton,,,164,1886-06-29,2,1910,1910,False,,,,no
Peter,Turner,Carlton,,28,194,1974-01-23,2,1996,1996,False,,,,no
Max,Turner,Collingwood,,26,182,1911-10-09,2,1933,1933,False,,,,no
Reg,Twite,Essendon,,30,180,1911-04-29,2,1933,1933,False,,,,no
Wayde,Twomey,Carlton,,39,184,1986-01-21,2,2011,2011,False,,,,no
Jack,Twyford,Collingwood,,26,173,1908-10-12,2,1934,1934,False,,,,no
Josh,Tynan,Melbourne,,46,186,1993-11-06,2,2012,2012,False,,,,no
Leo,Tyrrell,Collingwood,,27,183,1915-06-02,2,1940,1942,False,,,,no
Cliff,Tyson,Melbourne,,30,182,1909-09-18,2,1933,1933,False,,,,no
Jack,Vale,Carlton,,35,,1905-04-27,2,1925,1925,False,,,,no
Ron,Van THag,Geelong,,21,183,1940-07-06,2,1959,1959,False,,,,no
Harry,Verdon,Stkilda,,,174,1909-10-07,2,1927,1927,False,,,,no
Jack,Vinall,Essendon,,26,180,1920-12-26,2,1944,1944,False,,,,no
Keith,Virtue,Sydney,,19,174,1917-04-21,2,1940,1940,False,,,,no
Vigo,Visentini,Essendon,Essendon,39,203,2005-09-05,2,2025,2025,False,RUCK,rookieElevation,8,yes
Ron,Walker,Sydney,,8,185,1927-04-13,2,1951,1951,False,,,,no
John,Wallace,Melbourne,,48,188,1959-09-01,2,1979,1979,False,,,,no
Alec,Wallace,Sydney,,,178,1881-07-31,2,1902,1902,False,,,,no
Ian,Wallace,WesternBulldogs,,50,173,1950-11-03,2,1968,1968,False,,,,no
Albert,Walsh,Collingwood,,,169,1877-01-31,2,1899,1900,False,,,,no
Darren,Walsh,Essendon,,17,186,1984-12-27,2,2003,2003,False,,,,no
Shane,Walsh,WesternBulldogs,,39,185,1959-04-04,2,1979,1979,False,,,,no
Elijah,Ware,PortAdelaide,,14,180,1983-04-14,2,2006,2006,False,,,,no
Tom,Warhurst,Adelaide,,44,192,1963-02-17,2,1991,1991,False,,,,no
Fred,Warry,Stkilda,,,173,1880-12-04,2,1900,1900,False,,,,no
Stan,Watsford,Collingwood,,,180,1874-01-28,2,1900,1900,False,,,,no
Abe,Watson,Essendon,,,,1871-06-11,2,1898,1898,False,,,,no
Arthur,Watson,Hawthorn,,27,175,1902-03-22,2,1929,1929,False,,,,no
Russ,Watson,Stkilda,,,175,1892-12-26,2,1910,1910,False,,,,no
Francis,Watson,WestCoast,,26,187,1995-09-29,2,2019,2019,False,,,,no
Len,Watt,Collingwood,,33,180,1912-12-09,2,1932,1932,False,,,,no
Ron,Watt,Geelong,,53,180,1963-06-10,2,1984,1984,False,,,,no
Roy,Wawn,Stkilda,,,177,1880-05-20,2,1900,1900,False,,,,no
Joe,Wearmouth,Stkilda,,,180,1878-06-04,2,1905,1905,False,,,,no
Horrie,Weeks,Richmond,,9,178,1895-11-11,2,1915,1915,False,,,,no
Isaac,Weetra,Melbourne,,28,184,1989-02-27,2,2008,2008,False,,,,no
Maverick,Weller,Richmond,,16,182,1992-02-13,2,2019,2019,False,,,,no
Norm,Wells,Hawthorn,,,185,1905-03-23,2,1927,1927,False,,,,no
David,Welsby,Geelong,,34,180,1969-11-25,2,1990,1990,False,,,,no
Reg,Werner,Melbourne,,,,1885-08-23,2,1910,1910,False,,,,no
Peter,West,Geelong,,14,173,1931-05-03,2,1952,1952,False,,,,no
Les,White,Stkilda,,22,171,1890-09-09,2,1920,1920,False,,,,no
Jim,White,Hawthorn,,7,183,1922-04-25,2,1942,1942,False,,,,no
Marcus,White,NorthMelbourne,,43,185,1990-10-24,2,2010,2010,False,,,,no
Spencer,White,Stkilda,,23,196,1994-09-22,2,2014,2014,False,,,,no
Matt,Whitlock,NorthMelbourne,North Melbourne,35,198,2006-05-16,2,2025,2025,False,KEY_DEFENDER,nationalDraft,27,yes
Ian,Wickson,WesternBulldogs,,49,188,1955-04-19,2,1973,1973,False,,,,no
Jack,Wighton,Geelong,,,,1885-07-22,2,1906,1906,False,,,,no
Matt,Wilkins,Hawthorn,,,175,1908-01-14,2,1929,1929,False,,,,no
Darrell,Wilkins,Stkilda,,30,170,1915-10-01,2,1936,1936,False,,,,no
Art,Wilkinson,Essendon,,24,179,1888-08-15,2,1913,1913,False,,,,no
Dick,Wilkinson,WesternBulldogs,,26,175,1903-01-21,2,1926,1926,False,,,,no
Reg,Wilks,Stkilda,,,174,1878-04-02,2,1901,1901,False,,,,no
Lloyd,Williams,Collingwood,,32,182,1934-10-08,2,1957,1957,False,,,,no
Josh,Williams,NorthMelbourne,,36,189,1998-06-12,2,2017,2017,False,,,,no
Ryan,Williams,PortAdelaide,,19,188,1988-10-10,2,2008,2008,False,,,,no
Garry,Williams,Stkilda,,41,187,1956-11-17,2,1980,1980,False,,,,no
Jim,Williamson,Geelong,,9,178,1909-01-11,2,1933,1934,False,,,,no
Brian,Willis,WesternBulldogs,,31,187,1930-01-02,2,1951,1951,False,,,,no
Dallas,Willsmore,Hawthorn,,20,191,1995-05-29,2,2017,2017,False,,,,no
Patrick,Wilson,Adelaide,,31,188,1994-12-11,2,2018,2019,False,,,,no
George,Wilson,Stkilda,,8,178,1920-05-28,2,1944,1944,False,,,,no
Keith,Wilson,NorthMelbourne,,26,173,1935-12-26,2,1956,1956,False,,,,no
Gillie,Wilson,Stkilda,,,,1869-01-09,2,1897,1900,False,,,,no
Arnie,Wilson,Stkilda,,,178,1885-09-22,2,1909,1910,False,,,,no
David,Winbanks,Stkilda,,55,193,1962-09-08,2,1984,1984,False,,,,no
Nick,Winmar,Stkilda,,17,189,1991-04-27,2,2011,2011,False,,,,no
George,Winter,WesternBulldogs,,34,173,1908-02-27,2,1935,1935,False,,,,no
Bill,Wisdom,Richmond,,30,179,1912-05-30,2,1936,1936,False,,,,no
Bill,Wishart,Stkilda,,,173,1882-07-17,2,1899,1899,False,,,,no
George,Withers,Hawthorn,,20,179,1917-03-07,2,1943,1943,False,,,,no
Jack,Wood,Essendon,,,182,1889-01-02,2,1910,1910,False,,,,no
Ted,Wood,Melbourne,,20,177,1916-04-05,2,1942,1942,False,,,,no
Reg,Woodhouse,Melbourne,,,175,1877-05-03,2,1906,1906,False,,,,no
Bill,Woods,Geelong,,,,1890-08-31,2,1909,1909,False,,,,no
George,Woods,Melbourne,,,,1884-09-27,2,1909,1909,False,,,,no
Alex,Woodward,Hawthorn,,39,181,1993-06-11,2,2014,2014,False,,,,no
Max,Wright,Melbourne,,26,179,1901-04-13,2,1924,1925,False,,,,no
Dick,Wright,NorthMelbourne,,24,,1902-07-25,2,1928,1928,False,,,,no
Cameron,Wright,WesternBulldogs,,53,189,1968-09-15,2,1987,1987,False,,,,no
John,Wymer,NorthMelbourne,,25,192,1933-01-25,2,1955,1955,False,,,,no
Garrey,Wynd,Melbourne,,40,177,1946-10-31,2,1966,1966,False,,,,no
Peter,Yagmoor,Collingwood,,38,180,1993-10-20,2,2012,2012,False,,,,no
Percy,Yates,Collingwood,,,177,1894-10-03,2,1916,1916,False,,,,no
Gordon,Yea,NorthMelbourne,,17,179,1924-11-13,2,1948,1948,False,,,,no
Merv,Yelland,Hawthorn,,10,171,1906-06-13,2,1928,1928,False,,,,no
Will,Young,Adelaide,,39,192,1990-08-03,2,2010,2010,False,,,,no
Jim,Young,Geelong,,34,191,1921-11-27,2,1945,1945,False,,,,no
Charles,Young,Melbourne,,26,178,1905-10-26,2,1927,1927,False,,,,no
Bill,Young,Stkilda,,,,1886-12-18,2,1909,1909,False,,,,no
Syd,Young,Sydney,,5,172,1918-03-03,2,1941,1941,False,,,,no
Wennie,van Lint,Sydney,,32,180,1948-03-28,2,1967,1967,False,,,,no
Clarrie,Abbott,Melbourne,,28,171,1888-11-09,1,1912,1912,False,,,,no
Ryan,Abbott,Stkilda,,27,200,1991-06-25,1,2020,2020,False,,,,no
Ernie,Abbott,Stkilda,,,174,1883-07-12,1,1908,1908,False,,,,no
Jed,Adams,Melbourne,Melbourne,26,196,2004-05-14,1,2025,2025,False,KEY_DEFENDER,NA,NA,yes
Bob,Addison,WesternBulldogs,,,157,1908-07-18,1,1931,1931,False,,,,no
Brodie,Ainslie,Stkilda,,,179,1891-08-10,1,1911,1911,False,,,,no
Jack,Aitchison,Hawthorn,,32,173,1911-04-06,1,1935,1935,False,,,,no
Michael,Aitken,Carlton,,13,187,1960-01-12,1,1985,1985,False,,,,no
James,Aitken,Geelong,,,171,1882-07-23,1,1903,1903,False,,,,no
Fred,Alder,Richmond,,,,1889-06-21,1,1909,1909,False,,,,no
Jim,Allen,Geelong,,34,181,1912-11-25,1,1935,1935,False,,,,no
Tim,Allen,Geelong,,25,191,1970-10-12,1,1995,1995,False,,,,no
Henry,Allender,Carlton,,,,1872-03-25,1,1899,1899,False,,,,no
Charlie,Anderson,WesternBulldogs,,,183,1903-08-19,1,1927,1927,False,,,,no
Fred,Anderson,Essendon,,,168,1886-03-16,1,1908,1908,False,,,,no
Stan,Anderson,Essendon,,,178,1893-07-26,1,1919,1919,False,,,,no
Ernest,Anderson,Geelong,,,,1877-08-17,1,1898,1898,False,,,,no
Robin,Andrew,Melbourne,,27,188,1945-05-19,1,1965,1965,False,,,,no
Gordon,Andrews,Richmond,,36,183,1934-11-11,1,1956,1956,False,,,,no
Daniel,Annable,Brisbane,Brisbane Lions,14,184,2007-04-05,1,2026,2026,True,MIDFIELDER,nationalDraft,6,yes
Daniel,Archer,Stkilda,,42,193,1991-10-26,1,2011,2011,False,,,,no
Billy,Arnott,Carlton,,,,1873-04-07,1,1897,1897,False,,,,no
Steve,Arnott,Melbourne,,29,183,1949-01-24,1,1969,1969,False,,,,no
Joe,Ashdown,Stkilda,,11,180,1922-12-30,1,1946,1946,False,,,,no
Ernie,Ashton,Carlton,,,,1883-07-07,1,1904,1904,False,,,,no
Wayne,Athorne,Hawthorn,,25,189,1941-09-07,1,1961,1961,False,,,,no
Wilf,Atkinson,Carlton,,,179,1920-04-09,1,1942,1942,False,,,,no
Vic,Atkinson,Hawthorn,,19,182,1921-03-31,1,1944,1944,False,,,,no
Graeme,Aubrey,Melbourne,,49,173,1948-08-04,1,1968,1968,False,,,,no
Ern,Aurish,Stkilda,,,171,1878-08-09,1,1901,1901,False,,,,no
Bret,Bailey,Geelong,,37,182,1964-01-22,1,1990,1990,False,,,,no
Peter,Baker,Melbourne,,45,177,1940-10-21,1,1960,1960,False,,,,no
Jim,Balharry,Carlton,,,,1868-05-13,1,1898,1898,False,,,,no
Andrew,Balkwill,Carlton,,28,192,1972-03-24,1,1997,1997,False,,,,no
Max,Ballantyne,Collingwood,,31,183,1944-08-04,1,1966,1966,False,,,,no
Jacob,Ballard,Fremantle.xlsx,,44,188,1994-02-26,1,2015,2015,False,,,,no
Ray,Bamford,Geelong,,31,180,1915-09-15,1,1944,1944,False,,,,no
Graham,Bamford,Richmond,,18,173,1944-06-01,1,1964,1964,False,,,,no
Horrie,Bannister,Richmond,,14,173,1900-06-04,1,1924,1924,False,,,,no
Jamie,Barham,WesternBulldogs,,54,179,1960-12-01,1,1982,1982,False,,,,no
George,Barker,Hawthorn,,11,178,1916-06-26,1,1939,1939,False,,,,no
Peter,Barker,WesternBulldogs,,27,188,1936-01-16,1,1959,1959,False,,,,no
Ron,Barling,Geelong,,20,178,1912-09-28,1,1933,1933,False,,,,no
Fred,Barlow,Carlton,,,,1873-09-06,1,1898,1898,False,,,,no
Sydney,Barr,Essendon,,26,177,1892-09-23,1,1918,1918,False,,,,no
Harry,Barr,Stkilda,,,,1880-01-11,1,1898,1898,False,,,,no
Wes,Barrot,Collingwood,,27,179,1953-10-08,1,1975,1975,False,,,,no
George,Bastin,Stkilda,,,,1893-08-20,1,1915,1915,False,,,,no
Jimmy,Bates,Essendon,,13,170,1910-06-25,1,1933,1933,False,,,,no
Percy,Bates,Stkilda,,28,179,1913-04-12,1,1937,1937,False,,,,no
Les,Batty,Carlton,,,183,1887-09-30,1,1910,1910,False,,,,no
Dale,Baynes,Collingwood,,38,189,1980-11-29,1,2000,2000,False,,,,no
Claude,Beales,Stkilda,,,,1887-08-23,1,1905,1905,False,,,,no
Keith,Beckwith,Collingwood,,35,163,1938-12-09,1,1958,1958,False,,,,no
Alf,Bedford,Stkilda,,,,1874-03-20,1,1897,1897,False,,,,no
Zach,Beeck,WestCoast,,43,197,1982-06-30,1,2004,2004,False,,,,no
Luke,Beecken,Brisbane,Brisbane Lions,17,185,2001-04-18,1,2025,2025,False,MIDFIELDER,other,17,yes
Colm,Begley,Stkilda,,17,188,1986-08-31,1,2009,2009,False,,,,no
Arch,Bell,Geelong,,21,170,1905-08-19,1,1928,1928,False,,,,no
Scott,Bennett,WestCoast,,34,180,1980-01-08,1,2000,2000,False,,,,no
Bruce,Bentley,Carlton,,13,183,1944-09-09,1,1964,1964,False,,,,no
Domenic,Berry,Hawthorn,,27,198,1971-06-13,1,1992,1992,False,,,,no
Peter,Bevilacqua,Carlton,,5,168,1933-06-29,1,1953,1953,False,,,,no
Jack,Bidgood,Stkilda,,29,,1902-05-30,1,1925,1925,False,,,,no
Ron,Birch,WesternBulldogs,,43,170,1943-10-16,1,1963,1963,False,,,,no
Aaron,Black,WestCoast,,47,181,1992-12-25,1,2022,2022,False,,,,no
Alick,Black,Sydney,,30,179,1909-03-05,1,1932,1932,False,,,,no
Bruce,Blainey,Richmond,,20,179,1939-04-12,1,1960,1960,False,,,,no
Jim,Blair,Collingwood,,,173,1874-02-23,1,1903,1903,False,,,,no
George,Blake,Carlton,,,,1878-09-04,1,1905,1905,False,,,,no
Norm,Bland,Stkilda,,,,1889-03-10,1,1909,1909,False,,,,no
Sam,Blease,Geelong,,12,184,1991-02-19,1,2015,2015,False,,,,no
Dick,Bliss,Sydney,,,180,1881-04-07,1,1906,1906,False,,,,no
Steve,Bloomer,Essendon,,27,178,1909-11-25,1,1934,1934,False,,,,no
George,Blundell,Collingwood,,,169,1879-06-30,1,1901,1901,False,,,,no
Tommy,Boag,Collingwood,,3,182,1914-09-19,1,1935,1935,False,,,,no
Joe,Boles,Sydney,,,169,1880-03-05,1,1903,1903,False,,,,no
Harry,Bollman,WesternBulldogs,,12,179,1902-09-15,1,1930,1930,False,,,,no
Charles,Bolton,Essendon,,,178,1876-07-01,1,1907,1907,False,,,,no
Jim,Bolwell,NorthMelbourne,,,180,1911-08-27,1,1933,1933,False,,,,no
Kevin,Bond,Hawthorn,,35,165,1928-05-26,1,1952,1952,False,,,,no
Jim,Bonelli,Melbourne,,,168,1884-12-17,1,1908,1908,False,,,,no
Graham,Borrack,Collingwood,,35,183,1937-05-18,1,1956,1956,False,,,,no
Bill,Borwick,Geelong,,31,171,1913-11-27,1,1935,1935,False,,,,no
Allan,Bouch,Richmond,,24,183,1903-01-19,1,1925,1925,False,,,,no
Tony,Boulton,Geelong,,38,183,1939-06-10,1,1959,1959,False,,,,no
Bert,Bourchier,Geelong,,,173,1884-08-27,1,1908,1908,False,,,,no
Peter,Bourke,Essendon,,41,173,1966-05-23,1,1988,1988,False,,,,no
Matthew,Bourke,Hawthorn,,37,187,1968-09-09,1,1989,1989,False,,,,no
Vin,Bourke,NorthMelbourne,,36,173,1933-09-14,1,1957,1957,False,,,,no
David,Bourke,NorthMelbourne,,25,194,1976-01-09,1,2003,2003,False,,,,no
Charles,Bourne,Sydney,,,168,1882-02-13,1,1903,1903,False,,,,no
Dave,Bowen,Sydney,,,,1886-03-14,1,1908,1908,False,,,,no
Wally,Bowtell,Richmond,,,174,1895-01-26,1,1917,1917,False,,,,no
Alby,Bowtell,Stkilda,,,173,1887-06-27,1,1911,1911,False,,,,no
Harry,Boyd,Stkilda,,31,198,1998-02-11,1,2025,2025,False,,,,no
Ken,Bracken,NorthMelbourne,,34,180,1903-08-24,1,1932,1932,False,,,,no
Syd,Bradley,Stkilda,,,177,1880-03-08,1,1909,1909,False,,,,no
Darren,Bradshaw,Brisbane,,37,185,1980-11-05,1,2002,2002,False,,,,no
Bernie,Brady,Collingwood,,24,193,1947-08-31,1,1968,1968,False,,,,no
Laurie,Brady,Melbourne,,22,171,1895-03-16,1,1913,1913,False,,,,no
Colin,Braid,Essendon,,33,183,1913-11-23,1,1934,1934,False,,,,no
Peter,Brain,Sydney,,16,173,1944-12-10,1,1961,1961,False,,,,no
Henry,Bray,Stkilda,,,170,1891-06-13,1,1911,1911,False,,,,no
Hamish,Brayshaw,WestCoast,,22,187,1998-02-09,1,2020,2020,False,,,,no
Arthur,Brennan,Stkilda,,,179,1881-03-02,1,1901,1901,False,,,,no
Neil,Brindley,Collingwood,,39,180,1967-07-27,1,1987,1987,False,,,,no
Harry,Britter,Geelong,,26,180,1891-06-23,1,1924,1924,False,,,,no
Will,Brodie,PortAdelaide,Port Adelaide,23,189,1998-08-23,1,2026,2026,True,MIDFIELDER,nationalDraft,9,yes
Harry,Bromley,Sydney,,,177,1884-11-30,1,1905,1905,False,,,,no
Keegan,Brooksby,Hawthorn,,47,197,1990-04-27,1,2020,2020,False,,,,no
Steven,Brosnan,PortAdelaide,,37,188,1978-10-09,1,2000,2000,False,,,,no
Tyler,Brown,Adelaide,,21,188,1999-12-09,1,2023,2023,False,,,,no
Monty,Brown,Carlton,,18,177,1913-04-22,1,1937,1937,False,,,,no
Bruce,Brown,Essendon,,49,187,1951-10-06,1,1972,1972,False,,,,no
Frank,Brown,Stkilda,,,175,1887-11-13,1,1907,1907,False,,,,no
Mel,Brown,Sydney,,,188,1911-11-12,1,1943,1943,False,,,,no
Darren,Brown,WesternBulldogs,,36,180,1965-05-08,1,1982,1982,False,,,,no
Mort,Browne,WesternBulldogs,,,179,1908-04-19,1,1932,1932,False,,,,no
Joe,Bruce,NorthMelbourne,,11,,1905-01-02,1,1929,1929,False,,,,no
Herb,Brunning,Stkilda,,,,1886-05-26,1,1902,1902,False,,,,no
Vic,Buchanan,Geelong,,31,175,1899-02-27,1,1921,1921,False,,,,no
Allan,Buchanan,Stkilda,,36,178,1916-03-12,1,1938,1938,False,,,,no
Shane,Burgmann,Melbourne,,40,192,1974-01-07,1,1992,1992,False,,,,no
Jack,Burgmann,Richmond,,11,185,1916-04-07,1,1938,1938,False,,,,no
Gordon,Burleigh,Geelong,,,187,1889-03-24,1,1914,1914,False,,,,no
John,Burleigh,WesternBulldogs,,41,170,1950-09-26,1,1974,1974,False,,,,no
Jimmy,Burn,Melbourne,,,178,1877-12-17,1,1903,1903,False,,,,no
Noel,Burrows,Collingwood,,24,,1911-03-27,1,1933,1933,False,,,,no
Dave,Burt,Collingwood,,30,180,1937-01-23,1,1957,1957,False,,,,no
Tom,Burton,Richmond,Richmond,45,178,2007-01-09,1,2026,2026,True,MIDFIELDER,NA,NA,yes
Joe,Bushell,Stkilda,,,179,1888-03-03,1,1910,1910,False,,,,no
Bobby,Byers,Essendon,,,,1871-04-18,1,1901,1901,False,,,,no
Bill,Byrne,Melbourne,,39,179,1931-05-15,1,1957,1957,False,,,,no
Shane,Cable,WestCoast,,32,180,1970-02-21,1,1989,1989,False,,,,no
Marshall,Caffyn,Sydney,,7,169,1892-11-04,1,1913,1913,False,,,,no
Jimmy,Cairns,Sydney,,5,178,1938-03-12,1,1957,1957,False,,,,no
Garry,Cameron,NorthMelbourne,,48,192,1948-04-05,1,1967,1967,False,,,,no
Sam,Campbell,Collingwood,,,165,1891-03-12,1,1910,1910,False,,,,no
Jim,Campbell,Essendon,,,170,1886-03-23,1,1908,1908,False,,,,no
Euan,Campbell,Melbourne,,41,183,1945-09-25,1,1968,1968,False,,,,no
Bradley,Campbell,Melbourne,,35,192,1975-12-13,1,1994,1994,False,,,,no
Bob,Campbell,Stkilda,,,,1868-09-06,1,1900,1900,False,,,,no
Dick,Campbell,Stkilda,,,,1884-12-08,1,1909,1909,False,,,,no
Bill,Cannon,Stkilda,,24,189,1956-04-04,1,1975,1975,False,,,,no
Robert,Caprioli,Sydney,,52,178,1967-07-11,1,1986,1986,False,,,,no
Leigh,Capsalis,Stkilda,,52,180,1971-12-23,1,1993,1993,False,,,,no
Tom,Carey,NorthMelbourne,,38,185,1941-06-09,1,1961,1961,False,,,,no
Matt,Carland,WesternBulldogs,,,180,1909-09-08,1,1938,1938,False,,,,no
Bob,Carmichael,Collingwood,,,,1882-02-11,1,1900,1900,False,,,,no
Peter,Carter,Collingwood,,18,178,1959-04-29,1,1982,1982,False,,,,no
Len,Carter,Hawthorn,,34,185,1934-12-07,1,1957,1957,False,,,,no
Roy,Cassidy,Sydney,,,,1907-06-19,1,1930,1930,False,,,,no
Trevor,Castles,Melbourne,,39,179,1961-04-19,1,1983,1983,False,,,,no
Kevin,Caton,WestCoast,,11,183,1965-05-10,1,1988,1988,False,,,,no
Don,Caudwell,Collingwood,,31,188,1929-09-12,1,1951,1951,False,,,,no
Dick,Chandler,Carlton,,35,177,1910-04-04,1,1940,1940,False,,,,no
Gil,Chandler,Hawthorn,,,183,1903-08-29,1,1928,1928,False,,,,no
Adam,Chatfield,Carlton,,13,189,1979-06-22,1,2000,2000,False,,,,no
Henry,Cheeseman,Geelong,,,,1875-12-20,1,1904,1904,False,,,,no
Col,Churchett,Sydney,,7,180,1926-01-30,1,1944,1944,False,,,,no
Murray,Clapham,NorthMelbourne,,12,182,1939-01-31,1,1962,1962,False,,,,no
Michael,Clark,Melbourne,,17,184,1981-07-15,1,2002,2002,False,,,,no
George,Clark,Richmond,,14,,1898-09-02,1,1922,1922,False,,,,no
Xavier,Clarke,Brisbane,,15,182,1983-09-28,1,2010,2010,False,,,,no
Len,Clarke,Carlton,,24,,1905-06-23,1,1931,1931,False,,,,no
Ray,Clarke,NorthMelbourne,,3,178,1908-07-19,1,1930,1930,False,,,,no
Paul,Clarke,NorthMelbourne,,24,177,1909-01-23,1,1930,1930,False,,,,no
Charlie,Clarke,WesternBulldogs,,8,183,2004-01-04,1,2024,2024,False,,,,no
Walter,Clarke,Stkilda,,,,1883-02-03,1,1902,1902,False,,,,no
Bill,Clarke,Sydney,,,,1882-10-05,1,1906,1906,False,,,,no
Herb,Clements,Stkilda,,,,1882-01-18,1,1901,1901,False,,,,no
Bill,Clohesy,Carlton,,26,184,1894-11-05,1,1918,1918,False,,,,no
Cameron,Cloke,PortAdelaide,,47,196,1984-12-20,1,2010,2010,False,,,,no
Arthur,Cobain,Stkilda,,,,1880-11-02,1,1909,1909,False,,,,no
Bill,Cocks,Hawthorn,,44,170,1936-12-15,1,1960,1960,False,,,,no
Bill,Coffey,Essendon,,,180,1896-10-10,1,1918,1918,False,,,,no
Len,Coffey,Sydney,,,173,1883-08-08,1,1905,1905,False,,,,no
Fred,Cole,Stkilda,,40,189,1936-05-27,1,1956,1956,False,,,,no
Clayton,Collard,Fremantle.xlsx,,13,182,1988-12-04,1,2007,2007,False,,,,no
Cliff,Colling,Hawthorn,,,171,1912-12-18,1,1931,1931,False,,,,no
Ted,Collings,Sydney,,13,180,1943-06-05,1,1964,1964,False,,,,no
Hope,Collins,Richmond,,19,183,1904-08-20,1,1930,1930,False,,,,no
Daryl,Collins,WesternBulldogs,,22,180,1956-07-15,1,1974,1974,False,,,,no
Kieran,Collins,WesternBulldogs,,32,193,1997-12-14,1,2016,2016,False,,,,no
Wally,Colliss,Essendon,,10,168,1908-05-22,1,1932,1932,False,,,,no
Harold,Collocott,Geelong,,,170,1883-06-25,1,1900,1900,False,,,,no
Will,Collopy,Richmond,,17,175,1897-04-21,1,1916,1916,False,,,,no
John,Comben,Melbourne,,17,175,1944-06-13,1,1967,1967,False,,,,no
Charles,Comber,Essendon,,28,174,1891-12-26,1,1915,1915,False,,,,no
Mick,Comber,Melbourne,,21,173,1903-04-17,1,1929,1929,False,,,,no
Matt,Conniff,Stkilda,,,178,1877-02-08,1,1897,1897,False,,,,no
Harold,Conradi,Geelong,,16,171,1894-07-28,1,1914,1914,False,,,,no
Mark,Conway,PortAdelaide,,35,197,1973-05-20,1,1997,1997,False,,,,no
Frank,Cook,Sydney,,28,175,1916-09-21,1,1938,1938,False,,,,no
Bill,Cooke,Collingwood,,30,,1883-02-14,1,1912,1912,False,,,,no
Brett,Cooper,Collingwood,,13,180,1959-08-11,1,1983,1983,False,,,,no
Rupert,Cooper,Essendon,,,173,1886-07-10,1,1909,1909,False,,,,no
Cyril,Cooper,WesternBulldogs,,7,191,1914-04-07,1,1937,1937,False,,,,no
Billy,Cootee,Sydney,Sydney,25,179,2002-12-18,1,2026,2026,True,MIDFIELDER,NA,NA,yes
Rhys,Cooyou,GWS,,49,183,1991-03-22,1,2012,2012,False,,,,no
Leo,Corbett,Stkilda,,,191,1895-06-25,1,1919,1919,False,,,,no
John,Corby,Melbourne,,22,173,1898-12-28,1,1922,1922,False,,,,no
Kevin,Corcoran,NorthMelbourne,,16,175,1931-08-15,1,1952,1952,False,,,,no
Larry,Cordner,Hawthorn,,15,178,1911-02-07,1,1933,1933,False,,,,no
George,Cornelius,Carlton,,,,1874-08-12,1,1901,1901,False,,,,no
Joe,Cosgriff,Sydney,,,169,1913-05-25,1,1932,1932,False,,,,no
Cliff,Coulson,Essendon,,3,189,1906-07-28,1,1931,1931,False,,,,no
Vern,Couttie,Stkilda,,2,166,1891-05-07,1,1914,1914,False,,,,no
Eric,Coutts,Essendon,,23,183,1913-12-30,1,1936,1936,False,,,,no
David,Craig,NorthMelbourne,,49,185,1953-02-16,1,1973,1973,False,,,,no
Tom,Crawford,Melbourne,,,169,1879-09-02,1,1897,1897,False,,,,no
Val,Crawley,Essendon,,,174,1887-02-14,1,1910,1910,False,,,,no
Bill,Crebbin,Essendon,,,173,1869-03-08,1,1900,1900,False,,,,no
Tom,Crebbin,Stkilda,,41,175,1964-06-22,1,1986,1986,False,,,,no
Leo,Credlin,NorthMelbourne,,4,183,1903-06-16,1,1930,1930,False,,,,no
Hugh,Crichton,Stkilda,,,173,1882-01-20,1,1905,1905,False,,,,no
Bryan,Crimmins,Melbourne,,37,185,1919-10-25,1,1944,1944,False,,,,no
Roy,Crisp,Collingwood,,,177,1890-09-30,1,1910,1910,False,,,,no
Graham,Croft,Stkilda,,34,173,1947-09-06,1,1966,1966,False,,,,no
Kevin,Crohan,Richmond,,8,168,1920-09-21,1,1942,1942,False,,,,no
Bob,Cromie,Stkilda,,,173,1881-08-14,1,1908,1908,False,,,,no
Eric,Crompton,WesternBulldogs,,28,175,1913-05-11,1,1935,1935,False,,,,no
Harrie,Cross,Collingwood,,,173,1893-02-26,1,1917,1917,False,,,,no
Jack,Cross,Essendon,,9,169,1908-09-26,1,1929,1929,False,,,,no
Paddy,Cross,Melbourne,Melbourne,41,181,2003-02-14,1,2026,2026,True,MEDIUM_FORWARD,NA,NA,yes
Andrew,Cross,Richmond,,55,178,1961-04-13,1,1986,1986,False,,,,no
Justin,Crow,Collingwood,,47,196,1983-07-16,1,2004,2004,False,,,,no
Ian,Crowley,Essendon,,34,178,1948-04-04,1,1968,1968,False,,,,no
Ray,Crozier,WesternBulldogs,,7,183,1930-08-25,1,1952,1952,False,,,,no
Jack,Culhane,Richmond,,12,174,1900-02-28,1,1925,1925,False,,,,no
Jim,Cullen,Carlton,,,174,1878-06-09,1,1904,1904,False,,,,no
Paul,Cullen,Sydney,,,175,1882-07-13,1,1901,1901,False,,,,no
Sam,Cumming,Richmond,Richmond,22,184,2007-07-27,1,2026,2026,True,MIDFIELDER,NA,NA,yes
Claude,Cummings,Richmond,,35,180,1917-07-02,1,1938,1938,False,,,,no
Frank,Cummins,Melbourne,,29,174,1896-09-26,1,1919,1919,False,,,,no
Bruce,Cummins,Stkilda,,,179,1929-11-17,1,1954,1954,False,,,,no
Dan,Cunningham,Melbourne,,30,182,1907-11-23,1,1932,1932,False,,,,no
Pat,Cunningham,Stkilda,,,179,1914-05-22,1,1942,1942,False,,,,no
Frank,Curran,Hawthorn,,36,175,1919-10-15,1,1942,1942,False,,,,no
Pat,Curran,Richmond,,6,182,1946-03-11,1,1968,1968,False,,,,no
Dave,Currie,Essendon,,,,1876-05-19,1,1898,1898,False,,,,no
Alex,Cuthbertson,Stkilda,,41,178,1931-06-10,1,1956,1956,False,,,,no
John,Cuzzupe,WesternBulldogs,,40,176,1973-10-11,1,1992,1992,False,,,,no
Nick,Daffy,Sydney,,3,183,1973-05-11,1,2002,2002,False,,,,no
Michael,Dalton,Stkilda,,,177,1875-05-23,1,1899,1899,False,,,,no
Albert,Daly,Sydney,,27,171,1900-01-29,1,1925,1925,False,,,,no
Tom,Darcy,Sydney,,,,1881-02-22,1,1904,1904,False,,,,no
Ian,Dargie,WestCoast,,31,178,1963-11-15,1,1991,1991,False,,,,no
Harry,Davenport,Sydney,,30,,1900-02-19,1,1921,1921,False,,,,no
Terry,Davey,Melbourne,,43,183,1950-07-23,1,1970,1970,False,,,,no
Tom,Davidson,Collingwood,,16,192,1983-02-03,1,2004,2004,False,,,,no
Jack,Davie,Geelong,,,,1874-10-05,1,1902,1902,False,,,,no
Bill,Davies,WesternBulldogs,,14,185,1930-01-20,1,1949,1949,False,,,,no
Michael,Davis,Sydney,,48,175,1961-01-19,1,1984,1984,False,,,,no
Norman,Davison,Geelong,,,182,1888-02-17,1,1906,1906,False,,,,no
Harold,Day,Essendon,,21,170,1890-05-22,1,1915,1915,False,,,,no
Robert,Daykin,Sydney,,,174,1881-01-01,1,1904,1904,False,,,,no
Fred,De Abel,Hawthorn,,29,179,1910-05-04,1,1934,1934,False,,,,no
Bill,De Gruchy,Geelong,,,161,1877-06-30,1,1900,1900,False,,,,no
Harold,De Gruchy,Melbourne,,,170,1881-02-09,1,1901,1901,False,,,,no
Ken,Delaland,NorthMelbourne,,26,175,1942-04-01,1,1964,1964,False,,,,no
Wayne,Deledio,Carlton,,22,186,1955-11-29,1,1975,1975,False,,,,no
Andy,Demetriou,Sydney,,46,192,1958-07-04,1,1977,1977,False,,,,no
Ernest,Denton,Melbourne,,,177,1881-04-21,1,1905,1905,False,,,,no
Craig,Devonport,Carlton,,8,183,1970-01-27,1,1996,1996,False,,,,no
Angus,Dewar,WestCoast,,49,192,1992-10-12,1,2022,2022,False,,,,no
Roy,Dick,Carlton,,18,,1900-10-28,1,1923,1923,False,,,,no
Horrie,Dick,Essendon,,,,1877-06-16,1,1907,1907,False,,,,no
John,Dixon,Essendon,,,170,1887-03-31,1,1906,1906,False,,,,no
Colin,Dobson,Richmond,,46,193,1945-03-24,1,1964,1964,False,,,,no
Bill,Dodds,Carlton,,,166,1882-04-23,1,1901,1901,False,,,,no
Alex,Dodson,Stkilda,St Kilda,30,203,2006-06-15,1,2025,2025,False,RUCK,NA,NA,yes
Tom,Doedee,Brisbane,Brisbane Lions,12,188,1997-03-01,1,2025,2025,False,MEDIUM_DEFENDER,nationalDraft,17,yes
Con,Doherty,Melbourne,,,174,1884-11-08,1,1909,1909,False,,,,no
Wally,Don,Carlton,,,181,1891-09-25,1,1913,1913,False,,,,no
Daniel,Donati,Richmond,,42,187,1977-09-29,1,1997,1997,False,,,,no
Peter,Donnelly,Stkilda,,,174,1891-02-19,1,1911,1911,False,,,,no
Don,Douglas,Hawthorn,,38,187,1934-10-07,1,1956,1956,False,,,,no
Greg,Dowd,WesternBulldogs,,35,180,1946-03-19,1,1966,1966,False,,,,no
Harry,Dowdall,Stkilda,,,,1872-06-29,1,1901,1901,False,,,,no
Gordon,Downes,Stkilda,,,170,1878-06-23,1,1904,1904,False,,,,no
Johnny,Downs,Carlton,,,165,1890-03-02,1,1920,1920,False,,,,no
Albert,Downs,Collingwood,,28,164,1905-09-26,1,1933,1933,False,,,,no
Ralph,Duff,Hawthorn,,14,175,1908-05-20,1,1935,1935,False,,,,no
Kevin,Duffy,Stkilda,,,178,1897-04-13,1,1920,1920,False,,,,no
Colin,Dufty,Collingwood,,4,170,1889-11-29,1,1914,1914,False,,,,no
Robert,Duncan,Richmond,,,179,1891-11-27,1,1909,1909,False,,,,no
Urban,Duniam,Sydney,,2,185,1931-05-29,1,1950,1950,False,,,,no
Les,Dunn,Sydney,,7,175,1915-02-16,1,1938,1938,False,,,,no
Jeff,Dunne,Richmond,,27,176,1956-05-14,1,1984,1984,False,,,,no
Frank,Dunne,Stkilda,,,180,1875-08-13,1,1905,1905,False,,,,no
George,Dunstan,Stkilda,,36,179,1904-07-19,1,1926,1926,False,,,,no
Geoff,Dupuy,Hawthorn,,38,180,1937-01-31,1,1957,1957,False,,,,no
Robert,Dutton,Hawthorn,,39,192,1957-10-09,1,1982,1982,False,,,,no
Mark,Dwyer,Stkilda,,47,175,1964-08-05,1,1988,1988,False,,,,no
Bill,Dyer,Stkilda,,33,175,1917-03-15,1,1939,1939,False,,,,no
Josh,Dyson,Brisbane,,27,181,1991-08-12,1,2011,2011,False,,,,no
Daniel,Dzufer,Brisbane,,45,188,1988-01-21,1,2007,2007,False,,,,no
Cliff,Eade,Richmond,,21,179,1933-05-24,1,1954,1954,False,,,,no
Paul,Earley,Melbourne,,56,188,1964-07-03,1,1984,1984,False,,,,no
Tommy,Eason,WesternBulldogs,,20,173,1908-12-16,1,1932,1932,False,,,,no
Stephen,Easton,Carlton,,31,194,1959-08-12,1,1982,1982,False,,,,no
Horrie,Edmonds,WesternBulldogs,,26,175,1908-12-23,1,1937,1937,False,,,,no
Travis,Edmonds,Fremantle.xlsx,,22,192,1971-02-09,1,1995,1995,False,,,,no
Ted,Edwards,Stkilda,,,175,1883-09-24,1,1906,1906,False,,,,no
Reg,Edwards,Sydney,,34,197,1943-06-28,1,1964,1964,False,,,,no
Will,Edwards,Sydney,,28,197,2003-05-08,1,2026,2026,True,,,,no
John,Edwards,WesternBulldogs,,50,188,1942-01-18,1,1962,1962,False,,,,no
Phil,Egan,Melbourne,,34,180,1963-02-09,1,1991,1991,False,,,,no
Harold,Egan,Stkilda,,,177,1884-11-28,1,1909,1909,False,,,,no
Henry,Elkington,Essendon,,12,187,1890-02-22,1,1914,1914,False,,,,no
Roger,Ellingworth,Hawthorn,,38,184,1962-12-14,1,1986,1986,False,,,,no
Morrie,Elliott,Sydney,,2,193,1935-10-02,1,1961,1961,False,,,,no
Reg,Ellis,Melbourne,,31,179,1891-02-22,1,1920,1920,False,,,,no
Graeme,Ellis,Richmond,,39,183,1943-02-01,1,1962,1962,False,,,,no
Lindsay,Ellis,WesternBulldogs,,14,168,1935-07-27,1,1954,1954,False,,,,no
John,Elmer,Sydney,,31,174,1905-03-22,1,1926,1926,False,,,,no
Peter,Ennals,WesternBulldogs,,10,188,1943-07-23,1,1965,1965,False,,,,no
Greg,Eppelstun,NorthMelbourne,,16,185,1966-11-16,1,1993,1993,False,,,,no
Andy,Ericksen,Richmond,,15,183,1894-08-03,1,1917,1917,False,,,,no
Noel,Evans,Carlton,,29,173,1930-11-14,1,1953,1953,False,,,,no
Marcus,Evans,Essendon,,,175,1878-11-10,1,1901,1901,False,,,,no
Ivor,Evans,Stkilda,,,178,1887-07-24,1,1904,1904,False,,,,no
Robert,Evans,WesternBulldogs,,20,185,1960-07-01,1,1986,1986,False,,,,no
John,Everard,Essendon,,,,1881-04-06,1,1905,1905,False,,,,no
Ern,Everett,Geelong,,,173,1892-10-31,1,1918,1918,False,,,,no
Jim,Fagan,Stkilda,,,,1882-05-24,1,1906,1906,False,,,,no
Jim,Farnan,Stkilda,,,173,1875-07-12,1,1899,1899,False,,,,no
Harry,Farnsworth,Stkilda,,,179,1885-12-03,1,1910,1910,False,,,,no
Brian,Faulkhead,Sydney,,16,183,1937-05-09,1,1957,1957,False,,,,no
Greg,Faull,Collingwood,,51,180,1969-02-26,1,1987,1987,False,,,,no
Claude,Fell,Richmond,,7,183,1892-12-06,1,1918,1918,False,,,,no
Jackson,Ferguson,Stkilda,,45,194,1992-10-23,1,2013,2013,False,,,,no
Joe,Finlay,Melbourne,,,177,1879-04-13,1,1899,1899,False,,,,no
Bill,Fischer,Melbourne,,,169,1883-10-03,1,1909,1909,False,,,,no
Reg,Fisher,Geelong,,8,180,1932-08-31,1,1957,1957,False,,,,no
Ross,Fisher,Melbourne,,48,178,1964-06-09,1,1984,1984,False,,,,no
Pat,Fitzgerald,WesternBulldogs,,41,179,1936-05-07,1,1957,1957,False,,,,no
Terry,Fitzgerald,Hawthorn,,45,188,1952-06-28,1,1972,1972,False,,,,no
Kevin,Fitzgerald,Richmond,,43,175,1943-02-19,1,1961,1961,False,,,,no
Ron,Fitzpatrick,NorthMelbourne,,34,177,1940-05-27,1,1962,1962,False,,,,no
Keith,Fleming,Hawthorn,,30,178,1909-11-16,1,1932,1932,False,,,,no
Ted,Fleming,Melbourne,,,174,1886-01-25,1,1905,1905,False,,,,no
Daniel,Fletcher,Geelong,,44,183,1974-08-16,1,1994,1994,False,,,,no
Bill,Flintoft,Stkilda,,26,178,1889-03-20,1,1913,1913,False,,,,no
Jake,Florenca,WestCoast,,46,184,1997-05-15,1,2022,2022,False,,,,no
Ted,Flynn,Essendon,,,,1880-06-14,1,1903,1903,False,,,,no
Dick,Flynn,NorthMelbourne,,9,179,1926-11-02,1,1946,1946,False,,,,no
Eric,Fordham,WesternBulldogs,,,,1904-09-19,1,1929,1929,False,,,,no
Alex,Forster,Fremantle.xlsx,,19,189,1993-07-14,1,2013,2013,False,,,,no
Dick,Fowler,Melbourne,,,177,1890-02-13,1,1908,1908,False,,,,no
Geoff,Fox,NorthMelbourne,,21,183,1910-05-03,1,1933,1933,False,,,,no
Bob,Fox,WesternBulldogs,,17,192,1953-04-19,1,1972,1972,False,,,,no
Wayne,Fox,WesternBulldogs,,9,185,1959-01-04,1,1978,1978,False,,,,no
Tony,Fox,WesternBulldogs,,37,182,1958-07-16,1,1978,1978,False,,,,no
Artie,Frecker,Hawthorn,,32,170,1901-09-20,1,1930,1930,False,,,,no
Artie,Freeman,Essendon,,,173,1887-09-17,1,1911,1911,False,,,,no
Angus,Fregon,Stkilda,,,180,1880-07-18,1,1909,1909,False,,,,no
John,Friend,Geelong,,38,188,1953-02-24,1,1971,1971,False,,,,no
Herb,Friend,Stkilda,,,168,1888-07-06,1,1910,1910,False,,,,no
Bernie,Fritsch,Sydney,,,,1881-02-17,1,1899,1899,False,,,,no
Geoff,Frood,Melbourne,,33,178,1906-03-13,1,1930,1930,False,,,,no
Jim,Fuller,Sydney,,46,180,1943-11-18,1,1963,1963,False,,,,no
Greg,Fyffe,Collingwood,,54,182,1963-04-03,1,1983,1983,False,,,,no
Adrian,Gallagher,NorthMelbourne,,10,179,1946-05-12,1,1976,1976,False,,,,no
Laurie,Gallagher,Collingwood,,12,175,1924-06-11,1,1945,1945,False,,,,no
Ed,Garlick,Melbourne,,,177,1883-09-26,1,1901,1901,False,,,,no
Peter,Garratt,Melbourne,,31,185,1956-01-31,1,1978,1978,False,,,,no
Cec,Garton,Essendon,,,175,1874-12-01,1,1906,1906,False,,,,no
James,Gatehouse,Geelong,,,179,1883-03-27,1,1900,1900,False,,,,no
David,Gaunson,Stkilda,,,171,1879-09-03,1,1898,1898,False,,,,no
Jimmy,Gaynor,Carlton,,,,1875-05-22,1,1904,1904,False,,,,no
Jack,Geggie,Melbourne,,,179,1881-10-29,1,1911,1911,False,,,,no
Bill,Gehling,Richmond,,55,173,1951-04-12,1,1971,1971,False,,,,no
Paul,Geister,PortAdelaide,,31,191,1972-01-29,1,1997,1997,False,,,,no
Ernie,George,Sydney,,,180,1887-10-17,1,1911,1911,False,,,,no
Arthur,Gerrard,Stkilda,,,,1886-04-28,1,1906,1906,False,,,,no
Len,Gibb,Richmond,,30,178,1888-10-08,1,1914,1914,False,,,,no
Harvey,Gibson,Carlton,,,177,1886-04-09,1,1906,1906,False,,,,no
Reg,Gibson,Sydney,,17,184,1912-12-10,1,1941,1941,False,,,,no
John,Gilding,Stkilda,,,178,1884-07-04,1,1907,1907,False,,,,no
Jack,Giles,Richmond,,34,179,1921-06-17,1,1943,1943,False,,,,no
Bill,Gillespie,Melbourne,,,,1887-05-14,1,1908,1908,False,,,,no
Daryl,Gilmore,Carlton,,40,183,1961-04-12,1,1983,1983,False,,,,no
Stefan,Giro,WestCoast,,48,175,1999-03-10,1,2022,2022,False,,,,no
Bob,Gislingham,Richmond,,5,178,1908-04-13,1,1933,1933,False,,,,no
Rodney,Gladman,Stkilda,,46,180,1968-02-19,1,1987,1987,False,,,,no
Bob,Gleeson,Richmond,,10,177,1931-07-17,1,1951,1951,False,,,,no
Kevin,Gleeson,Richmond,,16,183,1930-09-18,1,1953,1953,False,,,,no
Frank,Gleeson,Stkilda,,,168,1897-09-25,1,1920,1920,False,,,,no
Bill,Gliddon,Geelong,,,165,1896-08-31,1,1918,1918,False,,,,no
Bert,Glover,Geelong,,,188,1887-03-18,1,1910,1910,False,,,,no
Bruce,Godfrey,Essendon,,,177,1885-03-27,1,1912,1912,False,,,,no
Cliff,Goldstraw,Stkilda,,40,177,1916-02-24,1,1937,1937,False,,,,no
Reg,Goodes,Sydney,,11,188,1928-07-28,1,1950,1950,False,,,,no
Vic,Gordon,Carlton,,26,183,1890-11-09,1,1915,1915,False,,,,no
Ian,Gordon,Stkilda,,42,173,1933-02-11,1,1957,1957,False,,,,no
Christy,Gorman,Geelong,,,,1889-12-19,1,1910,1910,False,,,,no
Bob,Gormly,Melbourne,,48,184,1947-02-07,1,1965,1965,False,,,,no
Dick,Gorsuch,Carlton,,,,1878-11-26,1,1899,1899,False,,,,no
Keith,Goullet,NorthMelbourne,,2,169,1932-09-22,1,1955,1955,False,,,,no
Andrew,Graham,Carlton,,46,180,1963-07-18,1,1983,1983,False,,,,no
Johnny,Graham,Essendon,,,175,1875-05-05,1,1897,1897,False,,,,no
George,Graham,Hawthorn,,17,183,1903-07-12,1,1927,1927,False,,,,no
Darren,Grant,WesternBulldogs,,48,191,1963-04-25,1,1982,1982,False,,,,no
Jack,Gravell,Stkilda,,28,178,1914-03-14,1,1943,1943,False,,,,no
Roy,Gray,Melbourne,,32,178,1892-10-31,1,1914,1914,False,,,,no
Eddie,Gray,Collingwood,,16,182,1915-01-08,1,1935,1935,False,,,,no
Gordon,Green,NorthMelbourne,,,178,1925-05-31,1,1942,1942,False,,,,no
Peter,Green,Carlton,,37,186,1974-05-03,1,1994,1994,False,,,,no
Bruce,Greenhill,WesternBulldogs,,28,192,1946-07-26,1,1969,1969,False,,,,no
Bill,Gregg,Essendon,,24,170,1914-08-25,1,1943,1943,False,,,,no
Lucca,Grego,WestCoast,West Coast,31,184,2006-08-15,1,2025,2025,False,MEDIUM_DEFENDER,nationalDraft,48,yes
Bruce,Gregory,NorthMelbourne,,,177,1915-07-10,1,1937,1937,False,,,,no
John,Grieve,Stkilda,,,,1879-10-06,1,1897,1897,False,,,,no
Dwayne,Griffin,Collingwood,,32,182,1977-02-28,1,1997,1997,False,,,,no
Des,Griffin,Sydney,,,175,1882-06-26,1,1905,1905,False,,,,no
Bill,Griffith,Richmond,,23,,1905-12-12,1,1930,1930,False,,,,no
Bill,Griffiths,Stkilda,,17,182,1896-03-24,1,1919,1919,False,,,,no
John,Gunter,Carlton,,,179,1883-08-29,1,1911,1911,False,,,,no
Daryl,Gutterson,Carlton,,47,183,1953-05-08,1,1971,1971,False,,,,no
Charlie,Guyer,Stkilda,,23,184,1909-02-17,1,1936,1936,False,,,,no
Henry,Hagenauer,Melbourne,,,180,1878-11-07,1,1898,1898,False,,,,no
Herb,Hainsworth,Carlton,,,180,1881-05-27,1,1902,1902,False,,,,no
Dick,Hall,Collingwood,,,,1872-11-20,1,1897,1897,False,,,,no
Brent,Hall,Collingwood,,40,198,1986-01-07,1,2005,2005,False,,,,no
Alex,Hall,Stkilda,,,173,1869-01-04,1,1906,1906,False,,,,no
Ken,Hall,Essendon,,47,178,1980-11-13,1,2002,2002,False,,,,no
Bert,Hall,Geelong,,,166,1880-08-24,1,1902,1902,False,,,,no
Arch,Hamilton,NorthMelbourne,,22,180,1915-11-18,1,1942,1942,False,,,,no
Alf,Hammond,Stkilda,,,175,1887-07-30,1,1911,1911,False,,,,no
Tom,Handley,Stkilda,,,,1885-12-24,1,1911,1911,False,,,,no
Eddie,Hanley,Richmond,,24,,1900-05-20,1,1921,1921,False,,,,no
Vin,Hannaford,Richmond,,,,1885-04-25,1,1908,1908,False,,,,no
Jack,Hannagan,Stkilda,,,,1885-05-16,1,1905,1905,False,,,,no
Mark,Hannebery,Essendon,,16,179,1957-10-08,1,1984,1984,False,,,,no
Fred,Hansen,Hawthorn,,10,171,1903-05-31,1,1930,1930,False,,,,no
Tom,Hanson,Carlton,,,175,1891-07-02,1,1911,1911,False,,,,no
Nick,Hanson,Stkilda,,53,190,1973-09-21,1,1993,1993,False,,,,no
Alex,Hanton,Carlton,,19,183,1922-05-25,1,1946,1946,False,,,,no
Bob,Harland,Hawthorn,,26,191,1916-03-01,1,1944,1944,False,,,,no
Cyril,Harley,WesternBulldogs,,4,170,1910-10-10,1,1930,1930,False,,,,no
Ned,Harper,Collingwood,,,175,1883-12-10,1,1910,1910,False,,,,no
Len,Harris,Carlton,,34,177,1924-08-25,1,1946,1946,False,,,,no
Eddie,Harris,Collingwood,,,,1879-06-30,1,1900,1900,False,,,,no
Jeff,Harris,Hawthorn,,19,174,1931-08-31,1,1955,1955,False,,,,no
Duncan,Harris,Hawthorn,,38,185,1941-04-27,1,1962,1962,False,,,,no
Arthur,Harrison,Carlton,,23,177,1891-05-06,1,1914,1914,False,,,,no
Stan,Harrison,Carlton,,42,184,1944-03-28,1,1965,1965,False,,,,no
Barry,Harrison,NorthMelbourne,,30,188,1935-12-21,1,1964,1964,False,,,,no
Artie,Harrison,Richmond,,,173,1893-02-08,1,1911,1911,False,,,,no
Fred,Harrison,Stkilda,,24,179,1893-02-18,1,1915,1915,False,,,,no
William,Harry,Carlton,,,,1877-11-30,1,1906,1906,False,,,,no
Ray,Harry,Carlton,,25,187,1909-08-11,1,1933,1933,False,,,,no
Ernie,Hart,Melbourne,,36,178,1912-06-04,1,1943,1943,False,,,,no
Gerry,Hartigan,Essendon,,18,,1905-01-08,1,1931,1931,False,,,,no
John,Hartree,Sydney,,35,187,1948-01-03,1,1969,1969,False,,,,no
Merv,Harvey,Collingwood,,7,183,1922-07-07,1,1943,1943,False,,,,no
Ralph,Hatch,Stkilda,,,179,1876-05-01,1,1898,1898,False,,,,no
Tom,Hawking,Sydney,,,170,1882-02-19,1,1904,1904,False,,,,no
Ced,Hay,Melbourne,,,175,1880-09-27,1,1900,1900,False,,,,no
Lewis,Hayes,Essendon,Essendon,18,199,2004-12-17,1,2025,2025,False,MEDIUM_DEFENDER,nationalDraft,25,yes
David,Hayes,Melbourne,,43,188,1949-01-23,1,1969,1969,False,,,,no
Oliver,Hayes-Brown,Richmond,Richmond,47,208,2000-04-28,1,2026,2026,True,RUCK,NA,NA,yes
Trevor,Heath,Essendon,,58,175,1952-03-02,1,1971,1971,False,,,,no
Steven,Hedley,Sydney,,60,183,1959-09-12,1,1983,1983,False,,,,no
Danny,Hegarty,Hawthorn,,21,178,1944-08-14,1,1963,1963,False,,,,no
George,Heinz,Stkilda,,,169,1891-10-08,1,1927,1927,False,,,,no
George,Hemingway,Essendon,,,178,1900-08-08,1,1918,1918,False,,,,no
Chris,Hemley,Stkilda,,33,192,1977-09-08,1,1995,1995,False,,,,no
Joe,Henke,Stkilda,,1,182,1903-06-25,1,1924,1924,False,,,,no
David,Henry,Richmond,,42,191,1956-02-03,1,1976,1976,False,,,,no
Wayne,Henwood,Melbourne,,26,191,1962-10-15,1,1992,1992,False,,,,no
Alby,Herman,Stkilda,,,164,1879-03-28,1,1905,1905,False,,,,no
Wal,Heron,Stkilda,,,173,1875-05-16,1,1899,1899,False,,,,no
Keith,Heron,Stkilda,,,175,1890-05-24,1,1909,1909,False,,,,no
Leo,Hicks,Collingwood,,32,175,1916-01-24,1,1943,1943,False,,,,no
Leon,Higgins,Hawthorn,,47,178,1968-06-27,1,1996,1996,False,,,,no
Clyde,Hill,Carlton,,9,185,1895-12-05,1,1923,1923,False,,,,no
Andrew,Hill,Collingwood,,44,191,1980-06-11,1,2001,2001,False,,,,no
Doug,Hill,Stkilda,,,177,1884-01-27,1,1908,1908,False,,,,no
Tony,Hill,WesternBulldogs,,43,188,1949-08-06,1,1968,1968,False,,,,no
Mark,Hilton,NorthMelbourne,,30,193,1979-12-27,1,2001,2001,False,,,,no
John,Hinge,Adelaide,,38,187,1986-06-06,1,2007,2007,False,,,,no
Jack,Hiscox,Sydney,,17,184,1995-03-23,1,2016,2016,False,,,,no
Graham,Hocking,Sydney,,47,180,1952-01-08,1,1971,1971,False,,,,no
Joe,Hogan,Melbourne,,13,173,1909-11-08,1,1932,1932,False,,,,no
Con,Hogan,Sydney,,,175,1881-08-18,1,1904,1904,False,,,,no
Brian,Holcombe,Carlton,,38,185,1941-07-28,1,1961,1961,False,,,,no
Alex,Holland,Melbourne,,,175,1884-04-19,1,1908,1908,False,,,,no
Billy,Holmes,Collingwood,,,175,1890-01-26,1,1911,1911,False,,,,no
Lou,Holmes,Stkilda,,,173,1892-07-07,1,1910,1910,False,,,,no
Max,Hood,Richmond,,11,191,1925-07-25,1,1949,1949,False,,,,no
Leslie,Hope,Sydney,,,168,1884-10-25,1,1904,1904,False,,,,no
Rupe,Hopkins,WesternBulldogs,,23,177,1900-04-05,1,1926,1926,False,,,,no
Trent,Hoppner,Carlton,,42,175,1979-02-19,1,1998,1998,False,,,,no
George,Horman,Geelong,,,168,1883-10-01,1,1904,1904,False,,,,no
Perc,Horner,Sydney,,,179,1913-01-08,1,1938,1938,False,,,,no
Jack,Hosking,Carlton,,28,175,1931-12-31,1,1953,1953,False,,,,no
Scott,Hosking,Geelong,,48,178,1967-03-09,1,1986,1986,False,,,,no
Phil,Hosking,Melbourne,,20,179,1894-05-04,1,1913,1913,False,,,,no
Cliff,Hough,NorthMelbourne,,,178,1913-04-27,1,1937,1937,False,,,,no
Ron,Hoy,Hawthorn,,37,169,1932-08-13,1,1955,1955,False,,,,no
Alf,Huggett,Carlton,,19,180,1892-10-24,1,1916,1916,False,,,,no
Kevin,Hughes,NorthMelbourne,,48,176,1963-01-12,1,1988,1988,False,,,,no
David,Hume,Sydney,,31,178,1898-05-27,1,1925,1925,False,,,,no
Jeremy,Humm,Richmond,,42,182,1983-01-05,1,2006,2006,False,,,,no
Tony,Hunt,Richmond,,23,183,1952-05-10,1,1972,1972,False,,,,no
George,Hunter,Stkilda,,,,1874-02-01,1,1898,1898,False,,,,no
Kevin,Huppatz,Collingwood,,38,178,1945-03-31,1,1965,1965,False,,,,no
Alf,Hurley,Stkilda,,,161,1913-05-15,1,1942,1942,False,,,,no
Tom,Hutchesson,GWS,,20,177,1995-04-04,1,2020,2020,False,,,,no
Bret,Hutchinson,Melbourne,,42,178,1964-03-06,1,1985,1985,False,,,,no
Robert,Hyde,Essendon,,19,183,1954-11-01,1,1979,1979,False,,,,no
Sandy,Hyslop,Collingwood,,47,185,1964-05-30,1,1986,1986,False,,,,no
Jack,Indian,Stkilda,,,179,1926-06-08,1,1944,1944,False,,,,no
Nathan,Irvin,Sydney,,36,189,1973-01-31,1,1993,1993,False,,,,no
Dick,Ivey,NorthMelbourne,,40,185,1947-06-15,1,1969,1969,False,,,,no
David,Jacks,Richmond,,34,185,1948-05-24,1,1967,1967,False,,,,no
Tom,Jackson,Melbourne,,,178,1881-07-03,1,1903,1903,False,,,,no
Henry,Jackson,Stkilda,,,,1877-12-20,1,1900,1900,False,,,,no
Aaron,James,WesternBulldogs,,26,194,1976-10-31,1,2002,2002,False,,,,no
Mal,James,Essendon,,31,,1905-08-21,1,1927,1927,False,,,,no
Billy,James,Richmond,,11,165,1900-05-10,1,1920,1920,False,,,,no
Les,Jamieson,Stkilda,,,178,1886-10-19,1,1910,1910,False,,,,no
Ben,Jarvis,Geelong,,10,189,2000-07-27,1,2020,2020,False,,,,no
Johnny,Jennings,Stkilda,,24,171,1911-11-21,1,1936,1936,False,,,,no
Ben,Jepson,Goldcoast,Gold Coast,44,184,2001-10-10,1,2025,2025,False,MIDFIELDER,NA,NA,yes
Nick,Jewell,Richmond,,39,194,1977-08-27,1,1997,1997,False,,,,no
Tew,Jiath,Collingwood,Collingwood,19,188,2005-03-02,1,2024,2024,False,MEDIUM_DEFENDER,nationalDraft,37,yes
Rex,Job,Carlton,,13,180,1910-08-09,1,1931,1931,False,,,,no
Jack,Jobson,Hawthorn,,,178,1899-07-30,1,1926,1926,False,,,,no
Gareth,John,NorthMelbourne,,16,200,1972-01-17,1,1994,1994,False,,,,no
Hughie,Johns,Essendon,,,173,1867-03-27,1,1900,1900,False,,,,no
Herb,Johnson,Collingwood,,,174,1879-11-02,1,1897,1897,False,,,,no
Paul,Johnson,Hawthorn,,50,199,1984-06-26,1,2011,2011,False,,,,no
Will,Johnson,Stkilda,,38,191,1989-10-26,1,2011,2011,False,,,,no
Edmund,Johnson,Sydney,,,,1883-03-09,1,1904,1904,False,,,,no
Wal,Johnson,WesternBulldogs,,8,173,1913-10-23,1,1936,1936,False,,,,no
Alex,Johnston,Richmond,,,169,1881-12-07,1,1908,1908,False,,,,no
George,Johnston,Carlton,,,174,1877-02-12,1,1897,1897,False,,,,no
Walter,Johnston,Richmond,,,,1884-01-17,1,1908,1908,False,,,,no
Tom,Jok,Essendon,,46,190,1997-01-01,1,2019,2019,False,,,,no
Jimmy,Jones,Essendon,,,177,1889-04-20,1,1911,1911,False,,,,no
Teddy,Jones,Geelong,,21,171,1910-03-06,1,1930,1930,False,,,,no
Garmah,Jones,NorthMelbourne,,24,178,1915-02-21,1,1936,1936,False,,,,no
Trevor,Jones,NorthMelbourne,,27,183,1918-05-03,1,1940,1940,False,,,,no
Lewis,Jones,Stkilda,,,168,1883-12-20,1,1904,1904,False,,,,no
Graham,Jones,Sydney,,24,191,1960-10-25,1,1986,1986,False,,,,no
Herb,Joolen,Sydney,,28,178,1890-08-27,1,1914,1914,False,,,,no
Norm,Jordan,Melbourne,,24,180,1888-08-30,1,1913,1913,False,,,,no
Bill,Jory,NorthMelbourne,,10,173,1919-04-26,1,1938,1938,False,,,,no
Ken,Jungwirth,Carlton,,47,183,1946-08-03,1,1967,1967,False,,,,no
George,Kanngieser,Collingwood,,16,180,1912-02-27,1,1935,1935,False,,,,no
Bert,Kay,Stkilda,,,174,1877-05-14,1,1898,1898,False,,,,no
Charlie,Kay,Stkilda,,,182,1884-03-02,1,1905,1905,False,,,,no
Jack,Keane,WesternBulldogs,,35,185,1911-05-07,1,1935,1935,False,,,,no
Jack,Keddie,Essendon,,27,173,1922-02-12,1,1941,1941,False,,,,no
Carl,Keller,Carlton,,,168,1893-07-09,1,1925,1925,False,,,,no
Graham,Kemp,Carlton,,9,,1895-05-01,1,1922,1922,False,,,,no
Jim,Kennedy,NorthMelbourne,,3,183,1908-12-30,1,1931,1931,False,,,,no
Andy,Kennedy,Melbourne,,,177,1883-11-26,1,1908,1908,False,,,,no
Tom,Kennedy,Carlton,,31,169,1906-07-07,1,1927,1927,False,,,,no
Bill,Kennedy,Stkilda,,,,1882-07-25,1,1902,1902,False,,,,no
Herb,Kennedy,Stkilda,,,,1877-02-21,1,1899,1899,False,,,,no
Paul,Kennelly,Sydney,,28,180,1947-02-27,1,1967,1967,False,,,,no
Fred,Kennett,Sydney,,,168,1908-04-17,1,1928,1928,False,,,,no
Jack,Kenny,NorthMelbourne,,,177,1915-05-27,1,1940,1940,False,,,,no
Cyril,Kent,Collingwood,,29,177,1907-08-28,1,1928,1928,False,,,,no
Peter,Kerr,Sydney,,45,180,1954-03-26,1,1972,1972,False,,,,no
Alf,Key,Carlton,,6,175,1897-11-14,1,1920,1920,False,,,,no
Peter,Kiel,Melbourne,,29,175,1958-10-02,1,1987,1987,False,,,,no
Arthur,Kight,Richmond,,15,173,1901-10-13,1,1923,1923,False,,,,no
Joe,Kiker,Richmond,,,183,1889-05-16,1,1909,1909,False,,,,no
Sean,King,WestCoast,,34,181,1964-06-28,1,1987,1987,False,,,,no
Tommy,Kinman,Carlton,,,,1875-07-13,1,1898,1898,False,,,,no
Kayle,Kirby,Collingwood,,27,182,1998-10-26,1,2017,2017,False,,,,no
Jim,Kirby,NorthMelbourne,,,169,1922-12-21,1,1946,1946,False,,,,no
Arthur,Kirk,Melbourne,,,168,1878-01-05,1,1897,1897,False,,,,no
Edmund,Kirwin,Stkilda,,,,1876-03-31,1,1898,1898,False,,,,no
Les,Kittle,Essendon,,23,171,1894-02-26,1,1924,1924,False,,,,no
Harry,Knell,Collingwood,,,183,1880-11-10,1,1901,1901,False,,,,no
Russell,Koehler,Geelong,,32,196,1959-01-09,1,1978,1978,False,,,,no
Hilton,Kotzur,Sydney,,37,188,1964-01-20,1,1985,1985,False,,,,no
Park,Krygger,WesternBulldogs,,24,,1898-05-29,1,1926,1926,False,,,,no
Ken,Kupsch,Stkilda,,44,175,1938-10-28,1,1959,1959,False,,,,no
Matthew,Laidlaw,Sydney,,22,186,1987-02-09,1,2007,2007,False,,,,no
Clayton,Lamb,Adelaide,,6,185,1964-07-01,1,1991,1991,False,,,,no
Tom,Lamb,WestCoast,,28,193,1996-10-19,1,2015,2015,False,,,,no
Tommy,Lamprell,Stkilda,,,,1887-06-08,1,1910,1910,False,,,,no
Kevin,Landrigan,Hawthorn,,26,169,1917-01-18,1,1940,1940,False,,,,no
Gordon,Landy,Melbourne,,,173,1900-01-13,1,1919,1919,False,,,,no
Charles,Langtree,Collingwood,,,182,1883-04-23,1,1900,1900,False,,,,no
Jim,Lavelle,Essendon,,,177,1896-01-18,1,1918,1918,False,,,,no
Bill,Laver,Carlton,,,,1888-08-21,1,1908,1908,False,,,,no
Harry,Lees,Collingwood,,,,1890-04-28,1,1908,1908,False,,,,no
Dave,Leng,Hawthorn,,12,188,1946-04-02,1,1967,1967,False,,,,no
Fred,Lester,Hawthorn,,33,173,1902-02-26,1,1928,1928,False,,,,no
Rod,Lewis,NorthMelbourne,,26,194,1960-06-16,1,1985,1985,False,,,,no
Vin,Lidgerwood,Geelong,,32,183,1916-07-22,1,1944,1944,False,,,,no
Bill,Lieschke,Essendon,,41,177,1944-11-17,1,1962,1962,False,,,,no
Gordon,Lindsay,Melbourne,,13,179,1911-05-01,1,1931,1931,False,,,,no
Christian,Lister,Stkilda,,57,184,1968-07-14,1,1990,1990,False,,,,no
Matthew,Little,Hawthorn,,28,188,1986-01-03,1,2007,2007,False,,,,no
Harry,Lloyd,Collingwood,,15,170,1899-07-09,1,1921,1921,False,,,,no
David,Loats,Geelong,,19,200,1981-02-13,1,2004,2004,False,,,,no
Marc,Lock,Goldcoast,,1,192,1991-06-21,1,2011,2011,False,,,,no
Jim,Logan,Hawthorn,,28,166,1911-04-12,1,1942,1942,False,,,,no
Hollington,London,Melbourne,,21,179,1904-06-30,1,1928,1928,False,,,,no
Bill,Lonergan,Essendon,,,174,1884-07-04,1,1907,1907,False,,,,no
Alastair,Lord,Essendon,,28,181,2003-11-26,1,2022,2022,False,,,,no
Herb,Louch,Stkilda,,,173,1875-01-04,1,1898,1898,False,,,,no
Jack,Loughnan,Carlton,,25,183,1889-08-04,1,1912,1912,False,,,,no
Luke,Lowden,Hawthorn,,30,206,1991-02-22,1,2014,2014,False,,,,no
Herbie,Lowenthal,Carlton,,,,1876-08-12,1,1897,1897,False,,,,no
Joe,Lowrey,Sydney,,,,1879-08-03,1,1899,1899,False,,,,no
John,Lucas,Geelong,,,,1869-06-27,1,1897,1897,False,,,,no
Victor,Lucas,Stkilda,,32,177,1907-03-23,1,1930,1930,False,,,,no
Frank,Luckins,Hawthorn,,29,180,1912-04-24,1,1932,1932,False,,,,no
Gary,Lugg,Stkilda,,46,175,1958-06-05,1,1979,1979,False,,,,no
Arthur,Luke,Geelong,,17,168,1923-05-17,1,1948,1948,False,,,,no
John,Luscombe,Sydney,,23,191,1948-03-13,1,1968,1968,False,,,,no
Bill,Lynch,Richmond,,27,173,1892-02-15,1,1912,1912,False,,,,no
Jim,Lynch,Sydney,,,174,1882-10-25,1,1910,1910,False,,,,no
Walter,Lyon,Melbourne,,,174,1879-10-01,1,1897,1897,False,,,,no
Francis,Lyon,Melbourne,,4,184,1895-08-10,1,1921,1921,False,,,,no
Joe,Lyons,Hawthorn,,29,177,1914-03-21,1,1938,1938,False,,,,no
Bill,Lyte,Melbourne,,4,173,1898-08-21,1,1921,1921,False,,,,no
Duncan,MacGregor,Sydney,,48,183,1952-03-25,1,1971,1971,False,,,,no
Brett,MacKenzie,NorthMelbourne,,55,193,1968-05-31,1,1988,1988,False,,,,no
Glenn,MacMillan,Stkilda,,42,193,1969-10-18,1,1988,1988,False,,,,no
Edgar,Maddox,Stkilda,,,174,1878-05-01,1,1898,1898,False,,,,no
Tom,Magee,Melbourne,,39,183,1929-02-17,1,1954,1954,False,,,,no
Frank,Magrath,Hawthorn,,24,183,1901-05-18,1,1928,1928,False,,,,no
Jack,Main,Sydney,,,178,1876-06-22,1,1907,1907,False,,,,no
Ben,Main,Sydney,,,177,1887-05-20,1,1911,1911,False,,,,no
Peter,Maloni,Sydney,,41,175,1964-12-01,1,1983,1983,False,,,,no
Bill,Manger,Carlton,,5,185,1900-02-05,1,1926,1926,False,,,,no
Bill,Mannion,Sydney,,,177,1906-10-28,1,1928,1928,False,,,,no
Harold,Manson,Geelong,,28,179,1894-05-17,1,1921,1921,False,,,,no
Joe,Marchant,Stkilda,,,,1884-09-11,1,1904,1904,False,,,,no
Mick,Maroney,NorthMelbourne,,,178,1910-11-01,1,1935,1935,False,,,,no
Sam,Marron,Carlton,,,173,1884-02-07,1,1904,1904,False,,,,no
Willie,Marshall,Melbourne,,,177,1884-07-09,1,1905,1905,False,,,,no
Jim,Marshall,Stkilda,,,,1882-01-16,1,1904,1904,False,,,,no
Brian,Martella,Geelong,,21,184,1951-11-28,1,1971,1971,False,,,,no
Arthur,Maskell,Melbourne,,,177,1894-03-28,1,1913,1913,False,,,,no
Edgar,Masters,Essendon,,,179,1888-10-15,1,1911,1911,False,,,,no
Alby,Matheson,Essendon,,,174,1885-03-19,1,1905,1905,False,,,,no
Dean,Matthews,Stkilda,,27,188,1971-07-21,1,1995,1995,False,,,,no
Dennis,Matthews,Sydney,,45,188,1952-04-25,1,1971,1971,False,,,,no
Don,Mattson,Essendon,,44,191,1955-10-30,1,1977,1977,False,,,,no
George,May,Richmond,,,180,1891-09-07,1,1911,1911,False,,,,no
Jim,McArthur,Sydney,,,,1870-07-13,1,1898,1898,False,,,,no
Chris,McAsey,Stkilda,,42,185,1962-04-25,1,1983,1983,False,,,,no
Billy,McBean,Melbourne,,,173,1889-02-28,1,1909,1909,False,,,,no
Will,McCabe,Hawthorn,,27,197,2005-09-29,1,2026,2026,True,,,,no
Ron,McCann,Collingwood,,35,175,1913-06-25,1,1936,1936,False,,,,no
Peter,McCann,Essendon,,,,1882-06-25,1,1907,1907,False,,,,no
Pat,McCarthy,Carlton,,24,196,1992-03-11,1,2012,2012,False,,,,no
Graeme,McCartney,Richmond,,19,173,1933-05-08,1,1957,1957,False,,,,no
Bob,McCormick,Essendon,,,,1879-04-12,1,1897,1897,False,,,,no
John,McCormick,Richmond,,24,185,1899-11-24,1,1923,1923,False,,,,no
Jim,McCoy,Melbourne,,,175,1875-08-29,1,1897,1897,False,,,,no
Leo,McCulloch,Hawthorn,,10,180,1896-05-31,1,1926,1926,False,,,,no
Fen,McDonald,Melbourne,,13,175,1891-05-25,1,1913,1913,False,,,,no
Harold,McDonald,Carlton,,12,183,1922-06-27,1,1944,1944,False,,,,no
Lachie,McDonald,Collingwood,,41,188,1956-11-03,1,1976,1976,False,,,,no
Jim,McDonald,Melbourne,,,175,1913-06-15,1,1942,1942,False,,,,no
Arch,McDonald,Essendon,,,177,1882-12-25,1,1905,1905,False,,,,no
Edwin,McDonald,Essendon,,,178,1875-09-29,1,1905,1905,False,,,,no
Alec,McDonald,Melbourne,,,185,1882-08-30,1,1906,1906,False,,,,no
George,McDonald,Stkilda,,23,171,1893-02-22,1,1914,1914,False,,,,no
Darcy,McDougall,Collingwood,,,177,1886-04-16,1,1904,1904,False,,,,no
Bertie,McDougall,Collingwood,,,180,1890-01-17,1,1910,1910,False,,,,no
Frank,McDowell,WesternBulldogs,,19,187,1934-03-19,1,1955,1955,False,,,,no
Rob,McEwen,NorthMelbourne,,,178,1926-10-23,1,1947,1947,False,,,,no
Jim,McFarlane,Carlton,,,174,1876-09-15,1,1902,1902,False,,,,no
Barney,McGarry,Stkilda,,,,1881-08-05,1,1905,1905,False,,,,no
Alan,McGill,WesternBulldogs,,46,175,1939-04-09,1,1959,1959,False,,,,no
Mal,McGillivray,Essendon,,34,185,1929-08-28,1,1950,1950,False,,,,no
Alan,McGowan,Collingwood,,4,183,1926-08-07,1,1951,1951,False,,,,no
Shane,McGrath,Hawthorn,,52,191,1964-03-04,1,1984,1984,False,,,,no
Paddy,McGuinness,Stkilda,,,171,1878-04-26,1,1901,1901,False,,,,no
Allan,McHardy,Essendon,,36,182,1914-11-28,1,1935,1935,False,,,,no
John,McInnes,Geelong,,,,1884-09-03,1,1905,1905,False,,,,no
Keith,McIntosh,Essendon,,29,164,1928-09-06,1,1951,1951,False,,,,no
Tim,McIntyre,Adelaide,,49,176,1989-04-09,1,2012,2012,False,,,,no
Jim,McKean,Collingwood,,,,1884-08-02,1,1903,1903,False,,,,no
Ollie,McKelson,Sydney,,,177,1881-08-13,1,1903,1903,False,,,,no
Wal,McKenzie,Carlton,,,178,1879-02-18,1,1902,1902,False,,,,no
Ron,McKenzie,Melbourne,,43,180,1930-11-29,1,1953,1953,False,,,,no
Bill,McKeone,Melbourne,,,177,1889-02-18,1,1911,1911,False,,,,no
Bert,McKnight,Collingwood,,,173,1883-12-01,1,1909,1909,False,,,,no
Peter,McLaren,Collingwood,,26,178,1923-03-17,1,1945,1945,False,,,,no
Michael,McLean,Brisbane,,19,180,1965-03-03,1,1997,1997,False,,,,no
Jim,McLear,Essendon,,,191,1896-12-21,1,1919,1919,False,,,,no
Maurie,McLeish,Stkilda,,,178,1899-06-05,1,1920,1920,False,,,,no
Gus,McLennan,Geelong,,17,160,1897-08-29,1,1917,1917,False,,,,no
Kevin,McLeod,WesternBulldogs,,47,183,1949-06-28,1,1968,1968,False,,,,no
Peter,McMurrich,Geelong,,,,1886-05-12,1,1904,1904,False,,,,no
Henry,McNamara,Stkilda,,,,1884-01-23,1,1911,1911,False,,,,no
Keith,McNaughton,Sydney,,17,177,1921-08-20,1,1940,1940,False,,,,no
George,McNeilage,Melbourne,,,173,1890-08-03,1,1909,1909,False,,,,no
Pat,McNulty,Carlton,,,,1872-02-25,1,1902,1902,False,,,,no
Andy,McPartland,Essendon,,13,173,1915-11-25,1,1941,1941,False,,,,no
Harry,McPherson,Stkilda,,31,180,1902-10-18,1,1928,1928,False,,,,no
Frank,McPherson,Stkilda,,29,,1896-02-27,1,1918,1918,False,,,,no
Max,McQueen,Hawthorn,,15,179,1915-01-16,1,1937,1937,False,,,,no
Godfrey,McRae,Hawthorn,,10,182,1906-07-17,1,1927,1927,False,,,,no
Artie,McSpeerin,Melbourne,,,174,1880-02-26,1,1903,1903,False,,,,no
Bill,McTaggart,Sydney,,15,178,1921-02-23,1,1947,1947,False,,,,no
Kevin,Meddings,WesternBulldogs,,33,183,1941-10-12,1,1962,1962,False,,,,no
Dave,Meehan,NorthMelbourne,,1,196,1940-04-18,1,1961,1961,False,,,,no
Lindsay,Meeking,NorthMelbourne,,25,184,1903-01-12,1,1925,1925,False,,,,no
Reg,Meese,Collingwood,,24,183,1927-07-17,1,1948,1948,False,,,,no
Warren,Mercer,NorthMelbourne,,28,174,1941-12-15,1,1959,1959,False,,,,no
Barry,Metcalfe,Hawthorn,,18,175,1935-09-28,1,1957,1957,False,,,,no
Carter,Michael,Brisbane,,39,188,2002-05-22,1,2022,2022,False,,,,no
Robert,Michael,Collingwood,,,184,1879-06-13,1,1906,1906,False,,,,no
Graham,Middleton,Essendon,,53,189,1950-12-22,1,1973,1973,False,,,,no
Arthur,Middleton,Stkilda,,,,1876-06-07,1,1897,1897,False,,,,no
Paul,Mifka,WestCoast,,37,186,1965-06-08,1,1987,1987,False,,,,no
Arthur,Miles,Stkilda,,,173,1888-02-19,1,1907,1907,False,,,,no
Alby,Millard,Hawthorn,,,170,1906-06-14,1,1926,1926,False,,,,no
Gil,Miller,Sydney,,,182,1903-08-17,1,1924,1924,False,,,,no
Bobby,Mills,Carlton,,10,185,1909-08-28,1,1934,1934,False,,,,no
Wallace,Mills,Stkilda,,13,187,1915-01-07,1,1937,1937,False,,,,no
Charles,Millsom,Sydney,,,,1885-07-06,1,1908,1908,False,,,,no
Lou,Milner,Hawthorn,,35,182,1953-03-20,1,1974,1974,False,,,,no
Dan,Minogue,Hawthorn,,,180,1891-09-04,1,1926,1926,False,,,,no
Enrico,Misso,Stkilda,,50,196,1964-07-14,1,1985,1985,False,,,,no
Luke,Mitchell,Carlton,,25,198,1992-02-28,1,2012,2012,False,,,,no
Hector,Mitchell,Stkilda,,,,1887-08-19,1,1908,1908,False,,,,no
John,Mitchell,Sydney,,25,180,1891-01-31,1,1921,1921,False,,,,no
John,Molesworth,Stkilda,,,177,1878-02-16,1,1897,1897,False,,,,no
Craig,Moller,Fremantle.xlsx,,40,204,1994-08-22,1,2013,2013,False,,,,no
Tom,Moloughney,Stkilda,,28,170,1888-10-08,1,1915,1915,False,,,,no
Ron,Montgomery,NorthMelbourne,,28,188,1952-07-25,1,1972,1972,False,,,,no
Jim,Moore,Essendon,,21,175,1891-06-03,1,1913,1913,False,,,,no
Herbert,Moore,Sydney,,,178,1888-03-11,1,1909,1909,False,,,,no
Gavan,Moran,Geelong,,8,191,1936-03-04,1,1959,1959,False,,,,no
Ron,Moran,NorthMelbourne,,,184,1926-02-18,1,1946,1946,False,,,,no
Dave,Morgan,Hawthorn,,17,179,1930-09-29,1,1951,1951,False,,,,no
Alec,Morgan,Hawthorn,,22,179,1908-06-05,1,1932,1932,False,,,,no
Scott,Morphett,Geelong,,45,185,1965-03-24,1,1985,1985,False,,,,no
Mick,Morris,Essendon,,,,1882-06-04,1,1901,1901,False,,,,no
Bert,Morris,Melbourne,,,183,1889-03-16,1,1910,1910,False,,,,no
Jim,Morton,NorthMelbourne,,,,1905-10-25,1,1927,1927,False,,,,no
Hugh,Mulcahy,Richmond,,7,,1894-06-19,1,1918,1918,False,,,,no
Tom,Mullen,Geelong,,,,1868-12-25,1,1897,1897,False,,,,no
Bill,Munday,Geelong,,,179,1876-01-24,1,1902,1902,False,,,,no
Doug,Munro,Essendon,,,177,1917-02-07,1,1937,1937,False,,,,no
Gordon,Munro,Stkilda,,,191,1893-12-17,1,1920,1920,False,,,,no
Alex,Murdoch,Melbourne,,,177,1875-06-25,1,1897,1897,False,,,,no
Pat,Murphy,Stkilda,,49,169,1947-04-11,1,1966,1966,False,,,,no
Danny,Murphy,NorthMelbourne,,40,180,1960-02-08,1,1980,1980,False,,,,no
Tim,Murphy,Stkilda,,,179,1878-07-22,1,1901,1901,False,,,,no
Ron,Murray,Geelong,,49,193,1939-01-31,1,1959,1959,False,,,,no
Owen,Murtagh,Stkilda,,,179,1887-11-09,1,1909,1909,False,,,,no
Alex,Nash,Hawthorn,,20,177,1923-01-10,1,1942,1942,False,,,,no
Bill,Nash,Stkilda,,,,1882-06-22,1,1901,1901,False,,,,no
Aubrey,Neal,Melbourne,,35,,1893-07-31,1,1920,1920,False,,,,no
Les,Neal,WesternBulldogs,,33,180,1913-09-12,1,1942,1942,False,,,,no
Bob,Neate,Hawthorn,,31,170,1925-01-31,1,1946,1946,False,,,,no
Ryan,Neates,WestCoast,,19,169,1991-06-21,1,2012,2012,False,,,,no
Eric,Needham,Stkilda,,38,179,1913-06-07,1,1933,1933,False,,,,no
Bruce,Neish,WesternBulldogs,,49,188,1950-08-23,1,1972,1972,False,,,,no
Will,Newbould,Sydney,,,,1880-05-11,1,1903,1903,False,,,,no
Arthur,Newbound,Stkilda,,,,1886-03-04,1,1911,1911,False,,,,no
Daniel,Nicholls,Collingwood,,44,177,1987-03-02,1,2007,2007,False,,,,no
Ernest,Nicholls,Stkilda,,,,1884-03-31,1,1902,1902,False,,,,no
Greg,Nichols,Geelong,,31,190,1959-01-06,1,1979,1979,False,,,,no
Les,Nichols,Melbourne,,13,183,1891-08-02,1,1919,1919,False,,,,no
Jack,Nicholson,Melbourne,,,178,1892-06-24,1,1913,1913,False,,,,no
Arthur,Nickless,Sydney,,,,1879-03-18,1,1899,1899,False,,,,no
John,Nilen,Stkilda,,,177,1878-01-30,1,1910,1910,False,,,,no
Darryl,Nisbet,Stkilda,,39,183,1949-06-16,1,1970,1970,False,,,,no
Bo,Nixon,Hawthorn,,34,191,1984-07-25,1,2005,2005,False,,,,no
John,Noack,Geelong,,9,193,1944-05-16,1,1967,1967,False,,,,no
Jimmy,Nolan,Melbourne,,,179,1893-08-11,1,1911,1911,False,,,,no
Jack,Norris,NorthMelbourne,,,180,1923-03-20,1,1946,1946,False,,,,no
Bert,Numa,Essendon,,,171,1883-07-14,1,1906,1906,False,,,,no
Michael,Nunan,Richmond,,23,165,1949-04-12,1,1971,1971,False,,,,no
Alan,Nutter,Richmond,,26,173,1920-12-06,1,1943,1943,False,,,,no
Denis,OBrien,Collingwood,,32,178,1952-04-10,1,1971,1971,False,,,,no
Cameron,OBrien,Collingwood,,29,190,1966-09-28,1,1985,1985,False,,,,no
Jack,OBrien,Hawthorn,,11,185,1906-06-09,1,1931,1931,False,,,,no
Ron,OBrien,Richmond,,47,173,1942-12-06,1,1961,1961,False,,,,no
Ned,OConnor,Stkilda,,,177,1877-06-03,1,1906,1906,False,,,,no
Bill,OConnor,Sydney,,20,,1908-03-13,1,1929,1929,False,,,,no
Pat,ODonnell,Geelong,,,,1876-11-25,1,1899,1899,False,,,,no
Paul,ODonoghue,NorthMelbourne,,46,189,1954-06-02,1,1976,1976,False,,,,no
Mick,OHagan,Stkilda,,,169,1878-01-22,1,1897,1897,False,,,,no
Gerald,OHalloran,Carlton,,19,178,1902-05-13,1,1925,1925,False,,,,no
John,OHalloran,Hawthorn,,12,166,1901-07-27,1,1929,1929,False,,,,no
George,OHehir,Richmond,,27,177,1891-08-20,1,1921,1921,False,,,,no
Maurice,OKeefe,Geelong,,30,183,1954-01-22,1,1980,1980,False,,,,no
Gerald,OLoughlin,Geelong,,33,175,1945-11-20,1,1968,1968,False,,,,no
Glenn,OLoughlin,WestCoast,,9,175,1959-07-04,1,1987,1987,False,,,,no
Robert,ONeill,Stkilda,,,,1883-04-03,1,1902,1902,False,,,,no
Otto,OPelt,Stkilda,,,175,1888-02-12,1,1911,1911,False,,,,no
Ern,ORegan,Carlton,,18,183,1907-01-23,1,1931,1931,False,,,,no
Michael,OSullivan,Essendon,,40,185,1962-04-05,1,1988,1988,False,,,,no
Alby,Oatway,Stkilda,,10,184,1913-09-29,1,1941,1941,False,,,,no
Bill,Ockleshaw,Stkilda,,,174,1876-12-19,1,1902,1902,False,,,,no
Alick,Ogilvie,Melbourne,,,174,1887-01-07,1,1905,1905,False,,,,no
Ricky,Olarenshaw,NorthMelbourne,,47,179,1973-02-01,1,2001,2001,False,,,,no
Charlie,Oliver,Carlton,,,173,1874-09-09,1,1900,1900,False,,,,no
George,Oliver,Melbourne,,,177,1883-06-15,1,1909,1909,False,,,,no
Grant,Oppy,Richmond,,14,178,1950-12-04,1,1970,1970,False,,,,no
Geoff,Organ,Geelong,,2,175,1918-05-01,1,1939,1939,False,,,,no
Billy,Orr,Carlton,,,177,1883-05-17,1,1903,1903,False,,,,no
Leigh,Osborne,Goldcoast,,41,182,1990-03-13,1,2013,2013,False,,,,no
Barry,Ough,Melbourne,,25,193,1957-06-30,1,1975,1975,False,,,,no
Bruce,Outtram,Collingwood,,42,182,1949-09-07,1,1970,1970,False,,,,no
George,Page,Essendon,,23,,1905-06-13,1,1926,1926,False,,,,no
Graham,Page,Sydney,,38,185,1950-12-13,1,1969,1969,False,,,,no
Brett,Page,Sydney,,50,184,1966-09-05,1,1990,1990,False,,,,no
Charles,Pagnoccolo,Melbourne,,22,178,1951-03-25,1,1974,1974,False,,,,no
Brian,Paine,Essendon,,,179,1932-02-26,1,1952,1952,False,,,,no
Rhys,Palmer,Carlton,,24,181,1989-02-13,1,2017,2017,False,,,,no
George,Palmer,Geelong,,,,1879-06-09,1,1901,1901,False,,,,no
Ian,Palmer,Sydney,,25,180,1921-04-11,1,1941,1941,False,,,,no
Vic,Papp,Essendon,,46,168,1946-05-31,1,1968,1968,False,,,,no
Billy,Pardon,Collingwood,,19,185,1903-09-25,1,1924,1924,False,,,,no
Frank,Parker,Hawthorn,,23,183,1920-09-20,1,1941,1941,False,,,,no
Ted,Parker,Melbourne,,6,177,1903-11-07,1,1925,1925,False,,,,no
Alf,Parker,Stkilda,,,175,1876-05-01,1,1898,1898,False,,,,no
George,Parker,Stkilda,,44,184,1921-01-20,1,1942,1942,False,,,,no
Ern,Parker,Sydney,,41,191,1922-03-28,1,1947,1947,False,,,,no
Brian,Parker,Sydney,,25,183,1944-10-27,1,1965,1965,False,,,,no
Roy,Parkin,Richmond,,5,179,1904-07-18,1,1926,1926,False,,,,no
Anthony,Pastore,Richmond,,25,184,1966-04-16,1,1987,1987,False,,,,no
Ron,Paternoster,Hawthorn,,22,184,1916-08-20,1,1938,1938,False,,,,no
Jimmy,Paterson,Sydney,,,,1870-02-25,1,1899,1899,False,,,,no
Alby,Patterson,Carlton,,,,1875-03-04,1,1897,1897,False,,,,no
Fred,Patterson,Sydney,,3,175,1916-01-01,1,1943,1943,False,,,,no
Bob,Pattinson,NorthMelbourne,,1,177,1933-05-14,1,1957,1957,False,,,,no
Andy,Pattison,Richmond,,14,183,1885-11-02,1,1912,1912,False,,,,no
Dennis,Payne,Melbourne,,32,194,1954-09-03,1,1974,1974,False,,,,no
John,Payne,Sydney,,40,182,1950-06-02,1,1971,1971,False,,,,no
Harry,Paynter,Collingwood,,11,185,1927-09-17,1,1950,1950,False,,,,no
Harold,Peacock,Stkilda,,34,179,1897-08-27,1,1926,1926,False,,,,no
Jim,Pender,Geelong,,1,185,1911-10-15,1,1936,1936,False,,,,no
Mick,Pender,Carlton,,,173,1868-11-17,1,1898,1898,False,,,,no
George,Pennicott,Stkilda,,32,192,1897-09-29,1,1923,1923,False,,,,no
Ern,Penrose,Melbourne,,,,1884-11-02,1,1905,1905,False,,,,no
Jack,Peris,Stkilda,,45,178,2003-12-17,1,2023,2023,False,,,,no
Reg,Peterson,Stkilda,,,182,1907-08-16,1,1933,1933,False,,,,no
Tommy,Peterson,Geelong,,,,1898-02-19,1,1918,1918,False,,,,no
Charlie,Peterson,NorthMelbourne,,36,177,1920-02-12,1,1942,1942,False,,,,no
Tom,Pettit,Sydney,,,,1885-07-24,1,1906,1906,False,,,,no
Noel,Peverill,Carlton,,24,170,1907-12-25,1,1929,1929,False,,,,no
Ethan,Phillips,Hawthorn,,37,197,1999-07-17,1,2024,2024,False,,,,no
Charles,Pickerd,Stkilda,,,,1892-01-07,1,1910,1910,False,,,,no
Bruce,Pie,Melbourne,,11,180,1902-05-18,1,1926,1926,False,,,,no
Alby,Pilcher,Melbourne,,,177,1878-08-08,1,1903,1903,False,,,,no
Brent,Piltz,Sydney,,43,190,1978-11-13,1,2001,2001,False,,,,no
Jim,Piper,Geelong,,,182,1884-04-30,1,1905,1905,False,,,,no
Stephen,Pirrie,Essendon,,29,191,1961-03-23,1,1985,1985,False,,,,no
Fred,Pitt,Sydney,,,180,1883-02-28,1,1905,1905,False,,,,no
Bradley,Plain,NorthMelbourne,,21,184,1969-09-25,1,1996,1996,False,,,,no
Frank,Plant,Collingwood,,17,182,1900-09-14,1,1922,1922,False,,,,no
Joe,Plant,Richmond,,26,183,1907-10-12,1,1925,1925,False,,,,no
Orm,Pleasents,Collingwood,,,179,1882-11-10,1,1907,1907,False,,,,no
Ron,Pocock,WesternBulldogs,,,178,1928-06-13,1,1949,1949,False,,,,no
Larry,Polinelli,Stkilda,,18,182,1891-12-19,1,1921,1921,False,,,,no
Dick,Poole,Collingwood,,,,1872-07-29,1,1897,1897,False,,,,no
Callum,Porter,WesternBulldogs,,28,182,1999-02-22,1,2020,2020,False,,,,no
Luke,Pratt,Fremantle.xlsx,,13,183,1989-10-08,1,2009,2009,False,,,,no
Alex,Prentice,Carlton,,,,1879-07-04,1,1903,1903,False,,,,no
Hughie,Price,Stkilda,,25,184,1908-07-29,1,1931,1931,False,,,,no
Ian,Price,Sydney,,38,191,1947-06-19,1,1967,1967,False,,,,no
Les,Pridham,Essendon,,6,168,1937-12-30,1,1957,1957,False,,,,no
George,Prismall,Essendon,,10,179,1915-03-10,1,1935,1935,False,,,,no
Geoffrey,Pritchard,Collingwood,,52,201,1966-12-09,1,1986,1986,False,,,,no
Alec,Proudfoot,Melbourne,,18,188,1906-09-14,1,1929,1929,False,,,,no
Frank,Quinn,Stkilda,,,180,1893-07-11,1,1920,1920,False,,,,no
Heber,Quinton,Geelong,,,163,1883-11-02,1,1900,1900,False,,,,no
Andrew,Radchenko,Essendon,,55,180,1955-05-03,1,1975,1975,False,,,,no
Harrison,Ramm,PortAdelaide,Port Adelaide,48,202,2006-12-05,1,2025,2025,False,KEY_DEFENDER,other,3,yes
Ian,Randle,Sydney,,47,187,1942-07-12,1,1964,1964,False,,,,no
Leo,Rankin,Melbourne,,,178,1879-10-08,1,1899,1899,False,,,,no
Victor,Rapp,Carlton,,,,1881-04-27,1,1899,1899,False,,,,no
Charles,Rauber,Carlton,,,,1890-09-20,1,1912,1912,False,,,,no
Loch,Rawlinson,WestCoast,,36,177,2005-06-01,1,2024,2024,False,,,,no
Chester,Read,Stkilda,,11,183,1929-02-19,1,1953,1953,False,,,,no
Max,Reed,Stkilda,,50,171,1942-05-28,1,1963,1963,False,,,,no
Fred,Rees,Sydney,,9,187,1943-05-26,1,1963,1963,False,,,,no
Eddie,Regan,Essendon,,,177,1909-09-11,1,1931,1931,False,,,,no
Paul,Reinmuth,Hawthorn,,22,184,1954-03-27,1,1974,1974,False,,,,no
Ken,Reynolds,Sydney,,34,,1909-02-20,1,1931,1931,False,,,,no
Ron,Rhodes,Carlton,,36,183,1932-11-17,1,1954,1954,False,,,,no
Hurtle,Rice,Essendon,,,178,1884-07-07,1,1909,1909,False,,,,no
Chris,Richards,Sydney,,,,1882-07-14,1,1903,1903,False,,,,no
Stephen,Richardson,Essendon,,38,180,1959-03-16,1,1983,1983,False,,,,no
Merv,Richardson,Geelong,,36,184,1929-05-17,1,1952,1952,False,,,,no
Howard,Richardson,Melbourne,,25,175,1894-10-29,1,1919,1919,False,,,,no
Jack,Richardson,Melbourne,,14,183,1906-12-06,1,1932,1932,False,,,,no
Rodger,Richardson,Richmond,,48,188,1943-06-12,1,1964,1964,False,,,,no
Bert,Richardson,Stkilda,,,174,1887-01-03,1,1909,1909,False,,,,no
Ted,Riches,Geelong,,29,187,1907-03-10,1,1930,1930,False,,,,no
Wal,Riddington,Melbourne,,5,183,1893-10-01,1,1914,1914,False,,,,no
Harold,Riggall,Melbourne,,,171,1882-01-24,1,1900,1900,False,,,,no
Jeff,Riley,Stkilda,,,169,1880-01-16,1,1909,1909,False,,,,no
John,Riley,WesternBulldogs,,26,178,1958-04-23,1,1984,1984,False,,,,no
Ray,Ritchie,Carlton,,,,1889-01-12,1,1909,1909,False,,,,no
Danny,Roach,Collingwood,,30,191,1982-01-06,1,2001,2001,False,,,,no
Joe,Roach,Geelong,,7,,1903-04-16,1,1928,1928,False,,,,no
Bill,Roach,Richmond,,32,175,1925-11-03,1,1946,1946,False,,,,no
Jimmy,Roberts,Geelong,,,,1883-04-16,1,1904,1904,False,,,,no
Herbert,Roberts,Melbourne,,21,170,1890-12-04,1,1914,1914,False,,,,no
Len,Roberts,Stkilda,,,,1880-07-04,1,1906,1906,False,,,,no
Clarrie,Roberts,Stkilda,,19,163,1888-11-04,1,1914,1914,False,,,,no
Bill,Robertson,Geelong,,,170,1879-03-31,1,1898,1898,False,,,,no
Dick,Robertson,Stkilda,,,168,1877-05-24,1,1899,1899,False,,,,no
Frank,Robertson,Stkilda,,,171,1882-04-25,1,1905,1905,False,,,,no
Jimmy,Robinson,Carlton,,,,1881-11-15,1,1901,1901,False,,,,no
Arch,Robinson,Richmond,,,177,1890-07-09,1,1911,1911,False,,,,no
Gordon,Robinson,Stkilda,,,,1888-04-12,1,1911,1911,False,,,,no
Lloyd,Robinson,WesternBulldogs,,6,179,1918-05-10,1,1940,1940,False,,,,no
Steven,Rode,Hawthorn,,39,201,1980-04-06,1,2000,2000,False,,,,no
Wal,Rogers,Richmond,,27,178,1889-05-10,1,1914,1914,False,,,,no
Noel,Rohleder,Sydney,,,173,1933-12-18,1,1950,1950,False,,,,no
Ray,Ross,Stkilda,,5,173,1903-04-20,1,1929,1929,False,,,,no
George,Ross,Richmond,,24,170,1901-05-02,1,1923,1923,False,,,,no
Bradley,Ross,Richmond,,56,178,1963-05-02,1,1983,1983,False,,,,no
Gordon,Ross-Soden,Essendon,,,177,1888-05-31,1,1906,1906,False,,,,no
Des,Rowan,NorthMelbourne,,,178,1914-05-08,1,1935,1935,False,,,,no
Sam,Rowe,Stkilda,,47,199,1987-11-19,1,2019,2019,False,,,,no
Charles,Rowe,Stkilda,,,,1882-06-14,1,1905,1905,False,,,,no
Bobby,Russell,Stkilda,,,178,1893-07-02,1,1919,1919,False,,,,no
Ron,Rutherford,Melbourne,,33,171,1906-06-15,1,1932,1932,False,,,,no
Brandon,Ryan,Brisbane,,24,200,1997-11-07,1,2024,2024,False,,,,no
Pat,Ryan,Carlton,,,182,1886-09-04,1,1913,1913,False,,,,no
Kevin,Ryan,Carlton,,39,184,1937-04-09,1,1958,1958,False,,,,no
Mick,Ryan,Sydney,,24,174,1897-07-18,1,1918,1918,False,,,,no
Jakob,Ryan,Collingwood,Collingwood,24,189,2004-09-20,1,2023,2023,False,MEDIUM_DEFENDER,nationalDraft,28,yes
Peter,Ryan,Hawthorn,,44,178,1948-01-29,1,1967,1967,False,,,,no
Jim,Ryan,Melbourne,,,171,1918-08-29,1,1944,1944,False,,,,no
Kerry,Ryan,Melbourne,,36,177,1947-02-14,1,1966,1966,False,,,,no
Fred,Ryder,Sydney,,16,177,1902-03-07,1,1926,1926,False,,,,no
Leigh,Ryswyk,Brisbane,,32,180,1985-01-16,1,2005,2005,False,,,,no
Tom,Sadlier,Melbourne,,,175,1890-02-21,1,1910,1910,False,,,,no
Ray,Saltmarsh,Collingwood,,42,185,1952-10-18,1,1975,1975,False,,,,no
Ray,Sampson,Melbourne,,46,184,1949-11-12,1,1969,1969,False,,,,no
Jack,Sanders,NorthMelbourne,,,,1904-08-08,1,1926,1926,False,,,,no
Frank,Sanguinetti,Richmond,,,,1886-05-05,1,1908,1908,False,,,,no
Jack,Saunders,Hawthorn,,43,180,2002-02-11,1,2022,2022,False,,,,no
George,Saxbee,Geelong,,,,1881-08-05,1,1901,1901,False,,,,no
Kevin,Scanlan,WesternBulldogs,,,180,1909-09-29,1,1931,1931,False,,,,no
Carl,Schaefer,Stkilda,,,173,1894-02-16,1,1920,1920,False,,,,no
Bruce,Scharp,Hawthorn,,27,175,1905-05-24,1,1933,1933,False,,,,no
Keith,Schow,Collingwood,,10,180,1930-12-03,1,1952,1952,False,,,,no
Sam,Schulz,GWS,,45,183,1992-09-19,1,2012,2012,False,,,,no
Angus,Schumacher,Carlton,,19,192,1999-03-16,1,2019,2019,False,,,,no
Charlie,Schunke,Carlton,,,168,1879-03-21,1,1901,1901,False,,,,no
David,Scott,Geelong,,34,180,1955-02-06,1,1975,1975,False,,,,no
Malcolm,Scott,Sydney,,33,188,1958-04-11,1,1985,1985,False,,,,no
Tim,Scott,Sydney,,37,174,1971-12-12,1,1995,1995,False,,,,no
Dan,Scullion,Stkilda,,,188,1886-06-03,1,1904,1904,False,,,,no
Jimmy,Seaton,Collingwood,,22,173,1891-05-25,1,1912,1912,False,,,,no
Bill,Seedsman,Collingwood,,35,183,1914-09-18,1,1942,1942,False,,,,no
Wally,Seitz,Richmond,,35,191,1927-07-14,1,1949,1949,False,,,,no
Tom,Sevior,Essendon,,,178,1887-10-26,1,1908,1908,False,,,,no
Norm,Sexton,WesternBulldogs,,19,174,1903-02-12,1,1931,1931,False,,,,no
Luke,Shackleton,Collingwood,,31,179,1984-11-17,1,2004,2004,False,,,,no
Jack,Sharkey,Geelong,,,,1874-01-24,1,1897,1897,False,,,,no
Brian,Sharp,Geelong,,50,189,1939-12-21,1,1959,1959,False,,,,no
Lew,Sharpe,Essendon,,22,188,1906-07-14,1,1934,1934,False,,,,no
Billy,Shaw,Melbourne,,,,1872-11-03,1,1901,1901,False,,,,no
Eddie,Shaw,Melbourne,,34,175,1903-07-10,1,1927,1927,False,,,,no
Gerald,Sheahan,Melbourne,,,,1872-12-28,1,1897,1897,False,,,,no
Jimmy,Sheehan,Stkilda,,,174,1884-04-03,1,1904,1904,False,,,,no
Tom,Shelley,Geelong,,,175,1876-11-12,1,1902,1902,False,,,,no
Ben,Sheppard,Richmond,,,174,1890-06-23,1,1912,1912,False,,,,no
Jack,Sheridan,Geelong,,,,1898-09-18,1,1918,1918,False,,,,no
Joe,Shippen,Essendon,,,,1876-01-06,1,1903,1903,False,,,,no
Casey,Sibosado,Fremantle.xlsx,,39,192,1990-10-13,1,2011,2011,False,,,,no
Arthur,Sinclair,Melbourne,,,174,1880-03-23,1,1899,1899,False,,,,no
Ted,Sivies,Sydney,,,,1902-06-17,1,1924,1924,False,,,,no
Greg,Sizer,Melbourne,,57,183,1965-08-13,1,1986,1986,False,,,,no
Rodney,Slate,Stkilda,,9,179,1930-06-10,1,1952,1952,False,,,,no
Tyson,Slattery,Essendon,,36,189,1990-12-03,1,2010,2010,False,,,,no
Lance,Sleeman,Melbourne,,,171,1885-03-21,1,1906,1906,False,,,,no
Tom,Sleightholm,NorthMelbourne,,22,178,1916-06-14,1,1934,1934,False,,,,no
Lindsay,Smail,Essendon,,9,,1910-09-15,1,1930,1930,False,,,,no
Sam,Smart,Carlton,,25,200,1975-05-02,1,1997,1997,False,,,,no
Jeremy,Smith,Carlton,,41,182,1973-10-31,1,1993,1993,False,,,,no
Fred,Smith,Collingwood,,48,196,1941-08-30,1,1961,1961,False,,,,no
Bradley,Smith,Collingwood,,15,198,1977-07-07,1,2000,2000,False,,,,no
Dave,Smith,Richmond,,,183,1884-09-14,1,1914,1914,False,,,,no
Jason,Smith,Richmond,,50,185,1972-08-13,1,1991,1991,False,,,,no
Alf,Smith,Stkilda,,,,1867-04-20,1,1898,1898,False,,,,no
Ted,Smith,Stkilda,,,174,1887-05-28,1,1910,1910,False,,,,no
Malcolm,Smith,Stkilda,,55,185,1959-05-25,1,1982,1982,False,,,,no
Lachlan,Smith,WesternBulldogs,Western Bulldogs,40,203,2005-10-05,1,2026,2026,True,RUCK,NA,NA,yes
Archie,Snell,Essendon,,,170,1877-07-30,1,1908,1908,False,,,,no
John,Somer,Collingwood,,,174,1891-04-22,1,1911,1911,False,,,,no
Tom,Soutar,Stkilda,,,177,1893-03-16,1,1911,1911,False,,,,no
Scott,Spalding,Carlton,,8,184,1968-09-02,1,1993,1993,False,,,,no
George,St John,Melbourne,,,,1878-04-14,1,1911,1911,False,,,,no
Emery,Staines,Stkilda,,,164,1874-07-27,1,1897,1897,False,,,,no
Fred,Stammers,Richmond,,15,180,1918-12-25,1,1943,1943,False,,,,no
Bob,Standfield,Carlton,,20,183,1915-09-30,1,1942,1942,False,,,,no
Brian,Stanislaus,Sydney,,8,178,1971-07-30,1,1991,1991,False,,,,no
Robert,Stanlake,Geelong,,,168,1883-03-17,1,1900,1900,False,,,,no
Warren,Stanlake,WesternBulldogs,,26,189,1958-09-03,1,1981,1981,False,,,,no
Harold,Stanley,Melbourne,,,178,1883-08-04,1,1906,1906,False,,,,no
Horrie,Stanway,Richmond,,22,175,1908-11-11,1,1932,1932,False,,,,no
Jim,Stanworth,Sydney,,,,1871-07-20,1,1902,1902,False,,,,no
Paul,Starbuck,Sydney,,36,185,1967-04-16,1,1990,1990,False,,,,no
Justin,Staritski,Collingwood,,27,181,1970-07-10,1,1994,1994,False,,,,no
David,Stark,Stkilda,,,,1879-09-15,1,1904,1904,False,,,,no
Les,Starr,Carlton,,,185,1893-01-17,1,1913,1913,False,,,,no
Frank,Steane,NorthMelbourne,,,164,1925-02-22,1,1946,1946,False,,,,no
Jack,Stenhouse,Hawthorn,,28,185,1911-11-20,1,1936,1936,False,,,,no
John,Stephenson,Carlton,,9,184,1937-05-14,1,1958,1958,False,,,,no
Norm,Stephenson,Melbourne,,,180,1879-05-01,1,1906,1906,False,,,,no
Robert,Steven,Geelong,,52,175,1957-05-01,1,1977,1977,False,,,,no
Horrie,Stevens,NorthMelbourne,,24,175,1912-10-20,1,1934,1934,False,,,,no
Steve,Stevens,Stkilda,,21,,1903-02-05,1,1920,1920,False,,,,no
Horrie,Stewart,Essendon,,,175,1871-05-29,1,1898,1898,False,,,,no
Harold,Stewart,Stkilda,,,171,1876-04-26,1,1900,1900,False,,,,no
Hamilton,Stokesbury,Richmond,,,167,1896-03-30,1,1915,1915,False,,,,no
Billy,Stone,Carlton,,31,173,1901-05-06,1,1925,1925,False,,,,no
Albert,Strange,Stkilda,,22,,1905-06-14,1,1926,1926,False,,,,no
Bill,Strickland,Carlton,,,178,1882-05-27,1,1900,1900,False,,,,no
Dave,Strickland,Stkilda,,,179,1877-12-04,1,1900,1900,False,,,,no
George,Styles,NorthMelbourne,,18,168,1904-01-23,1,1928,1928,False,,,,no
Charles,Suhr,Stkilda,,,178,1885-07-09,1,1911,1911,False,,,,no
Paul,Sullivan,Hawthorn,,13,187,1937-10-01,1,1959,1959,False,,,,no
Byron,Sumner,Sydney,,22,176,1991-10-31,1,2011,2011,False,,,,no
Jim,Sutherland,Sydney,,22,179,1900-05-10,1,1924,1924,False,,,,no
John,Sutherland,WesternBulldogs,,19,175,1904-08-03,1,1925,1925,False,,,,no
Jack,Suttie,Stkilda,,40,193,1934-10-02,1,1955,1955,False,,,,no
Justin,Sweeney,Stkilda,,37,186,1987-12-25,1,2007,2007,False,,,,no
Derek,Symonds,Melbourne,,35,175,1918-10-11,1,1939,1939,False,,,,no
Graeme,Taggart,NorthMelbourne,,38,163,1941-02-16,1,1960,1960,False,,,,no
Michael,Talia,Sydney,,32,194,1993-02-11,1,2016,2016,False,,,,no
Gerald,Tanner,Richmond,,28,175,1921-08-24,1,1941,1941,False,,,,no
Howard,Tarpey,Sydney,,49,187,1958-03-30,1,1979,1979,False,,,,no
Will,Taylor,Hawthorn,,3,180,1911-07-01,1,1938,1938,False,,,,no
Noel,Taylor,Hawthorn,,14,188,1943-03-17,1,1965,1965,False,,,,no
Peter,Taylor,NorthMelbourne,,47,189,1954-08-25,1,1974,1974,False,,,,no
George,Taylor,Sydney,,,,1876-09-16,1,1898,1898,False,,,,no
Andrew,Taylor,WesternBulldogs,,53,187,1965-07-02,1,1983,1983,False,,,,no
Scott,Taylor,WesternBulldogs,,33,180,1976-10-22,1,1996,1996,False,,,,no
Dick,Telford,Collingwood,,34,175,1945-04-02,1,1966,1966,False,,,,no
Don,Templeton,Sydney,,9,,1901-08-15,1,1922,1922,False,,,,no
Ed,Terry,Stkilda,,20,,1904-07-04,1,1929,1929,False,,,,no
Laurie,Tetley,Sydney,,16,179,1921-09-03,1,1942,1942,False,,,,no
Enos,Thomas,Essendon,,,191,1892-04-28,1,1922,1922,False,,,,no
Alb,Thomas,Sydney,,,,1872-02-09,1,1897,1897,False,,,,no
Neal,Thompson,NorthMelbourne,,,175,1905-06-23,1,1929,1929,False,,,,no
Don,Thompson,Sydney,,18,180,1937-02-04,1,1958,1958,False,,,,no
George,Thompson,WesternBulldogs,,13,183,1906-05-30,1,1929,1929,False,,,,no
Graham,Thompson,WesternBulldogs,,35,165,1936-08-30,1,1956,1956,False,,,,no
Henry,Thomson,Carlton,,25,180,1906-10-06,1,1930,1930,False,,,,no
Bret,Thornton,GWS,,46,192,1983-11-15,1,2013,2013,False,,,,no
Arthur,Timms,Sydney,,,187,1914-07-09,1,1938,1938,False,,,,no
Des,Tobin,NorthMelbourne,,8,163,1938-11-19,1,1956,1956,False,,,,no
Anton,Tohill,Collingwood,,43,191,1999-12-14,1,2021,2021,False,,,,no
Gerard,Toohey,Geelong,,56,175,1966-10-22,1,1985,1985,False,,,,no
Ian,Toyne,Melbourne,,8,175,1930-02-09,1,1952,1952,False,,,,no
Vic,Truman,Carlton,,23,173,1899-12-21,1,1920,1920,False,,,,no
Wally,Trusler,WesternBulldogs,,44,178,1941-04-10,1,1959,1959,False,,,,no
Charlie,Tuck,Richmond,,21,175,1892-11-11,1,1920,1920,False,,,,no
Russell,Tully,Richmond,,51,192,1949-09-30,1,1968,1968,False,,,,no
Jock,Turner,Essendon,,,171,1909-03-03,1,1930,1930,False,,,,no
Harold,Turner,Hawthorn,,20,182,1911-01-30,1,1934,1934,False,,,,no
Frank,Turner,Stkilda,,,171,1886-07-31,1,1910,1910,False,,,,no
Les,Turner,Sydney,,15,173,1891-03-06,1,1915,1915,False,,,,no
Wally,Tyrrell,Collingwood,,27,178,1909-12-06,1,1934,1934,False,,,,no
Jamarra,Ugle-Hagan,Goldcoast,Gold Coast,9,194,2002-04-04,1,2026,2026,True,KEY_FORWARD,NA,NA,yes
Ralph,Upton,Geelong,,,171,1885-06-08,1,1907,1907,False,,,,no
Frank,Uwins,Richmond,,29,180,1915-01-04,1,1937,1937,False,,,,no
Bill,Valli,Essendon,,15,171,1950-04-16,1,1980,1980,False,,,,no
Ken,Veevers,Collingwood,,25,178,1909-07-29,1,1929,1929,False,,,,no
John,Walker,Collingwood,,32,185,1951-07-13,1,1972,1972,False,,,,no
Graham,Walker,NorthMelbourne,,36,182,1935-07-14,1,1954,1954,False,,,,no
Norman,Walker,Richmond,,27,175,1935-10-15,1,1957,1957,False,,,,no
Don,Walker,Stkilda,,,,1873-07-11,1,1898,1898,False,,,,no
Charles,Wall,Collingwood,,29,183,1895-06-21,1,1922,1922,False,,,,no
Mark,Wall,Sydney,,48,180,1963-11-08,1,1983,1983,False,,,,no
Les,Wallace,Melbourne,,29,165,1894-05-22,1,1921,1921,False,,,,no
Bob,Walliker,Richmond,,1,182,1922-07-29,1,1942,1942,False,,,,no
Gerry,Walsh,Richmond,,28,173,1932-05-04,1,1953,1953,False,,,,no
Tim,Walsh,WesternBulldogs,,26,196,1985-05-14,1,2005,2005,False,,,,no
Frank,Walshe,Carlton,,3,180,1904-09-30,1,1932,1932,False,,,,no
Derick,Wanganeen,Hawthorn,,36,176,1991-02-05,1,2014,2014,False,,,,no
George,Ward,Richmond,,,171,1889-07-04,1,1909,1909,False,,,,no
John,Ward,Essendon,,25,174,1928-01-23,1,1948,1948,False,,,,no
Eric,Ward,Stkilda,,10,180,1913-07-04,1,1942,1942,False,,,,no
Gilbert,Wardley,Essendon,,4,175,1895-04-23,1,1922,1922,False,,,,no
Michael,Warren,Fremantle.xlsx,,44,195,1982-03-20,1,2006,2006,False,,,,no
Wal,Warren,Melbourne,,,178,1876-06-25,1,1907,1907,False,,,,no
Max,Warren,NorthMelbourne,,44,181,1993-01-29,1,2014,2014,False,,,,no
Les,Watkins,Carlton,,18,173,1914-05-23,1,1938,1938,False,,,,no
Tom,Watson,Melbourne,,,,1874-01-01,1,1904,1904,False,,,,no
Percy,Watson,Essendon,,36,173,1898-06-25,1,1920,1920,False,,,,no
Fred,Watson,Melbourne,,,,1882-03-03,1,1903,1903,False,,,,no
Fergus,Watts,Stkilda,,5,197,1985-09-21,1,2006,2006,False,,,,no
Stan,Wayth,Geelong,,,169,1883-06-28,1,1903,1903,False,,,,no
Bill,Webb,Essendon,,,170,1883-07-06,1,1902,1902,False,,,,no
Jack,Webb,NorthMelbourne,,31,182,1905-05-27,1,1932,1932,False,,,,no
Geoff,Weber,Stkilda,,,187,1915-01-09,1,1934,1934,False,,,,no
Gerrick,Weedon,WestCoast,,44,182,1991-05-25,1,2011,2011,False,,,,no
Ted,Wellington,NorthMelbourne,,,175,1921-11-20,1,1943,1943,False,,,,no
Charlie,West,Collingwood,Collingwood,29,194,2006-02-01,1,2025,2025,False,KEY_FORWARD,nationalDraft,50,yes
Bruce,West,WesternBulldogs,,39,183,1962-11-15,1,1982,1982,False,,,,no
Alf,Wheeler,Carlton,,,177,1885-08-26,1,1907,1907,False,,,,no
Max,Wheeler,Hawthorn,,15,180,1912-05-31,1,1937,1937,False,,,,no
Russell,Whelan,Hawthorn,,16,185,1914-12-02,1,1945,1945,False,,,,no
Robert,White,Carlton,,25,,1895-03-06,1,1916,1916,False,,,,no
Jack,White,Hawthorn,,10,177,1912-06-14,1,1933,1933,False,,,,no
John,White,NorthMelbourne,,41,175,1955-07-28,1,1973,1973,False,,,,no
Henry,White,Stkilda,,32,174,1905-07-09,1,1924,1924,False,,,,no
Reg,Whitehead,Hawthorn,,20,185,1899-04-25,1,1925,1925,False,,,,no
Martin,Whitelaw,Fremantle.xlsx,,20,202,1976-05-22,1,1997,1997,False,,,,no
Charlie,Whitely,Hawthorn,,12,173,1904-01-12,1,1926,1926,False,,,,no
Les,Whitfield,Essendon,,3,168,1907-11-08,1,1932,1932,False,,,,no
Archie,Whitfield,WesternBulldogs,,,171,1900-03-03,1,1927,1927,False,,,,no
Arthur,Whitling,Collingwood,,26,178,1892-06-05,1,1915,1915,False,,,,no
Alvan,Whittle,Hawthorn,,19,182,1919-09-20,1,1944,1944,False,,,,no
Jack,Whittle,Stkilda,,,170,1890-01-10,1,1911,1911,False,,,,no
Cooper,Whyte,Geelong,,11,181,2003-02-24,1,2023,2023,False,,,,no
Merv,Wickham,Hawthorn,,25,180,1914-01-31,1,1934,1934,False,,,,no
David,Wilkie,Essendon,,,178,1914-06-27,1,1934,1934,False,,,,no
Jack,Wilkinson,Stkilda,,38,189,1914-08-16,1,1935,1935,False,,,,no
John,Williams,Essendon,,24,188,1988-10-08,1,2008,2008,False,,,,no
George,Williams,Stkilda,,,,1881-02-10,1,1910,1910,False,,,,no
Herb,Williams,Geelong,,,,1885-07-13,1,1905,1905,False,,,,no
Richard,Williams,Hawthorn,,22,175,1905-05-06,1,1929,1929,False,,,,no
Irvan,Williams,Hawthorn,,4,183,1908-01-20,1,1931,1931,False,,,,no
Brian,Williamson,NorthMelbourne,,14,179,1928-12-09,1,1947,1947,False,,,,no
Percy,Wilmot,Collingwood,,,174,1881-02-17,1,1903,1903,False,,,,no
James,Wilson,Essendon,,,168,1884-02-29,1,1906,1906,False,,,,no
Bertie,Wilson,Essendon,,,169,1893-12-26,1,1913,1913,False,,,,no
Allan,Wilson,NorthMelbourne,,36,175,1916-04-27,1,1944,1944,False,,,,no
Trevor,Wilson,WesternBulldogs,,27,177,1950-12-10,1,1971,1971,False,,,,no
Vern,Wilson,WesternBulldogs,,23,175,1931-03-27,1,1948,1948,False,,,,no
Bert,Wintle,NorthMelbourne,,29,177,1909-01-03,1,1933,1933,False,,,,no
Billy,Winward,Stkilda,,,185,1920-11-09,1,1946,1946,False,,,,no
Derek,Wirth,Brisbane,,30,193,1978-11-29,1,1998,1998,False,,,,no
David,Wittey,Sydney,,21,193,1966-04-10,1,1990,1990,False,,,,no
Clarrie,Woodfield,Sydney,,25,178,1901-04-09,1,1922,1922,False,,,,no
Ern,Woodfield,Stkilda,,,177,1888-08-18,1,1910,1910,False,,,,no
Alec,Woods,Melbourne,,,179,1881-09-14,1,1904,1904,False,,,,no
Morton,Wright,Hawthorn,,14,180,1914-08-23,1,1938,1938,False,,,,no
Bob,Wright,NorthMelbourne,,31,188,1943-01-08,1,1963,1963,False,,,,no
Laurie,Yates,Collingwood,,6,180,1922-06-29,1,1946,1946,False,,,,no
Cory,Young,WestCoast,,42,177,1971-03-06,1,1991,1991,False,,,,no
Alex,Young,Stkilda,,,,1879-10-07,1,1899,1899,False,,,,no
Adrian,Young,Stkilda,,29,180,1943-03-10,1,1964,1964,False,,,,no
Mitch,Zadow,PortAdelaide,Port Adelaide,39,180,2004-03-11,1,2026,2026,True,MEDIUM_FORWARD,preseason,NA,yes
Charlie,Zinnick,WesternBulldogs,,,180,1896-03-31,1,1925,1925,False,,,,no
Dylan,van Unen,Essendon,,33,188,1990-06-22,1,2014,2014,False,,,,no
